Code,ISU_CD,Name,Market,Dept,Close,ChangeCode,Changes,ChagesRatio,Open,High,Low,Volume,Amount,Marcap,Stocks,MarketId
005930,KR7005930003,삼성전자,KOSPI,,192500,1,6300,3.38,190900,194600,190100,16871795,3246315971300,1139530299985000,5919637922,STK
000660,KR7000660001,SK하이닉스,KOSPI,,879000,1,3000,0.34,877000,901500,869000,2401572,2126909509000,626465378835000,712702365,STK
005935,KR7005931001,삼성전자우,KOSPI,,128700,1,4300,3.46,126800,131500,126500,2128906,275386336650,105015939256800,815974664,STK
373220,KR7373220003,LG에너지솔루션,KOSPI,,412500,1,14000,3.51,399500,418000,399500,326782,134825230750,96525000000000,234000000,STK
005380,KR7005380001,현대차,KOSPI,,468500,2,-2500,-0.53,469500,477500,465000,447105,210198254750,95929013371000,204757766,STK
012450,KR7012450003,한화에어로스페이스,KOSPI,,1455000,1,6000,0.41,1449000,1474000,1410000,96563,138925701000,75024748455000,51563401,STK
207940,KR7207940008,삼성바이오로직스,KOSPI,,1567000,1,13000,0.84,1560000,1582000,1545000,18607,28986913500,72537920217000,46290951,STK
402340,KR7402340004,SK스퀘어,KOSPI,,484500,1,1500,0.31,482000,497000,480000,232327,113149514000,63996207217500,132087115,STK
034020,KR7034020008,두산에너빌리티,KOSPI,,96100,2,-500,-0.52,96500,99000,95600,1661247,161007004650,61557926130600,640561146,STK
000270,KR7000270009,기아,KOSPI,,151700,1,1500,1.0,151000,154100,150200,453568,68855558100,59225651796600,390412998,STK
105560,KR7105560007,KB금융,KOSPI,,148700,1,3200,2.2,145800,149500,145100,420237,61983539650,55442862658500,372850455,STK
329180,KR7329180004,HD현대중공업,KOSPI,,475000,2,-4500,-0.94,476500,489500,470000,198558,94884457500,49856581875000,104961225,STK
068270,KR7068270008,셀트리온,KOSPI,,196100,1,800,0.41,195200,198500,194600,267873,52623691550,45308563982100,231048261,STK
032830,KR7032830002,삼성생명,KOSPI,,226000,1,5000,2.26,222000,229500,222000,118883,26825338250,45200000000000,200000000,STK
055550,KR7055550008,신한지주,KOSPI,,93700,1,1900,2.07,92200,94400,91800,487746,45483084200,44475113625700,474654361,STK
028260,KR7028260008,삼성물산,KOSPI,,268000,1,5000,1.9,265500,276500,265500,289461,78115751250,43461286908000,162168981,STK
042660,KR7042660001,한화오션,KOSPI,,122300,2,-5700,-4.45,126800,128400,122100,13978569,1786784793150,37474358086200,306413394,STK
006400,KR7006400006,삼성SDI,KOSPI,,454000,1,15500,3.53,441000,470000,438000,1017014,465179105250,36585830620000,80585530,STK
012330,KR7012330007,현대모비스,KOSPI,,387000,2,-1500,-0.39,388500,395500,383500,125261,48474491750,35113509621000,90732583,STK
006800,KR7006800007,미래에셋증권,KOSPI,,62900,2,-200,-0.32,63400,64500,61700,1366565,85964897100,34929402063200,555316408,STK
009150,KR7009150004,삼성전기,KOSPI,,459500,1,3500,0.77,455500,465500,451000,269788,123419928250,34321753312000,74693696,STK
267260,KR7267260008,HD현대일렉트릭,KOSPI,,902000,1,19000,2.15,903000,929000,888000,54018,48895847500,32514515770000,36047135,STK
086790,KR7086790003,하나금융지주,KOSPI,,113000,1,3300,3.01,109900,113800,109800,443762,49829545500,31450816982000,278325814,STK
010130,KR7010130003,고려아연,KOSPI,,1486000,1,2000,0.13,1490000,1537000,1472000,10846,16215555500,31017231934000,20872969,STK
035420,KR7035420009,NAVER,KOSPI,,196600,2,-900,-0.46,197100,199400,194200,598882,117803309650,30837228630800,156852638,STK
005490,KR7005490008,POSCO홀딩스,KOSPI,,348000,1,500,0.14,349500,355000,346500,208063,72877114000,28164667296000,80932952,STK
009540,KR7009540006,HD한국조선해양,KOSPI,,373000,2,-2000,-0.53,375000,381000,370500,112010,41994622750,26398372268000,70773116,STK
015760,KR7015760002,한국전력,KOSPI,,40150,2,-150,-0.37,40300,40400,39650,1620019,64857657475,25774857691550,641964077,STK
298040,KR7298040007,효성중공업,KOSPI,,2645000,1,85000,3.32,2591000,2715000,2591000,29515,78492073500,24663429460000,9324548,STK
272210,KR7272210006,한화시스템,KOSPI,,128800,2,-6600,-4.87,136400,136400,127700,965010,125838024050,24332817303200,188919389,STK
010120,KR7010120004,LS ELECTRIC,KOSPI,,800000,1,31000,4.03,799000,829000,790000,100529,81533982000,24000000000000,30000000,STK
010140,KR7010140002,삼성중공업,KOSPI,,27200,2,-700,-2.51,27700,28100,27050,1865678,51309716450,23936000000000,880000000,STK
316140,KR7316140003,우리금융지주,KOSPI,,32450,1,500,1.56,32000,32650,31950,743821,23998735775,23820776584000,734076320,STK
042700,KR7042700005,한미반도체,KOSPI,,249500,2,-10500,-4.04,259500,263500,249000,415675,106032229500,23780393900000,95312200,STK
064350,KR7064350002,현대로템,KOSPI,,211000,1,1000,0.48,208000,216000,207000,483540,102180900500,23029023823000,109142293,STK
034730,KR7034730002,SK,KOSPI,,313500,1,1000,0.32,311500,316500,308000,95053,29690257500,22729597390500,72502703,STK
051910,KR7051910008,LG화학,KOSPI,,319000,1,14500,4.76,303500,320500,303500,232335,73351440750,22518957417000,70592343,STK
000810,KR7000810002,삼성화재,KOSPI,,448500,1,7000,1.59,442500,452000,439000,29114,12976129500,20636003017500,46011155,STK
096770,KR7096770003,SK이노베이션,KOSPI,,120200,1,2000,1.69,117900,122700,117800,412521,49797629900,20320145117600,169052788,STK
035720,KR7035720002,카카오,KOSPI,,44700,2,-500,-1.11,45000,45450,44000,945084,42315039825,19791659331600,442766428,STK
196170,KR7196170005,알테오젠,KOSDAQ GLOBAL,우량기업부,366000,1,500,0.14,365000,375000,363500,186109,68598095750,19593386538000,53533843,KSQ
247540,KR7247540008,에코프로비엠,KOSDAQ GLOBAL,우량기업부,199800,1,7200,3.74,192600,204000,192600,483988,96550733000,19546520713200,97830434,KSQ
086520,KR7086520004,에코프로,KOSDAQ GLOBAL,중견기업부,143300,1,1800,1.27,141900,147800,141900,834451,121256860650,19456722581600,135776152,KSQ
267250,KR7267250009,HD현대,KOSPI,,246000,1,1000,0.41,243500,251500,242000,58717,14486316500,19432298910000,78993085,STK
138040,KR7138040001,메리츠금융지주,KOSPI,,112500,1,200,0.18,112000,114400,111400,124087,13998102150,19012643212500,169001273,STK
011200,KR7011200003,HMM,KOSPI,,20150,1,100,0.5,20200,20350,20050,504558,10195508175,19006245095500,943237970,STK
003670,KR7003670007,포스코퓨처엠,KOSPI,,210750,2,-750,-0.35,210500,218500,208500,231228,49438243500,18745415865000,88946220,STK
033780,KR7033780008,KT&G,KOSPI,,158100,1,1800,1.15,156500,159600,156000,97871,15410148400,18130377574500,114676645,STK
079550,KR7079550000,LIG넥스원,KOSPI,,813000,2,-47000,-5.47,856000,868000,794000,317206,261578916000,17886000000000,22000000,STK
047810,KR7047810007,한국항공우주,KOSPI,,183400,1,800,0.44,181000,191700,180000,476373,88280651400,17876934623800,97475107,STK
066570,KR7066570003,LG전자,KOSPI,,109100,1,800,0.74,108100,110200,107800,268201,29145098950,17770904821700,162886387,STK
000150,KR7000150003,두산,KOSPI,,1079000,1,8000,0.75,1061000,1092000,1048000,57814,61778511000,17473147965000,16193835,STK
024110,KR7024110009,기업은행,KOSPI,,21650,1,300,1.41,21350,21750,21300,406352,8744020700,17264270063850,797425869,STK
017670,KR7017670001,SK텔레콤,KOSPI,,80200,2,-700,-0.87,80300,81500,79900,250197,20196180100,17226162250600,214790053,STK
000720,KR7000720003,현대건설,KOSPI,,151700,1,600,0.4,151100,156900,150100,584912,89537262450,16892669550500,111355765,STK
086280,KR7086280005,현대글로비스,KOSPI,,208000,2,-2000,-0.95,210500,213000,207000,99725,20833047000,15600000000000,75000000,STK
000250,KR7000250001,삼천당제약,KOSDAQ,중견기업부,648000,3,0,0.0,681000,692000,630000,316794,211365669000,15200441856000,23457472,KSQ
030200,KR7030200000,KT,KOSPI,,60200,1,700,1.18,59700,60800,59600,178200,10732467450,15171705437000,252021685,STK
047050,KR7047050000,포스코인터내셔널,KOSPI,,79800,2,-5300,-6.23,84100,85200,78900,808405,66215845450,14038638482400,175922788,STK
003550,KR7003550001,LG,KOSPI,,88450,1,1950,2.25,86500,89500,85900,110999,9795576300,13640899193250,154221585,STK
010950,KR7010950004,S-Oil,KOSPI,,117200,1,5800,5.21,111300,120400,111200,742296,87284106150,13194703222400,112582792,STK
278470,KR7278470000,에이피알,KOSPI,,332500,1,5500,1.68,327500,336500,324000,105719,35075126750,12448186537500,37438155,STK
0126Z0,KR70126Z0002,삼성에피스홀딩스,KOSPI,,490500,2,-7500,-1.51,498500,502000,490000,29060,14348822750,12205135534500,24883049,STK
071050,KR7071050009,한국금융지주,KOSPI,,214000,1,2000,0.94,212000,218000,211000,140796,30229864750,11925362288000,55725992,STK
018260,KR7018260000,삼성에스디에스,KOSPI,,151800,2,-400,-0.26,153000,154100,151050,66020,10049720400,11745950040000,77377800,STK
352820,KR7352820005,하이브,KOSPI,,270000,3,0,0.0,270000,273500,268000,143963,38928744000,11628318420000,43067846,STK
005830,KR7005830005,DB손해보험,KOSPI,,164100,1,2100,1.3,162900,165700,161000,80299,13084293600,11385914400000,69384000,STK
323410,KR7323410001,카카오뱅크,KOSPI,,23850,1,400,1.71,23450,24050,23300,439583,10442706550,11377497897450,477043937,STK
259960,KR7259960003,크래프톤,KOSPI,,237000,2,-6500,-2.67,243500,246500,236500,48264,11572917500,11235243567000,47406091,STK
039490,KR7039490008,키움증권,KOSPI,,419500,1,7500,1.82,410000,429500,409000,97362,40907500750,10995803955000,26211690,STK
005940,KR7005940002,NH투자증권,KOSPI,,30350,1,400,1.34,29950,31100,29800,623641,19010437525,10815051599150,356344369,STK
277810,KR7277810008,레인보우로보틱스,KOSDAQ,기술성장기업부,544000,1,4000,0.74,547000,559000,539000,51734,28284389500,10553522752000,19399858,KSQ
307950,KR7307950006,현대오토에버,KOSPI,,371500,2,-9000,-2.37,380000,384500,368000,33570,12577668500,10188009313000,27423982,STK
003230,KR7003230000,삼양식품,KOSPI,,1209500,2,-30500,-2.46,1232000,1242000,1203000,20003,24358114000,9111181642500,7533015,STK
028050,KR7028050003,삼성E&A,KOSPI,,45500,1,4950,12.21,43000,47700,42550,9769858,444224018925,8918000000000,196000000,STK
000880,KR7000880005,한화,KOSPI,,115400,1,1700,1.5,115200,116400,112800,73022,8358403350,8650238019000,74958735,STK
298380,KR7298380007,에이비엘바이오,KOSDAQ,기술성장기업부,153600,2,-3200,-2.04,156400,162800,153200,348609,54540244100,8599674316800,55987463,KSQ
016360,KR7016360000,삼성증권,KOSPI,,95900,1,2500,2.68,93500,97900,93400,203332,19531462750,8563870000000,89300000,STK
003490,KR7003490000,대한항공,KOSPI,,23150,1,150,0.65,23150,23450,22850,812554,18774300275,8524308302150,368220661,STK
006260,KR7006260004,LS,KOSPI,,272500,1,4500,1.68,269000,280500,266500,65013,17726240250,8502000000000,31200000,STK
005387,KR7005382007,현대차2우B,KOSPI,,236500,2,-1500,-0.63,238000,241000,235000,89670,21239137750,8268969445000,34963930,STK
950160,KR8840120008,코오롱티슈진,KOSDAQ,외국기업(소속부없음),97400,2,-2800,-2.79,99600,100700,97000,261032,25629406200,8195805790000,84145850,KSQ
058470,KR7058470006,리노공업,KOSDAQ GLOBAL,우량기업부,106400,2,-4000,-3.62,109200,111200,105200,454281,48921987950,8108940840000,76211850,KSQ
011070,KR7011070000,LG이노텍,KOSPI,,335500,1,11000,3.39,325000,339000,322500,182801,60568859250,7940314398500,23667107,STK
443060,KR7443060009,HD현대마린솔루션,KOSPI,,175100,2,-3300,-1.85,177600,177600,173200,42083,7360827900,7849966758500,44831335,STK
007660,KR7007660004,이수페타시스,KOSPI,,104500,1,1900,1.85,103800,107500,102500,527882,55394043450,7671263385500,73409219,STK
090430,KR7090430000,아모레퍼시픽,KOSPI,,130300,2,-1200,-0.91,132600,134100,129800,87004,11390349950,7621606497700,58492759,STK
326030,KR7326030004,SK바이오팜,KOSPI,,95700,1,1600,1.7,94300,97100,94100,105399,10077596300,7494578025000,78313250,STK
000100,KR7000100008,유한양행,KOSPI,,92000,2,-800,-0.86,92800,93500,91800,136169,12592544600,7327579292000,79647601,STK
047040,KR7047040001,대우건설,KOSPI,,17370,1,560,3.33,17030,18040,17010,26583255,465456720780,7219365222060,415622638,STK
180640,KR7180640005,한진칼,KOSPI,,107300,2,-1600,-1.47,109000,110100,106200,76290,8231761200,7163592536700,66762279,STK
267270,KR7267270007,HD건설기계,KOSPI,,149000,1,2900,1.98,151300,153800,148100,333862,50487385250,7148143582000,47974118,STK
066970,KR7066970005,엘앤에프,KOSPI,,172000,1,5600,3.37,171500,176500,168600,823717,142081554600,6935914620000,40325085,STK
028300,KR7028300002,HLB,KOSDAQ,중견기업부,51400,1,300,0.59,50800,51700,50500,301608,15424402150,6842239705600,133117504,KSQ
377300,KR7377300009,카카오페이,KOSPI,,49975,1,2075,4.33,48250,51800,48150,638956,32039844725,6757831693850,135224246,STK
032640,KR7032640005,LG유플러스,KOSPI,,15620,1,290,1.89,15360,15680,15330,333589,5179823915,6713918905100,429828355,STK
161390,KR7161390000,한국타이어앤테크놀로지,KOSPI,,53400,1,1400,2.69,52400,54000,52000,182966,9704720400,6614928684600,123875069,STK
009830,KR7009830001,한화솔루션,KOSPI,,38000,2,-1050,-2.69,39700,39900,37250,2724234,104510326050,6531916368000,171892536,STK
128940,KR7128940004,한미약품,KOSPI,,501000,2,-6000,-1.18,508000,524000,498500,38966,19925997500,6418306491000,12810991,STK
087010,KR7087010005,펩트론,KOSDAQ,기술성장기업부,274500,2,-1000,-0.36,276000,280000,271000,66659,18305587500,6400612575000,23317350,KSQ
052690,KR7052690005,한전기술,KOSPI,,161200,2,-1700,-1.04,163000,165900,160400,96840,15697336600,6161064000000,38220000,STK
029780,KR7029780004,삼성카드,KOSPI,,52700,1,600,1.15,52300,53400,52200,56496,2972975300,6105763555700,115858891,STK
141080,KR7141080002,리가켐바이오,KOSDAQ GLOBAL,기술성장기업부,166200,2,-8800,-5.03,173500,177200,165400,335950,56949426550,6084638175600,36610338,KSQ
078930,KR7078930005,GS,KOSPI,,65300,1,2000,3.16,63500,66300,63500,140417,9167406300,6067374183400,92915378,STK
241560,KR7241560002,두산밥캣,KOSPI,,60900,1,300,0.5,61300,62000,60500,91193,5578868250,5837634358500,95856065,STK
175330,KR7175330000,JB금융지주,KOSPI,,30350,1,1150,3.94,29250,30750,29200,234887,7070071125,5713496274400,188253584,STK
064400,KR7064400005,LG씨엔에스,KOSPI,,57700,1,100,0.17,57900,59300,57200,306591,17784360300,5590319199600,96885948,STK
240810,KR7240810002,원익IPS,KOSDAQ GLOBAL,우량기업부,113100,2,-400,-0.35,113400,118300,111800,198299,22660751050,5551389203100,49083901,KSQ
005385,KR7005381009,현대차우,KOSPI,,236000,3,0,0.0,236000,239000,234500,31342,7408906750,5508466560000,23340960,STK
001040,KR7001040005,CJ,KOSPI,,187900,2,-2800,-1.47,190700,190700,185500,83494,15614077400,5482357924200,29176998,STK
034220,KR7034220004,LG디스플레이,KOSPI,,10890,1,30,0.28,10880,11040,10780,1927833,21008325325,5445000000000,500000000,STK
001440,KR7001440007,대한전선,KOSPI,,29050,2,-150,-0.51,29300,30150,28600,1594353,46686295925,5416294065000,186447300,STK
138930,KR7138930003,BNK금융지주,KOSPI,,17400,2,-200,-1.14,17560,17800,17300,881345,15422858675,5399690374200,310327033,STK
088980,KR7088980008,맥쿼리인프라,KOSPI,,11270,2,-30,-0.27,11300,11320,11250,765062,8630312765,5397450861110,478921993,STK
454910,KR7454910001,두산로보틱스,KOSPI,,81300,2,-1200,-1.45,82900,83800,81000,89927,7375193300,5269864374000,64819980,STK
271560,KR7271560005,오리온,KOSPI,,131500,1,1700,1.31,129500,132000,129000,55651,7263212700,5199001358000,39536132,STK
021240,KR7021240007,코웨이,KOSPI,,72300,1,300,0.42,71900,73700,71600,64505,4675470850,5116484899800,70767426,STK
095340,KR7095340006,ISC,KOSDAQ GLOBAL,우량기업부,240500,1,3500,1.48,235500,247500,235500,87224,21213290000,5097892449000,21197058,KSQ
310210,KR7310210000,보로노이,KOSDAQ,기술성장기업부,269000,2,-10000,-3.58,272500,275500,263000,68022,18292048750,4950183999000,18402171,KSQ
450080,KR7450080007,에코프로머티,KOSPI,,69000,1,500,0.73,69100,72000,68500,872637,61342756950,4868554026000,70558754,STK
039030,KR7039030002,이오테크닉스,KOSDAQ GLOBAL,우량기업부,394000,2,-2000,-0.51,391500,403000,385500,33276,13050937500,4853902700000,12319550,KSQ
214370,KR7214370009,케어젠,KOSDAQ,벤처기업부,89900,2,-17600,-16.37,105800,106300,87900,251330,23493156850,4828978500000,53715000,KSQ
022100,KR7022100002,포스코DX,KOSPI,,31150,1,650,2.13,32600,32650,30750,638727,20240555800,4735881808350,152034729,STK
036570,KR7036570000,엔씨소프트,KOSPI,,213500,1,2000,0.95,214000,216500,211500,28144,6002847250,4599648697000,21544022,STK
004020,KR7004020004,현대제철,KOSPI,,34050,2,-200,-0.58,34450,34600,33600,567965,19384015725,4543828979250,133445785,STK
062040,KR7062040001,산일전기,KOSPI,,137900,1,4300,3.22,135900,139300,134700,187667,25683825650,4221925715000,30615850,STK
251270,KR7251270005,넷마블,KOSPI,,49800,2,-200,-0.4,50200,50800,49650,110065,5511026100,4081626475800,81960371,STK
002380,KR7002380004,KCC,KOSPI,,457500,2,-6500,-1.4,463500,467500,452000,25448,11650342250,4065560482500,8886471,STK
000990,KR7000990002,DB하이텍,KOSPI,,92400,1,1800,1.99,90500,94800,89700,307201,28517957100,4019823931200,43504588,STK
353200,KR7353200009,대덕전자,KOSPI,,80600,2,-600,-0.74,81900,85200,79500,752206,61913439850,3983004155000,49416925,STK
010060,KR7010060002,OCI홀딩스,KOSPI,,212500,2,-17000,-7.41,222000,225500,209500,206058,44894749500,3967424300000,18670232,STK
088350,KR7088350004,한화생명,KOSPI,,4500,1,30,0.67,4490,4550,4440,1808923,8117343324,3908385000000,868530000,STK
263750,KR7263750002,펄어비스,KOSDAQ GLOBAL,우량기업부,60500,2,-2700,-4.27,64000,64400,60100,1022922,62895911250,3886995227500,64247855,KSQ
018880,KR7018880005,한온시스템,KOSPI,,3755,2,-25,-0.66,3790,3855,3735,3095813,11709337084,3853615882760,1026262552,STK
082740,KR7082740002,한화엔진,KOSPI,,44400,2,-1300,-2.84,45500,45600,44200,244055,10910396650,3705053104800,83447142,STK
051900,KR7051900009,LG생활건강,KOSPI,,240000,2,-7000,-2.83,245500,248000,239000,30872,7443214750,3672590160000,15302459,STK
012510,KR7012510004,더존비즈온,KOSPI,,119400,1,200,0.17,119300,119500,119200,7950,948461600,3629141508000,30394820,STK
103590,KR7103590006,일진전기,KOSPI,,75900,1,4900,6.9,72900,77400,72500,268923,20245161150,3619321101000,47685390,STK
011170,KR7011170008,롯데케미칼,KOSPI,,83800,1,3700,4.62,80900,86300,80700,192494,16252695150,3584580112200,42775419,STK
111770,KR7111770004,영원무역,KOSPI,,80800,1,1100,1.38,80900,81600,78800,31933,2558734050,3580366614400,44311468,STK
489790,KR7489790006,한화비전,KOSPI,,70900,2,-1800,-2.48,73100,74600,70700,224383,16177782450,3579626851000,50488390,STK
035250,KR7035250000,강원랜드,KOSPI,,16610,3,0,0.0,16640,16730,16560,290649,4827134945,3553551705000,213940500,STK
108490,KR7108490004,로보티즈,KOSDAQ,기술성장기업부,241500,2,-4500,-1.83,247000,249500,240000,134574,33027268250,3538633812000,14652728,KSQ
032820,KR7032820003,우리기술,KOSDAQ,벤처기업부,20650,2,-950,-4.4,21600,22950,20500,9108007,195932186075,3533138223300,171096282,KSQ
097950,KR7097950000,CJ제일제당,KOSPI,,233000,1,7000,3.1,228000,233500,224500,94854,21851962250,3507625338000,15054186,STK
017800,KR7017800004,현대엘리베이터,KOSPI,,88300,1,1400,1.61,87500,88900,86700,82014,7221477750,3451857595500,39092385,STK
439260,KR7439260001,대한조선,KOSPI,,89500,2,-4600,-4.89,93300,93400,88800,131791,11917600000,3448104924000,38526312,STK
403870,KR7403870009,HPSP,KOSDAQ GLOBAL,우량기업부,41550,2,-450,-1.07,42250,43200,41300,761060,32045255075,3419565000000,82300000,KSQ
011790,KR7011790003,SKC,KOSPI,,89400,1,200,0.22,91000,93300,88900,129312,11710505400,3385425841200,37868298,STK
031210,KR7031210008,서울보증보험,KOSPI,,48200,3,0,0.0,48200,48700,47950,57403,2771336250,3365401023600,69821598,STK
214150,KR7214150005,클래시스,KOSDAQ GLOBAL,우량기업부,51200,2,-1500,-2.85,52400,52900,51000,90839,4680445550,3340065740800,65235659,KSQ
012750,KR7012750006,에스원,KOSPI,,87800,1,1300,1.5,86500,89000,86300,20228,1772868400,3336327828400,37999178,STK
036460,KR7036460004,한국가스공사,KOSPI,,35250,1,600,1.73,34900,35550,34750,93830,3301851225,3254033250000,92313000,STK
302440,KR7302440003,SK바이오사이언스,KOSPI,,40850,2,-250,-0.61,41400,41475,40600,59647,2439356600,3204057535850,78434701,STK
226950,KR7226950004,올릭스,KOSDAQ,기술성장기업부,156100,2,-7900,-4.82,162500,167000,155000,188420,30029831900,3168921006300,20300583,KSQ
011780,KR7011780004,금호석유화학,KOSPI,,120800,1,2800,2.37,117300,124700,117300,83727,10192867100,3144634433600,26031742,STK
103140,KR7103140000,풍산,KOSPI,,111400,1,14600,15.08,119100,119300,104500,2067846,231529786350,3121904569200,28024278,STK
004170,KR7004170007,신세계,KOSPI,,323500,1,18500,6.07,308000,330000,305500,35650,11515893000,3120216053500,9645181,STK
112610,KR7112610001,씨에스윈드,KOSPI,,72900,2,-4000,-5.2,75500,78000,72400,775023,57787482700,3074295278700,42171403,STK
001720,KR7001720002,신영증권,KOSPI,,184900,2,-2600,-1.39,187600,190000,182500,12012,2228413700,3039756000000,16440000,STK
014680,KR7014680003,한솔케미칼,KOSPI,,265000,1,500,0.19,268000,275500,261000,30443,8063278750,3013101675000,11370195,STK
375500,KR7375500006,DL이앤씨,KOSPI,,77600,1,2600,3.47,78200,80200,76100,1896974,147912227950,3002625144800,38693623,STK
0009K0,KR70009K0001,에임드바이오,KOSDAQ,기술성장기업부,46400,2,-1900,-3.93,48300,48650,46150,130785,6147355000,3000741870400,64671161,KSQ
043260,KR7043260009,성호전자,KOSDAQ,우량기업부,42200,2,-3750,-8.16,46200,47000,41750,710706,31407344800,2992943130600,70922823,KSQ
214450,KR7214450009,파마리서치,KOSDAQ GLOBAL,우량기업부,287000,2,-3500,-1.2,288000,293000,286000,35862,10328148000,2981828976000,10389648,KSQ
023530,KR7023530009,롯데쇼핑,KOSPI,,104900,1,5400,5.43,100000,104900,99100,61403,6376868250,2967490399500,28288755,STK
457190,KR7457190007,이수스페셜티케미컬,KOSPI,,98000,1,5600,6.06,92600,99100,92600,413615,40242100950,2961449456000,30218872,STK
145020,KR7145020004,휴젤,KOSDAQ GLOBAL,우량기업부,239500,2,-3500,-1.44,241000,245500,238500,13635,3282999250,2946815903500,12304033,KSQ
085620,KR7085620003,미래에셋생명,KOSPI,,16640,2,-130,-0.78,16730,16770,16290,162925,2697780755,2945549384960,177016189,STK
319400,KR7319400008,현대무벡스,KOSDAQ,우량기업부,26000,2,-1300,-4.76,26900,27150,25800,674363,17763763650,2895777014000,111376039,KSQ
347850,KR7347850000,디앤디파마텍,KOSDAQ,기술성장기업부,65600,2,-3000,-4.37,68000,69700,65100,342444,22751083600,2873552043200,43804147,KSQ
004990,KR7004990008,롯데지주,KOSPI,,27300,3,0,0.0,27350,27650,27050,86948,2373657525,2864022170100,104909237,STK
237690,KR7237690003,에스티팜,KOSDAQ GLOBAL,우량기업부,137100,2,-1000,-0.72,138000,140900,136000,87503,12079159450,2855532510000,20828100,KSQ
357780,KR7357780006,솔브레인,KOSDAQ GLOBAL,우량기업부,366000,2,-10500,-2.79,376000,382000,363000,24677,9092826750,2846955156000,7778566,KSQ
036930,KR7036930006,주성엔지니어링,KOSDAQ GLOBAL,우량기업부,60900,2,-1300,-2.09,62300,64700,60600,604388,37571628950,2830700268900,46481121,KSQ
083650,KR7083650002,비에이치아이,KOSDAQ,중견기업부,91400,2,-1100,-1.19,92500,94700,90000,164804,15114565000,2828315875000,30944375,KSQ
028670,KR7028670008,팬오션,KOSPI,,5250,2,-10,-0.19,5280,5300,5130,2154740,11202445715,2806489938000,534569512,STK
009970,KR7009970005,영원무역홀딩스,KOSPI,,203000,2,-7500,-3.56,210500,210500,199900,13023,2642766250,2740345111000,13499237,STK
139130,KR7139130009,iM금융지주,KOSPI,,17020,1,370,2.22,16690,17200,16650,234539,3969630260,2733830402660,160624583,STK
178320,KR7178320008,서진시스템,KOSDAQ,벤처기업부,46050,1,850,1.88,45300,47250,44850,962746,44607946700,2712345230250,58900005,KSQ
084370,KR7084370006,유진테크,KOSDAQ,우량기업부,117900,2,-1900,-1.59,118300,120600,116600,60371,7142072700,2701801351800,22916042,KSQ
026960,KR7026960005,동서,KOSPI,,27050,1,100,0.37,26850,27350,26600,38606,1040906350,2696885000000,99700000,STK
001450,KR7001450006,현대해상,KOSPI,,29950,1,50,0.17,29950,30250,29700,128470,3841286475,2677530000000,89400000,STK
00680K,KR700680K019,미래에셋증권2우B,KOSPI,,19470,2,-100,-0.51,19570,19720,18860,200878,3863646905,2657655000000,136500000,STK
008930,KR7008930000,한미사이언스,KOSPI,,38550,1,950,2.53,37400,38950,37250,118614,4549158775,2636494252500,68391550,STK
140410,KR7140410002,메지온,KOSDAQ,투자주의환기종목(소속부없음),86400,3,0,0.0,86000,87400,84900,88006,7563027750,2625883228800,30392167,KSQ
051600,KR7051600005,한전KPS,KOSPI,,56500,2,-700,-1.22,57800,57900,56000,84331,4778267450,2542500000000,45000000,STK
071970,KR7071970008,HD현대마린엔진,KOSPI,,74600,2,-1200,-1.58,75300,76800,72900,124472,9312349950,2530543527000,33921495,STK
279570,KR7279570006,케이뱅크,KOSPI,,6230,1,350,5.95,5820,6550,5810,10904994,68364562235,2527480790730,405695151,STK
005850,KR7005850003,에스엘,KOSPI,,54300,2,-900,-1.63,55000,56000,54300,69207,3799786100,2522154636000,46448520,STK
139480,KR7139480008,이마트,KOSPI,,91100,1,900,1.0,89800,91800,89800,83856,7603095800,2513979110900,27595819,STK
440110,KR7440110005,파두,KOSDAQ,기술성장기업부,49700,2,-800,-1.58,50600,50900,48600,607324,30113991650,2488746733900,50075387,KSQ
009420,KR7009420001,한올바이오파마,KOSPI,,47200,1,150,0.32,47200,48350,46850,378470,17987692225,2465758113600,52240638,STK
000120,KR7000120006,CJ대한통운,KOSPI,,106200,1,2900,2.81,104300,106400,103200,19192,2015507200,2422670932800,22812344,STK
068760,KR7068760008,셀트리온제약,KOSDAQ,우량기업부,55200,1,700,1.28,54900,56000,54900,36193,2006426250,2411345870400,43683802,KSQ
018670,KR7018670000,SK가스,KOSPI,,259000,1,3000,1.17,256500,275000,256000,37277,9927666000,2394518196000,9245244,STK
476830,KR7476830005,알지노믹스,KOSDAQ,기술성장기업부,171400,2,-12800,-6.95,185000,189050,170300,328093,58218178750,2388260518800,13933842,KSQ
006360,KR7006360002,GS건설,KOSPI,,27900,1,650,2.39,27950,28650,27550,1258358,35209886175,2387723571000,85581490,STK
336260,KR7336260005,두산퓨얼셀,KOSPI,,36350,2,-2050,-5.34,39300,39400,36300,569575,21130109825,2380696940100,65493726,STK
017960,KR7017960006,한국카본,KOSPI,,45850,1,850,1.89,46200,46450,44350,448027,20422421225,2380002524200,51908452,STK
003690,KR7003690005,코리안리,KOSPI,,12130,2,-50,-0.41,12200,12240,11980,84204,1016124330,2363179106030,194821031,STK
001430,KR7001430008,세아베스틸지주,KOSPI,,65600,2,-1700,-2.53,68000,68700,65100,108518,7215517950,2352555006400,35862119,STK
020150,KR7020150009,롯데에너지머티리얼즈,KOSPI,,44850,1,4400,10.88,41500,47250,41500,1001074,45535299600,2348591015550,52365463,STK
282330,KR7282330000,BGF리테일,KOSPI,,135700,1,1800,1.34,133900,137300,133100,14827,2008088500,2345426044200,17283906,STK
383220,KR7383220001,F&F,KOSPI,,61100,3,0,0.0,60800,61800,60200,31805,1935826900,2340562282500,38307075,STK
064760,KR7064760002,티씨케이,KOSDAQ GLOBAL,우량기업부,208000,2,-4500,-2.12,214500,216500,205500,55746,11667210000,2325318528000,11179416,KSQ
004800,KR7004800009,효성,KOSPI,,138800,1,800,0.58,137800,140900,136800,12040,1672078250,2323568491600,16740407,STK
257720,KR7257720003,실리콘투,KOSDAQ,우량기업부,37850,2,-1450,-3.69,39300,40000,37650,291230,11194777700,2315356717800,61171908,KSQ
005290,KR7005290002,동진쎄미켐,KOSDAQ,우량기업부,44650,2,-1350,-2.93,46050,46800,44550,335201,15252240425,2295657157100,51414494,KSQ
120110,KR7120110002,코오롱인더,KOSPI,,82800,1,1400,1.72,81100,85500,81100,159013,13335193250,2278580734800,27519091,STK
058610,KR7058610007,에스피지,KOSDAQ,우량기업부,102500,2,-3300,-3.12,108000,108000,101300,172111,17842038800,2273179400000,22177360,KSQ
204320,KR7204320006,HL만도,KOSPI,,47950,2,-400,-0.83,48100,48750,47650,126958,6093132325,2251593904000,46957120,STK
000240,KR7000240002,한국앤컴퍼니,KOSPI,,23550,1,350,1.51,23500,23900,23250,31946,753287875,2235724902000,94935240,STK
218410,KR7218410009,RFHIC,KOSDAQ,우량기업부,84100,2,-4900,-5.51,88300,91300,82200,486239,42000794850,2233144472200,26553442,KSQ
004370,KR7004370003,농심,KOSPI,,367000,3,0,0.0,367000,370000,365000,7564,2774851500,2232329614000,6082642,STK
030000,KR7030000004,제일기획,KOSPI,,19180,2,-10,-0.05,19170,19300,19010,144955,2772389960,2206490695500,115041225,STK
319660,KR7319660007,피에스케이,KOSDAQ GLOBAL,우량기업부,75300,2,-700,-0.92,75800,78100,74700,147447,11210743250,2181193564200,28966714,KSQ
081660,KR7081660003,미스토홀딩스,KOSPI,,40700,1,150,0.37,40700,41100,40000,32956,1336622375,2160837888000,53091840,STK
007340,KR7007340003,DN오토모티브,KOSPI,,36750,2,-450,-1.21,37200,37500,36000,146425,5366673725,2150274288750,58510865,STK
005440,KR7005440003,현대지에프홀딩스,KOSPI,,13760,1,310,2.3,13500,13970,13460,162844,2225601960,2145243181760,155904301,STK
035900,KR7035900000,JYP Ent.,KOSDAQ GLOBAL,우량기업부,60100,2,-100,-0.17,59500,60800,59500,72528,4364239250,2135502769200,35532492,KSQ
097230,KR7097230007,HJ중공업,KOSPI,,23550,2,-800,-3.29,24350,24350,23250,656125,15480568625,2126455351200,90295344,STK
192820,KR7192820009,코스맥스,KOSPI,,185700,2,-3600,-1.9,191400,195300,183200,60966,11385222400,2107603821300,11349509,STK
347700,KR7347700007,스피어,KOSDAQ,기술성장기업부,42700,2,-2800,-6.15,45500,45500,42500,673490,29339973950,2105993377600,49320688,KSQ
002790,KR7002790004,아모레퍼시픽홀딩스,KOSPI,,27300,1,50,0.18,27300,27600,26750,33186,901020300,2087308314000,76458180,STK
475150,KR7475150009,SK이터닉스,KOSPI,,60800,2,-7400,-10.85,66000,66000,60500,3228731,201709975350,2071273843200,34067004,STK
011210,KR7011210002,현대위아,KOSPI,,75600,2,-1000,-1.31,76500,77300,74800,75464,5707593200,2055948274800,27195083,STK
030530,KR7030530000,원익홀딩스,KOSDAQ,중견기업부,26600,2,-250,-0.93,26850,27400,26200,365778,9760708800,2054530294600,77237981,KSQ
222800,KR7222800005,심텍,KOSDAQ GLOBAL,우량기업부,54600,1,5050,10.19,52000,57600,51800,823869,45699299400,2038885102800,37342218,KSQ
010170,KR7010170009,대한광통신,KOSDAQ,중견기업부,13060,1,320,2.51,13200,14870,12460,77701411,1073679400835,2030642719600,155485660,KSQ
001120,KR7001120005,LX인터내셔널,KOSPI,,51800,2,-1300,-2.45,53100,53400,51200,122499,6393471800,2007768000000,38760000,STK
322000,KR7322000001,HD현대에너지솔루션,KOSPI,,177500,2,-13600,-7.12,193400,197900,173500,1986341,366496826350,1988000000000,11200000,STK
031980,KR7031980006,피에스케이홀딩스,KOSDAQ,우량기업부,91600,2,-1900,-2.03,94400,95500,89600,130965,12056892000,1975115382000,21562395,KSQ
023590,KR7023590003,다우기술,KOSPI,,43800,2,-650,-1.46,44700,44750,43700,21892,968201150,1965157824600,44866617,STK
041510,KR7041510009,에스엠,KOSDAQ GLOBAL,우량기업부,85100,1,100,0.12,84500,86300,84100,29479,2509758500,1948338119000,22894690,KSQ
462870,KR7462870007,시프트업,KOSPI,,33000,3,0,0.0,33000,33400,32450,58989,1945290775,1946483220000,58984340,STK
395400,KR7395400005,SK리츠,KOSPI,,6430,3,0,0.0,6430,6480,6380,126322,814951990,1935543296600,301017620,STK
067310,KR7067310003,하나마이크론,KOSDAQ,중견기업부,28750,2,-150,-0.52,28900,30150,28550,618598,18012797350,1909963872500,66433526,KSQ
483650,KR7483650008,달바글로벌,KOSPI,,150700,1,3200,2.17,149400,161500,144900,49868,7600597050,1867725315500,12393665,STK
007070,KR7007070006,GS리테일,KOSPI,,22150,1,700,3.26,21450,22300,21400,84139,1855227500,1851904242250,83607415,STK
000155,KR7000151001,두산우,KOSPI,,462000,2,-3000,-0.65,452500,466500,451000,11630,5340395000,1846365444000,3996462,STK
078600,KR7078600004,대주전자재료,KOSDAQ,우량기업부,118200,2,-2900,-2.39,122100,125200,117500,149183,18157507950,1835424375000,15528125,KSQ
003540,KR7003540002,대신증권,KOSPI,,36000,2,-100,-0.28,35850,36450,35500,52836,1900569875,1827842400000,50773400,STK
039200,KR7039200001,오스코텍,KOSDAQ,벤처기업부,47400,2,-1550,-3.17,48500,49750,47250,137066,6588762300,1813437542400,38258176,KSQ
131970,KR7131970006,두산테스나,KOSDAQ GLOBAL,우량기업부,93500,2,-1200,-1.27,95000,97800,91900,192158,18023188100,1807096753000,19327238,KSQ
361610,KR7361610009,SK아이이테크놀로지,KOSPI,,21900,1,850,4.04,21150,22700,21150,166471,3670024475,1791137490000,81787100,STK
098460,KR7098460009,고영,KOSDAQ,우량기업부,25950,2,-500,-1.89,26500,27125,25850,591710,15582766425,1781590892250,68654755,KSQ
069620,KR7069620003,대웅제약,KOSPI,,153500,2,-2200,-1.41,157100,158700,153100,12861,1995798600,1778539262500,11586575,STK
161890,KR7161890009,한국콜마,KOSPI,,75300,2,-800,-1.05,76200,77900,74000,147239,11143672050,1777462298100,23605077,STK
100090,KR7100090000,SK오션플랜트,KOSPI,,28350,2,-1850,-6.13,29700,29750,28150,2106632,60694660500,1771254957150,62478129,STK
298020,KR7298020009,효성티앤씨,KOSPI,,405000,1,29000,7.71,387500,417500,387500,42307,17249096750,1752711210000,4327682,STK
099320,KR7099320004,쎄트렉아이,KOSDAQ,우량기업부,159200,2,-8200,-4.9,170200,170300,158500,121701,19756472750,1743443457600,10951278,KSQ
089030,KR7089030001,테크윙,KOSDAQ,중견기업부,46700,3,0,0.0,46950,48900,46000,527968,25005279825,1730405221500,37053645,KSQ
082920,KR7082920000,비츠로셀,KOSDAQ,우량기업부,37900,2,-2750,-6.77,40600,40650,37550,554331,21371148200,1718366178300,45339477,KSQ
073240,KR7073240004,금호타이어,KOSPI,,5980,1,70,1.18,5960,6050,5900,159362,950847825,1717816516260,287260287,STK
008770,KR7008770000,호텔신라,KOSPI,,43750,1,650,1.51,43450,44350,43250,86772,3811850450,1717105293750,39248121,STK
005070,KR7005070008,코스모신소재,KOSPI,,51500,1,300,0.59,51400,53200,51200,156650,8190268150,1710550406500,33214571,STK
003570,KR7003570009,SNT다이내믹스,KOSPI,,51300,2,-1300,-2.47,52600,52700,50500,36659,1878574600,1705863356100,33252697,STK
069960,KR7069960003,현대백화점,KOSPI,,75200,2,-300,-0.4,75600,77400,75000,81428,6185102300,1701686737600,22628813,STK
000500,KR7000500009,가온전선,KOSPI,,101400,2,-2800,-2.69,104300,107600,100600,13153,1360319900,1677471861000,16543115,STK
006040,KR7006040000,동원산업,KOSPI,,37800,2,-50,-0.13,37800,38200,37600,25301,956235775,1668793870800,44147986,STK
101490,KR7101490001,에스앤에스텍,KOSDAQ,우량기업부,78100,1,700,0.9,77600,80100,77100,64897,5082387100,1666254049900,21334879,KSQ
006280,KR7006280002,녹십자,KOSPI,,140800,1,200,0.14,140600,141400,138700,17701,2478261400,1645464550400,11686538,STK
376900,KR7376900007,로킷헬스케어,KOSDAQ,기술성장기업부,103200,2,-38800,-27.32,138600,139200,100500,977616,112853226850,1624237864800,15738739,KSQ
140860,KR7140860008,파크시스템스,KOSDAQ GLOBAL,우량기업부,229000,2,-6500,-2.76,236000,238000,226500,30219,6958757500,1602440553000,6997557,KSQ
038500,KR7038500005,삼표시멘트,KOSDAQ,우량기업부,14830,1,450,3.13,14310,15990,14300,3647362,55713342780,1600398817980,107916306,KSQ
475830,KR7475830006,오름테라퓨틱,KOSDAQ,기술성장기업부,75000,2,-4800,-6.02,78800,79700,74000,267384,20346181600,1592427600000,21232368,KSQ
290650,KR7290650001,엘앤씨바이오,KOSDAQ,우량기업부,64000,2,-1900,-2.88,66100,66900,62900,113452,7294908550,1590212032000,24847063,KSQ
007810,KR7007810005,코리아써키트,KOSPI,,66300,2,-1700,-2.5,69000,75300,65700,509845,35264183800,1590047971200,23982624,STK
085660,KR7085660009,차바이오텍,KOSDAQ,중견기업부,17180,2,-340,-1.94,17490,17550,17000,253148,4354734630,1587875175280,92425796,KSQ
012630,KR7012630000,HDC,KOSPI,,26350,2,-300,-1.13,26600,27200,26250,46051,1226818875,1574194348350,59741721,STK
323280,KR7323280008,태성,KOSDAQ,중견기업부,51400,2,-1200,-2.28,51300,53100,50700,152344,7869865900,1569652172000,30537980,KSQ
491000,KR7491000006,리브스메드,KOSDAQ,기술성장기업부,62900,2,-2800,-4.26,65900,66000,62300,247693,15754967500,1569568293900,24953391,KSQ
060370,KR7060370004,LS마린솔루션,KOSDAQ,우량기업부,29750,2,-250,-0.83,30200,30600,29550,132601,3968218350,1554105906500,52238854,KSQ
437730,KR7437730005,삼현,KOSDAQ,기술성장기업부,48550,2,-4350,-8.22,51800,52200,48500,201361,10031224100,1539402377850,31707567,KSQ
003380,KR7003380003,하림지주,KOSDAQ GLOBAL,우량기업부,13340,2,-200,-1.48,13520,13640,13180,696311,9312207410,1494154984140,112005621,KSQ
065350,KR7065350001,신성델타테크,KOSDAQ,우량기업부,53400,2,-400,-0.74,54000,54800,53000,76665,4108033600,1467642823200,27483948,KSQ
100790,KR7100790005,미래에셋벤처투자,KOSDAQ,우량기업부,27500,1,50,0.18,27650,29300,26500,2057397,57223338700,1460927435000,53124634,KSQ
001800,KR7001800002,오리온홀딩스,KOSPI,,22900,2,-200,-0.87,23100,23250,22600,41331,946856275,1434580163800,62645422,STK
020560,KR7020560009,아시아나항공,KOSPI,,6950,2,-10,-0.14,6960,6980,6920,15309,106267100,1431635441450,205990711,STK
007310,KR7007310006,오뚜기,KOSPI,,355500,3,0,0.0,356500,357500,354000,2453,871721250,1424783565000,4007830,STK
003530,KR7003530003,한화투자증권,KOSPI,,6640,2,-80,-1.19,6680,6800,6570,1221294,8162763595,1424597226000,214547775,STK
077970,KR7077970002,STX엔진,KOSPI,,35450,2,-750,-2.07,35900,36300,34850,156455,5557651950,1423248833350,40148063,STK
232140,KR7232140004,와이씨,KOSDAQ,우량기업부,17080,2,-30,-0.18,17300,17750,16900,338713,5861877340,1401334578000,82045350,KSQ
127120,KR7127120004,제이에스링크,KOSDAQ,벤처기업부,40650,2,-500,-1.22,41000,41700,39150,156426,6263129250,1386941902800,34119112,KSQ
082640,KR7082640004,동양생명,KOSPI,,8520,1,60,0.71,8460,8690,8430,149728,1285954440,1374775144200,161358585,STK
034230,KR7034230003,파라다이스,KOSPI,,14800,2,-220,-1.46,14900,15290,14770,475982,7129293825,1370914853600,92629382,STK
330590,KR7330590001,롯데리츠,KOSPI,,4720,1,60,1.29,4660,4795,4525,113062,529841493,1363933132480,288968884,STK
445680,KR7445680002,큐리옥스바이오시스템즈,KOSDAQ,기술성장기업부,79600,1,2200,2.84,80400,82300,78800,94428,7610135700,1362738706800,17119833,KSQ
294870,KR7294870001,HDC현대산업개발,KOSPI,,20500,1,50,0.24,20800,20900,20350,117861,2432092250,1351100265000,65907330,STK
080220,KR7080220007,제주반도체,KOSDAQ,우량기업부,39050,1,550,1.43,38700,40250,38350,549984,21591159850,1344992628650,34442833,KSQ
086450,KR7086450004,동국제약,KOSDAQ GLOBAL,우량기업부,29650,1,2250,8.21,28650,31250,28650,1366270,40785465275,1341081953000,45230420,KSQ
030610,KR7030610000,교보증권,KOSPI,,11710,1,50,0.43,11610,12070,11510,63224,742038735,1334506273310,113962961,STK
417200,KR7417200003,LS머트리얼즈,KOSDAQ,중견기업부,19680,2,-1220,-5.84,21000,21300,19520,1516619,30547626060,1331404329120,67652659,KSQ
229640,KR7229640008,LS에코에너지,KOSPI,,43350,2,-500,-1.14,45000,45350,43100,115794,5103816150,1327588504650,30624879,STK
195940,KR7195940002,HK이노엔,KOSDAQ GLOBAL,우량기업부,46800,2,-800,-1.68,47600,47800,46700,103422,4873164300,1325838898800,28329891,KSQ
003090,KR7003090008,대웅,KOSPI,,22650,3,0,0.0,22700,23000,22300,39450,896549600,1316915847000,58141980,STK
000210,KR7000210005,DL,KOSPI,,62500,1,3000,5.04,61600,64300,60700,148504,9315421800,1309742750000,20955884,STK
281740,KR7281740001,레이크머티리얼즈,KOSDAQ,우량기업부,19680,1,710,3.74,19020,20350,19020,739288,14675971205,1293577184640,65730548,KSQ
115180,KR7115180002,큐리언트,KOSDAQ,벤처기업부,34550,2,-1050,-2.95,35650,36150,34300,123463,4303629400,1286727925850,37242487,KSQ
032350,KR7032350001,롯데관광개발,KOSPI,,16060,2,-80,-0.5,16080,16410,15800,777917,12576961925,1278399672440,79601474,STK
003240,KR7003240009,태광산업,KOSPI,,1148000,1,24000,2.14,1143000,1170000,1123000,2585,2958180000,1278183200000,1113400,STK
048410,KR7048410005,현대바이오,KOSDAQ,중견기업부,13130,1,130,1.0,13000,13220,12670,764819,9831710910,1267118160360,96505572,KSQ
082270,KR7082270000,젬백스,KOSDAQ,벤처기업부,28500,2,-100,-0.35,28850,29500,28250,130768,3773026625,1259289115500,44185583,KSQ
090710,KR7090710005,휴림로봇,KOSDAQ,중견기업부,10530,2,-350,-3.22,10900,11140,10450,2961933,31697819525,1257884284410,119457197,KSQ
004000,KR7004000006,롯데정밀화학,KOSPI,,47800,1,650,1.38,47450,48950,47350,52414,2511218150,1233240000000,25800000,STK
185750,KR7185750007,종근당,KOSPI,,89100,1,900,1.02,88500,89900,87700,15064,1338038650,1229827698000,13802780,STK
415640,KR7415640002,KB발해인프라,KOSPI,,9920,2,-40,-0.4,9960,9970,9920,40676,404333650,1215651836160,122545548,STK
300720,KR7300720000,한일시멘트,KOSPI,,16460,1,390,2.43,16250,16570,16170,53808,882392050,1210554140140,73545209,STK
181710,KR7181710005,NHN,KOSPI,,36900,1,550,1.51,36700,38050,36000,58758,2164936200,1208590829100,32753139,STK
051915,KR7051911006,LG화학우,KOSPI,,156800,1,6800,4.53,151000,157400,150300,18132,2798602200,1205603840000,7688800,STK
095610,KR7095610002,테스,KOSDAQ,우량기업부,62200,1,2300,3.84,60500,63500,60500,185519,11534213100,1204192000000,19360000,KSQ
131290,KR7131290009,티에스이,KOSDAQ,우량기업부,106800,2,-2000,-1.84,107500,114000,105600,29022,3156753600,1181360617200,11061429,KSQ
000080,KR7000080002,하이트진로,KOSPI,,16840,3,0,0.0,16850,16950,16750,47299,795651745,1181050009240,70133611,STK
189300,KR7189300007,인텔리안테크,KOSDAQ,우량기업부,108900,2,-6900,-5.96,118800,118800,108400,103067,11512942400,1169313423300,10737497,KSQ
096530,KR7096530001,씨젠,KOSDAQ,우량기업부,22250,2,-100,-0.45,22400,22450,22200,75358,1679586450,1162028366500,52225994,KSQ
183300,KR7183300003,코미코,KOSDAQ GLOBAL,우량기업부,110750,2,-3050,-2.68,113800,115900,110100,27800,3121830800,1158520753000,10460684,KSQ
100840,KR7100840008,SNT에너지,KOSPI,,55900,1,3800,7.29,53900,56400,52000,588028,32016451700,1156055769700,20680783,STK
035760,KR7035760008,CJ ENM,KOSDAQ GLOBAL,중견기업부,52700,2,-800,-1.5,53400,54100,52600,28340,1508005550,1155666415800,21929154,KSQ
397030,KR7397030008,에이프릴바이오,KOSDAQ,기술성장기업부,49100,2,-2400,-4.66,50700,51600,48650,266571,13231117625,1146122936600,23342626,KSQ
032500,KR7032500001,케이엠더블유,KOSDAQ,중견기업부,27550,2,-950,-3.33,28200,29150,27200,296472,8334905075,1143104462250,41491995,KSQ
001740,KR7001740000,SK네트웍스,KOSPI,,5100,2,-120,-2.3,5220,5290,5080,981188,5055584255,1128517300200,221277902,STK
089860,KR7089860001,롯데렌탈,KOSPI,,30950,2,-400,-1.28,31400,31400,30850,8923,276696275,1123775558600,36309388,STK
023160,KR7023160005,태광,KOSDAQ,우량기업부,43400,1,2050,4.96,42050,48600,40600,1306620,58846912575,1122638302800,25867242,KSQ
000815,KR7000811000,삼성화재우,KOSPI,,362000,2,-1000,-0.28,363000,366000,361000,4356,1581344750,1122022620000,3099510,STK
388210,KR7388210007,씨엠티엑스,KOSDAQ,벤처기업부,117300,2,-500,-0.42,118300,123200,115600,57990,6857741650,1121967227400,9564938,KSQ
137400,KR7137400008,피엔티,KOSDAQ GLOBAL,우량기업부,47000,2,-150,-0.32,47550,48500,46900,141710,6758380500,1113464216000,23690728,KSQ
365550,KR7365550003,ESR켄달스퀘어리츠,KOSPI,,4480,2,-20,-0.44,4500,4510,4400,135702,607975815,1102478720000,246089000,STK
007390,KR7007390008,네이처셀,KOSDAQ,중견기업부,17000,2,-50,-0.29,17060,17250,16860,160324,2725534015,1095395952000,64435056,KSQ
456160,KR7456160001,지투지바이오,KOSDAQ,기술성장기업부,65800,2,-1000,-1.5,67200,67600,64400,114015,7513878200,1088684622200,16545359,KSQ
213420,KR7213420003,덕산네오룩스,KOSDAQ GLOBAL,우량기업부,43800,2,-50,-0.11,44150,45800,43700,103256,4606126900,1087605640200,24831179,KSQ
014620,KR7014620009,성광벤드,KOSDAQ,우량기업부,40900,1,1300,3.28,40200,42000,39050,565711,23139624950,1086196187600,26557364,KSQ
000670,KR7000670000,영풍,KOSPI,,59900,1,200,0.34,60600,61800,59700,21043,1283219900,1082869205000,18077950,STK
124500,KR7124500000,아이티센글로벌,KOSDAQ,중견기업부,46500,2,-50,-0.11,46300,48900,45750,117732,5562866700,1079010505500,23204527,KSQ
027360,KR7027360007,아주IB투자,KOSDAQ,벤처기업부,8870,1,40,0.45,8880,9680,8720,6778000,62191338415,1074559751220,121145406,KSQ
166090,KR7166090001,하나머티리얼즈,KOSDAQ GLOBAL,우량기업부,53500,2,-1500,-2.73,55500,55600,53300,163954,8892691650,1058105559000,19777674,KSQ
005300,KR7005300009,롯데칠성,KOSPI,,113700,1,200,0.18,113400,114700,112800,6240,709643250,1055009110800,9278884,STK
036540,KR7036540003,SFA반도체,KOSDAQ,우량기업부,6310,2,-110,-1.71,6410,6570,6230,833047,5311748015,1037744511930,164460303,KSQ
293490,KR7293490009,카카오게임즈,KOSDAQ GLOBAL,중견기업부,11530,2,-250,-2.12,11730,11920,11450,155740,1803775950,1035243083830,89786911,KSQ
093370,KR7093370005,후성,KOSPI,,9650,1,730,8.18,10380,10590,9440,8876100,88812401455,1035013934500,107255330,STK
466100,KR7466100005,클로봇,KOSDAQ,기술성장기업부,41150,2,-10350,-20.1,44450,45000,41000,880722,37335670325,1028426519850,24992139,KSQ
280360,KR7280360009,롯데웰푸드,KOSPI,,109800,2,-800,-0.72,110900,111700,109600,5954,656967500,1021642225200,9304574,STK
052020,KR7052020005,에스티큐브,KOSDAQ,투자주의환기종목(소속부없음),15010,2,-910,-5.72,15770,16030,14800,475854,7249089460,1020429197910,67983291,KSQ
160190,KR7160190005,하이젠알앤엠,KOSDAQ,투자주의환기종목(소속부없음),32950,2,-500,-1.49,33300,33900,32250,80735,2659630475,1017759600000,30888000,KSQ
044490,KR7044490001,태웅,KOSDAQ,우량기업부,50600,2,-100,-0.2,49950,52500,49250,399440,20353086725,1012373478600,20007381,KSQ
192080,KR7192080000,더블유게임즈,KOSPI,,47800,2,-1500,-3.04,49000,49550,47550,76013,3654039275,1012091770400,21173468,STK
253450,KR7253450001,스튜디오드래곤,KOSDAQ GLOBAL,우량기업부,33550,2,-650,-1.9,34400,34650,33500,82452,2796626000,1008462607900,30058498,KSQ
420770,KR7420770000,기가비스,KOSDAQ,벤처기업부,79400,2,-3800,-4.57,83800,84100,75600,126122,9924475150,1006455185200,12675758,KSQ
003030,KR7003030004,세아제강지주,KOSPI,,241500,2,-11500,-4.55,245000,248000,234500,57444,13809708250,1000210165500,4141657,STK
174900,KR7174900001,앱클론,KOSDAQ,중견기업부,49900,2,-6400,-11.37,56400,56500,49500,705113,36526107700,994282949000,19925510,KSQ
089970,KR7089970008,브이엠,KOSDAQ,우량기업부,40300,2,-1150,-2.77,41450,42200,39550,211676,8578304950,983791308500,24411695,KSQ
036830,KR7036830008,솔브레인홀딩스,KOSDAQ GLOBAL,우량기업부,47650,2,-150,-0.31,48700,49100,47450,23854,1152713600,977014694650,20503981,KSQ
192400,KR7192400000,쿠쿠홀딩스,KOSPI,,27450,2,-200,-0.72,27650,27650,27200,37626,1030854325,976181978250,35562185,STK
484870,KR7484870001,엠앤씨솔루션,KOSPI,,106100,2,-1400,-1.3,108100,114100,104500,34258,3731402400,971228790000,9153900,STK
075580,KR7075580001,세진중공업,KOSPI,,17020,2,-320,-1.85,17570,17980,16870,181444,3118088435,967577741120,56849456,STK
388720,KR7388720005,유일로보틱스,KOSDAQ,벤처기업부,81500,2,-4100,-4.79,85700,85700,81400,45943,3799049400,960179617500,11781345,KSQ
451800,KR7451800007,한화리츠,KOSPI,,5340,1,70,1.33,5200,5450,5180,168972,897504725,959064000000,179600000,STK
295310,KR7295310007,에이치브이엠,KOSDAQ,기술성장기업부,79200,2,-8400,-9.59,87600,87800,78700,172719,14167862600,952561447200,12027291,KSQ
056190,KR7056190002,에스에프에이,KOSDAQ GLOBAL,우량기업부,26450,2,-300,-1.12,26800,27250,26400,34175,915239850,949786702000,35908760,KSQ
122870,KR7122870009,와이지엔터테인먼트,KOSDAQ,우량기업부,50800,2,-200,-0.39,50500,51500,50500,40484,2060102900,949505289200,18691049,KSQ
003280,KR7003280005,흥아해운,KOSPI,,3945,2,-145,-3.55,4170,4260,3875,41544653,170618592152,948476226555,240424899,STK
036530,KR7036530004,SNT홀딩스,KOSPI,,58100,2,-100,-0.17,58100,58800,56000,17487,1001398050,947255776600,16303886,STK
328130,KR7328130000,루닛,KOSDAQ,기술성장기업부,32150,2,-500,-1.53,32850,33500,32050,55591,1812605750,941496739300,29284502,KSQ
030190,KR7030190003,NICE평가정보,KOSPI,,15970,2,-270,-1.66,16300,16300,15960,72837,1182072205,940817086190,58911527,STK
057050,KR7057050007,현대홈쇼핑,KOSPI,,78000,1,200,0.26,77800,78200,75800,12985,1000957600,936000000000,12000000,STK
298050,KR7298050006,HS효성첨단소재,KOSPI,,208500,2,-2000,-0.95,213500,217000,206500,7491,1589079000,934069158000,4479948,STK
050890,KR7050890003,쏠리드,KOSDAQ,우량기업부,15360,2,-940,-5.77,16390,16880,15020,7816605,124607043750,933220362240,60756534,KSQ
222080,KR7222080004,씨아이에스,KOSDAQ GLOBAL,우량기업부,11810,1,140,1.2,11680,12230,11670,1209135,14485934395,918583500640,77780144,KSQ
006650,KR7006650006,대한유화,KOSPI,,141200,1,11300,8.7,132500,145800,131100,82846,11652614000,917800000000,6500000,STK
137310,KR7137310009,에스디바이오센서,KOSPI,,7490,1,20,0.27,7510,7590,7420,41484,310647440,911900773980,121749102,STK
171090,KR7171090004,선익시스템,KOSDAQ,중견기업부,90200,1,5900,7.0,94100,96100,89600,223454,20711430100,910529402200,10094561,KSQ
009240,KR7009240003,한샘,KOSPI,,38600,2,-350,-0.9,39200,39250,38600,25648,997104550,908409620800,23533928,STK
006120,KR7006120000,SK디스커버리,KOSPI,,52000,1,400,0.78,52100,52800,51500,9331,485592800,905515052000,17413751,STK
003470,KR7003470002,유안타증권,KOSPI,,4505,3,0,0.0,4505,4575,4460,264869,1197654070,899182574880,199596576,STK
281820,KR7281820001,케이씨텍,KOSPI,,43200,1,300,0.7,43750,44550,42850,30329,1322990825,893821953600,20690323,STK
285130,KR7285130001,SK케미칼,KOSPI,,51400,1,100,0.19,51800,52400,51000,22601,1166714850,889156572400,17298766,STK
056080,KR7056080005,유진로봇,KOSDAQ,중견기업부,23700,2,-950,-3.85,24650,24650,23600,171006,4094067900,889038002400,37512152,KSQ
476060,KR7476060009,온코닉테라퓨틱스,KOSDAQ,기술성장기업부,19750,2,-550,-2.71,20200,20450,19350,419794,8274702425,886534840000,44887840,KSQ
195870,KR7195870001,해성디에스,KOSPI,,51800,2,-800,-1.52,52700,54900,51200,96204,5051486800,880600000000,17000000,STK
005690,KR7005690003,파미셀,KOSPI,,14670,2,-270,-1.81,15020,15110,14550,283775,4201694590,880448861880,60016964,STK
009450,KR7009450008,경동나비엔,KOSPI,,60300,2,-2500,-3.98,62200,62200,60000,36463,2215006900,878486097600,14568592,STK
00088K,KR700088K015,한화3우B,KOSPI,,45050,1,50,0.11,45000,45450,44050,18689,835016175,874170067050,19404441,STK
064960,KR7064960008,SNT모티브,KOSPI,,32900,2,-550,-1.64,33100,33400,32750,29431,970135875,873174948800,26540272,STK
071055,KR7071051007,한국금융지주우,KOSPI,,148700,2,-1500,-1.0,149800,152500,148500,32336,4841418050,871121923700,5858251,STK
161580,KR7161580006,필옵틱스,KOSDAQ,중견기업부,37150,2,-300,-0.8,37700,38350,36900,52533,1973164400,869412051050,23402747,KSQ
001510,KR7001510007,SK증권,KOSPI,,1864,2,-113,-5.72,1977,2010,1840,31192524,59500133421,862268078744,462590171,STK
204270,KR7204270003,제이앤티씨,KOSDAQ,중견기업부,14830,2,-350,-2.31,15120,15350,14820,116575,1752800250,857892750780,57848466,KSQ
032190,KR7032190001,다우데이타,KOSDAQ,우량기업부,22250,2,-300,-1.33,22550,22850,22200,59165,1331422325,852175000000,38300000,KSQ
249420,KR7249420001,일동제약,KOSPI,,26650,2,-350,-1.3,27150,27150,26450,115023,3073399250,843159415800,31638252,STK
010780,KR7010780005,아이에스동서,KOSPI,,27900,2,-500,-1.76,28600,29050,27750,54669,1567328600,842216630400,30186976,STK
071320,KR7071320006,지역난방공사,KOSPI,,72100,1,200,0.28,72000,72600,71500,6829,492152750,834827442400,11578744,STK
066575,KR7066571001,LG전자우,KOSPI,,48500,1,250,0.52,48250,48750,47750,57453,2767145175,833520612000,17185992,STK
456040,KR7456040005,OCI,KOSPI,,93100,2,-3000,-3.12,95100,95100,92300,30704,2875360300,833477284500,8952495,STK
006730,KR7006730006,서부T&D,KOSDAQ,우량기업부,12810,2,-220,-1.69,13030,13290,12760,280494,3648089195,831713883630,64926923,KSQ
004490,KR7004490009,세방전지,KOSPI,,59800,2,-500,-0.83,60000,60300,59100,32374,1930413500,828828000000,13860000,STK
348370,KR7348370008,엔켐,KOSDAQ,중견기업부,37200,1,2300,6.59,35350,40000,35350,500601,18852697575,815088902400,21910992,KSQ
126340,KR7126340009,비나텍,KOSDAQ,벤처기업부,116800,2,-2200,-1.85,121000,122800,115300,37646,4459843350,811417659200,6947069,KSQ
499790,KR7499790004,GS피앤엘,KOSPI,,40900,1,300,0.74,42000,42550,40800,43508,1808202425,811081396900,19830841,STK
490470,KR7490470002,세미파이브,KOSDAQ,기술성장기업부,23900,1,600,2.58,23400,24600,23050,276382,6582957675,809225320000,33858800,KSQ
079900,KR7079900007,전진건설로봇,KOSPI,,55300,1,600,1.1,55600,56100,54700,50385,2788285600,806967738500,14592545,STK
108320,KR7108320003,LX세미콘,KOSPI,,49550,1,250,0.51,49800,50300,49350,19474,970755575,805896065000,16264300,STK
002020,KR7002020006,코오롱,KOSPI,,62300,1,500,0.81,61100,63400,61100,32700,2037297200,804148464000,12907680,STK
036810,KR7036810000,에프에스티,KOSDAQ,우량기업부,37200,1,200,0.54,37850,39450,36950,132173,5016655100,797804145600,21446348,KSQ
241710,KR7241710003,코스메카코리아,KOSDAQ,우량기업부,74300,2,-2400,-3.13,75800,77700,70000,57515,4301608350,793524000000,10680000,KSQ
074600,KR7074600008,원익QnC,KOSDAQ GLOBAL,우량기업부,30000,1,450,1.52,29800,31500,29800,125312,3821671450,788640000000,26288000,KSQ
358570,KR7358570000,지아이이노베이션,KOSDAQ,기술성장기업부,12270,2,-260,-2.08,12710,13000,12010,328748,4082328090,788193511500,64237450,KSQ
005090,KR7005090006,SGC에너지,KOSPI,,54700,2,-2100,-3.7,58400,58400,53600,105053,5806912550,788190515100,14409333,STK
496320,KR7496320003,본시스템즈,KONEX,일반기업부,774000,0,0,0.0,0,0,0,0,0,786363102000,1015973,KNX
052400,KR7052400009,코나아이,KOSDAQ,우량기업부,53800,2,-600,-1.1,55200,56500,52700,67204,3667907000,783505055800,14563291,KSQ
389470,KR7389470006,인벤티지랩,KOSDAQ,기술성장기업부,59000,2,-2100,-3.44,60300,61700,57400,84321,4999836500,783361585000,13277315,KSQ
003160,KR7003160009,디아이,KOSPI,,27650,2,-650,-2.3,28750,29350,27450,280671,7854078500,782495000000,28300000,STK
121600,KR7121600001,나노신소재,KOSDAQ,우량기업부,63700,1,900,1.43,63000,65900,62800,60231,3875830600,777852866700,12211191,KSQ
003850,KR7003850005,보령,KOSPI,,9060,2,-70,-0.77,9120,9200,9030,53263,484198850,777232095420,85787207,STK
079160,KR7079160008,CJ CGV,KOSPI,,4680,1,5,0.11,4680,4750,4665,159182,745379869,774925472880,165582366,STK
317450,KR7317450005,명인제약,KOSPI,,53000,1,500,0.95,52500,53200,52400,6774,357052450,773800000000,14600000,STK
033500,KR7033500000,동성화인텍,KOSDAQ,우량기업부,25800,2,-50,-0.19,26450,26500,25550,176766,4586815950,773728945200,29989494,KSQ
003000,KR7003000007,부광약품,KOSPI,,7680,2,-700,-8.35,8150,8360,7530,1422959,11219050055,757744673280,98664671,STK
005880,KR7005880000,대한해운,KOSPI,,2345,2,-45,-1.88,2415,2415,2320,6628102,15541366256,756842512300,322747340,STK
225570,KR7225570001,넥슨게임즈,KOSDAQ,우량기업부,11460,1,100,0.88,11410,11530,11270,60558,689021340,754757594040,65860174,KSQ
248070,KR7248070005,솔루엠,KOSPI,,15780,2,-80,-0.5,15980,16250,15730,82900,1324232610,754540204080,47816236,STK
372320,KR7372320002,큐로셀,KOSDAQ,기술성장기업부,50000,1,150,0.3,50400,51100,49050,76051,3794794450,751953300000,15039066,KSQ
078160,KR7078160009,메디포스트,KOSDAQ,벤처기업부,19090,1,300,1.6,19130,19580,18700,114646,2193004635,748415871270,39204603,KSQ
009520,KR7009520008,포스코엠텍,KOSDAQ GLOBAL,우량기업부,17900,2,-230,-1.27,18250,18400,17850,152185,2750892270,745404383700,41642703,KSQ
025540,KR7025540006,한국단자,KOSPI,,73500,3,0,0.0,73400,74400,73200,11671,858359850,743452500000,10115000,STK
365340,KR7365340009,성일하이텍,KOSDAQ,기술성장기업부,60500,1,500,0.83,59700,61800,59200,50222,3044375700,742498410500,12272701,KSQ
001270,KR7001270008,부국증권,KOSPI,,71500,2,-600,-0.83,71000,73500,70700,11721,842672450,741446849000,10369886,STK
090460,KR7090460007,비에이치,KOSPI,,21950,2,-1000,-4.36,22950,22950,21900,231311,5144592450,739968259100,33711538,STK
000370,KR7000370007,한화손해보험,KOSPI,,6290,2,-50,-0.79,6340,6400,6220,169964,1072624650,734287775350,116738915,STK
033240,KR7033240003,자화전자,KOSPI,,33700,2,-700,-2.03,34100,34650,33350,44420,1500707975,728105417400,21605502,STK
200710,KR7200710002,에이디테크놀로지,KOSDAQ,중견기업부,54100,2,-2200,-3.91,55600,58600,53800,219534,12241574300,727148470200,13440822,KSQ
024850,KR7024850000,HLB이노베이션,KOSDAQ,중견기업부,4620,0,0,0.0,0,0,0,0,0,727107843000,157382650,KSQ
368770,KR7368770004,파이버프로,KOSDAQ,벤처기업부,21950,2,-1050,-4.57,22850,24450,21500,836991,19164269975,721150238750,32854225,KSQ
011930,KR7011930005,신성이엔지,KOSPI,,3500,1,55,1.6,3475,3765,3360,103001106,368602285917,720468528500,205848151,STK
486990,KR7486990005,노타,KOSDAQ,기술성장기업부,33750,2,-1050,-3.02,35500,35550,33450,126090,4317194175,720435262500,21346230,KSQ
033100,KR7033100009,제룡전기,KOSDAQ,우량기업부,44850,1,250,0.56,44850,46250,44200,100868,4533249775,720399043650,16062409,KSQ
214320,KR7214320004,이노션,KOSPI,,17770,2,-50,-0.28,17820,17830,17580,45443,803683720,710800000000,40000000,STK
069260,KR7069260008,TKG휴켐스,KOSPI,,17320,2,-120,-0.69,17450,17560,17230,41431,718577265,708017144160,40878588,STK
086900,KR7086900008,메디톡스,KOSDAQ,우량기업부,96900,2,-2300,-2.32,98900,99900,96400,26513,2585655150,707224359300,7298497,KSQ
348210,KR7348210006,넥스틴,KOSDAQ GLOBAL,우량기업부,67200,1,1200,1.82,66300,69900,66300,38637,2630751000,704054736000,10477005,KSQ
348340,KR7348340001,뉴로메카,KOSDAQ,기술성장기업부,56900,2,-300,-0.52,57400,58200,56000,135940,7739656900,703406391900,12362151,KSQ
093050,KR7093050003,LF,KOSPI,,24000,2,-400,-1.64,24400,24400,23500,48723,1167502900,701760000000,29240000,STK
014820,KR7014820005,동원시스템즈,KOSPI,,24200,2,-250,-1.02,24550,24650,24000,25239,613182800,701589024400,28991282,STK
214430,KR7214430001,아이쓰리시스템,KOSDAQ,우량기업부,95900,2,-3100,-3.13,95800,99500,93700,41026,3891292750,700761918500,7307215,KSQ
399720,KR7399720002,가온칩스,KOSDAQ,우량기업부,60300,2,-1800,-2.9,62200,63400,60200,41424,2538899600,699505326000,11600420,KSQ
102940,KR7102940004,코오롱생명과학,KOSDAQ,중견기업부,53300,2,-1600,-2.91,54900,56100,52900,29764,1602853950,697729139900,13090603,KSQ
114090,KR7114090004,GKL,KOSPI,,11260,2,-60,-0.53,11380,11420,11230,63459,716874390,696494844200,61855670,STK
00104K,KR700104K010,CJ4우(전환),KOSPI,,164400,2,-5400,-3.18,169200,169200,161600,5163,848800800,694838572800,4226512,STK
293940,KR7293940003,신한알파리츠,KOSPI,,5720,1,30,0.53,5640,5770,5640,80643,458664105,691777503560,120940123,STK
005180,KR7005180005,빙그레,KOSPI,,72200,1,800,1.12,71500,72800,70500,13970,1004089750,689921756600,9555703,STK
007700,KR7007700008,F&F홀딩스,KOSPI,,17630,2,-290,-1.62,17920,17990,17490,16172,284822940,689586290210,39114367,STK
376300,KR7376300000,디어유,KOSDAQ,우량기업부,28950,2,-650,-2.2,29400,29700,28950,46773,1367267925,687226853700,23738406,KSQ
002350,KR7002350007,넥센타이어,KOSPI,,7010,2,-70,-0.99,7140,7150,6980,131952,929712355,684651817770,97667877,STK
003620,KR7003620002,KG모빌리티,KOSPI,,3375,3,0,0.0,3375,3410,3365,272017,920198664,683015328000,202374912,STK
475960,KR7475960001,토모큐브,KOSDAQ,기술성장기업부,51000,2,-3700,-6.76,55100,55100,50500,119488,6199952500,682546974000,13383274,KSQ
001680,KR7001680008,대상,KOSPI,,19670,1,20,0.1,19800,19870,19600,51756,1018117245,681526651750,34648025,STK
005810,KR7005810007,풍산홀딩스,KOSPI,,47250,4,10900,29.99,47250,47250,43300,1122266,52363125025,681217047000,14417292,STK
033790,KR7033790007,피노,KOSDAQ,중견기업부,9980,2,-260,-2.54,10350,11860,9820,8610067,94245423575,679012463580,68037321,KSQ
058650,KR7058650003,세아홀딩스,KOSPI,,156500,2,-1700,-1.07,158200,161700,153400,3076,475820700,675021434000,4313236,STK
493280,KR7493280002,아이엠바이오로직스,KOSDAQ,기술성장기업부,45400,2,-1450,-3.09,43200,46800,42850,211039,9362181175,670835394000,14776110,KSQ
001060,KR7001060003,JW중외제약,KOSPI,,28750,2,-250,-0.86,29000,29100,28450,35387,1017300150,669470487500,23285930,STK
253590,KR7253590004,네오셈,KOSDAQ,우량기업부,15210,1,550,3.75,14830,15830,14820,716813,10941761915,667249984440,43869164,KSQ
084110,KR7084110006,휴온스글로벌,KOSDAQ,중견기업부,52700,2,-3800,-6.73,56500,56800,52300,22969,1248924600,667172092400,12659812,KSQ
053800,KR7053800009,안랩,KOSDAQ,우량기업부,59900,1,200,0.34,59800,60300,59600,10291,616491900,666477709400,11126506,KSQ
067160,KR7067160002,SOOP,KOSDAQ GLOBAL,우량기업부,57900,2,-500,-0.86,58500,59000,57700,15915,924784150,665547009300,11494767,KSQ
017940,KR7017940008,E1,KOSPI,,96900,2,-700,-0.72,97900,99700,96400,10780,1057753100,664734000000,6860000,STK
015750,KR7015750003,성우하이텍,KOSDAQ,우량기업부,8280,2,-130,-1.55,8410,8460,8210,474768,3944888165,662400000000,80000000,KSQ
112040,KR7112040001,위메이드,KOSDAQ,중견기업부,19510,2,-490,-2.45,19930,20050,19330,130935,2567664670,662334903330,33948483,KSQ
356860,KR7356860007,티엘비,KOSDAQ,우량기업부,67000,1,1500,2.29,67000,71400,65900,195308,13332663700,658786210000,9832630,KSQ
025980,KR7025980004,아난티,KOSDAQ,우량기업부,6710,1,20,0.3,6690,6740,6590,419355,2791749860,652889642900,97300990,KSQ
327260,KR7327260006,RF머트리얼즈,KOSDAQ,벤처기업부,76800,1,400,0.52,78100,92900,76400,349884,29026099200,652426368000,8495135,KSQ
102710,KR7102710001,이엔에프테크놀로지,KOSDAQ,우량기업부,45500,2,-150,-0.33,45850,46700,45000,110460,5051409050,650096538000,14287836,KSQ
425420,KR7425420007,티에프이,KOSDAQ,우량기업부,54300,2,-4900,-8.28,60500,60500,53500,182300,10174769900,649466553000,11960710,KSQ
002960,KR7002960003,한국쉘석유,KOSPI,,498000,1,8500,1.74,496500,499000,469000,1819,899699250,647400000000,1300000,STK
094800,KR7094800000,맵스리얼티,KOSPI,,6920,2,-80,-1.14,6870,6990,6810,37879,261497980,642413570520,92834331,STK
460930,KR7460930001,현대힘스,KOSDAQ,중견기업부,18050,2,-550,-2.96,18470,18500,17870,202790,3673336540,640967611550,35510671,KSQ
336370,KR7336370002,솔루스첨단소재,KOSPI,,9110,2,-30,-0.33,9190,9590,9090,240722,2241479110,639680003840,70217344,STK
005250,KR7005250006,녹십자홀딩스,KOSPI,,13580,2,-210,-1.52,13710,13850,13550,40349,551204875,638643091800,47028210,STK
468530,KR7468530001,프로티나,KOSDAQ,기술성장기업부,58200,2,-5300,-8.35,62800,63200,57600,137447,8166113150,636677736000,10939480,KSQ
278280,KR7278280003,천보,KOSDAQ,중견기업부,52700,1,2000,3.94,51800,53500,50900,81379,4255173350,633727934600,12025198,KSQ
001570,KR7001570001,금양,KOSPI,,9900,0,0,0.0,0,0,0,0,0,633275240400,63967196,STK
002840,KR7002840007,미원상사,KOSPI,,132900,2,-1500,-1.12,134100,134100,131500,986,130686250,631275000000,4750000,STK
000400,KR7000400002,롯데손해보험,KOSPI,,2030,2,-35,-1.69,2065,2075,2015,193025,393664048,629982729600,310336320,STK
060250,KR7060250008,NHN KCP,KOSDAQ,우량기업부,15600,1,170,1.1,15430,17480,15390,3089720,50549776040,626505531600,40160611,KSQ
187660,KR7187660006,페니트리움바이오,KOSDAQ,중견기업부,11270,1,900,8.68,10250,11270,10030,1164349,12043813380,625104671310,55466253,KSQ
001500,KR7001500008,현대차증권,KOSPI,,10080,1,50,0.5,10030,10170,9700,167568,1684946905,623277083520,61833044,STK
042000,KR7042000000,카페24,KOSDAQ,기술성장기업부,25600,2,-50,-0.19,25650,26050,25400,32139,824792700,620878182400,24253054,KSQ
006380,KR7006380000,카프로,KOSPI,,3660,0,0,0.0,0,0,0,0,0,618539985360,168999996,STK
039130,KR7039130000,하나투어,KOSPI,,39900,2,-300,-0.75,40500,40600,39850,39636,1585242275,618048286800,15489932,STK
178920,KR7178920005,PI첨단소재,KOSPI,,21000,2,-350,-1.64,21350,21550,20900,105278,2227104500,616692762000,29366322,STK
383310,KR7383310000,에코프로에이치엔,KOSDAQ,우량기업부,29400,1,100,0.34,29300,30500,29250,118627,3538183650,616663000800,20974932,KSQ
008730,KR7008730004,율촌화학,KOSPI,,24800,1,850,3.55,24550,25850,24450,75973,1905865300,615040000000,24800000,STK
383800,KR7383800000,LX홀딩스,KOSPI,,8030,2,-70,-0.86,8170,8170,8020,52842,426264320,612533940700,76280690,STK
000640,KR7000640003,동아쏘시오홀딩스,KOSPI,,93500,1,800,0.86,92500,94000,92400,6355,591982350,611156579000,6536434,STK
161000,KR7161000005,애경케미칼,KOSPI,,12540,2,-1500,-10.68,13190,13480,12330,2450969,31227526695,610054810860,48648709,STK
003545,KR7003541000,대신증권우,KOSPI,,23150,2,-50,-0.22,23300,23350,22900,55092,1274114275,601900000000,26000000,STK
336570,KR7336570007,원텍,KOSDAQ,기술성장기업부,6690,2,-210,-3.04,6890,6920,6660,320152,2163718505,601891920930,89968897,KSQ
268280,KR7268280005,미원에스씨,KOSPI,,120200,2,-200,-0.17,120900,121100,119100,429,51538000,601000000000,5000000,STK
060280,KR7060280005,큐렉소,KOSDAQ,중견기업부,14440,2,-510,-3.41,15000,15050,14280,387301,5645724490,595791367600,41259790,KSQ
130660,KR7130660004,한전산업,KOSPI,,18160,2,-420,-2.26,19000,19000,18010,212696,3908017990,592016000000,32600000,STK
064260,KR7064260003,다날,KOSDAQ,중견기업부,7800,4,1800,30.0,6010,7800,6000,7361674,54253996685,590034564600,75645457,KSQ
0120G0,KR70120G0001,삼양바이오팜,KOSPI,,78800,2,-27900,-26.15,103600,103800,78600,479167,41173071100,585946556000,7435870,STK
094170,KR7094170008,동운아나텍,KOSDAQ,우량기업부,28000,2,-1000,-3.45,28700,29000,27850,95058,2693429125,585478208000,20909936,KSQ
005420,KR7005420005,코스모화학,KOSPI,,15190,1,20,0.13,15170,15660,15090,123806,1903166010,583420983320,38408228,STK
001820,KR7001820000,삼화콘덴서,KOSPI,,55900,2,-1000,-1.76,56400,57500,55100,81548,4555996950,581080500000,10395000,STK
272290,KR7272290008,이녹스첨단소재,KOSDAQ GLOBAL,우량기업부,29000,2,-250,-0.85,29250,29800,28800,99377,2907652600,578187761000,19937509,KSQ
271940,KR7271940009,일진하이솔루스,KOSPI,,15900,1,60,0.38,16580,16830,15810,71433,1158741765,577379721000,36313190,STK
287840,KR7287840003,인투셀,KOSDAQ,기술성장기업부,38400,2,-100,-0.26,38350,38800,37500,43979,1669716800,576843264000,15021960,KSQ
041960,KR7041960006,코미팜,KOSDAQ,벤처기업부,7790,2,-320,-3.95,8090,8230,7750,245260,1950386555,575575796050,73886495,KSQ
458870,KR7458870003,씨어스테크놀로지,KOSDAQ,기술성장기업부,45200,2,-2400,-5.04,48000,48050,45000,81442,3766291500,573433416000,12686580,KSQ
002030,KR7002030005,아세아,KOSPI,,276500,2,-500,-0.18,276500,283500,274000,1643,456984500,573086619000,2072646,STK
006110,KR7006110001,삼아알미늄,KOSPI,,37700,1,1700,4.72,36950,41650,35000,2285181,88738760300,570154253500,15123455,STK
138490,KR7138490008,코오롱ENP,KOSPI,,15000,0,0,0.0,0,0,0,0,0,570000000000,38000000,STK
053610,KR7053610002,프로텍,KOSDAQ,우량기업부,51500,2,-1000,-1.9,52500,53400,51100,20851,1083817450,566500000000,11000000,KSQ
211050,KR7211050000,인카금융서비스,KOSDAQ,우량기업부,11430,2,-40,-0.35,11360,11550,11030,95866,1077088635,563083599510,49263657,KSQ
002240,KR7002240000,고려제강,KOSPI,,20850,2,-300,-1.42,21200,21400,20750,12217,255628200,562950000000,27000000,STK
424870,KR7424870004,이뮨온시아,KOSDAQ,기술성장기업부,7560,2,-290,-3.69,7900,7930,7230,258143,1949383985,562190547240,74363829,KSQ
950210,KR8702070002,프레스티지바이오파마,KOSPI,,9300,2,-300,-3.13,9560,9670,9270,58692,550410000,558894241500,60096155,STK
014830,KR7014830004,유니드,KOSPI,,81800,1,400,0.49,81500,84000,80800,11576,950908650,553589680000,6767600,STK
098070,KR7098070006,한텍,KOSDAQ,중견기업부,49700,1,400,0.81,49900,51400,49300,188909,9492106700,552720707700,11121141,KSQ
251970,KR7251970000,펌텍코리아,KOSDAQ,우량기업부,44250,2,-1300,-2.85,45100,46300,43150,51128,2250344025,548700000000,12400000,KSQ
004690,KR7004690004,삼천리,KOSPI,,134700,2,-2700,-1.97,137200,137300,134200,4889,662494200,546211867500,4055025,STK
090360,KR7090360009,로보스타,KOSDAQ,중견기업부,56000,2,-1700,-2.95,57500,58000,55700,20967,1186932600,546000000000,9750000,KSQ
025320,KR7025320003,시노펙스,KOSDAQ,우량기업부,5890,1,30,0.51,5900,6040,5870,285616,1698449350,542790022670,92154503,KSQ
138080,KR7138080007,오이솔루션,KOSDAQ,벤처기업부,44025,1,1875,4.45,43000,45700,41900,1226897,53674067450,540169976475,12269619,KSQ
252990,KR7252990007,샘씨엔에스,KOSDAQ,기술성장기업부,8930,2,-270,-2.93,9200,9460,8900,343460,3126300130,537745748770,60217889,KSQ
019170,KR7019170000,신풍제약,KOSPI,,10110,2,-210,-2.03,10370,10390,10080,41192,420256925,535678248900,52984990,STK
047920,KR7047920004,HLB제약,KOSDAQ,기술성장기업부,16310,2,-120,-0.73,16570,16620,15340,56221,913223550,534957496360,32799356,KSQ
009410,KR7009410002,태영건설,KOSPI,,1796,2,-6,-0.33,1820,1839,1784,235112,425496844,534471780088,297590078,STK
005389,KR7005383005,현대차3우B,KOSPI,,227000,2,-3000,-1.3,229000,232000,226000,7591,1735899250,528331604000,2327452,STK
016590,KR7016590002,신대양제지,KOSPI,,13100,1,560,4.47,12750,13500,12640,112409,1473637455,527901442000,40297820,STK
019210,KR7019210004,와이지-원,KOSDAQ,우량기업부,14150,2,-150,-1.05,14330,15300,14130,1036961,15268991770,526291251200,37193728,KSQ
215600,KR7215600008,신라젠,KOSDAQ,중견기업부,3810,2,-30,-0.78,3905,3960,3700,1134331,4291210719,526274675160,138129836,KSQ
389650,KR7389650003,넥스트바이오메디컬,KOSDAQ,기술성장기업부,64100,2,-1700,-2.58,66700,66900,63300,49554,3196138250,525869092600,8203886,KSQ
448900,KR7448900001,한국피아이엠,KOSDAQ,기술성장기업부,87000,2,-15000,-14.71,99000,100300,84200,276491,24674605400,522387759000,6004457,KSQ
099190,KR7099190001,아이센스,KOSDAQ,우량기업부,18130,2,-220,-1.2,18410,18560,18000,84531,1531487730,519338708840,28645268,KSQ
016380,KR7016380008,KG스틸,KOSPI,,5180,2,-40,-0.77,5270,5320,5140,160135,832757695,518046086460,100008897,STK
041190,KR7041190000,우리기술투자,KOSDAQ,벤처기업부,6150,1,30,0.49,6150,6320,6130,513273,3185273570,516600000000,84000000,KSQ
016610,KR7016610008,DB증권,KOSPI,,12170,1,50,0.41,12190,12480,12050,81096,993545115,516572554130,42446389,STK
284740,KR7284740008,쿠쿠홈시스,KOSPI,,23000,2,-100,-0.43,23150,23350,22850,7570,174358200,516058590000,22437330,STK
025900,KR7025900002,동화기업,KOSDAQ GLOBAL,중견기업부,10190,2,-70,-0.68,10490,10520,10170,119706,1238101995,515178734150,50557285,KSQ
046890,KR7046890000,서울반도체,KOSDAQ GLOBAL,중견기업부,8810,2,-90,-1.01,9010,9070,8770,147475,1311429290,513670574000,58305400,KSQ
045100,KR7045100005,한양이엔지,KOSDAQ,우량기업부,29300,1,400,1.38,29150,29900,29050,50512,1487065800,512750000000,17500000,KSQ
018290,KR7018290007,브이티,KOSDAQ,우량기업부,14620,2,-350,-2.34,14920,15180,14620,103215,1524335305,510849671560,34941838,KSQ
003300,KR7003300001,한일홀딩스,KOSPI,,16550,1,150,0.91,16400,16700,16310,27903,460589630,510284230200,30832884,STK
484590,KR7484590005,삼양컴텍,KOSDAQ,중견기업부,12380,2,-390,-3.05,12600,12620,12200,267256,3298618620,510185371000,41210450,KSQ
095660,KR7095660007,네오위즈,KOSDAQ,우량기업부,23150,2,-350,-1.49,23300,23550,23050,17426,405830050,505985290400,21856816,KSQ
009155,KR7009151002,삼성전기우,KOSPI,,173700,1,2000,1.16,171800,176800,171500,10938,1902460250,504943120800,2906984,STK
020000,KR7020000006,한섬,KOSPI,,22500,1,100,0.45,22400,22650,22100,71063,1586151925,504849307500,22437747,STK
031330,KR7031330004,에스에이엠티,KOSDAQ,우량기업부,5040,2,-50,-0.98,5120,5150,4995,323938,1639734890,503975137680,99995067,KSQ
199800,KR7199800004,툴젠,KOSDAQ,기술성장기업부,55800,2,-1400,-2.45,57000,57300,55100,18852,1061945400,501855658200,8993829,KSQ
488900,KR7488900002,비츠로넥스텍,KOSDAQ,기술성장기업부,17310,2,-690,-3.83,17950,18020,17110,141324,2471087450,501582228330,28976443,KSQ
377740,KR7377740006,바이오노트,KOSPI,,4925,2,-95,-1.89,5020,5080,4880,82745,408888550,501000786400,101726048,STK
453340,KR7453340002,현대그린푸드,KOSPI,,15380,2,-70,-0.45,15500,15500,15280,23160,355796685,499879468080,32501916,STK
119850,KR7119850006,지엔씨에너지,KOSDAQ,우량기업부,30350,2,-900,-2.88,31500,31850,30300,61676,1896771025,499224388150,16448909,KSQ
217590,KR7217590009,티엠씨,KOSPI,,20700,1,250,1.22,22950,22950,20300,712353,15469803725,498750457500,24094225,STK
381970,KR7381970003,케이카,KOSPI,,10210,2,-460,-4.31,10500,10610,10130,379049,3902037925,498460858080,48820848,STK
000070,KR7000070003,삼양홀딩스,KOSPI,,64200,2,-1900,-2.87,66100,66900,63500,13292,858870100,498396862200,7763191,STK
009900,KR7009900002,명신산업,KOSPI,,9490,2,-170,-1.76,9780,9780,9460,83001,793174070,497941562170,52470133,STK
125490,KR7125490003,한라캐스트,KOSDAQ,벤처기업부,13640,2,-350,-2.5,13900,14220,13430,344475,4739873305,497892081280,36502352,KSQ
104830,KR7104830005,원익머트리얼즈,KOSDAQ,우량기업부,39400,2,-700,-1.75,40200,41650,38900,116551,4685490350,496755200000,12608000,KSQ
230360,KR7230360000,에코마케팅,KOSDAQ,우량기업부,16000,3,0,0.0,16000,16080,16000,61590,985840170,495980128000,30998758,KSQ
029530,KR7029530003,신도리코,KOSPI,,50800,1,300,0.59,50500,51300,50500,2131,108102500,493559033200,9715729,STK
448730,KR7448730002,삼성FN리츠,KOSPI,,5410,1,40,0.74,5370,5490,5330,47469,257940205,492580500000,91050000,STK
093320,KR7093320000,케이아이엔엑스,KOSDAQ,우량기업부,100300,2,-1300,-1.28,102000,103000,99000,1137,115193650,489464000000,4880000,KSQ
206650,KR7206650004,유바이오로직스,KOSDAQ,기술성장기업부,13300,2,-160,-1.19,13400,13490,13100,146264,1938200130,488419983100,36723307,KSQ
034310,KR7034310003,NICE,KOSPI,,13280,3,0,0.0,13240,13320,13000,50350,661057875,488135044960,36757157,STK
376270,KR7376270005,HEM파마,KOSDAQ,기술성장기업부,67700,2,-1100,-1.6,69500,69800,67000,10542,719482550,486504859900,7186187,KSQ
215200,KR7215200007,메가스터디교육,KOSDAQ GLOBAL,우량기업부,46500,2,-500,-1.06,46500,47050,45350,22360,1029929875,481982544000,10365216,KSQ
077360,KR7077360006,덕산하이메탈,KOSDAQ,우량기업부,10440,2,-470,-4.31,10910,11290,10350,462328,4992283080,474362300880,45437002,KSQ
083450,KR7083450007,GST,KOSDAQ,우량기업부,25700,2,-150,-0.58,25950,26550,25500,96768,2509906375,473651000000,18430000,KSQ
090435,KR7090431008,아모레퍼시픽우,KOSPI,,44850,2,-50,-0.11,44700,45450,44700,3486,156899800,473518675500,10557830,STK
393890,KR7393890009,더블유씨피,KOSDAQ GLOBAL,기술성장기업부,13880,2,-540,-3.74,14490,14780,13460,915239,12783070715,469742838720,33843144,KSQ
036620,KR7036620003,감성코퍼레이션,KOSDAQ,우량기업부,5190,2,-130,-2.44,5290,5320,5170,200947,1050328660,469714571490,90503771,KSQ
105840,KR7105840003,우진,KOSPI,,23000,2,-400,-1.71,23500,24000,22750,206035,4775430150,464546410000,20197670,STK
067630,KR7067630004,HLB생명과학,KOSDAQ,투자주의환기종목(소속부없음),3805,2,-15,-0.39,3810,3825,3770,122311,464785007,463894405690,121917058,KSQ
042520,KR7042520007,한스바이오메드,KOSDAQ,벤처기업부,32500,2,-1900,-5.52,34450,34800,31650,140974,4586499850,463494427500,14261367,KSQ
027410,KR7027410000,BGF,KOSPI,,4835,1,65,1.36,4775,4980,4700,296021,1440715043,462790684485,95716791,STK
145990,KR7145990008,삼양사,KOSPI,,44850,2,-500,-1.1,45800,45800,44750,7150,322011400,462558187650,10313449,STK
460860,KR7460860000,동국제강,KOSPI,,9290,1,140,1.53,9160,9450,9140,168078,1562895280,460858477930,49608017,STK
006220,KR7006220008,제주은행,KOSPI,,12190,1,100,0.83,12080,12530,11980,128904,1582496675,460764409830,37798557,STK
030520,KR7030520001,한글과컴퓨터,KOSDAQ GLOBAL,우량기업부,19030,2,-90,-0.47,19120,19270,18890,67807,1291580380,460140528320,24179744,KSQ
101160,KR7101160000,월덱스,KOSDAQ,우량기업부,27850,2,-50,-0.18,27950,28850,27800,48628,1367505200,459831155050,16510993,KSQ
452260,KR7452260003,한화갤러리아,KOSPI,,2370,2,-40,-1.66,2410,2475,2330,1064660,2540806553,459447275700,193859610,STK
006910,KR7006910004,보성파워텍,KOSDAQ,벤처기업부,9335,2,-385,-3.96,9720,10000,9220,1602140,15227412430,458626907040,49129824,KSQ
013030,KR7013030002,하이록코리아,KOSDAQ,우량기업부,38900,1,850,2.23,39100,40000,37850,104963,4104552375,457780801600,11768144,KSQ
034950,KR7034950006,한국기업평가,KOSDAQ,우량기업부,99900,2,-400,-0.4,100200,100300,99900,859,85912200,453597348600,4540514,KSQ
017810,KR7017810003,풀무원,KOSPI,,11890,2,-130,-1.08,12100,12100,11830,15314,182180430,453253244380,38120542,STK
005945,KR7005941000,NH투자증권우,KOSPI,,24000,3,0,0.0,24000,24400,23750,27358,657310175,452903232000,18870968,STK
079370,KR7079370003,제우스,KOSDAQ,우량기업부,14560,2,-20,-0.14,14580,15060,14500,391360,5777325135,451607374400,31016990,KSQ
180400,KR7180400004,DXVX,KOSDAQ,관리종목(소속부없음),4560,2,-250,-5.2,4810,4810,4540,214935,997740825,448838209920,98429432,KSQ
101930,KR7101930006,인화정공,KOSDAQ,우량기업부,48400,2,-1600,-3.2,50900,50900,48100,9114,441550500,446871488800,9232882,KSQ
039440,KR7039440003,에스티아이,KOSDAQ,우량기업부,28800,2,-500,-1.71,29100,29900,28550,66079,1927382075,446602953600,15507047,KSQ
015360,KR7015360001,INVENI,KOSPI,,81900,0,0,0.0,0,0,0,0,0,446355000000,5450000,STK
033640,KR7033640004,네패스,KOSDAQ,중견기업부,19200,1,190,1.0,19180,20900,18900,288431,5734053280,442736678400,23059202,KSQ
016800,KR7016800005,퍼시스,KOSPI,,38400,1,150,0.39,39600,39600,38200,438,16863300,441600000000,11500000,STK
357120,KR7357120005,코람코라이프인프라리츠,KOSPI,,4535,2,-10,-0.22,4570,4605,4495,96252,437918486,441415830390,97335354,STK
004700,KR7004700001,조광피혁,KOSPI,,66300,2,-700,-1.04,67400,67400,65900,1126,74848450,440837849400,6649138,STK
389260,KR7389260001,대명에너지,KOSDAQ,우량기업부,24600,2,-2700,-9.89,26350,26350,24600,592145,15049858725,440741595000,17916325,KSQ
089010,KR7089010003,켐트로닉스,KOSDAQ,우량기업부,26850,2,-100,-0.37,27150,27500,26600,42913,1158834650,438710822550,16339323,KSQ
192650,KR7192650000,드림텍,KOSPI,,6350,2,-130,-2.01,6490,6530,6310,131031,837285085,437986163650,68974199,STK
001200,KR7001200005,유진투자증권,KOSPI,,4520,1,20,0.44,4535,4565,4445,343768,1549052517,437836209360,96866418,STK
0082N0,KR70082N0008,카나프테라퓨틱스,KOSDAQ,기술성장기업부,33750,2,-2550,-7.02,35700,36750,33500,111150,3863501900,437266012500,12956030,KSQ
037460,KR7037460003,삼지전자,KOSDAQ,벤처기업부,26750,2,-1850,-6.47,28450,28500,26500,228611,6275397300,436520463500,16318522,KSQ
059090,KR7059090001,미코,KOSDAQ,중견기업부,12970,2,-180,-1.37,13200,13580,12920,194691,2564487615,433415610660,33416778,KSQ
145720,KR7145720009,덴티움,KOSPI,,50100,2,-900,-1.76,50900,51300,49950,16344,823984650,432056939100,8623891,STK
072710,KR7072710007,농심홀딩스,KOSPI,,92500,1,500,0.54,91900,93000,91900,2423,223751800,428995575000,4637790,STK
900290,HK0000307485,GRT,KOSDAQ,외국기업(소속부없음),5290,1,100,1.93,5190,5410,5120,161447,850388350,427696500000,80850000,KSQ
105630,KR7105630008,한세실업,KOSPI,,10680,2,-300,-2.73,11020,11060,10610,74162,794698745,427200000000,40000000,STK
091700,KR7091700005,파트론,KOSDAQ GLOBAL,우량기업부,7760,2,-230,-2.88,8010,8130,7740,114987,902704860,426800000000,55000000,KSQ
005610,KR7005610001,SPC삼립,KOSPI,,49300,2,-100,-0.2,49700,49800,49300,1398,69129575,425410143700,8629009,STK
065660,KR7065660003,안트로젠,KOSDAQ,기술성장기업부,42400,2,-4650,-9.88,46900,46900,42200,67142,2913224900,424258640000,10006100,KSQ
107640,KR7107640005,한중엔시에스,KOSDAQ,기술성장기업부,46800,2,-450,-0.95,48000,49300,46750,106256,5091458875,424239472800,9064946,KSQ
008060,KR7008060006,대덕,KOSPI,,12480,1,60,0.48,12420,12710,12200,53367,662051460,422949072000,33890150,STK
001530,KR7001530005,DI동일,KOSPI,,21250,2,-100,-0.47,21200,21550,21100,15832,337556375,419247200000,19729280,STK
230240,KR7230240004,에치에프알,KOSDAQ,우량기업부,31350,2,-2550,-7.52,34500,34500,30500,524791,16820999900,417237150000,13309000,KSQ
025860,KR7025860008,남해화학,KOSPI,,8380,1,30,0.36,8610,8790,8210,2197406,18684493675,416308704340,49678843,STK
031430,KR7031430002,신세계인터내셔날,KOSPI,,11860,2,-30,-0.25,11830,11990,11800,12361,146590895,414933960000,34986000,STK
228760,KR7228760005,지노믹트리,KOSDAQ,기술성장기업부,16650,2,-210,-1.25,16920,17300,16440,56174,938684215,413905713300,24859202,KSQ
0001A0,KR70001A0001,덕양에너젠,KOSDAQ,중견기업부,16660,2,-440,-2.57,17350,17370,16500,179467,3012922245,413021308700,24791195,KSQ
168360,KR7168360006,펨트론,KOSDAQ,우량기업부,19340,2,-390,-1.98,20050,20100,19150,46091,901871440,411715412560,21288284,KSQ
069080,KR7069080000,웹젠,KOSDAQ GLOBAL,우량기업부,11870,2,-200,-1.66,11990,12090,11790,66296,788588080,410712493080,34600884,KSQ
494120,KR7494120009,큐리오시스,KOSDAQ,기술성장기업부,53900,2,-5900,-9.87,59900,59900,53200,107019,5961331750,410528379800,7616482,KSQ
006340,KR7006340004,대원전선,KOSPI,,5230,2,-100,-1.88,5410,5500,5190,1734129,9239131025,410107395680,78414416,STK
009290,KR7009290008,광동제약,KOSPI,,8200,2,-110,-1.32,8310,8330,8070,149025,1216846290,408358425600,49799808,STK
220100,KR7220100002,퓨쳐켐,KOSDAQ,기술성장기업부,18200,2,-340,-1.83,18650,18710,18080,104835,1913687475,408179044000,22427420,KSQ
318060,KR7318060001,그래피,KOSDAQ,기술성장기업부,36650,2,-2650,-6.74,39300,39900,36250,272658,10219227700,407833027050,11127777,KSQ
114810,KR7114810005,한솔아이원스,KOSDAQ,우량기업부,14200,1,1470,11.55,13770,14430,13550,541367,7616253880,406023070800,28593174,KSQ
306200,KR7306200007,세아제강,KOSPI,,142900,2,-4700,-3.18,148200,148200,140500,24169,3465248350,405307270000,2836300,STK
089590,KR7089590004,제주항공,KOSPI,,5020,2,-20,-0.4,5040,5050,4995,110092,551568004,404817744700,80640985,STK
340570,KR7340570001,티앤엘,KOSDAQ,우량기업부,49750,2,-3650,-6.84,53000,53000,49700,44420,2242109325,404368000000,8128000,KSQ
033160,KR7033160003,엠케이전자,KOSDAQ,중견기업부,17180,2,-920,-5.08,18880,18900,17100,410037,7296461280,399825398320,23272724,KSQ
078350,KR7078350006,한양디지텍,KOSDAQ,우량기업부,26150,2,-1300,-4.74,27450,28100,26000,232053,6194960550,398640589300,15244382,KSQ
344820,KR7344820006,KCC글라스,KOSPI,,24950,2,-100,-0.4,25100,25250,24900,12609,315793400,398464274400,15970512,STK
170900,KR7170900005,동아에스티,KOSPI,,42900,2,-550,-1.27,43750,43750,42800,5831,251315250,397622639700,9268593,STK
122640,KR7122640006,예스티,KOSDAQ,벤처기업부,18400,2,-540,-2.85,19120,19370,18360,160233,2982094470,392836706400,21349821,KSQ
126720,KR7126720002,수산인더스트리,KOSPI,,27350,2,-600,-2.15,28800,28950,27150,64495,1799035200,390722100000,14286000,STK
101730,KR7101730000,위메이드맥스,KOSDAQ,벤처기업부,4655,2,-70,-1.48,4720,4735,4630,42038,196217289,390104296330,83803286,KSQ
010820,KR7010820009,퍼스텍,KOSPI,,7950,2,-1180,-12.92,9000,9000,7820,4478755,36846895360,387736907100,48771938,STK
034830,KR7034830000,한국토지신탁,KOSPI,,1535,1,6,0.39,1531,1555,1510,499758,761457248,387570968050,252489230,STK
183190,KR7183190008,아세아시멘트,KOSPI,,10470,2,-20,-0.19,10610,10840,10440,87632,925056795,386632579260,36927658,STK
417310,KR7417310000,코람코더원리츠,KOSPI,,9560,2,-60,-0.62,9600,9600,9440,63043,598673840,386224000000,40400000,STK
117730,KR7117730002,티로보틱스,KOSDAQ,벤처기업부,17380,2,-660,-3.66,17900,18000,17310,82738,1455803885,385556425320,22183914,KSQ
078340,KR7078340007,컴투스,KOSDAQ GLOBAL,중견기업부,31800,2,-1600,-4.79,33400,33900,31650,38823,1253679150,384503753400,12091313,KSQ
455900,KR7455900001,엔젤로보틱스,KOSDAQ,기술성장기업부,25150,2,-550,-2.14,25800,25800,25150,23274,592630175,383465344650,15247131,KSQ
092790,KR7092790005,넥스틸,KOSPI,,14720,2,-200,-1.34,14260,16200,13770,6246276,94583942800,382749440000,26002000,STK
026890,KR7026890004,스틱인베스트먼트,KOSPI,,9180,2,-50,-0.54,9270,9270,9120,39898,366139120,382605646500,41678175,STK
018000,KR7018000000,유니슨,KOSDAQ,중견기업부,1560,2,-122,-7.25,1730,1730,1550,9038944,14456299331,382504104840,245194939,KSQ
078020,KR7078020005,LS증권,KOSDAQ,우량기업부,6880,1,60,0.88,6820,6930,6810,91542,626459120,381710587200,55481190,KSQ
394280,KR7394280002,오픈엣지테크놀로지,KOSDAQ,기술성장기업부,14520,1,80,0.55,14610,15060,14500,101381,1496131525,381537030600,26276655,KSQ
002310,KR7002310001,아세아제지,KOSPI,,9410,1,160,1.73,9300,9650,9270,469491,4447099600,380940419100,40482510,STK
308430,KR7308430008,셀비온,KOSDAQ,기술성장기업부,29600,1,50,0.17,29550,29950,28600,50561,1484970125,379812696000,12831510,KSQ
441270,KR7441270006,파인엠텍,KOSDAQ,중견기업부,9120,2,-340,-3.59,9550,9770,9120,343740,3174518595,379382232480,41598929,KSQ
029460,KR7029460003,케이씨,KOSPI,,29450,2,-550,-1.83,29900,30150,29300,12955,384593250,379025829150,12870147,STK
046120,KR7046120002,오르비텍,KOSDAQ,중견기업부,11520,2,-1240,-9.72,12960,13440,11370,3165911,38084575205,378963336960,32896123,KSQ
089980,KR7089980007,상아프론테크,KOSDAQ,우량기업부,23700,1,1100,4.87,25200,25200,23500,169800,4109607425,378940176900,15989037,KSQ
003800,KR7003800000,에이스침대,KOSDAQ,우량기업부,34150,2,-300,-0.87,34700,34700,34100,3714,127255500,378723500000,11090000,KSQ
338840,KR7338840002,와이바이오로직스,KOSDAQ,기술성장기업부,24850,2,-3300,-11.72,28750,28950,24450,455325,11630297125,377175312850,15178081,KSQ
241770,KR7241770007,메카로,KOSDAQ,우량기업부,36900,2,-1100,-2.89,38500,38500,36550,14714,551805025,376108416000,10192640,KSQ
478340,KR7478340003,나라스페이스테크놀로지,KOSDAQ,기술성장기업부,32550,2,-6050,-15.67,35900,36500,32400,740597,25069783125,375418387050,11533591,KSQ
450950,KR7450950001,아스테라시스,KOSDAQ,벤처기업부,9970,2,-190,-1.87,10060,10210,9920,39490,395102240,375147092240,37627592,KSQ
394800,KR7394800007,쓰리빌리언,KOSDAQ,기술성장기업부,11800,2,-340,-2.8,12140,12460,11760,101087,1210177685,374785416800,31761476,KSQ
041830,KR7041830001,인바디,KOSDAQ,우량기업부,27700,2,-650,-2.29,28050,28050,27250,27107,748384650,373420431400,13480882,KSQ
035890,KR7035890003,서희건설,KOSDAQ,관리종목(소속부없음),1623,0,0,0.0,0,0,0,0,0,372979125711,229808457,KSQ
097520,KR7097520001,엠씨넥스,KOSPI,,21400,2,-500,-2.28,22050,22050,20250,39276,837288550,372392100000,17401500,STK
002710,KR7002710002,TCC스틸,KOSPI,,14180,2,-350,-2.41,14700,14800,14160,208752,3011902525,371710223460,26213697,STK
317330,KR7317330009,덕산테코피아,KOSDAQ,중견기업부,18140,1,210,1.17,18110,18880,18000,164058,3031023990,371445233760,20476584,KSQ
060980,KR7060980000,HL홀딩스,KOSPI,,40900,2,-50,-0.12,41400,41400,40700,7055,289444625,371324842300,9078847,STK
403550,KR7403550007,쏘카,KOSPI,,11300,2,-290,-2.5,11540,11750,11260,7035,80412730,371113492600,32841902,STK
010690,KR7010690006,화신,KOSPI,,10620,2,-200,-1.85,11000,11000,10500,73243,783236150,370854754200,34920410,STK
018250,KR7018250001,애경산업,KOSPI,,14040,2,-200,-1.4,14220,14540,13990,55297,781954420,370795487400,26409935,STK
080580,KR7080580004,오킨스전자,KOSDAQ,벤처기업부,17960,2,-860,-4.57,18880,19650,17860,348425,6431522650,369637920960,20581176,KSQ
001940,KR7001940006,KISCO홀딩스,KOSPI,,25900,1,550,2.17,25350,25900,25000,6726,170658250,367168242000,14176380,STK
035810,KR7035810001,이지홀딩스,KOSDAQ,우량기업부,5660,2,-60,-1.05,5710,5730,5570,253214,1429295590,365161607100,64516185,KSQ
126560,KR7126560002,현대퓨처넷,KOSPI,,3290,2,-15,-0.45,3320,3320,3275,49641,163305675,362567689050,110202945,STK
114190,KR7114190002,강원에너지,KOSDAQ,우량기업부,13870,2,-10,-0.07,14200,14480,13750,268557,3793386780,362326537060,26123038,KSQ
084010,KR7084010008,대한제강,KOSPI,,10520,2,-320,-2.95,10750,10760,10200,41028,430487435,361589189920,34371596,STK
354320,KR7354320004,알멕,KOSDAQ,기술성장기업부,56500,2,-1100,-1.91,58200,61900,56000,174805,10347112400,361113026500,6391381,KSQ
006405,KR7006401004,삼성SDI우,KOSPI,,223000,1,3500,1.59,219500,231000,219500,9175,2069992000,360790808000,1617896,STK
200670,KR7200670008,휴메딕스,KOSDAQ,우량기업부,32000,2,-550,-1.69,32550,32800,31800,38031,1224751775,359357760000,11229930,KSQ
091810,KR7091810002,티웨이항공,KOSPI,,869,1,16,1.88,851,869,825,1285403,1081568743,358870482465,412969485,STK
298830,KR7298830001,슈어소프트테크,KOSDAQ,벤처기업부,6700,2,-140,-2.05,6850,6910,6650,190390,1287109470,358171943300,53458499,KSQ
011760,KR7011760006,현대코퍼레이션,KOSPI,,26975,1,825,3.15,26350,27750,26150,72841,1977285825,356851357850,13228966,STK
079940,KR7079940003,가비아,KOSDAQ,우량기업부,26550,2,-400,-1.48,26800,27000,26450,8113,216769350,356319160200,13420684,KSQ
144510,KR7144510005,지씨셀,KOSDAQ,중견기업부,22500,2,-400,-1.75,23000,23000,22350,25071,566938350,355507740000,15800344,KSQ
002810,KR7002810000,삼영무역,KOSPI,,19240,1,130,0.68,19150,19260,18920,7691,147181810,355304079520,18466948,STK
089890,KR7089890008,코세스,KOSDAQ,우량기업부,21350,2,-1250,-5.53,22500,22750,21200,89048,1932568750,354088938700,16584962,KSQ
078130,KR7078130002,국일제지,KOSDAQ,중견기업부,313,2,-6,-1.88,319,319,310,418126,130684098,352878037623,1127405871,KSQ
241520,KR7241520006,DSC인베스트먼트,KOSDAQ,중견기업부,13060,2,-210,-1.58,13300,13500,12960,281939,3725370685,352620000000,27000000,KSQ
290550,KR7290550003,디케이티,KOSDAQ,우량기업부,17610,2,-320,-1.78,17930,18950,17610,364635,6665364235,352221660300,20001230,KSQ
108860,KR7108860008,셀바스AI,KOSDAQ,벤처기업부,13070,1,470,3.73,13070,13250,12730,561787,7265924580,351776305300,26914790,KSQ
017860,KR7017860008,DS단석,KOSPI,,20000,3,0,0.0,20600,20950,19710,290790,5916010405,351684240000,17584212,STK
053030,KR7053030003,바이넥스,KOSDAQ,중견기업부,10720,2,-250,-2.28,10960,11040,10600,91898,990354755,350374495360,32684188,KSQ
314930,KR7314930009,바이오다인,KOSDAQ,기술성장기업부,11760,2,-190,-1.59,12150,12150,11590,36828,434569945,350025851280,29764103,KSQ
110990,KR7110990009,디아이티,KOSDAQ,우량기업부,18470,1,160,0.87,18340,18900,18250,43645,807198720,349083000000,18900000,KSQ
200880,KR7200880003,서연이화,KOSPI,,12910,2,-230,-1.75,13190,13190,12400,35079,456132310,348937121670,27028437,STK
036890,KR7036890002,진성티이씨,KOSDAQ,우량기업부,15780,2,-540,-3.31,16350,16370,15700,106251,1707972385,347674790940,22032623,KSQ
015860,KR7015860000,일진홀딩스,KOSPI,,7020,1,270,4.0,6740,7030,6740,91803,637042410,346419330660,49347483,STK
092230,KR7092230002,KPX홀딩스,KOSPI,,81900,1,300,0.37,82000,82500,81700,616,50535100,345998507400,4224646,STK
352480,KR7352480008,씨앤씨인터내셔널,KOSDAQ,우량기업부,25350,2,-400,-1.55,25500,25750,25000,11215,283465950,345517990350,13629901,KSQ
001390,KR7001390004,KG케미칼,KOSPI,,5130,2,-20,-0.39,5250,5250,5100,226588,1163819030,344905443900,67233030,STK
104700,KR7104700000,한국철강,KOSPI,,9420,1,30,0.32,9380,9660,9180,96435,903604050,343359000000,36450000,STK
330860,KR7330860008,네패스아크,KOSDAQ,중견기업부,28100,1,1950,7.46,27000,31150,26550,1068723,31754596350,342371664500,12184045,KSQ
005720,KR7005720008,넥센,KOSPI,,6380,2,-30,-0.47,6500,6500,6310,38568,244883910,341610573260,53543977,STK
084990,KR7084990001,헬릭스미스,KOSDAQ,기술성장기업부,7400,2,-1480,-16.67,9480,9480,7270,2200121,17134066060,341086697800,46092797,KSQ
475400,KR7475400008,씨메스,KOSDAQ,기술성장기업부,29000,2,-1100,-3.65,29800,30050,28700,43331,1261042450,340925798000,11756062,KSQ
136480,KR7136480001,하림,KOSDAQ,중견기업부,3205,1,20,0.63,3180,3215,3170,342681,1096123614,340402094910,106209702,KSQ
448280,KR7448280008,에코아이,KOSDAQ,중견기업부,11480,3,0,0.0,11600,11600,11230,15772,179464480,340165360920,29631129,KSQ
179900,KR7179900006,유티아이,KOSDAQ,투자주의환기종목(소속부없음),17170,1,260,1.54,17420,18190,16790,124798,2177203510,339801374040,19790412,KSQ
000157,KR7000152009,두산2우B,KOSPI,,380000,2,-7000,-1.81,380500,393000,379500,437,167393000,339354440000,893038,STK
204620,KR7204620009,글로벌텍스프리,KOSDAQ,중견기업부,4825,1,30,0.63,4770,4850,4635,539310,2566251285,339117067250,70283330,KSQ
234340,KR7234340008,헥토파이낸셜,KOSDAQ,우량기업부,24150,1,1150,5.0,23200,26850,22900,3378211,86483772500,337391342400,13970656,KSQ
474650,KR7474650009,링크솔루션,KOSDAQ,기술성장기업부,58700,2,-1900,-3.14,60600,60700,57300,58397,3423700900,337002980900,5741107,KSQ
009160,KR7009160003,SIMPAC,KOSPI,,5140,2,-60,-1.15,5250,5290,5100,127141,660563960,336006775520,65370968,STK
017900,KR7017900002,광전자,KOSPI,,5790,4,1335,29.97,4780,5790,4750,23263809,129627244988,335494387770,57943763,STK
051500,KR7051500007,CJ프레시웨이,KOSDAQ,우량기업부,28050,2,-1000,-3.44,29350,29350,28000,14409,407504900,332997987300,11871586,KSQ
012030,KR7012030003,DB,KOSPI,,1655,1,5,0.3,1650,1670,1633,248874,409708727,332942859115,201173933,STK
086390,KR7086390002,유니테스트,KOSDAQ,중견기업부,15690,2,-410,-2.55,16340,16380,15520,127765,2024614235,331594436940,21134126,KSQ
007690,KR7007690001,국도화학,KOSPI,,35800,2,-250,-0.69,36050,36350,35600,8497,304548100,331537785600,9260832,STK
0015G0,KR70015G0009,그린광학,KOSDAQ,기술성장기업부,28250,2,-1200,-4.07,29400,29800,27800,150853,4294100000,330596783250,11702541,KSQ
094360,KR7094360005,칩스앤미디어,KOSDAQ,벤처기업부,15470,1,20,0.13,15450,15790,15420,25025,389503230,330039671780,21334174,KSQ
482630,KR7482630001,삼양엔씨켐,KOSDAQ,중견기업부,15050,2,-500,-3.22,16000,16280,15020,120417,1866320205,329418614000,21888280,KSQ
092870,KR7092870005,엑시콘,KOSDAQ,우량기업부,25200,2,-550,-2.14,25800,27000,25000,111388,2858068175,328880084400,13050797,KSQ
348950,KR7348950007,제이알글로벌리츠,KOSPI,,1666,2,-15,-0.89,1682,1751,1666,1042935,1786023844,328828416000,197376000,STK
058970,KR7058970005,엠로,KOSDAQ,기술성장기업부,26400,1,100,0.38,26100,26550,26050,18657,489968525,326327865600,12360904,KSQ
041920,KR7041920000,메디아나,KOSDAQ,우량기업부,17530,2,-1210,-6.46,18830,19000,17430,148237,2643617800,326026849190,18598223,KSQ
053690,KR7053690004,한미글로벌,KOSPI,,29700,1,300,1.02,29550,31450,29350,641687,19404437025,325439235000,10957550,STK
001230,KR7001230002,동국홀딩스,KOSPI,,10160,2,-170,-1.65,10580,10580,10040,80226,816236770,323092907280,31800483,STK
037270,KR7037270006,YG PLUS,KOSPI,,5070,2,-60,-1.17,5150,5210,5020,218439,1111957465,322771967700,63663110,STK
378340,KR7378340004,필에너지,KOSDAQ,벤처기업부,15020,1,170,1.14,14960,15590,14910,88929,1356358265,322372487640,21462882,KSQ
011500,KR7011500006,한농화성,KOSPI,,20600,1,100,0.49,20500,21400,20450,169454,3552323150,322123065200,15637042,STK
200130,KR7200130003,콜마비앤에이치,KOSDAQ GLOBAL,우량기업부,10940,2,-110,-1.0,11000,11130,10880,36201,397377710,321806204520,29415558,KSQ
064820,KR7064820004,케이프,KOSDAQ,우량기업부,10410,3,0,0.0,10660,10660,10340,40975,429574140,321686988480,30901728,KSQ
043150,KR7043150002,바텍,KOSDAQ,우량기업부,21600,2,-250,-1.14,21950,22150,21400,23028,499434425,320851929600,14854256,KSQ
069540,KR7069540003,빛과전자,KOSDAQ,중견기업부,3280,1,30,0.92,3455,3490,3250,14610439,49024604644,320152786960,97607557,KSQ
084690,KR7084690007,대상홀딩스,KOSPI,,8830,2,-70,-0.79,8900,8970,8800,28796,254854140,319756710540,36212538,STK
389020,KR7389020009,자람테크놀로지,KOSDAQ,기술성장기업부,49000,2,-250,-0.51,49750,52700,48650,121171,6136018650,318524353000,6500497,KSQ
389500,KR7389500000,에스비비테크,KOSDAQ,기술성장기업부,47800,2,-150,-0.31,47900,48900,46600,34409,1642273025,318130366600,6655447,KSQ
049630,KR7049630007,재영솔루텍,KOSDAQ,중견기업부,2720,2,-55,-1.98,2765,2840,2685,1592393,4357963093,317961363200,116897560,KSQ
272450,KR7272450008,진에어,KOSPI,,6090,2,-10,-0.16,6100,6280,6070,45909,280669290,317898000000,52200000,STK
005010,KR7005010004,휴스틸,KOSPI,,5650,2,-440,-7.22,6070,6070,5630,3311397,19144446930,317462623750,56188075,STK
012210,KR7012210001,삼미금속,KOSDAQ,중견기업부,14300,1,490,3.55,13810,16190,13410,1843594,28325928980,317345771600,22192012,KSQ
419530,KR7419530001,SAMG엔터,KOSDAQ,기술성장기업부,31700,2,-1300,-3.94,32900,33400,31250,44951,1444442125,316742120500,9991865,KSQ
033270,KR7033270000,유나이티드제약,KOSPI,,19890,2,-110,-0.55,20050,20150,19870,17479,349814465,316465314750,15910775,STK
099430,KR7099430001,바이오플러스,KOSDAQ,우량기업부,5120,2,-130,-2.48,5290,5300,5090,134523,693399655,315600496640,61640722,KSQ
194370,KR7194370003,제이에스코퍼레이션,KOSPI,,10870,2,-230,-2.07,11060,11060,10720,164265,1779117910,315412159460,29016758,STK
001750,KR7001750009,한양증권,KOSPI,,24650,2,-400,-1.6,25050,25200,24450,15048,374461100,313758363100,12728534,STK
094480,KR7094480001,갤럭시아머니트리,KOSDAQ,중견기업부,7990,1,180,2.3,7880,8380,7880,722845,5894166800,313446405620,39229838,KSQ
073490,KR7073490005,이노와이어리스,KOSDAQ,우량기업부,41200,2,-3300,-7.42,44500,44550,40750,245123,10286099200,313278455200,7603846,KSQ
093520,KR7093520005,매커스,KOSDAQ,우량기업부,22050,2,-500,-2.22,22300,22550,21850,24977,551460250,312296178600,14163092,KSQ
003520,KR7003520004,영진약품,KOSPI,,1706,2,-15,-0.87,1740,1740,1701,191659,327742602,312014999086,182892731,STK
099440,KR7099440000,스맥,KOSDAQ,우량기업부,4570,1,25,0.55,4530,4625,4520,330751,1511014941,311872310580,68243394,KSQ
475560,KR7475560009,더본코리아,KOSPI,,21000,2,-250,-1.18,21200,21250,20900,5572,117300575,311387370000,14827970,STK
024060,KR7024060006,흥구석유,KOSDAQ,중견기업부,20700,2,-1300,-5.91,22250,22350,20650,3327213,71986831475,310500000000,15000000,KSQ
123890,KR7123890006,한국자산신탁,KOSPI,,2525,2,-35,-1.37,2580,2580,2515,153344,388712471,308994163150,122373926,STK
046970,KR7046970000,우리로,KOSDAQ,벤처기업부,7050,2,-650,-8.44,7700,7930,6870,11412448,83979846240,308966242950,43824999,KSQ
243840,KR7243840006,신흥에스이씨,KOSDAQ,우량기업부,8000,1,330,4.3,7850,8600,7760,1571097,12959426175,308465880000,38558235,KSQ
462350,KR7462350000,이노스페이스,KOSDAQ,기술성장기업부,14870,3,0,0.0,14890,15770,14710,250961,3808953695,308311754700,20733810,KSQ
088260,KR7088260005,이리츠코크렙,KOSPI,,4865,1,20,0.41,4845,4895,4845,16782,81582135,308156835350,63341590,STK
017390,KR7017390006,서울가스,KOSPI,,62200,2,-200,-0.32,62700,62900,61700,4162,258838400,307890000000,4950000,STK
092200,KR7092200005,디아이씨,KOSPI,,7890,2,-160,-1.99,8050,8090,7850,191909,1519506885,306830809410,38888569,STK
304360,KR7304360001,에스바이오메딕스,KOSDAQ,벤처기업부,24750,2,-750,-2.94,25950,26150,24600,42428,1067174650,306531918000,12385128,KSQ
217730,KR7217730001,강스템바이오텍,KOSDAQ,기술성장기업부,3250,2,-190,-5.52,3440,3445,3145,1632798,5335513126,305675984250,94054149,KSQ
005680,KR7005680004,삼영전자,KOSPI,,15260,2,-70,-0.46,15330,15610,15120,51904,797599125,305200000000,20000000,STK
092220,KR7092220003,KEC,KOSPI,,1517,2,-63,-3.99,1580,1665,1460,12908397,19887254561,304557684897,200763141,STK
000650,KR7000650002,천일고속,KOSPI,,213000,1,4000,1.91,209000,217000,202500,1813,384035250,304423860000,1429220,STK
060720,KR7060720000,KH바텍,KOSDAQ,벤처기업부,12850,2,-250,-1.91,13160,13300,12830,116562,1519656185,304255129700,23677442,KSQ
365270,KR7365270008,큐라클,KOSDAQ,기술성장기업부,13860,2,-130,-0.93,14000,14390,13610,143078,1993394610,303874484760,21924566,KSQ
236200,KR7236200002,슈프리마,KOSDAQ,우량기업부,43550,2,-1150,-2.57,44500,45150,43500,11273,498247200,303731244050,6974311,KSQ
085910,KR7085910008,네오티스,KOSDAQ,중견기업부,21750,1,200,0.93,21550,22850,21000,85867,1869735300,303082291500,13934818,KSQ
003920,KR7003920006,남양유업,KOSPI,,50400,2,-100,-0.2,50300,50900,49750,5462,275579150,302400000000,6000000,STK
101360,KR7101360006,에코앤드림,KOSDAQ,벤처기업부,17000,3,0,0.0,17060,17400,16980,46219,792455940,302363938000,17786114,KSQ
091580,KR7091580001,상신이디피,KOSDAQ,우량기업부,22550,2,-50,-0.22,22250,24450,22250,541067,12677472350,300551338450,13328219,KSQ
088800,KR7088800008,에이스테크,KOSDAQ,중견기업부,3975,2,-25,-0.63,4040,4350,3905,1170359,4818937365,300138075150,75506434,KSQ
170920,KR7170920003,엘티씨,KOSDAQ,벤처기업부,28400,2,-1600,-5.33,29900,30250,28300,140716,4075946025,300021178400,10564126,KSQ
215000,KR7215000001,골프존,KOSDAQ GLOBAL,우량기업부,47800,2,-100,-0.21,47900,48950,47250,9077,433145075,299964837000,6275415,KSQ
900140,KYG5307W1015,엘브이엠씨홀딩스,KOSPI,,1552,2,-32,-2.02,1583,1599,1534,398752,620546634,299909150464,193240432,STK
243070,KR7243070000,휴온스,KOSDAQ,우량기업부,25000,2,-300,-1.19,25350,25350,24900,7779,195037375,299491625000,11979665,KSQ
023410,KR7023410004,유진기업,KOSDAQ,우량기업부,3870,2,-55,-1.4,3925,3985,3855,125837,489752402,299193039810,77310863,KSQ
001250,KR7001250000,GS글로벌,KOSPI,,3625,1,455,14.35,3310,3870,3205,37533334,136170507062,299184894500,82533764,STK
286940,KR7286940002,롯데이노베이트,KOSPI,,19770,2,-220,-1.1,20300,20300,19640,18998,377005790,299107585590,15129367,STK
425040,KR7425040003,티이엠씨,KOSDAQ,기술성장기업부,14010,1,870,6.62,14250,15000,13660,4948241,70805140500,298820438820,21329082,KSQ
200470,KR7200470003,에이팩트,KOSDAQ,중견기업부,7040,1,250,3.68,6850,7380,6780,617115,4417510690,298229134720,42362093,KSQ
472850,KR7472850007,폰드그룹,KOSDAQ,중견기업부,5180,2,-70,-1.33,5220,5380,5120,47526,248917475,298221157360,57571652,KSQ
078520,KR7078520004,에이블씨엔씨,KOSPI,,11460,1,100,0.88,11370,11700,11280,71635,825309370,298122285060,26014161,STK
001340,KR7001340009,PKC,KOSPI,,6620,2,-90,-1.34,6660,6870,6580,159953,1068155545,297359854340,44918407,STK
042370,KR7042370007,비츠로테크,KOSDAQ,우량기업부,11330,2,-500,-4.23,11830,12050,11190,372434,4282488525,296846283250,26200025,KSQ
003120,KR7003120003,일성아이에스,KOSPI,,22300,2,-400,-1.76,22650,22700,22200,1772,39491600,296590000000,13300000,STK
321550,KR7321550006,티움바이오,KOSDAQ,기술성장기업부,10160,2,-440,-4.15,10600,11150,9860,505661,5249173060,295436076640,29078354,KSQ
128820,KR7128820008,대성산업,KOSPI,,6530,2,-120,-1.8,6650,6710,6500,164944,1089314130,295387671340,45235478,STK
014940,KR7014940001,오리엔탈정공,KOSDAQ,우량기업부,6450,2,-140,-2.12,6620,6780,6400,70447,459225540,293950113450,45573661,KSQ
255220,KR7255220006,SG,KOSDAQ,중견기업부,2700,1,15,0.56,2695,2735,2635,1291287,3459374203,293886144000,108846720,KSQ
416180,KR7416180008,신성에스티,KOSDAQ,벤처기업부,32500,2,-450,-1.37,32950,33600,32350,28827,948170875,293792785000,9039778,KSQ
445090,KR7445090004,에이직랜드,KOSDAQ,벤처기업부,26850,2,-50,-0.19,27350,27600,26750,19451,526424975,293353917300,10925658,KSQ
001460,KR7001460005,BYC,KOSPI,,46800,1,100,0.21,46300,46850,45500,3571,165752700,292319820000,6246150,STK
024720,KR7024720005,콜마홀딩스,KOSPI,,8520,2,-120,-1.39,8590,8690,8490,38538,329449700,292204126680,34296259,STK
265520,KR7265520007,AP시스템,KOSDAQ,우량기업부,19360,1,10,0.05,19590,19920,19280,42679,834849885,291383894560,15050821,KSQ
334890,KR7334890001,이지스밸류플러스리츠,KOSPI,,4195,1,35,0.84,4160,4202,4135,115833,484434521,291337225185,69448683,STK
002320,KR7002320000,한진,KOSPI,,18750,1,110,0.59,18600,19200,18600,17192,322352020,290974050000,15518616,STK
086820,KR7086820008,바이오솔루션,KOSDAQ,기술성장기업부,11200,2,-600,-5.08,11800,11820,11090,112993,1277232045,290349752000,25924085,KSQ
067390,KR7067390005,아스트,KOSDAQ,중견기업부,709,2,-11,-1.53,724,726,703,738313,524075229,290092723511,409157579,KSQ
0088M0,KR70088M0003,메쥬,KOSDAQ,기술성장기업부,29850,2,-3050,-9.27,32050,32300,29600,351169,10724945625,290074837500,9717750,KSQ
003960,KR7003960002,사조대림,KOSPI,,31650,1,50,0.16,31550,32000,31500,1273,40247375,290055380550,9164467,STK
096760,KR7096760004,JW홀딩스,KOSPI,,3920,2,-110,-2.73,4095,4095,3915,41293,163628170,289785772640,73924942,STK
054950,KR7054950001,제이브이엠,KOSDAQ,우량기업부,23950,2,-350,-1.44,24050,24350,23850,17088,411066825,289552913400,12089892,KSQ
006805,KR7006801005,미래에셋증권우,KOSPI,,20550,2,-400,-1.91,20950,21150,20200,74067,1525479775,289256662500,14075750,STK
025770,KR7025770009,한국정보통신,KOSDAQ,우량기업부,7720,2,-60,-0.77,7810,7830,7710,8327,64735880,289069772120,37444271,KSQ
322310,KR7322310004,오로스테크놀로지,KOSDAQ,벤처기업부,30750,1,1250,4.24,29750,32800,29750,208233,6599256375,288021166500,9366542,KSQ
095500,KR7095500005,미래나노텍,KOSDAQ,우량기업부,9280,2,-60,-0.64,9420,9590,9250,141760,1333156685,287772790720,31009999,KSQ
037710,KR7037710001,광주신세계,KOSPI,,36150,1,650,1.83,36150,36300,35600,11495,413918300,287652418500,7957190,STK
035600,KR7035600006,KG이니시스,KOSDAQ,우량기업부,10430,1,140,1.36,10410,10680,10340,103264,1085626545,287392746620,27554434,KSQ
0008Z0,KR70008Z0005,에스엔시스,KOSDAQ,벤처기업부,30400,2,-1600,-5.0,31350,31750,30400,19824,612761250,286871545600,9436564,KSQ
058430,KR7058430000,포스코스틸리온,KOSPI,,47700,3,0,0.0,48650,48650,47500,21086,1009162450,286200000000,6000000,STK
221800,KR7221800006,유투바이오,KOSDAQ,기술성장기업부,17930,2,-2720,-13.17,20600,20900,17810,425940,8077809105,285669258820,15932474,KSQ
151860,KR7151860004,KG에코솔루션,KOSDAQ,우량기업부,6000,2,-160,-2.6,6230,6230,5990,117453,710681890,285618012000,47603002,KSQ
023760,KR7023760002,한국캐피탈,KOSDAQ,우량기업부,904,2,-5,-0.55,924,935,902,134406,122066349,285311056704,315609576,KSQ
138610,KR7138610001,나이벡,KOSDAQ,기술성장기업부,24950,2,-750,-2.92,25400,26000,24600,41587,1045076225,283579304800,11365904,KSQ
003070,KR7003070000,코오롱글로벌,KOSPI,,11100,2,-440,-3.81,11540,11540,10980,90984,1017725930,282205944900,25423959,STK
004360,KR7004360004,세방,KOSPI,,14750,2,-320,-2.12,15140,15170,14720,31795,472346210,281955144250,19115603,STK
194480,KR7194480000,데브시스터즈,KOSDAQ,벤처기업부,23200,2,-1000,-4.13,23900,24500,23150,84521,1982368675,281396280000,12129150,KSQ
216080,KR7216080002,제테마,KOSDAQ,우량기업부,7540,2,-100,-1.31,7510,7750,7390,111277,839221360,280556606460,37209099,KSQ
049070,KR7049070006,인탑스,KOSDAQ,우량기업부,16280,2,-240,-1.45,16530,16690,16210,25441,416665440,280016000000,17200000,KSQ
045390,KR7045390002,대아티아이,KOSDAQ,우량기업부,3965,2,-5,-0.13,3975,4015,3895,289793,1139899967,279426939805,70473377,KSQ
451760,KR7451760003,컨텍,KOSDAQ,기술성장기업부,17640,2,-450,-2.49,18090,18190,17410,164820,2923955315,278442654840,15784731,KSQ
357550,KR7357550003,석경에이티,KOSDAQ,기술성장기업부,51000,2,-400,-0.78,51700,53900,50700,2215,114128700,278205000000,5455000,KSQ
034120,KR7034120006,SBS,KOSPI,,14960,2,-100,-0.66,15050,15100,14940,32458,487073530,277526520480,18551238,STK
160980,KR7160980009,싸이맥스,KOSDAQ,우량기업부,25400,2,-600,-2.31,25800,26250,24550,135360,3433421900,277475772200,10924243,KSQ
008350,KR7008350001,남선알미늄,KOSPI,,2140,1,335,18.56,1814,2290,1736,181880781,384589168383,276229252600,129079090,STK
051370,KR7051370005,인터플렉스,KOSDAQ,우량기업부,11750,2,-650,-5.24,12430,12870,11740,142862,1732649455,274097796000,23327472,KSQ
002900,KR7002900009,TYM,KOSPI,,6610,1,50,0.76,6560,6650,6520,89902,592525245,273654000000,41400000,STK
078070,KR7078070000,유비쿼스홀딩스,KOSDAQ,중견기업부,15510,1,280,1.84,15250,16350,15240,274826,4351806165,273050013720,17604772,KSQ
126600,KR7126600006,BGF에코머티리얼즈,KOSDAQ,우량기업부,4345,2,-65,-1.47,4500,4650,4180,3434547,15203641451,272722176155,62766899,KSQ
241590,KR7241590009,화승엔터프라이즈,KOSPI,,4500,2,-65,-1.42,4565,4585,4495,33834,152909878,272651742000,60589276,STK
001790,KR7001790005,대한제당,KOSPI,,3035,1,40,1.34,3015,3080,2995,426269,1302491077,272229120300,89696580,STK
092730,KR7092730001,네오팜,KOSDAQ,우량기업부,16940,2,-370,-2.14,17310,17350,16910,25220,431570560,271514133660,16027989,KSQ
000320,KR7000320002,노루홀딩스,KOSPI,,20350,2,-50,-0.25,20850,20850,20150,4760,96312200,270474922850,13291151,STK
004310,KR7004310009,현대약품,KOSPI,,8420,2,-230,-2.66,8650,8660,8350,231522,1958167670,269440000000,32000000,STK
000490,KR7000490003,대동,KOSPI,,9340,2,-40,-0.43,9380,9420,9270,125230,1170436930,269242919100,28826865,STK
003200,KR7003200003,일신방직,KOSPI,,11720,2,-340,-2.82,12000,12220,11410,35241,418329170,269091200000,22960000,STK
064290,KR7064290000,인텍플러스,KOSDAQ,벤처기업부,20900,2,-600,-2.79,21850,22300,20400,244966,5180677075,268856805800,12863962,KSQ
018310,KR7018310003,삼목에스폼,KOSDAQ,우량기업부,18280,2,-350,-1.88,18610,18620,18280,3274,60346170,268716000000,14700000,KSQ
418550,KR7418550000,제이오,KOSDAQ,기술성장기업부,8390,1,260,3.2,8260,8750,8190,479473,4081992870,268628276470,32017673,KSQ
309710,KR7309710002,아이티켐,KOSDAQ,기술성장기업부,21000,0,0,0.0,0,0,0,0,0,268443021000,12783001,KSQ
267980,KR7267980001,매일유업,KOSDAQ,우량기업부,35000,2,-100,-0.28,35400,35400,34700,2173,75853250,268227330000,7663638,KSQ
117580,KR7117580001,대성에너지,KOSPI,,9740,2,-200,-2.01,10070,10170,9600,631416,6233627170,267850000000,27500000,STK
371950,KR7371950007,풍원정밀,KOSDAQ,기술성장기업부,11790,2,-60,-0.51,11850,12370,11760,26060,310533940,267191440920,22662548,KSQ
036200,KR7036200004,유니셈,KOSDAQ,우량기업부,8710,2,-70,-0.8,8800,9030,8670,80219,707594655,267085382330,30664223,KSQ
000540,KR7000540005,흥국화재,KOSPI,,4150,2,-30,-0.72,4175,4250,4120,67059,280779920,266606976750,64242645,STK
294570,KR7294570007,쿠콘,KOSDAQ,우량기업부,26350,1,150,0.57,25900,28250,25900,53611,1462830125,265917138200,10091732,KSQ
182400,KR7182400002,엔케이젠바이오텍코리아,KOSDAQ,관리종목(소속부없음),3670,0,0,0.0,0,0,0,0,0,265496721770,72342431,KSQ
251370,KR7251370003,와이엠티,KOSDAQ,벤처기업부,15060,2,-520,-3.34,15590,15980,15020,167955,2568353465,265417590600,17624010,KSQ
115450,KR7115450009,HLB테라퓨틱스,KOSDAQ,중견기업부,2990,2,-20,-0.66,2975,2995,2920,264160,782970264,264854525910,88580109,KSQ
001780,KR7001780006,알루코,KOSPI,,2735,1,295,12.09,2500,2900,2430,35508487,97500224570,264830411020,96830132,STK
044450,KR7044450005,KSS해운,KOSPI,,11450,1,130,1.15,11320,11550,11070,158644,1798714455,264333326000,23085880,STK
377190,KR7377190004,디앤디플랫폼리츠,KOSPI,,2980,2,-75,-2.45,3040,3050,2960,162212,485136965,263432000000,88400000,STK
035150,KR7035150002,백산,KOSPI,,12910,1,90,0.7,12820,12920,12540,31595,402593330,262204075230,20310153,STK
064550,KR7064550007,바이오니아,KOSDAQ,벤처기업부,10140,2,-220,-2.12,10320,10440,10110,67677,692581075,261716350740,25810291,KSQ
0030R0,KR70030R0007,대신밸류리츠,KOSPI,,4370,2,-10,-0.23,4400,4400,4340,11612,50788852,261238600000,59780000,STK
134380,KR7134380005,미원화학,KOSPI,,118600,0,0,0.0,0,0,0,0,0,260833184800,2199268,STK
067080,KR7067080002,대화제약,KOSDAQ,중견기업부,14010,2,-200,-1.41,14070,14210,13910,33466,469269760,260819266500,18616650,KSQ
0007C0,KR70007C0003,아크릴,KOSDAQ,기술성장기업부,32450,1,1400,4.51,31100,33450,29700,219101,6973241250,260584013800,8030324,KSQ
304100,KR7304100001,솔트룩스,KOSDAQ,기술성장기업부,20600,2,-350,-1.67,20750,21050,20350,43830,906166275,259433413000,12593855,KSQ
058820,KR7058820002,CMG제약,KOSDAQ,중견기업부,1745,2,-24,-1.36,1769,1770,1736,313860,550162730,257984609335,147842183,KSQ
035510,KR7035510007,신세계 I&C,KOSPI,,18440,2,-610,-3.2,19100,19190,18410,169954,3172652000,257807796000,13980900,STK
007160,KR7007160005,사조산업,KOSPI,,51500,2,-400,-0.77,51500,52500,51100,1152,59397900,257500000000,5000000,STK
012860,KR7012860003,모베이스전자,KOSDAQ,우량기업부,3510,2,-95,-2.64,3600,3605,3460,1083141,3803814303,257049434070,73233457,KSQ
121800,KR7121800007,비덴트,KOSDAQ,관리종목(소속부없음),3320,0,0,0.0,0,0,0,0,0,256309348520,77201611,KSQ
092460,KR7092460005,한라IMS,KOSDAQ,우량기업부,14970,2,-390,-2.54,15360,15360,14860,34165,515968915,256131909600,17109680,KSQ
274090,KR7274090000,켄코아에어로스페이스,KOSDAQ,기술성장기업부,18660,2,-880,-4.5,19540,19740,18560,304254,5750003185,256074967980,13723203,KSQ
459510,KR7459510004,나우로보틱스,KOSDAQ,기술성장기업부,19660,2,-1240,-5.93,20500,21100,19600,80717,1613979370,254978050120,12969382,KSQ
02826K,KR702826K016,삼성물산우B,KOSPI,,173400,1,3400,2.0,170000,175400,170000,2123,369096500,254480106000,1467590,STK
043370,KR7043370006,피에이치에이,KOSDAQ,우량기업부,12090,2,-100,-0.82,12250,12250,12010,19734,238412680,253890000000,21000000,KSQ
377460,KR7377460001,위니아에이드,KOSDAQ,관리종목(소속부없음),4080,0,0,0.0,0,0,0,0,0,253187202960,62055687,KSQ
094820,KR7094820008,일진파워,KOSDAQ,우량기업부,16770,2,-180,-1.06,17000,17150,15840,222712,3709636510,252869949930,15078709,KSQ
256840,KR7256840000,한국비엔씨,KOSDAQ,벤처기업부,3695,2,-75,-1.99,3765,3785,3680,218060,812645544,252719103770,68394886,KSQ
176750,KR7176750008,듀켐바이오,KOSDAQ,기술성장기업부,8880,2,-20,-0.22,9120,9150,8810,18245,162581700,252682353600,28455220,KSQ
464080,KR7464080001,에스오에스랩,KOSDAQ,기술성장기업부,14170,2,-410,-2.81,14580,14700,14010,141545,2014931380,252183985950,17797035,KSQ
452280,KR7452280001,한선엔지니어링,KOSDAQ,중견기업부,13100,2,-940,-6.7,14220,14280,13000,278698,3769439190,252128102000,19246420,KSQ
361390,KR7361390008,제노코,KOSDAQ,벤처기업부,26750,2,-1400,-4.97,28550,28550,26300,182457,4941960500,251567619750,9404397,KSQ
013120,KR7013120001,동원개발,KOSDAQ,우량기업부,2770,2,-45,-1.6,2815,2815,2745,62664,173605265,251538437000,90808100,KSQ
353810,KR7353810005,이지바이오,KOSDAQ,우량기업부,7600,1,130,1.74,7690,7750,7530,190278,1448362820,251422592000,33081920,KSQ
226590,KR7226590008,엠디바이스,KOSDAQ,기술성장기업부,23550,2,-950,-3.88,24500,25350,23400,253084,6182169100,250354963200,10630784,KSQ
000430,KR7000430009,대원강업,KOSPI,,4035,2,-20,-0.49,4080,4120,4020,111910,456228665,250170000000,62000000,STK
272110,KR7272110008,케이엔제이,KOSDAQ,우량기업부,31150,2,-600,-1.89,31750,32200,31000,43982,1385414425,249991054250,8025395,KSQ
194700,KR7194700001,노바렉스,KOSDAQ,우량기업부,13300,2,-270,-1.99,13570,13590,13300,19963,267570565,249439478400,18754848,KSQ
005710,KR7005710009,대원산업,KOSDAQ,우량기업부,12410,2,-250,-1.97,12740,12740,12300,15901,198262780,248666616000,20037600,KSQ
033920,KR7033920000,무학,KOSPI,,8720,1,140,1.63,8650,8750,8580,38292,331386450,248520000000,28500000,STK
108670,KR7108670001,LX하우시스,KOSPI,,27700,2,-150,-0.54,28000,28100,27550,10583,293088725,248404459000,8967670,STK
402490,KR7402490007,그린리소스,KOSDAQ,기술성장기업부,14980,1,1820,13.83,14320,15840,14190,4389221,66248005405,248151010240,16565488,KSQ
289930,KR7289930000,웨이비스,KOSDAQ,기술성장기업부,19040,2,-560,-2.86,19960,19970,18940,97360,1876719685,247881950400,13019010,KSQ
950170,KR8392080006,JTC,KOSDAQ,외국기업(소속부없음),4785,2,-125,-2.55,4960,4960,4755,118549,576192260,247606275180,51746348,KSQ
0007J0,KR70007J0006,인벤테라,KOSDAQ,기술성장기업부,31450,2,-1400,-4.26,32600,36300,27650,4084663,133252700525,247376705300,7865714,KSQ
122900,KR7122900004,아이마켓코리아,KOSPI,,7390,2,-10,-0.14,7430,7430,7360,17663,130521735,247039127600,33428840,STK
054210,KR7054210000,이랜텍,KOSDAQ,우량기업부,9760,2,-140,-1.41,9950,10250,9710,136639,1355751470,246842209600,25291210,KSQ
404990,KR7404990004,신한서부티엔디리츠,KOSPI,,4100,2,-60,-1.44,4155,4155,4065,74289,305109005,246669091300,60163193,STK
382900,KR7382900009,범한퓨얼셀,KOSDAQ,벤처기업부,28100,2,-450,-1.58,29250,29250,28000,32066,916437700,246184100000,8761000,KSQ
000050,KR7000050005,경방,KOSPI,,8950,2,-30,-0.33,8970,9090,8850,42365,381001340,245366666500,27415270,STK
000680,KR7000680009,LS네트웍스,KOSPI,,3110,2,-35,-1.11,3145,3195,3090,50342,156998668,245077379760,78803016,STK
084680,KR7084680008,이월드,KOSPI,,1726,1,23,1.35,1703,1737,1652,909830,1532528491,244757489118,141806193,STK
042600,KR7042600007,새로닉스,KOSDAQ,중견기업부,19600,1,1320,7.22,18450,19620,17710,182834,3442946315,243502050400,12423574,KSQ
019010,KR7019010008,베뉴지,KOSDAQ,중견기업부,5040,1,60,1.2,4980,5230,4910,182865,924398830,242928000000,48200000,KSQ
001130,KR7001130004,대한제분,KOSPI,,143700,1,400,0.28,142600,145500,142600,1535,220847000,242853000000,1690000,STK
234690,KR7234690006,녹십자웰빙,KOSDAQ,우량기업부,13680,2,-1120,-7.57,14800,14810,13590,323230,4504520640,242851135680,17752276,KSQ
462860,KR7462860008,더즌,KOSDAQ,중견기업부,3380,1,165,5.13,3220,3890,3200,4047754,14613117109,242831743180,71843711,KSQ
332570,KR7332570001,PS일렉트로닉스,KOSDAQ,벤처기업부,5100,2,-40,-0.78,5180,5270,5060,440535,2267530480,241051581600,47265016,KSQ
210980,KR7210980009,SK디앤디,KOSPI,,12920,2,-10,-0.08,12930,12990,12880,17686,228403140,240536575440,18617382,STK
000390,KR7000390005,삼화페인트,KOSPI,,8830,2,-20,-0.23,8930,9140,8730,343429,3057159810,240206631270,27203469,STK
314130,KR7314130006,지놈앤컴퍼니,KOSDAQ,기술성장기업부,6880,2,-370,-5.1,7770,7790,6800,589705,4222707080,240063709280,34892981,KSQ
126700,KR7126700004,하이비젼시스템,KOSDAQ,우량기업부,16040,2,-310,-1.9,16350,16680,15960,54534,884858940,239671476480,14942112,KSQ
388050,KR7388050007,지투파워,KOSDAQ,벤처기업부,12810,1,290,2.32,12580,13350,11870,1935861,24267006180,239667887970,18709437,KSQ
005500,KR7005500004,삼진제약,KOSPI,,17970,2,-180,-0.99,18410,18410,17930,8583,154488285,239360400000,13320000,STK
028100,KR7028100006,동아지질,KOSPI,,17860,3,0,0.0,17920,17990,17650,9254,164859820,239136505720,13389502,STK
036030,KR7036030005,케이티알파,KOSDAQ,우량기업부,4875,1,10,0.21,4865,4885,4830,25550,124292640,238969004625,49019283,KSQ
030210,KR7030210009,다올투자증권,KOSPI,,3920,3,0,0.0,3910,3950,3890,36412,142643072,238771535520,60911106,STK
084850,KR7084850007,아이티엠반도체,KOSDAQ GLOBAL,중견기업부,10520,2,-360,-3.31,10840,10840,10360,35924,378169870,238624465680,22682934,KSQ
036800,KR7036800001,나이스정보통신,KOSDAQ,우량기업부,23850,2,-200,-0.83,24200,24400,23550,20399,485754850,238500000000,10000000,KSQ
452430,KR7452430002,사피엔반도체,KOSDAQ,기술성장기업부,29000,2,-950,-3.17,30200,30600,28850,31366,930282950,238323334000,8218046,KSQ
053300,KR7053300000,한국정보인증,KOSDAQ,우량기업부,5610,1,60,1.08,5550,5720,5520,119056,671631155,238096035210,42441361,KSQ
244920,KR7244920005,에이플러스에셋,KOSPI,,10490,2,-170,-1.59,10730,10730,10300,16708,174847110,237154699570,22607693,STK
484810,KR7484810007,티엑스알로보틱스,KOSDAQ,중견기업부,15340,2,-600,-3.76,15700,15710,15120,38346,591868990,237017036100,15450915,KSQ
007570,KR7007570005,일양약품,KOSPI,,12390,1,250,2.06,12100,12940,12020,132373,1667768960,236471376960,19085664,STK
039840,KR7039840004,디오,KOSDAQ,중견기업부,16440,1,70,0.43,16200,16450,16150,15003,245038870,236326430280,14375087,KSQ
052710,KR7052710001,아모텍,KOSDAQ,중견기업부,16150,1,590,3.79,15680,16450,15440,536810,8674456820,236034010350,14615109,KSQ
232530,KR7232530006,이엠티,KONEX,일반기업부,9210,2,-130,-1.39,9400,9400,9200,2053,19000640,235907739840,25614304,KNX
199430,KR7199430000,케이엔알시스템,KOSDAQ,기술성장기업부,21150,2,-650,-2.98,21850,22050,20900,32361,688429675,235696509450,11144043,KSQ
136490,KR7136490000,선진,KOSPI,,9910,2,-80,-0.8,9990,10520,9790,100270,990363610,235655875640,23779604,STK
001630,KR7001630003,종근당홀딩스,KOSPI,,46950,2,-200,-0.42,47400,48400,46700,2799,131737550,235212973950,5009861,STK
003720,KR7003720000,삼영,KOSPI,,6900,2,-470,-6.38,7360,7390,6860,628484,4434392325,234600000000,34000000,STK
474170,KR7474170008,루미르,KOSDAQ,기술성장기업부,13150,2,-380,-2.81,13530,13870,12940,277326,3675787905,234302702400,17817696,KSQ
009470,KR7009470006,삼화전기,KOSPI,,35350,2,-250,-0.7,35600,36400,35050,26040,928745950,233798537000,6613820,STK
034810,KR7034810002,해성산업,KOSDAQ,중견기업부,7180,2,-10,-0.14,7190,7250,7150,23320,167693790,233758233260,32556857,KSQ
036560,KR7036560001,KZ정밀,KOSDAQ,우량기업부,14820,2,-40,-0.27,14870,14980,14500,27224,398953520,233415000000,15750000,KSQ
254490,KR7254490006,미래반도체,KOSDAQ,우량기업부,16160,2,-190,-1.16,16370,16750,16050,36732,601097435,233318080000,14438000,KSQ
013890,KR7013890009,지누스,KOSPI,,10440,2,-130,-1.23,10570,10800,10350,28722,304096170,232337773440,22254576,STK
061970,KR7061970000,LB세미콘,KOSDAQ,중견기업부,4000,1,55,1.39,3980,4050,3920,173268,689140460,232332024000,58083006,KSQ
214180,KR7214180002,헥토이노베이션,KOSDAQ,우량기업부,17850,1,320,1.83,17560,18350,17460,144614,2592409930,231931600950,12993367,KSQ
372170,KR7372170001,윤성에프앤씨,KOSDAQ,기술성장기업부,29050,1,400,1.4,28800,29650,28800,8385,245372125,231791344400,7979048,KSQ
950250,KR8826050005,테라뷰,KOSDAQ,기술성장기업부,6520,2,-200,-2.98,6720,6890,6450,384076,2561605490,231575606120,35517731,KSQ
108380,KR7108380007,대양전기공업,KOSDAQ,우량기업부,24200,2,-1250,-4.91,25400,25400,24200,42709,1048714800,231529458600,9567333,KSQ
211270,KR7211270004,AP위성,KOSDAQ,우량기업부,15310,2,-810,-5.02,16140,16250,15240,258570,4026188455,230910074240,15082304,KSQ
009680,KR7009680000,모토닉,KOSPI,,10620,2,-140,-1.3,10680,10730,10500,37417,395380860,230805458280,21733094,STK
112290,KR7112290002,와이씨켐,KOSDAQ,기술성장기업부,22750,2,-400,-1.73,23350,23750,22350,65494,1490850475,230014898750,10110545,KSQ
206640,KR7206640005,바디텍메드,KOSDAQ,우량기업부,10490,2,-200,-1.87,10710,10710,10370,50007,525356080,229814091290,21907921,KSQ
095570,KR7095570008,AJ네트웍스,KOSPI,,5070,2,-70,-1.36,5140,5170,5010,121061,614148725,229431488130,45252759,STK
003220,KR7003220001,대원제약,KOSPI,,10220,2,-40,-0.39,10210,10340,10100,17535,179057700,229209898260,22427583,STK
190510,KR7190510008,나무가,KOSDAQ,우량기업부,16260,2,-180,-1.09,16400,16740,16250,31660,518641470,229027254420,14085317,KSQ
013580,KR7013580006,계룡건설,KOSPI,,25600,1,300,1.19,25300,25950,25150,27163,693955250,228631219200,8930907,STK
475230,KR7475230009,엔알비,KOSDAQ,벤처기업부,21100,2,-950,-4.31,21900,22200,20400,166100,3491813200,228434824500,10826295,KSQ
065680,KR7065680001,우주일렉트로,KOSDAQ,우량기업부,24700,2,-300,-1.2,25050,25750,24500,2776,69362200,228239633700,9240471,KSQ
950140,KR8840110108,잉글우드랩,KOSDAQ,외국기업(소속부없음),11480,2,-650,-5.36,12130,12130,11410,75016,871317680,228083101680,19867866,KSQ
297090,KR7297090003,씨에스베어링,KOSDAQ,투자주의환기종목(소속부없음),8360,2,-780,-8.53,9140,9140,8350,636691,5540828250,227977200000,27270000,KSQ
000480,KR7000480004,CR홀딩스,KOSPI,,4860,1,15,0.31,4845,4895,4810,21228,103116615,227887781400,46890490,STK
004980,KR7004980009,성신양회,KOSPI,,9280,1,130,1.42,9270,9500,9160,19264,179333730,227509157440,24516073,STK
017890,KR7017890005,한국알콜,KOSDAQ,우량기업부,10670,3,0,0.0,10770,11040,10550,267816,2895943470,226988309020,21273506,KSQ
119610,KR7119610004,인터로조,KOSDAQ,중견기업부,19840,2,-910,-4.39,20900,20950,19680,55111,1117712440,226448740480,11413747,KSQ
051360,KR7051360006,토비스,KOSDAQ,우량기업부,15170,2,-280,-1.81,15450,15640,15070,30985,471481910,226303678310,14917843,KSQ
004560,KR7004560009,현대비앤지스틸,KOSPI,,14990,2,-300,-1.96,15290,15460,14870,51069,769089540,226031376890,15078811,STK
036190,KR7036190007,금화피에스시,KOSDAQ,우량기업부,37600,2,-500,-1.31,38700,38700,37200,7692,288554925,225600000000,6000000,KSQ
457550,KR7457550002,우진엔텍,KOSDAQ,중견기업부,24200,2,-950,-3.78,25300,25650,24050,86002,2110004950,225518783600,9318958,KSQ
010580,KR7010580009,에스엠벡셀,KOSPI,,2025,2,-5,-0.25,2045,2065,2000,191732,387469865,225284814000,111251760,STK
394420,KR7394420004,리센스메디컬,KOSDAQ,기술성장기업부,20750,2,-1000,-4.6,22850,23150,20000,1514463,32678251475,225143683500,10850298,KSQ
092070,KR7092070002,디엔에프,KOSDAQ,우량기업부,19380,1,40,0.21,19700,19990,19220,36468,710828200,224262608040,11571858,KSQ
100120,KR7100120005,뷰웍스,KOSDAQ,우량기업부,24950,2,-550,-2.16,26000,26200,24900,50762,1287952150,223836704450,8971411,KSQ
144960,KR7144960002,뉴파워프라즈마,KOSDAQ,우량기업부,5120,1,20,0.39,5110,5310,5100,100851,525859730,223706234880,43692624,KSQ
098120,KR7098120009,마이크로컨텍솔,KOSDAQ,중견기업부,26900,2,-400,-1.47,27150,27900,26500,48072,1304269175,223613405400,8312766,KSQ
481070,KR7481070001,에이유브랜즈,KOSDAQ,중견기업부,15730,2,-270,-1.69,15990,16350,15730,10011,159001070,222736800000,14160000,KSQ
068930,KR7068930007,디지털대성,KOSDAQ,우량기업부,8040,1,60,0.75,7980,8040,7960,27468,220108100,222509749680,27675342,KSQ
432320,KR7432320000,KB스타리츠,KOSPI,,2190,2,-5,-0.23,2240,2240,2145,392556,853967017,222097284150,101414285,STK
403850,KR7403850001,더핑크퐁컴퍼니,KOSDAQ,중견기업부,15470,2,-490,-3.07,15960,16000,15450,30915,481363085,222010124700,14351010,KSQ
199820,KR7199820002,제일일렉트릭,KOSDAQ,우량기업부,9990,2,-130,-1.28,10170,10400,9900,196181,1974230345,221977800000,22220000,KSQ
123330,KR7123330003,제닉,KOSDAQ,벤처기업부,27850,2,-550,-1.94,28400,29350,27550,93495,2641584125,221927738000,7968680,KSQ
051905,KR7051901007,LG생활건강우,KOSPI,,105300,2,-1000,-0.94,106200,106900,105000,3475,367837850,221098094100,2099697,STK
065710,KR7065710006,서호전기,KOSDAQ,중견기업부,42900,2,-200,-0.46,43200,43400,42700,6263,269198825,220935000000,5150000,KSQ
402030,KR7402030001,코난테크놀로지,KOSDAQ,기술성장기업부,17610,2,-310,-1.73,17990,17990,17560,7051,125011530,220432963680,12517488,KSQ
264450,KR7264450008,유비쿼스,KOSDAQ,우량기업부,15020,2,-380,-2.47,15500,15920,14920,168413,2577211405,220275704860,14665493,KSQ
003547,KR7003542008,대신증권2우B,KOSPI,,22000,2,-150,-0.68,22350,22350,21900,14441,318972225,220000000000,10000000,STK
056090,KR7056090004,시지메드텍,KOSDAQ,벤처기업부,2130,2,-30,-1.39,2155,2195,2115,707062,1515321803,219941746680,103259036,KSQ
002150,KR7002150001,도화엔지니어링,KOSPI,,6520,1,30,0.46,6490,6560,6450,50746,329835690,219854400000,33720000,STK
380550,KR7380550004,뉴로핏,KOSDAQ,기술성장기업부,18150,2,-460,-2.47,18610,18800,17820,114690,2095754960,219466805250,12091835,KSQ
432720,KR7432720001,퀄리타스반도체,KOSDAQ,기술성장기업부,15500,1,1320,9.31,14280,16250,14280,1176688,18522667830,219427486000,14156612,KSQ
053210,KR7053210001,스카이라이프,KOSPI,,4615,2,-75,-1.6,4695,4735,4615,30155,139811417,219318437325,47522955,STK
285490,KR7285490009,노바텍,KOSDAQ,벤처기업부,20725,2,-25,-0.12,20650,21000,20300,47931,989110650,219184097475,10575831,KSQ
049080,KR7049080005,기가레인,KOSDAQ,벤처기업부,2582,1,537,26.26,2300,2655,2150,56458865,139111761691,219168801954,84883347,KSQ
079960,KR7079960001,동양이엔피,KOSDAQ,우량기업부,27800,1,500,1.83,27400,28550,27150,22182,621649200,218508000000,7860000,KSQ
025000,KR7025000001,KPX케미칼,KOSPI,,49800,1,50,0.1,50100,50400,49050,1515,75554500,218059708200,4378709,STK
036170,KR7036170009,에이치엠넥스,KOSDAQ,중견기업부,3545,2,-305,-7.92,3885,4075,3505,3895916,14759520184,217541144170,61365626,KSQ
0011A0,KR70011A0009,액스비스,KOSDAQ,벤처기업부,23300,2,-1950,-7.72,25450,25450,23200,127952,3037837275,217476142000,9333740,KSQ
004430,KR7004430005,송원산업,KOSPI,,9060,1,20,0.22,9040,9190,9020,43597,396340520,217440000000,24000000,STK
016880,KR7016880007,웅진,KOSPI,,2720,1,45,1.68,2680,2740,2600,393855,1042942650,217401657600,79927080,STK
226320,KR7226320000,잇츠한불,KOSPI,,9910,2,-60,-0.6,9970,10020,9860,11879,117781530,217319511650,21929315,STK
010955,KR7010951002,S-Oil우,KOSPI,,54000,1,1700,3.25,52800,55600,52800,17082,934891750,217184058000,4021927,STK
123860,KR7123860009,아나패스,KOSDAQ,벤처기업부,17680,1,580,3.39,17100,18560,17000,185253,3321267440,214341977200,12123415,KSQ
298690,KR7298690009,에어부산,KOSPI,,1836,1,1,0.05,1836,1839,1802,60713,110056158,214151040000,116640000,STK
338220,KR7338220007,뷰노,KOSDAQ,기술성장기업부,15260,2,-220,-1.42,15560,15660,15200,28674,440171255,213667818980,14001823,KSQ
061090,KR7061090007,세나테크놀로지,KOSDAQ,중견기업부,38000,1,150,0.4,38300,39000,37700,6455,246590550,212253712000,5585624,KSQ
064850,KR7064850001,에프앤가이드,KOSDAQ,벤처기업부,18570,2,-410,-2.16,19200,19330,18370,44765,846845665,211889865240,11410332,KSQ
083310,KR7083310003,엘오티베큠,KOSDAQ,우량기업부,11890,2,-210,-1.74,12100,12270,11860,47148,566417670,211761292370,17810033,KSQ
115310,KR7115310005,인포바인,KOSDAQ,벤처기업부,66300,2,-400,-0.6,66200,67300,65700,2058,136545800,211688142900,3192883,KSQ
039570,KR7039570007,HDC랩스,KOSPI,,8130,1,10,0.12,8120,8190,7690,27791,223398780,211035296130,25957601,STK
179290,KR7179290002,엠아이텍,KOSDAQ,우량기업부,6520,2,-180,-2.69,6700,6700,6460,59236,387811520,211024220560,32365678,KSQ
001080,KR7001080001,만호제강,KOSPI,,5080,2,-110,-2.12,5210,5280,4995,16329,83692715,210820000000,41500000,STK
007860,KR7007860000,서연,KOSPI,,8960,2,-170,-1.86,9200,9200,8940,54511,490629915,210379402240,23479844,STK
004090,KR7004090007,한국석유,KOSPI,,16570,2,-470,-2.76,17220,17230,16500,450587,7597093360,210341568400,12694120,STK
356680,KR7356680009,엑스게이트,KOSDAQ,벤처기업부,7360,1,490,7.13,7810,7810,7130,809170,5962804130,210080101120,28543492,KSQ
008490,KR7008490005,서흥,KOSPI,,18110,3,0,0.0,18330,18330,18020,11330,205323790,209516636430,11569113,STK
102260,KR7102260007,동성케미컬,KOSPI,,4175,2,-25,-0.6,4200,4205,4150,112565,469896349,209488102425,50176791,STK
237880,KR7237880000,클리오,KOSDAQ,우량기업부,11580,2,-80,-0.69,11610,11660,11450,17914,206878170,209266267740,18071353,KSQ
095700,KR7095700001,제넥신,KOSDAQ,기술성장기업부,4580,2,-50,-1.08,4630,4725,4480,88150,407604004,208575462520,45540494,KSQ
213500,KR7213500002,한솔제지,KOSPI,,8760,1,140,1.62,8650,8880,8470,307479,2670250955,208493045760,23800576,STK
000140,KR7000140004,하이트진로홀딩스,KOSPI,,8980,2,-10,-0.11,9040,9070,8980,2577,23213970,208396749700,23206765,STK
461300,KR7461300006,아이스크림미디어,KOSDAQ,중견기업부,15650,2,-420,-2.61,16190,16190,15640,21833,344742350,208183076450,13302433,KSQ
000520,KR7000520007,삼일제약,KOSPI,,9590,2,-160,-1.64,9750,9860,9520,117658,1133168120,208024467490,21691811,STK
041020,KR7041020009,폴라리스오피스,KOSDAQ,벤처기업부,4180,2,-90,-2.11,4290,4425,4150,802511,3434653568,207852581640,49725498,KSQ
106190,KR7106190002,하이텍팜,KOSDAQ,우량기업부,19530,2,-70,-0.36,19600,19680,19050,43437,840741220,207665868690,10633173,KSQ
080160,KR7080160005,모두투어,KOSDAQ,벤처기업부,10950,2,-110,-0.99,11060,11070,10880,36720,402601570,206955000000,18900000,KSQ
380540,KR7380540005,옵티코어,KOSDAQ,관리종목(소속부없음),4225,0,0,0.0,0,0,0,0,0,206658130575,48913167,KSQ
484120,KR7484120001,도우인시스,KOSDAQ,중견기업부,18850,1,70,0.37,18650,19280,18410,6952,129950990,206547404700,10957422,KSQ
003650,KR7003650009,미창석유,KOSPI,,118600,1,1200,1.02,117500,119500,116500,1816,214265500,206325099200,1739672,STK
004380,KR7004380002,삼익THK,KOSPI,,9960,0,0,0.0,0,0,0,0,0,206172000000,20700000,STK
005950,KR7005950001,이수화학,KOSPI,,7840,1,20,0.26,7900,8170,7810,175974,1404326740,206146284960,26294169,STK
121440,KR7121440002,골프존홀딩스,KOSDAQ,우량기업부,4805,2,-30,-0.62,4805,4835,4800,16494,79410410,205830910490,42836818,KSQ
339770,KR7339770000,교촌에프앤비,KOSPI,,4115,2,-15,-0.36,4130,4160,4095,43788,180666930,205606304200,49965080,STK
299030,KR7299030007,하나기술,KOSDAQ,벤처기업부,25700,1,50,0.19,25650,26350,25550,18147,471492950,205469187000,7994910,KSQ
307750,KR7307750000,국전약품,KOSDAQ,우량기업부,3820,2,-60,-1.55,3905,3945,3780,399617,1536171601,205175278920,53710806,KSQ
203400,KR7203400007,에이비온,KOSDAQ,기술성장기업부,2275,2,-5,-0.22,2280,2360,2260,393510,910333490,204980466600,90101304,KSQ
003610,KR7003610003,방림,KOSPI,,5090,1,20,0.39,5080,5200,5000,234204,1188719970,204628984220,40202158,STK
032620,KR7032620007,유비케어,KOSDAQ,중견기업부,3910,2,-60,-1.51,3970,3990,3910,64222,253340681,204090813490,52197139,KSQ
0004V0,KR70004V0003,엔비알모션,KOSDAQ,기술성장기업부,19610,2,-140,-0.71,20500,24000,19470,3005454,65412415710,204031617480,10404468,KSQ
270660,KR7270660004,에브리봇,KOSDAQ,벤처기업부,16070,2,-390,-2.37,16380,16460,16010,25450,411302320,203937668810,12690583,KSQ
018470,KR7018470005,조일알미늄,KOSPI,,1595,1,171,12.01,1452,1747,1381,78629640,128180028473,201977594995,126631721,STK
039560,KR7039560008,다산네트웍스,KOSDAQ,중견기업부,4930,2,-140,-2.76,5100,5160,4900,718642,3585097308,201813306660,40935762,KSQ
104480,KR7104480009,티케이케미칼,KOSDAQ,우량기업부,2210,2,-5,-0.23,2310,2310,2170,899462,2010659216,200878909140,90895434,KSQ
078150,KR7078150000,HB테크놀러지,KOSDAQ,우량기업부,2160,1,25,1.17,2140,2210,2120,1465326,3167825342,200266378560,92715916,KSQ
049430,KR7049430002,코메론,KOSDAQ,우량기업부,22000,1,500,2.33,21700,22450,21350,44281,968696075,199056000000,9048000,KSQ
003555,KR7003551009,LG우,KOSPI,,66100,2,-100,-0.15,66200,66500,65800,4414,291431850,199040253900,3011199,STK
033530,KR7033530007,SJG세종,KOSPI,,7140,2,-120,-1.65,7240,7270,7100,53419,382766455,198641661540,27820961,STK
234080,KR7234080000,JW생명과학,KOSPI,,12520,2,-150,-1.18,12670,12720,12490,21110,265837480,198248616080,15834554,STK
487570,KR7487570004,HS효성,KOSPI,,53200,2,-1000,-1.85,53800,54500,52700,6113,326766050,198219316400,3725927,STK
439090,KR7439090002,마녀공장,KOSDAQ,중견기업부,12080,2,-40,-0.33,12100,12220,11860,16725,201846910,198030580800,16393260,KSQ
118990,KR7118990001,모트렉스,KOSDAQ,우량기업부,8040,2,-190,-2.31,8230,8230,7950,62107,499168660,197280462840,24537371,KSQ
143240,KR7143240000,사람인,KOSDAQ,우량기업부,16790,2,-70,-0.42,16860,16860,16690,9707,162459090,196598525770,11709263,KSQ
011690,KR7011690005,와이투솔루션,KOSPI,,5350,2,-150,-2.73,5550,5550,5290,232269,1253057925,196368507900,36704394,STK
140670,KR7140670001,알에스오토메이션,KOSDAQ,벤처기업부,15280,2,-270,-1.74,15550,15760,15160,99581,1533317500,196192755200,12839840,KSQ
456010,KR7456010008,아이씨티케이,KOSDAQ,기술성장기업부,14090,1,20,0.14,14890,15000,14070,251953,3639545505,195877122860,13901854,KSQ
489500,KR7489500009,엘케이켐,KOSDAQ,벤처기업부,31000,2,-1000,-3.13,31900,32400,30550,37163,1160176725,194619736000,6278056,KSQ
003350,KR7003350006,한국화장품제조,KOSPI,,42900,2,-500,-1.15,44000,44000,42350,17290,741179100,194422800000,4532000,STK
015230,KR7015230006,대창단조,KOSPI,,6790,1,60,0.89,6780,6820,6650,78718,530993180,194005441700,28572230,STK
289080,KR7289080004,SV인베스트먼트,KOSDAQ,중견기업부,3552,2,-168,-4.52,3720,3780,3535,1151147,4193344289,192931575744,54316322,KSQ
131030,KR7131030009,옵투스제약,KOSDAQ,우량기업부,10930,1,130,1.2,11030,11540,10510,370946,4131169755,192877228700,17646590,KSQ
271980,KR7271980005,제일약품,KOSPI,,13100,2,-340,-2.53,13450,13450,12970,33120,436360455,192633823200,14704872,STK
002100,KR7002100006,경농,KOSPI,,9830,2,-60,-0.61,9980,10000,9700,103502,1019160410,191906912250,19522575,STK
260870,KR7260870001,SK시그넷,KONEX,일반기업부,8850,2,-50,-0.56,8990,9000,8750,2132,18871090,191821510950,21674747,KNX
083930,KR7083930008,아바코,KOSDAQ,우량기업부,13030,2,-170,-1.29,13110,13320,12950,39536,518106220,191244554470,14677249,KSQ
100250,KR7100250000,진양홀딩스,KOSPI,,2990,2,-20,-0.66,3010,3030,2980,63815,191118946,191061000000,63900000,STK
293780,KR7293780003,압타바이오,KOSDAQ,기술성장기업부,6790,2,-160,-2.3,6960,7050,6730,109317,749407220,190754219950,28093405,KSQ
016580,KR7016580003,환인제약,KOSPI,,10250,2,-130,-1.25,10380,10400,10250,14048,144687700,190650717500,18600070,STK
123410,KR7123410003,코리아에프티,KOSDAQ,우량기업부,6830,1,100,1.49,6730,6830,6640,67105,450007110,190154467120,27841064,KSQ
060150,KR7060150000,인선이엔티,KOSDAQ,중견기업부,4080,2,-30,-0.73,4155,4160,4060,35428,144991683,189979536960,46563612,KSQ
039860,KR7039860002,나노엔텍,KOSDAQ,중견기업부,4970,2,-70,-1.39,5000,5060,4890,213407,1061193765,189322473410,38093053,KSQ
473980,KR7473980001,노머스,KOSDAQ,기술성장기업부,17110,2,-900,-5.0,17510,18110,17000,45686,793549320,189190779420,11057322,KSQ
082800,KR7082800004,비보존 제약,KOSDAQ,중견기업부,3115,1,35,1.14,3080,3185,3075,186222,581541186,189141759590,60719666,KSQ
282720,KR7282720002,금양그린파워,KOSDAQ,우량기업부,15600,2,-1800,-10.34,17290,17290,15430,594321,9610586900,189064200000,12119500,KSQ
232680,KR7232680009,라온로보틱스,KOSDAQ,기술성장기업부,14520,2,-30,-0.21,14560,14840,14300,71849,1044917925,188973952200,13014735,KSQ
377450,KR7377450002,리파인,KOSDAQ,우량기업부,10900,2,-190,-1.71,11080,11090,10770,25770,280108395,188897000000,17330000,KSQ
001045,KR7001041003,CJ우,KOSPI,,83400,2,-200,-0.24,81000,85000,80500,2452,203430000,188502598200,2260223,STK
102120,KR7102120003,어보브반도체,KOSDAQ,벤처기업부,10600,1,180,1.73,10440,10770,10440,106228,1129930515,188475981800,17780753,KSQ
002230,KR7002230001,피에스텍,KOSDAQ,중견기업부,9770,1,400,4.27,9380,10160,9380,273130,2698432780,188305221400,19273820,KSQ
143160,KR7143160000,아이디스,KOSDAQ,우량기업부,17510,3,0,0.0,17710,17830,17350,6517,113773040,187643988900,10716390,KSQ
046440,KR7046440004,KG모빌리언스,KOSDAQ,우량기업부,4935,1,70,1.44,4830,5110,4830,176173,876446835,187583307870,38010802,KSQ
011560,KR7011560000,세보엠이씨,KOSDAQ,우량기업부,18120,2,-80,-0.44,18180,18350,17730,9021,162038780,187542000000,10350000,KSQ
458650,KR7458650009,성우,KOSDAQ,벤처기업부,12460,1,90,0.73,12400,12990,12370,104673,1330875205,187469048200,15045670,KSQ
016790,KR7016790008,현대사료,KOSDAQ,관리종목(소속부없음),994,0,0,0.0,0,0,0,0,0,187340898626,188471729,KSQ
031440,KR7031440001,신세계푸드,KOSPI,,48300,2,-200,-0.41,49000,49000,48300,3254,157618300,187040784000,3872480,STK
357580,KR7357580000,아모센스,KOSDAQ,기술성장기업부,15990,2,-2600,-13.99,18590,18690,15600,760548,12576389895,186353792040,11654396,KSQ
114840,KR7114840002,아이패밀리에스씨,KOSDAQ,우량기업부,10750,2,-260,-2.36,10990,10990,10640,25297,272655600,186188925000,17319900,KSQ
005960,KR7005960000,동부건설,KOSPI,,8110,2,-80,-0.98,8200,8230,7950,66483,537185100,186097436930,22946663,STK
101530,KR7101530004,해태제과식품,KOSPI,,6390,2,-120,-1.84,6520,6530,6380,13992,89860685,186056492580,29116822,STK
003460,KR7003460003,유화증권,KOSPI,,3280,2,-30,-0.91,3295,3320,3260,68366,225065453,185983921200,56702415,STK
355150,KR7355150004,코스텍시스,KOSDAQ,벤처기업부,23800,2,-1200,-4.8,24650,25500,23400,137613,3318010975,185576930000,7797350,KSQ
242040,KR7242040004,나무기술,KOSDAQ,기술성장기업부,5340,2,-460,-7.93,5800,5880,5300,1771629,9724722880,184797449760,34606264,KSQ
000860,KR7000860007,강남제비스코,KOSPI,,14190,1,310,2.23,13900,14270,13900,19540,276174140,184470000000,13000000,STK
405100,KR7405100009,큐알티,KOSDAQ,우량기업부,15000,2,-100,-0.66,15100,15640,14940,29955,456748410,184339515000,12289301,KSQ
102460,KR7102460003,이연제약,KOSPI,,9910,2,-160,-1.59,10070,10070,9890,17331,172107440,184195297010,18586811,STK
235980,KR7235980000,메드팩토,KOSDAQ,기술성장기업부,5360,2,-140,-2.55,5500,5620,5210,105242,564774970,183714648560,34275121,KSQ
217270,KR7217270008,넵튠,KOSDAQ,중견기업부,3915,2,-65,-1.63,3950,4000,3880,26436,103707609,182970042345,46735643,KSQ
417010,KR7417010006,나노팀,KOSDAQ,벤처기업부,9070,2,-350,-3.72,9420,9740,9000,162577,1494909490,182966642960,20172728,KSQ
081000,KR7081000002,일진다이아,KOSPI,,12850,1,70,0.55,12810,13040,12700,14001,180269565,182508228750,14202975,STK
008970,KR7008970006,KBI동양철관,KOSPI,,1758,2,-54,-2.98,1778,1785,1724,1689988,2947475167,182422222506,103766907,STK
140610,KR7140610007,엔솔바이오사이언스,KONEX,일반기업부,13460,2,-40,-0.3,13510,13950,13260,2756,37066540,182081819040,13527624,KNX
272550,KR7272550005,삼양패키징,KOSPI,,12080,1,210,1.77,12000,12690,11770,662465,8091838205,182026344480,15068406,STK
334970,KR7334970001,프레스티지바이오로직스,KOSDAQ,기술성장기업부,2340,2,-40,-1.68,2415,2455,2340,40707,96744750,181941170580,77752637,KSQ
012200,KR7012200002,계양전기,KOSPI,,6670,2,-160,-2.34,6900,7200,6500,1165232,7920505485,181576269430,27222829,STK
005430,KR7005430004,한국공항,KOSPI,,57200,2,-700,-1.21,59300,59300,56600,2124,121887150,181115506000,3166355,STK
300080,KR7300080009,플리토,KOSDAQ,기술성장기업부,10970,2,-230,-2.05,11590,11700,10920,73100,819916690,181064797470,16505451,KSQ
054450,KR7054450002,텔레칩스,KOSDAQ,우량기업부,11950,1,90,0.76,11860,12200,11860,23883,286510985,180973584350,15144233,KSQ
400760,KR7400760005,NH올원리츠,KOSPI,,3285,1,25,0.77,3260,3330,3230,128625,419932145,180442668375,54929275,STK
086890,KR7086890001,이수앱지스,KOSDAQ,우량기업부,4425,2,-40,-0.9,4465,4510,4410,60350,268464450,180403338300,40769116,KSQ
006060,KR7006060008,화승인더,KOSPI,,3260,2,-60,-1.81,3320,3320,3215,66959,218838604,180343200000,55320000,STK
002170,KR7002170009,삼양통상,KOSPI,,60100,2,-400,-0.66,60500,61100,59500,1099,65909400,180300000000,3000000,STK
052330,KR7052330008,코텍,KOSDAQ,우량기업부,10140,2,-90,-0.88,10240,10280,10130,12204,124330420,180102512460,17761589,KSQ
001520,KR7001520006,동양,KOSPI,,749,2,-13,-1.71,758,762,746,408596,306884353,178774363187,238684063,STK
408470,KR7408470003,한패스,KOSDAQ,중견기업부,16910,1,2160,14.64,14560,18170,14320,3599885,61121521630,178772520000,10572000,KSQ
042420,KR7042420000,네오위즈홀딩스,KOSDAQ,중견기업부,21950,2,-450,-2.01,22350,22800,21700,13451,295477000,178723111850,8142283,KSQ
071840,KR7071840003,롯데하이마트,KOSPI,,7570,2,-120,-1.56,7890,7890,7570,20610,157284640,178710379840,23607712,STK
323990,KR7323990002,박셀바이오,KOSDAQ,기술성장기업부,7670,2,-70,-0.9,7800,7800,7640,71319,547670985,178383836150,23257345,KSQ
101970,KR7101970002,우양에이치씨,KOSDAQ,중견기업부,12050,2,-10,-0.08,12100,12670,11940,13193,160235830,178219608450,14790009,KSQ
092130,KR7092130004,이크레더블,KOSDAQ,중견기업부,14730,2,-10,-0.07,14740,14840,14690,3090,45570685,177402228000,12043600,KSQ
475580,KR7475580007,에이럭스,KOSDAQ,벤처기업부,12990,2,-690,-5.04,13790,13790,12930,368623,4857080915,176987451000,13624900,KSQ
382800,KR7382800001,지앤비에스 에코,KOSDAQ,우량기업부,5550,2,-220,-3.81,5720,5800,5470,801309,4481482075,176662277550,31831041,KSQ
048870,KR7048870000,시너지이노베이션,KOSDAQ,벤처기업부,2005,2,-55,-2.67,2060,2075,1998,175872,355128098,176654460815,88106963,KSQ
452450,KR7452450000,피아이이,KOSDAQ,벤처기업부,4900,2,-130,-2.58,5030,5100,4900,64996,322830867,176539650000,36028500,KSQ
008830,KR7008830002,대동기어,KOSDAQ,중견기업부,19580,2,-150,-0.76,19730,19900,19320,82753,1623342005,175975641600,8987520,KSQ
219130,KR7219130002,타이거일렉,KOSDAQ,중견기업부,27850,1,400,1.46,28000,29350,27300,27136,764553950,175852976500,6314290,KSQ
097955,KR7097951008,CJ제일제당 우,KOSPI,,132400,1,1400,1.07,132000,132600,131000,4196,552697200,175752129200,1327433,STK
002990,KR7002990000,금호건설,KOSPI,,4745,1,75,1.61,4710,4845,4635,169470,797557565,175549626200,36996760,STK
365330,KR7365330000,에스와이스틸텍,KOSDAQ,중견기업부,3495,2,-45,-1.27,3540,3565,3450,326984,1141719162,175347645000,50171000,KSQ
004960,KR7004960001,한신공영,KOSPI,,15150,2,-420,-2.7,15710,15850,14900,100172,1537550575,175296135300,11570702,STK
322510,KR7322510009,제이엘케이,KOSDAQ,기술성장기업부,6810,2,-190,-2.71,6950,7040,6800,153800,1058014305,175193324520,25725892,KSQ
474610,KR7474610003,RF시스템즈,KOSDAQ,벤처기업부,12180,1,30,0.25,12430,13490,12070,1380125,17735512045,174267152640,14307648,KSQ
001360,KR7001360007,삼성제약,KOSPI,,1850,1,56,3.12,1797,1861,1762,473323,845633854,174199846150,94162079,STK
000300,KR7000300004,DH오토넥스,KOSPI,,4200,0,0,0.0,0,0,0,0,0,174035631000,41437055,STK
156100,KR7156100000,엘앤케이바이오,KOSDAQ,벤처기업부,7770,2,-10,-0.13,7780,7860,7500,73929,570938760,173668458810,22351153,KSQ
122990,KR7122990005,와이솔,KOSDAQ,우량기업부,6510,2,-10,-0.15,6530,6700,6510,36810,241839740,173420417310,26639081,KSQ
214390,KR7214390007,경보제약,KOSPI,,7250,2,-180,-2.42,7410,7750,7070,428962,3136554215,173324735000,23906860,STK
016450,KR7016450009,한세예스24홀딩스,KOSPI,,4330,1,25,0.58,4300,4390,4275,13391,57969625,173200000000,40000000,STK
037560,KR7037560000,LG헬로비전,KOSPI,,2230,2,-5,-0.22,2225,2260,2225,64321,143527445,172706508950,77446865,STK
009070,KR7009070004,KCTC,KOSPI,,5750,2,-110,-1.88,5880,5880,5700,111704,643564705,172500000000,30000000,STK
267320,KR7267320000,나인테크,KOSDAQ,벤처기업부,3000,2,-10,-0.33,3010,3050,2955,397663,1191820830,172245885000,57415295,KSQ
005860,KR7005860002,한일사료,KOSDAQ,우량기업부,4370,1,265,6.46,4320,4820,4105,19388388,87645738260,172194103450,39403685,KSQ
007330,KR7007330004,푸른저축은행,KOSDAQ,우량기업부,11400,0,0,0.0,0,0,0,0,0,171943920000,15082800,KSQ
023910,KR7023910003,대한약품,KOSDAQ,우량기업부,28600,2,-50,-0.17,28600,28850,28500,7648,219146300,171600000000,6000000,KSQ
005160,KR7005160007,동국산업,KOSDAQ,중견기업부,3160,2,-145,-4.39,3335,3350,3150,203283,654089242,171412563120,54244482,KSQ
011785,KR7011781002,금호석유화학우,KOSPI,,56400,1,400,0.71,56500,57100,55800,1914,108216450,170524610400,3023486,STK
038290,KR7038290003,마크로젠,KOSDAQ,중견기업부,15650,2,-290,-1.82,15940,15990,15610,26070,410464330,169667910000,10841400,KSQ
453450,KR7453450009,그리드위즈,KOSDAQ,벤처기업부,21300,2,-1650,-7.19,22950,22950,21050,192633,4205004725,169180575000,7942750,KSQ
192440,KR7192440006,슈피겐코리아,KOSDAQ,우량기업부,27200,1,500,1.87,26900,27600,26500,25934,702114475,169085073600,6216363,KSQ
129920,KR7129920005,대성하이텍,KOSDAQ,벤처기업부,12290,2,-1930,-13.57,14320,14320,12190,291244,3715428620,168558001370,13715053,KSQ
038390,KR7038390001,레드캡투어,KOSDAQ,우량기업부,10080,2,-50,-0.49,10220,10230,10050,20418,206267300,168545885760,16720822,KSQ
037070,KR7037070000,파세코,KOSDAQ,중견기업부,8420,2,-200,-2.32,8570,8630,8420,57281,489339495,168400000000,20000000,KSQ
009580,KR7009580002,무림P&P,KOSPI,,2700,2,-20,-0.74,2710,2800,2635,441569,1195091183,168394474800,62368324,STK
462520,KR7462520008,조선내화,KOSPI,,14200,1,250,1.79,14070,14290,14030,15873,224783000,168343385600,11855168,STK
264850,KR7264850009,이랜시스,KOSDAQ,중견기업부,5550,2,-110,-1.94,5680,5750,5550,122027,685616455,168135096600,30294612,KSQ
340450,KR7340450006,지씨지놈,KOSDAQ,기술성장기업부,7100,2,-310,-4.18,7410,7490,7080,99727,720020950,167920630300,23650793,KSQ
090350,KR7090350000,노루페인트,KOSPI,,8390,2,-10,-0.12,8430,8480,8340,45387,380149790,167800000000,20000000,STK
290690,KR7290690007,소룩스,KOSDAQ,중견기업부,3440,2,-125,-3.51,3565,3565,3435,403208,1405641494,167714296640,48754156,KSQ
101170,KR7101170009,우림피티에스,KOSDAQ,벤처기업부,12380,2,-210,-1.67,12600,12700,12250,59248,734759590,167130000000,13500000,KSQ
388790,KR7388790008,라이콤,KOSDAQ,벤처기업부,5450,1,110,2.06,5400,6500,5350,4037134,23677789860,166821213650,30609397,KSQ
051980,KR7051980001,중앙첨단소재,KOSDAQ,중견기업부,1498,2,-6,-0.4,1504,1642,1495,5934209,9236101615,166415380082,111091709,KSQ
012610,KR7012610002,경인양행,KOSPI,,3995,2,-5,-0.13,4010,4050,3970,89467,358733071,166257378175,41616365,STK
229500,KR7229500004,노브메타파마,KONEX,일반기업부,12940,4,1680,14.92,12900,12940,12200,11972,154363940,166169708760,12841554,KNX
011040,KR7011040003,경동제약,KOSDAQ,중견기업부,5390,2,-50,-0.92,5460,5460,5360,19335,104262580,165843648740,30768766,KSQ
220260,KR7220260004,켐트로스,KOSDAQ,우량기업부,5170,2,-20,-0.39,5220,5450,5150,165377,871469440,165812524350,32072055,KSQ
066620,KR7066620006,국보디자인,KOSDAQ,우량기업부,22100,1,450,2.08,21700,22400,21700,2920,63989150,165750000000,7500000,KSQ
333430,KR7333430007,일승,KOSDAQ,중견기업부,5390,2,-250,-4.43,5720,5720,5180,154421,841939660,165617166330,30726747,KSQ
418420,KR7418420006,라온텍,KOSDAQ,기술성장기업부,5430,2,-250,-4.4,5680,5740,5410,119403,662134590,165502642440,30479308,KSQ
025820,KR7025820002,이구산업,KOSPI,,4940,1,35,0.71,5020,5100,4890,295910,1470995866,165203480000,33442000,STK
00279K,KR700279K010,아모레퍼시픽홀딩스3우C,KOSPI,,23250,2,-100,-0.43,23500,23700,23100,3752,87862650,164893650000,7092200,STK
293480,KR7293480000,하나제약,KOSPI,,9270,1,10,0.11,9300,9300,9220,10849,100401445,164755209420,17772946,STK
047770,KR7047770003,코데즈컴바인,KOSDAQ,중견기업부,4345,1,40,0.93,4295,4370,4180,371564,1581681930,164426105690,37842602,KSQ
047310,KR7047310008,파워로직스,KOSDAQ,중견기업부,4480,2,-90,-1.97,4565,4610,4470,89406,404840954,164016182400,36610755,KSQ
307180,KR7307180000,아이엘,KOSDAQ,벤처기업부,4720,2,-330,-6.53,4950,5050,4500,1228858,5877524327,163847592560,34713473,KSQ
038110,KR7038110003,에코플라스틱,KOSDAQ,우량기업부,3975,1,100,2.58,3925,4410,3780,27910562,115828852217,163648245750,41169370,KSQ
389030,KR7389030008,지니너스,KOSDAQ,기술성장기업부,4865,2,-265,-5.17,5000,5340,4840,701279,3509840968,162663439925,33435445,KSQ
000020,KR7000020008,동화약품,KOSPI,,5820,2,-40,-0.68,5860,5870,5800,22067,128531370,162561155400,27931470,STK
054800,KR7054800008,아이디스홀딩스,KOSDAQ,중견기업부,15680,2,-300,-1.88,15980,15980,15410,5109,79656530,162252814080,10347756,KSQ
067000,KR7067000000,조이시티,KOSDAQ,중견기업부,2320,1,10,0.43,2310,2360,2260,120091,278539203,162175994720,69903446,KSQ
192410,KR7192410009,오늘이엔엠,KOSDAQ,중견기업부,6950,1,300,4.51,7080,7620,6380,629907,4359773010,162148962700,23330786,KSQ
067280,KR7067280008,멀티캠퍼스,KOSDAQ,우량기업부,27350,2,-100,-0.36,27450,27500,27300,1071,29371350,162097405650,5926779,KSQ
125020,KR7125020008,티씨머티리얼즈,KOSDAQ,중견기업부,4610,2,-60,-1.28,4670,4790,4580,375462,1750498834,161527715500,35038550,KSQ
290740,KR7290740000,액트로,KOSDAQ,벤처기업부,16040,2,-970,-5.7,17120,17280,15700,758151,12212601495,161442776440,10065011,KSQ
108230,KR7108230004,톱텍,KOSDAQ,우량기업부,4230,1,20,0.48,4270,4270,4165,27888,117426600,160838326350,38023245,KSQ
146320,KR7146320007,비씨엔씨,KOSDAQ,벤처기업부,12560,2,-320,-2.48,13240,13240,12540,26468,335145220,160741912880,12797923,KSQ
032940,KR7032940009,원익,KOSDAQ,우량기업부,8830,1,10,0.11,8900,9080,8630,86943,764312020,160646220900,18193230,KSQ
068790,KR7068790005,DMS,KOSDAQ,중견기업부,7110,2,-300,-4.05,7410,7440,7030,139713,997864560,160474292640,22570224,KSQ
086980,KR7086980000,쇼박스,KOSDAQ,중견기업부,2555,1,10,0.39,2525,2570,2510,118192,300009290,160040090000,62638000,KSQ
066410,KR7066410002,버킷스튜디오,KOSDAQ,투자주의환기종목(소속부없음),1153,0,0,0.0,0,0,0,0,0,159637252154,138453818,KSQ
148150,KR7148150006,세경하이테크,KOSDAQ,우량기업부,4480,2,-30,-0.67,4550,4590,4470,89751,406720257,159231824640,35542818,KSQ
317400,KR7317400000,자이에스앤디,KOSPI,,4105,2,-40,-0.97,4125,4155,4050,36465,149379922,159202244600,38782520,STK
046070,KR7046070009,코다코,KOSDAQ,관리종목(소속부없음),10280,0,0,0.0,0,0,0,0,0,159196994920,15486089,KSQ
065450,KR7065450009,빅텍,KOSDAQ,벤처기업부,5530,2,-630,-10.23,6290,6300,5470,4127797,23629469355,159085685150,28767755,KSQ
069510,KR7069510006,에스텍,KOSDAQ,우량기업부,14570,2,-200,-1.35,14770,14770,14560,5260,77107730,158958700000,10910000,KSQ
025620,KR7025620006,차AI헬스케어,KOSPI,,8720,2,-120,-1.36,8840,8920,8600,8592,74737295,158738644560,18203973,STK
469610,KR7469610000,이노테크,KOSDAQ,중견기업부,17880,2,-240,-1.32,18160,18410,17770,16521,296867010,158718972000,8876900,KSQ
003830,KR7003830007,대한화섬,KOSPI,,119100,1,600,0.51,118900,121300,118500,115,13677600,158164800000,1328000,STK
089470,KR7089470009,HDC현대EP,KOSPI,,4950,1,110,2.27,4880,5050,4855,84558,419286677,157905000000,31900000,STK
456070,KR7456070002,이엔셀,KOSDAQ,기술성장기업부,14380,2,-420,-2.84,14750,14840,14050,65623,948380305,157837468400,10976180,KSQ
080420,KR7080420003,모다이노칩,KOSDAQ,중견기업부,1977,2,-1,-0.05,1989,1989,1947,285,557035,157609646694,79721622,KSQ
119830,KR7119830008,아이텍,KOSDAQ,중견기업부,5980,1,80,1.36,5870,5980,5810,106239,625411090,157567157540,26349023,KSQ
282880,KR7282880004,코윈테크,KOSDAQ,우량기업부,13690,2,-210,-1.51,13900,14090,13680,23298,322997900,157015675300,11469370,KSQ
293580,KR7293580007,나우IB,KOSDAQ,벤처기업부,1654,2,-39,-2.3,1690,1707,1645,387844,646578659,157014137300,94929950,KSQ
460850,KR7460850001,동국씨엠,KOSPI,,5250,2,-40,-0.76,5320,5330,5180,26213,138171770,156967944000,29898656,STK
264660,KR7264660002,씨앤지하이테크,KOSDAQ,우량기업부,16070,1,60,0.37,16040,16330,15920,70893,1140363100,156219234040,9721172,KSQ
000970,KR7000970004,한국주철관,KOSPI,,6850,2,-50,-0.72,6900,6910,6820,25274,173426230,156183425000,22800500,STK
027710,KR7027710003,팜스토리,KOSDAQ,중견기업부,1400,1,50,3.7,1359,1427,1340,3049289,4258134096,155983240000,111416600,KSQ
321370,KR7321370009,센서뷰,KOSDAQ,기술성장기업부,3020,2,-210,-6.5,3230,3375,3005,2933893,9184321902,155980873920,51649296,KSQ
182360,KR7182360008,큐브엔터,KOSDAQ,우량기업부,10010,1,40,0.4,9890,10090,9890,8017,79948030,155653988490,15549849,KSQ
023600,KR7023600000,삼보판지,KOSDAQ,우량기업부,9720,1,10,0.1,9800,9800,9610,3259,31589460,155600676000,16008300,KSQ
041440,KR7041440009,현대에버다임,KOSDAQ,우량기업부,8680,1,100,1.17,8620,8700,8540,148738,1283097025,155510393920,17915944,KSQ
187870,KR7187870001,디바이스,KOSDAQ,우량기업부,22050,1,850,4.01,21050,22200,20700,76541,1653544350,155157228450,7036609,KSQ
259630,KR7259630002,엠플러스,KOSDAQ,우량기업부,12850,2,-200,-1.53,13120,13410,12780,110880,1452355845,155148124400,12073784,KSQ
000700,KR7000700005,유수홀딩스,KOSPI,,5950,2,-200,-3.25,6190,6190,5900,62777,373948170,154948781400,26041812,STK
062970,KR7062970009,한국첨단소재,KOSDAQ,중견기업부,4070,1,495,13.85,3780,4595,3430,56624763,233841776902,154900439320,38059076,KSQ
260970,KR7260970009,에스앤디,KOSDAQ,우량기업부,53500,2,-1600,-2.9,55100,55800,53300,9135,494706600,154762339000,2892754,KSQ
095190,KR7095190005,이엠코리아,KOSDAQ,중견기업부,2370,2,-45,-1.86,2485,2485,2345,213605,513486880,154667294940,65260462,KSQ
078000,KR7078000007,텔코웨어,KOSPI,,16730,2,-250,-1.47,17200,17200,16550,5096,85326095,154586488210,9240077,STK
033340,KR7033340001,좋은사람들,KOSDAQ,중견기업부,1590,2,-15,-0.93,1605,1610,1574,325098,516625855,154151387220,96950558,KSQ
013990,KR7013990007,아가방컴퍼니,KOSDAQ,우량기업부,4685,2,-70,-1.47,4750,4780,4655,83704,393841572,154078106160,32887536,KSQ
210540,KR7210540001,디와이파워,KOSPI,,13950,1,50,0.36,13910,14190,13800,45009,628557310,154031826600,11041708,STK
464490,KR7464490002,쿼드메디슨,KOSDAQ,기술성장기업부,13390,1,60,0.45,13530,14040,12920,70311,939356800,153745493070,11482113,KSQ
214420,KR7214420002,토니모리,KOSPI,,6390,2,-120,-1.84,6510,6600,6360,63323,407100590,153710165610,24054799,STK
357880,KR7357880004,SKAI,KOSDAQ,기술성장기업부,3025,2,-80,-2.58,3120,3330,2955,1551266,4793543065,153297032625,50676705,KSQ
027970,KR7027970003,한국제지,KOSPI,,804,2,-1,-0.12,818,818,750,365175,289101429,152903302548,190178237,STK
408920,KR7408920007,메쎄이상,KOSDAQ,벤처기업부,3530,2,-75,-2.08,3650,3650,3505,62939,223742060,152610566150,43232455,KSQ
138360,KR7138360003,앤로보틱스,KOSDAQ,중견기업부,1976,2,-84,-4.08,2020,2060,1971,910107,1817504640,152135642672,76991722,KSQ
044820,KR7044820009,코스맥스비티아이,KOSPI,,15800,2,-320,-1.99,16120,16460,15750,15185,244854930,151741951800,9603921,STK
011280,KR7011280005,태림포장,KOSPI,,2135,1,50,2.4,2110,2350,2050,4776456,10631524634,151170681900,70805940,STK
007540,KR7007540008,샘표,KOSPI,,52500,3,0,0.0,53100,53100,51800,3832,200344000,150979500000,2875800,STK
203650,KR7203650007,드림시큐리티,KOSDAQ,중견기업부,1578,2,-15,-0.94,1615,1632,1566,355743,565007758,150908627832,95632844,KSQ
488280,KR7488280009,에스투더블유,KOSDAQ,기술성장기업부,13990,1,100,0.72,13940,14200,13840,29205,407922845,150663710140,10769386,KSQ
234030,KR7234030005,싸이닉솔루션,KOSDAQ,중견기업부,6380,1,10,0.16,6370,6600,6330,67125,430037675,150599900000,23605000,KSQ
256940,KR7256940008,킵스파마,KOSDAQ,벤처기업부,7500,2,-60,-0.79,7570,7750,7450,27827,209807600,150586102500,20078147,KSQ
004970,KR7004970000,신라교역,KOSPI,,9390,2,-110,-1.16,9510,9510,9350,4831,45320470,150240000000,16000000,STK
107590,KR7107590002,미원홀딩스,KOSPI,,64600,3,0,0.0,64600,64600,64600,23,1485800,149872000000,2320000,STK
009270,KR7009270000,신원,KOSPI,,1305,1,3,0.23,1302,1312,1293,173471,225260012,149775362865,114770393,STK
092190,KR7092190008,서울바이오시스,KOSDAQ,투자주의환기종목(소속부없음),3265,2,-60,-1.8,3325,3340,3240,16617,54395435,149760270495,45868383,KSQ
100700,KR7100700004,세운메디칼,KOSDAQ,우량기업부,3415,1,665,24.18,2870,3430,2750,16142930,50705651538,149577000000,43800000,KSQ
005990,KR7005990007,매일홀딩스,KOSDAQ,우량기업부,11180,1,60,0.54,11220,11220,11090,299,3331770,148675038720,13298304,KSQ
071200,KR7071200000,인피니트헬스케어,KOSDAQ,중견기업부,6080,2,-150,-2.41,6400,6400,6080,8602,53219830,148330464640,24396458,KSQ
040300,KR7040300006,YTN,KOSDAQ,중견기업부,3110,2,-20,-0.64,3130,3180,3085,77332,241705395,148275407800,47676980,KSQ
298000,KR7298000001,효성화학,KOSPI,,38900,0,0,0.0,0,0,0,0,0,147501447900,3791811,STK
360070,KR7360070007,탑머티리얼,KOSDAQ,우량기업부,17950,1,350,1.99,17600,18590,17600,16156,293550770,146849721850,8181043,KSQ
131370,KR7131370009,알서포트,KOSDAQ,벤처기업부,2755,1,100,3.77,2655,2920,2560,5946127,16563891404,146750813665,53267083,KSQ
004710,KR7004710000,한솔테크닉스,KOSPI,,4615,2,-20,-0.43,4650,4715,4590,85161,395486290,146710286970,31789878,STK
147830,KR7147830004,제룡산업,KOSDAQ,벤처기업부,7330,2,-70,-0.95,7410,7530,7250,114419,842826030,146600000000,20000000,KSQ
086670,KR7086670007,비엠티,KOSDAQ,우량기업부,14760,2,-250,-1.67,15030,15400,14730,32793,487949455,146506062600,9925885,KSQ
104460,KR7104460001,디와이피엔에프,KOSDAQ,우량기업부,13890,2,-300,-2.11,14190,14190,13830,17350,241463410,146096422890,10518101,KSQ
072870,KR7072870009,메가스터디,KOSDAQ,우량기업부,12220,3,0,0.0,12220,12480,12130,76341,936812815,145674118980,11920959,KSQ
004250,KR7004250007,NPC,KOSPI,,3965,1,5,0.13,3930,3985,3905,39505,155709699,145594800000,36720000,STK
049720,KR7049720006,고려신용정보,KOSDAQ,우량기업부,10180,2,-80,-0.78,10270,10270,10170,19800,202075035,145574000000,14300000,KSQ
126730,KR7126730001,코칩,KOSDAQ,벤처기업부,16590,2,-480,-2.81,17070,17380,16490,25157,425169775,145496390340,8770126,KSQ
158430,KR7158430009,아톤,KOSDAQ,벤처기업부,5930,1,130,2.24,5870,6280,5810,289683,1748193115,145178805560,24482092,KSQ
225530,KR7225530005,HC보광산업,KOSDAQ,우량기업부,3980,1,145,3.78,3950,4150,3865,210468,845031487,144628133460,36338727,KSQ
417500,KR7417500006,제이아이테크,KOSDAQ,우량기업부,4405,2,-40,-0.9,4460,4550,4200,412548,1812189904,144416797320,32784744,KSQ
006620,KR7006620009,동구바이오제약,KOSDAQ,우량기업부,5070,2,-50,-0.98,5130,5160,5010,58657,296582815,144317509440,28464992,KSQ
047560,KR7047560008,이스트소프트,KOSDAQ,중견기업부,12260,2,-390,-3.08,12650,12960,12000,31431,389197525,143897851320,11737182,KSQ
093190,KR7093190007,빅솔론,KOSDAQ,우량기업부,7470,2,-230,-2.99,7500,7680,7220,37366,273949440,143714620350,19238905,KSQ
073010,KR7073010001,케이에스피,KOSDAQ,우량기업부,3575,1,55,1.56,3595,3595,3480,203180,719092105,143683718750,40191250,KSQ
000440,KR7000440008,중앙에너비스,KOSDAQ,중견기업부,23050,2,-600,-2.54,23850,24000,23000,121085,2838486050,143535346500,6227130,KSQ
053700,KR7053700001,삼보모터스,KOSDAQ,우량기업부,5660,3,0,0.0,5660,5740,5600,146701,832291030,143209042660,25301951,KSQ
322180,KR7322180001,LS티라유텍,KOSDAQ,벤처기업부,6840,1,100,1.48,6780,7050,6740,72180,494620870,143106370560,20921984,KSQ
336680,KR7336680004,탑런토탈솔루션,KOSDAQ,중견기업부,3655,2,-30,-0.81,3620,3680,3620,19597,71414964,143077014490,39145558,KSQ
136150,KR7136150000,원일티엔아이,KOSDAQ,벤처기업부,17070,2,-340,-1.95,17410,17620,16850,36849,631817850,143064182100,8381030,KSQ
014280,KR7014280002,금강공업,KOSPI,,4875,1,10,0.21,4865,4920,4820,70919,345591050,142980615375,29329357,STK
109740,KR7109740001,디에스케이,KOSDAQ,벤처기업부,5560,2,-390,-6.55,5940,5950,5540,34970,198077180,142949768400,25710390,KSQ
002390,KR7002390003,한독,KOSPI,,10370,2,-180,-1.71,10470,10520,10350,5661,58924180,142727837210,13763533,STK
263720,KR7263720005,디앤씨미디어,KOSDAQ,벤처기업부,11480,1,70,0.61,11410,11490,11360,10066,114841680,142496544680,12412591,KSQ
008040,KR7008040008,사조동아원,KOSPI,,1008,1,30,3.07,988,1025,980,516754,521242361,142273756800,141144600,STK
476040,KR7476040001,오가노이드사이언스,KOSDAQ,기술성장기업부,21550,2,-1000,-4.43,22450,22800,21450,42713,932554550,141923128000,6585760,KSQ
021820,KR7021820006,세원정공,KOSPI,,14190,3,0,0.0,14090,14380,14030,12931,182846865,141900000000,10000000,STK
015890,KR7015890007,태경산업,KOSPI,,4845,2,-50,-1.02,4895,4900,4830,36798,178890825,141613293750,29228750,STK
350520,KR7350520003,이지스레지던스리츠,KOSPI,,3840,1,20,0.52,3820,3860,3780,62172,238425345,141566215680,36866202,STK
094280,KR7094280005,효성ITX,KOSPI,,12240,2,-20,-0.16,12260,12450,12230,4407,54132535,141472368000,11558200,STK
204610,KR7204610000,티쓰리,KOSDAQ,벤처기업부,2570,1,25,0.98,2520,2575,2410,190773,483347375,141354420400,55001720,KSQ
107600,KR7107600009,새빗켐,KOSDAQ,벤처기업부,25050,2,-150,-0.6,25600,26200,25000,13918,355998250,141032852700,5630054,KSQ
024800,KR7024800005,유성티엔에스,KOSDAQ,우량기업부,3805,2,-40,-1.04,3845,3895,3775,50729,193546170,140982144660,37051812,KSQ
445180,KR7445180003,퓨릿,KOSDAQ,중견기업부,8200,1,90,1.11,8140,8370,8140,39247,324667715,140951341600,17189188,KSQ
014530,KR7014530000,극동유화,KOSPI,,4040,1,75,1.89,3985,4185,3915,1185140,4829028262,140872456800,34869420,STK
014160,KR7014160006,대영포장,KOSPI,,1299,1,120,10.18,1206,1440,1189,54543177,72748519567,140804519151,108394549,STK
003480,KR7003480001,한진중공업홀딩스,KOSPI,,4765,1,45,0.95,4800,4900,4750,54240,260481570,140709554180,29529812,STK
125210,KR7125210005,아모그린텍,KOSDAQ,우량기업부,8520,1,290,3.52,8300,9120,8230,511548,4472419380,140552650800,16496790,KSQ
070960,KR7070960000,모나용평,KOSPI,,2920,2,-10,-0.34,2930,2975,2895,46818,136448236,140549332360,48133333,STK
255440,KR7255440000,야스,KOSDAQ,벤처기업부,10760,1,70,0.65,10600,10980,10500,12125,130143180,140504080000,13058000,KSQ
037350,KR7037350006,성도이엔지,KOSDAQ,우량기업부,9230,2,-110,-1.18,9380,9500,9130,89156,829633625,140388300000,15210000,KSQ
024090,KR7024090003,디씨엠,KOSPI,,12310,2,-100,-0.81,12470,12470,12300,1541,19015490,140334000000,11400000,STK
054540,KR7054540000,삼영엠텍,KOSDAQ,중견기업부,10790,2,-300,-2.71,10990,11120,10610,56962,615127155,140270000000,13000000,KSQ
0015S0,KR70015S0005,페스카로,KOSDAQ,기술성장기업부,14500,2,-30,-0.21,14450,14800,14250,27487,398332730,140109585000,9662730,KSQ
090850,KR7090850009,현대이지웰,KOSDAQ,우량기업부,5900,2,-20,-0.34,5940,5940,5780,32137,187529275,140103529900,23746361,KSQ
083420,KR7083420000,그린케미칼,KOSPI,,5810,2,-90,-1.53,5900,5900,5760,61560,357679020,139440000000,24000000,STK
021080,KR7021080007,에이티넘인베스트,KOSDAQ,우량기업부,2900,2,-35,-1.19,2950,2950,2880,143685,418136935,139200000000,48000000,KSQ
054620,KR7054620000,APS,KOSDAQ,중견기업부,7560,2,-440,-5.5,7800,8100,7300,463604,3556964000,139060310760,18394221,KSQ
297890,KR7297890006,HB솔루션,KOSDAQ,우량기업부,1901,2,-15,-0.78,1898,1940,1895,141984,270347810,139040877514,73140914,KSQ
250060,KR7250060001,모비스,KOSDAQ,기술성장기업부,4315,2,-60,-1.37,4400,4615,4275,344472,1510046101,138819219910,32171314,KSQ
136540,KR7136540002,윈스테크넷,KOSDAQ,우량기업부,11300,2,-30,-0.26,11370,11370,11250,16479,186191080,138761129800,12279746,KSQ
021320,KR7021320007,KCC건설,KOSDAQ,우량기업부,6480,2,-20,-0.31,6500,6630,6360,41994,272926485,138672000000,21400000,KSQ
100130,KR7100130004,동국S&C,KOSDAQ,중견기업부,2425,2,-105,-4.15,2530,2580,2395,425456,1044197165,138571775000,57143000,KSQ
123040,KR7123040008,엠에스오토텍,KOSDAQ,우량기업부,2200,2,-50,-2.22,2250,2250,2175,101759,223037320,137782257800,62628299,KSQ
013520,KR7013520002,화승코퍼레이션,KOSPI,,2745,1,10,0.37,2710,2810,2710,37281,103079025,137390686740,50051252,STK
017510,KR7017510009,세명전기,KOSDAQ,중견기업부,9010,1,10,0.11,9090,9190,8910,81760,737627675,137366460000,15246000,KSQ
079430,KR7079430005,현대리바트,KOSPI,,6680,2,-20,-0.3,6700,6760,6670,13302,89039685,137175683760,20535282,STK
217820,KR7217820000,원익피앤이,KOSDAQ,중견기업부,2890,2,-80,-2.69,2970,3050,2885,135525,396969814,137143675510,47454559,KSQ
331740,KR7331740001,아우토크립트,KOSDAQ,기술성장기업부,14090,2,-140,-0.98,14240,14670,14050,36009,515090770,136933538190,9718491,KSQ
122450,KR7122450000,KX,KOSDAQ,중견기업부,3050,2,-40,-1.29,3050,3145,3040,27031,82766685,136700493700,44819834,KSQ
011700,KR7011700002,한신기계,KOSPI,,4210,2,-150,-3.44,4415,4430,4180,315936,1345059412,136598295710,32446151,STK
016710,KR7016710006,대성홀딩스,KOSPI,,8480,1,10,0.12,8490,8530,8450,3388,28720720,136438612320,16089459,STK
093640,KR7093640001,케이알엠,KOSDAQ,중견기업부,4170,2,-60,-1.42,4300,4340,4090,65072,272471895,136112886600,32640980,KSQ
240550,KR7240550004,동방메디컬,KOSDAQ,벤처기업부,6490,2,-70,-1.07,6580,6660,6420,40719,265945740,135861270600,20933940,KSQ
417840,KR7417840006,저스템,KOSDAQ,벤처기업부,5990,2,-140,-2.28,6130,6180,5930,309219,1864385555,135756946690,22663931,KSQ
002780,KR7002780005,진흥기업,KOSPI,,932,2,-10,-1.06,955,955,919,1056467,981356069,135579666340,145471745,STK
109610,KR7109610006,에스와이,KOSDAQ,중견기업부,2770,1,10,0.36,2745,2830,2725,107716,296618300,135473498000,48907400,KSQ
002620,KR7002620003,제일파마홀딩스,KOSPI,,8450,2,-210,-2.42,8660,9000,8450,11057,94685630,134974849750,15973355,STK
090470,KR7090470006,제이스텍,KOSDAQ,우량기업부,7720,2,-590,-7.1,8150,8150,7500,287254,2253978135,134919305680,17476594,KSQ
310200,KR7310200001,애니플러스,KOSDAQ,중견기업부,2585,2,-50,-1.9,2630,2635,2575,98957,257130010,134840931060,52162836,KSQ
03473K,KR703473K016,SK우,KOSPI,,238000,2,-2500,-1.04,240500,245000,238000,504,120766500,134740130000,566135,STK
214680,KR7214680001,디알텍,KOSDAQ,벤처기업부,1614,2,-6,-0.37,1635,1636,1588,267900,429843622,134731968384,83477056,KSQ
003100,KR7003100005,선광,KOSDAQ,우량기업부,20400,2,-250,-1.21,20700,20700,20050,12951,262708300,134640000000,6600000,KSQ
246710,KR7246710008,티앤알바이오팹,KOSDAQ,기술성장기업부,2825,2,-70,-2.42,2920,3000,2790,171526,486576304,134382560600,47569048,KSQ
063570,KR7063570006,NICE인프라,KOSDAQ,우량기업부,3930,2,-50,-1.26,3960,3980,3915,40925,161322937,134200571040,34147728,KSQ
226400,KR7226400000,오스테오닉,KOSDAQ,기술성장기업부,6480,2,-140,-2.11,6650,6670,6450,66070,431800845,133887174480,20661601,KSQ
053080,KR7053080008,케이엔솔,KOSDAQ,우량기업부,10290,2,-120,-1.15,10570,10640,10250,60991,634232445,133768014030,12999807,KSQ
037030,KR7037030004,파워넷,KOSDAQ,우량기업부,5240,2,-120,-2.24,5410,5750,5170,2847989,15504560830,133688078080,25512992,KSQ
005800,KR7005800008,신영와코루,KOSPI,,14850,2,-150,-1.0,15000,15030,14750,3860,57536710,133650000000,9000000,STK
035000,KR7035000009,HS애드,KOSPI,,8240,2,-20,-0.24,8350,8350,8180,6567,54143130,133550986560,16207644,STK
149950,KR7149950008,아바텍,KOSDAQ,우량기업부,9770,2,-190,-1.91,10000,10000,9600,24094,234970900,133533458310,13667703,KSQ
049960,KR7049960008,쎌바이오텍,KOSDAQ,벤처기업부,14200,2,-30,-0.21,14210,14420,14070,7740,109915990,133480000000,9400000,KSQ
023900,KR7023900004,풍국주정,KOSDAQ,우량기업부,10580,1,220,2.12,10500,11350,10350,941610,10272966200,133308000000,12600000,KSQ
306620,KR7306620006,지아이에스,KOSDAQ,벤처기업부,2905,2,-90,-3.01,3030,3035,2890,461140,1361564158,132947354050,45765010,KSQ
363280,KR7363280009,티와이홀딩스,KOSPI,,2635,2,-45,-1.68,2680,2690,2610,44540,117744700,132881121180,50429268,STK
083500,KR7083500009,에프엔에스테크,KOSDAQ,우량기업부,15450,1,150,0.98,16000,16700,15320,166102,2615709915,132494904900,8575722,KSQ
215100,KR7215100009,로보로보,KOSDAQ,벤처기업부,6510,2,-80,-1.21,6590,6670,6470,100300,658611215,132468435540,20348454,KSQ
054920,KR7054920004,한컴위드,KOSDAQ,중견기업부,4685,2,-105,-2.19,4740,4945,4680,567643,2723204428,132197024485,28217081,KSQ
035080,KR7035080001,그래디언트,KOSDAQ,중견기업부,11560,2,-260,-2.2,11820,11900,11500,20471,239872230,132145643040,11431284,KSQ
269620,KR7269620001,시스웍,KOSDAQ,관리종목(소속부없음),889,0,0,0.0,0,0,0,0,0,132090012299,148582691,KSQ
017550,KR7017550005,수산세보틱스,KOSPI,,2115,1,115,5.75,2050,2135,1990,747589,1532379339,131974159950,62399130,STK
004080,KR7004080008,신흥,KOSPI,,14010,1,10,0.07,14000,14050,13870,3743,52346200,131694000000,9400000,STK
012320,KR7012320008,경동인베스트,KOSPI,,55600,2,-400,-0.71,56000,57100,55200,8173,459750750,131495278800,2365023,STK
004150,KR7004150009,한솔홀딩스,KOSPI,,3205,2,-15,-0.47,3245,3245,3180,50031,160228225,131490317100,41026620,STK
019180,KR7019180009,티에이치엔,KOSPI,,7300,2,-160,-2.14,7460,7650,7150,212028,1546140855,131400000000,18000000,STK
0010F0,KR70010F0005,보원케미칼,KOSDAQ,벤처기업부,11790,4,2720,29.99,8900,11790,8080,24563308,250037996785,131383055790,11143601,KSQ
217950,KR7217950005,파마리서치바이오,KONEX,일반기업부,31400,1,500,1.62,31000,31400,30800,7422,230965200,131353736000,4183240,KNX
004140,KR7004140000,동방,KOSPI,,2737,2,-33,-1.19,2800,2815,2700,1011880,2777359884,131298723542,47971766,STK
089600,KR7089600001,KT나스미디어,KOSDAQ,우량기업부,11340,2,-20,-0.18,11360,11400,11340,4134,46949305,131182968420,11568163,KSQ
267290,KR7267290005,경동도시가스,KOSPI,,22200,1,500,2.3,21800,22250,21700,19606,430862050,130878013200,5895406,STK
067990,KR7067990002,도이치모터스,KOSDAQ,우량기업부,4475,1,95,2.17,4380,4495,4360,102172,452901065,130587436250,29181550,KSQ
010100,KR7010100006,한국무브넥스,KOSPI,,4280,2,-90,-2.06,4370,4380,4235,109379,471608325,130327797600,30450420,STK
036710,KR7036710002,심텍홀딩스,KOSDAQ,중견기업부,2465,1,100,4.23,2390,2645,2390,409501,1042579170,130220413610,52827754,KSQ
019680,KR7019680008,대교,KOSPI,,1533,2,-23,-1.48,1555,1555,1527,11814,18154101,129849469050,84702850,STK
096250,KR7096250006,와이즈넛,KOSDAQ,기술성장기업부,9870,2,-30,-0.3,9900,10090,9750,17507,172804410,129262810320,13096536,KSQ
014970,KR7014970008,삼륭물산,KOSDAQ,중견기업부,8530,1,230,2.77,8300,9430,8290,1701369,15242752705,129016250000,15125000,KSQ
016740,KR7016740003,두올,KOSPI,,4490,2,-35,-0.77,4525,4535,4420,55819,249328625,128746367760,28674024,STK
382840,KR7382840007,원준,KOSDAQ,우량기업부,8430,1,30,0.36,8400,8630,8260,54330,460809165,128739427830,15271581,KSQ
225190,KR7225190008,LK삼양,KOSDAQ,중견기업부,1826,2,-40,-2.14,1870,1912,1800,537476,986719041,128675371440,70468440,KSQ
412350,KR7412350001,레이저쎌,KOSDAQ,기술성장기업부,9610,1,590,6.54,9320,9980,8830,2363256,22402089255,128195679810,13339821,KSQ
413630,KR7413630005,씨피시스템,KOSDAQ,벤처기업부,3505,2,-60,-1.68,3570,3630,3465,93270,329142510,127710374130,36436626,KSQ
085670,KR7085670008,뉴프렉스,KOSDAQ,우량기업부,5200,2,-160,-2.99,5360,5450,5150,79480,418622640,127143957200,24450761,KSQ
052420,KR7052420007,오성첨단소재,KOSDAQ,우량기업부,1305,2,-21,-1.58,1325,1340,1305,277982,365580584,127133225280,97420096,KSQ
265740,KR7265740001,엔에프씨,KOSDAQ,중견기업부,7100,2,-210,-2.87,7300,7300,6990,98268,697027160,126831560000,17863600,KSQ
054050,KR7054050000,농우바이오,KOSDAQ,우량기업부,7910,2,-40,-0.5,8000,8080,7900,32668,260509620,126801737510,16030561,KSQ
049520,KR7049520000,유아이엘,KOSDAQ,우량기업부,3925,2,-15,-0.38,3960,3970,3890,48603,190811155,126571060700,32247404,KSQ
003310,KR7003310000,대주산업,KOSDAQ,우량기업부,3575,1,100,2.88,3475,3750,3475,1059987,3855791241,126527651250,35392350,KSQ
137950,KR7137950002,제이씨케미칼,KOSDAQ,우량기업부,5650,1,50,0.89,5700,5990,5330,4572353,25967230490,125813149100,22267814,KSQ
036690,KR7036690006,코맥스,KOSDAQ,관리종목(소속부없음),2885,0,0,0.0,0,0,0,0,0,125692107675,43567455,KSQ
205100,KR7205100001,엑셈,KOSDAQ,벤처기업부,1750,2,-12,-0.68,1743,1771,1743,107028,187970844,125059039000,71462308,KSQ
077500,KR7077500007,유니퀘스트,KOSPI,,5780,2,-90,-1.53,5880,5930,5780,88858,517527225,124848589560,21600102,STK
123690,KR7123690000,한국화장품,KOSPI,,7760,2,-70,-0.89,7850,7930,7730,28199,220151580,124687680000,16068000,STK
040160,KR7040160004,누리플렉스,KOSDAQ,중견기업부,10340,2,-90,-0.86,10430,10700,10100,63081,653000540,124654231900,12055535,KSQ
088130,KR7088130000,동아엘텍,KOSDAQ,중견기업부,7110,1,90,1.28,7460,7690,7090,224803,1646494825,124320582540,17485314,KSQ
074430,KR7074430000,아미노로직스,KOSDAQ,중견기업부,1412,2,-17,-1.19,1456,1456,1388,161025,226904432,124011503728,87826844,KSQ
025950,KR7025950007,동신건설,KOSDAQ,우량기업부,14760,2,-40,-0.27,15000,15100,14600,12416,183913215,123984000000,8400000,KSQ
067900,KR7067900001,와이엔텍,KOSDAQ,우량기업부,6810,2,-40,-0.58,6850,6910,6710,22647,154070530,123939677790,18199659,KSQ
036010,KR7036010007,아비코전자,KOSDAQ,중견기업부,9310,1,610,7.01,8710,9690,8650,341235,3199401540,123757215540,13292934,KSQ
120030,KR7120030002,조선선재,KOSPI,,98400,2,-100,-0.1,96900,98500,96800,186,18237400,123752858400,1257651,STK
014580,KR7014580005,태경비케이,KOSPI,,4480,1,10,0.22,4475,4510,4425,57676,258719965,123572288000,27583100,STK
013570,KR7013570007,디와이,KOSPI,,4695,2,-65,-1.37,4840,4840,4660,41551,195585575,123570676935,26319633,STK
095720,KR7095720009,웅진씽크빅,KOSPI,,1069,2,-14,-1.29,1080,1080,1051,60280,64116989,123475897965,115505985,STK
014790,KR7014790000,HL D&I,KOSPI,,3260,3,0,0.0,3310,3315,3210,93248,302479967,123419039260,37858601,STK
059120,KR7059120006,아진엑스텍,KOSDAQ,벤처기업부,6740,1,60,0.9,6680,6890,6650,136504,923480945,123409844840,18310066,KSQ
005870,KR7005870001,휴니드,KOSPI,,8740,2,-540,-5.82,9330,9330,8680,488961,4341238520,123373971100,14116015,STK
105330,KR7105330005,케이엔더블유,KOSDAQ,중견기업부,7680,2,-180,-2.29,7880,8000,7560,128294,987916215,123341015040,16060028,KSQ
052260,KR7052260007,현대바이오랜드,KOSDAQ,우량기업부,4105,1,5,0.12,4125,4125,4040,49445,201315385,123150000000,30000000,KSQ
166480,KR7166480004,코아스템켐온,KOSDAQ,벤처기업부,2325,2,-90,-3.73,2415,2460,2280,263541,615599151,122923624200,52870376,KSQ
248170,KR7248170003,샘표식품,KOSPI,,26900,2,-250,-0.92,27150,27350,26700,10340,278455100,122886893400,4568286,STK
015590,KR7015590003,DKME,KOSPI,,515,0,0,0.0,0,0,0,0,0,122045495160,236981544,STK
012800,KR7012800009,대창,KOSPI,,1338,2,-1,-0.07,1345,1380,1318,410905,547485545,121945987662,91140499,STK
045970,KR7045970001,코아시아,KOSDAQ,중견기업부,4630,2,-130,-2.73,4760,4850,4615,87276,410025234,121837875880,26314876,KSQ
337930,KR7337930002,젝시믹스,KOSDAQ,우량기업부,4105,2,-40,-0.97,4105,4165,4095,70610,290361590,121821929875,29676475,KSQ
014710,KR7014710008,사조씨푸드,KOSPI,,7030,2,-100,-1.4,6920,7220,6920,5753,40460110,121046357290,17218543,STK
309960,KR7309960003,LB인베스트먼트,KOSDAQ,벤처기업부,5210,2,-50,-0.95,5210,5300,5100,41639,215166840,120961815190,23217239,KSQ
101670,KR7101670008,하이드로리튬,KOSDAQ,중견기업부,2130,1,60,2.9,2115,2395,2085,6292110,14204039445,120935408310,56777187,KSQ
079980,KR7079980009,휴비스,KOSPI,,3505,2,-135,-3.71,3635,3640,3360,1468028,5079725690,120922500000,34500000,STK
051160,KR7051160000,지어소프트,KOSDAQ,중견기업부,7800,2,-200,-2.5,8000,8040,7680,29809,231902350,120700554000,15474430,KSQ
063170,KR7063170005,서울옥션,KOSDAQ,중견기업부,6780,2,-170,-2.45,6960,7050,6750,100304,686880590,120509530260,17774267,KSQ
032300,KR7032300006,한국파마,KOSDAQ,중견기업부,11030,2,-20,-0.18,11050,11240,11000,8396,92959350,120300912030,10906701,KSQ
009780,KR7009780008,엠에스씨,KOSDAQ,우량기업부,6820,2,-10,-0.15,6800,6860,6760,5602,38062660,120032000000,17600000,KSQ
020120,KR7020120002,키다리스튜디오,KOSPI,,3235,2,-20,-0.61,3255,3300,3225,39540,128512085,119901283010,37063766,STK
067830,KR7067830000,세이브존I&C,KOSPI,,2920,2,-80,-2.67,3000,3005,2900,113710,333881155,119839413400,41040895,STK
099750,KR7099750002,이지케어텍,KOSDAQ,벤처기업부,8750,2,-180,-2.02,8830,8920,8750,15325,134414275,119517763750,13659173,KSQ
008700,KR7008700007,아남전자,KOSPI,,1544,2,-2,-0.13,1547,1555,1532,1020115,1572251857,119080722080,77124820,STK
029480,KR7029480001,광무,KOSDAQ,중견기업부,1992,2,-23,-1.14,2015,2040,1981,129672,258390757,118960510944,59719132,KSQ
002460,KR7002460004,HS화성,KOSPI,,11720,1,70,0.6,11650,11750,11570,3018,35102360,118958000000,10150000,STK
141000,KR7141000000,비아트론,KOSDAQ,벤처기업부,9790,2,-330,-3.26,10140,10140,9770,28246,279288040,118603010900,12114710,KSQ
036220,KR7036220002,오상헬스케어,KOSDAQ,중견기업부,8150,2,-290,-3.44,8440,8580,8130,18031,149957635,118251740400,14509416,KSQ
115440,KR7115440000,우리넷,KOSDAQ,우량기업부,10940,2,-310,-2.76,11650,12230,10710,988878,11321238255,118089554480,10794292,KSQ
489460,KR7489460006,바이오비쥬,KOSDAQ,벤처기업부,7840,2,-190,-2.37,8030,8030,7750,30274,238281190,117948331200,15044430,KSQ
263860,KR7263860009,지니언스,KOSDAQ,벤처기업부,12990,2,-30,-0.23,12950,13150,12880,7773,101235610,117944004000,9079600,KSQ
007210,KR7007210008,벽산,KOSPI,,1764,2,-18,-1.01,1792,1806,1752,175512,310739743,117941040000,66860000,STK
049950,KR7049950009,미래컴퍼니,KOSDAQ,우량기업부,13360,2,-40,-0.3,13470,13730,13270,27731,373424280,117806930240,8817884,KSQ
366030,KR7366030005,공구우먼,KOSDAQ,우량기업부,5200,3,0,0.0,5260,5260,5090,23688,122728970,117800020000,22653850,KSQ
396270,KR7396270001,넥스트칩,KOSDAQ,벤처기업부,3580,2,-120,-3.24,3765,3860,3540,408097,1494840224,117737002980,32887431,KSQ
038540,KR7038540001,상상인,KOSDAQ,중견기업부,2125,2,-5,-0.23,2120,2190,2110,45425,97548339,117572665125,55328313,KSQ
084670,KR7084670009,동양고속,KOSPI,,40500,1,650,1.63,40450,41000,39900,6937,279794300,117270544500,2895569,STK
013310,KR7013310008,아진산업,KOSDAQ,우량기업부,3020,2,-30,-0.98,3050,3065,3010,101111,306236400,117195877640,38806582,KSQ
139990,KR7139990006,아주스틸,KOSPI,,3020,2,-60,-1.95,3050,3055,3015,14843,44928248,117041350280,38755414,STK
034590,KR7034590000,인천도시가스,KOSPI,,26700,2,-150,-0.56,26900,26950,26700,2285,61147675,116805931800,4374754,STK
209640,KR7209640002,와이제이링크,KOSDAQ,중견기업부,4100,2,-230,-5.31,4330,4330,4000,409380,1700890788,116616898600,28443146,KSQ
417970,KR7417970001,모델솔루션,KOSDAQ,중견기업부,18220,1,200,1.11,18020,18690,17980,22970,421904960,116547874000,6396700,KSQ
018120,KR7018120006,진로발효,KOSDAQ,우량기업부,17600,2,-20,-0.11,17620,17740,17590,3242,57234650,116531712000,6621120,KSQ
389140,KR7389140005,포바이포,KOSDAQ,벤처기업부,8140,2,-150,-1.81,8420,8420,8090,88738,729229230,116155642900,14269735,KSQ
041590,KR7041590001,플래스크,KOSDAQ,관리종목(소속부없음),2370,0,0,0.0,0,0,0,0,0,116064014460,48972158,KSQ
036580,KR7036580009,팜스코,KOSPI,,3155,2,-10,-0.32,3215,3250,3135,84245,268273770,115876660165,36727943,STK
048530,KR7048530000,인트론바이오,KOSDAQ,기술성장기업부,3665,2,-60,-1.61,3720,3730,3595,248650,906050790,115865244030,31613982,KSQ
086710,KR7086710001,선진뷰티사이언스,KOSDAQ,우량기업부,9490,2,-260,-2.67,9750,9770,9490,20155,192567780,115809127200,12203280,KSQ
0015N0,KR70015N0000,아로마티카,KOSDAQ,벤처기업부,9070,2,-240,-2.58,9320,9510,9070,106136,984406210,115325503500,12715050,KSQ
298540,KR7298540006,더네이쳐홀딩스,KOSDAQ,우량기업부,7940,1,200,2.58,7680,7980,7680,23843,187692190,115021904840,14486386,KSQ
267850,KR7267850006,아시아나IDT,KOSPI,,10350,1,20,0.19,10410,10440,10280,4502,46532070,114885000000,11100000,STK
010660,KR7010660009,화천기계,KOSPI,,5220,2,-960,-15.53,6180,6180,5080,1509402,8173810740,114840000000,22000000,STK
053580,KR7053580007,웹케시,KOSDAQ,우량기업부,8390,1,60,0.72,8310,8650,8310,19031,160788150,114408120720,13636248,KSQ
007110,KR7007110000,일신석재,KOSPI,,1474,2,-6,-0.41,1477,1481,1461,139175,204431423,114171043140,77456610,STK
063080,KR7063080006,컴투스홀딩스,KOSDAQ,중견기업부,17310,2,-710,-3.94,17870,18020,17260,31150,545480945,114162773520,6595192,KSQ
000230,KR7000230003,일동홀딩스,KOSPI,,9880,2,-180,-1.79,10050,10050,9800,6956,68664835,114019152000,11540400,STK
251120,KR7251120002,바이오에프디엔씨,KOSDAQ,기술성장기업부,13100,2,-150,-1.13,13220,13460,13080,8806,115982360,113913670000,8695700,KSQ
001290,KR7001290006,상상인증권,KOSPI,,1050,2,-33,-3.05,1086,1140,1045,430857,457917689,113753976000,108337120,STK
002200,KR7002200004,한국수출포장,KOSPI,,2840,2,-25,-0.87,2835,2895,2800,1384987,3902391235,113600000000,40000000,STK
059210,KR7059210005,메타바이오메드,KOSDAQ,우량기업부,4180,2,-45,-1.07,4230,4310,4130,111941,466809592,113576640100,27171445,KSQ
026150,KR7026150003,특수건설,KOSDAQ,중견기업부,6470,2,-80,-1.22,6550,6550,6300,44267,285387745,113524761570,17546331,KSQ
044990,KR7044990000,에이치엔에스하이텍,KOSDAQ,기술성장기업부,14770,2,-250,-1.66,15400,15400,14700,13876,205760640,113513727250,7685425,KSQ
071280,KR7071280002,로체시스템즈,KOSDAQ,우량기업부,7410,2,-90,-1.2,7510,7670,7380,65553,489000790,113347828230,15296603,KSQ
307930,KR7307930008,컴퍼니케이,KOSDAQ,중견기업부,7230,2,-140,-1.9,7300,7490,7180,168242,1228955385,112860300000,15610000,KSQ
092040,KR7092040005,아미코젠,KOSDAQ,기술성장기업부,1593,1,22,1.4,1576,1616,1550,541762,858803874,112554031491,70655387,KSQ
096240,KR7096240007,크레버스,KOSDAQ,우량기업부,10480,2,-80,-0.76,10660,10660,10370,18645,194341705,112536126400,10738180,KSQ
388870,KR7388870008,파로스아이바이오,KOSDAQ,기술성장기업부,8680,2,-510,-5.55,9380,9380,8600,144049,1268575380,112370689760,12945932,KSQ
073560,KR7073560005,우리손에프앤지,KOSDAQ,우량기업부,1620,2,-16,-0.98,1636,1651,1616,36299,58995967,112164981660,69237643,KSQ
086960,KR7086960002,MDS테크,KOSDAQ,중견기업부,1090,2,-5,-0.46,1100,1113,1086,527293,579098319,111934737800,102692420,KSQ
033290,KR7033290008,로젠,KOSDAQ,중견기업부,1991,1,8,0.4,1993,2020,1988,17915,35846214,111807195291,56156301,KSQ
432470,KR7432470003,케이엔에스,KOSDAQ,벤처기업부,12700,2,-300,-2.31,13000,13210,12620,14292,183018745,111398761200,8771556,KSQ
223250,KR7223250002,드림씨아이에스,KOSDAQ,중견기업부,4525,2,-210,-4.44,4700,4790,4490,53354,244924605,111213142250,24577490,KSQ
290720,KR7290720002,푸드나무,KOSDAQ,중견기업부,3165,1,30,0.96,3135,3320,3000,35562,110844260,111161579430,35122142,KSQ
443670,KR7443670005,에스피소프트,KOSDAQ,중견기업부,4490,1,205,4.78,4295,4540,4290,186446,831704660,111088850080,24741392,KSQ
330350,KR7330350000,위더스제약,KOSDAQ,우량기업부,8410,2,-30,-0.36,8440,8600,8310,51573,434416215,111029988990,13202139,KSQ
004440,KR7004440004,삼일씨엔에스,KOSPI,,8720,2,-300,-3.33,9280,9280,8560,115847,1013162495,111022577840,12731947,STK
115500,KR7115500001,케이씨에스,KOSDAQ,중견기업부,9250,1,220,2.44,9620,9620,9150,174366,1633463020,111000000000,12000000,KSQ
317770,KR7317770006,엑스페릭스,KOSDAQ,벤처기업부,3035,2,-55,-1.78,3090,3130,3020,102408,313418905,110736664075,36486545,KSQ
227840,KR7227840006,현대코퍼레이션홀딩스,KOSPI,,12150,2,-50,-0.41,12200,12280,12110,15705,191805735,110575157400,9100836,STK
078140,KR7078140001,대봉엘에스,KOSDAQ,우량기업부,9970,1,100,1.01,9870,10110,9870,38463,385919970,110533192630,11086579,KSQ
059270,KR7059270009,해성에어로보틱스,KOSDAQ,기술성장기업부,9890,2,-110,-1.1,10000,10200,9850,75137,748659205,110424807110,11165299,KSQ
039340,KR7039340005,한국경제TV,KOSDAQ,우량기업부,4900,2,-40,-0.81,4935,4940,4820,4257,20731545,110250000000,22500000,KSQ
381620,KR7381620004,제닉스로보틱스,KOSDAQ,중견기업부,8400,2,-290,-3.34,8610,8830,8300,47302,399150200,110190528000,13117920,KSQ
058850,KR7058850009,KTcs,KOSPI,,2575,1,5,0.19,2570,2585,2555,111105,285577956,109913875000,42685000,STK
396470,KR7396470007,워트,KOSDAQ,중견기업부,6810,1,50,0.74,6830,6900,6760,24384,166614330,109777200000,16120000,KSQ
096350,KR7096350004,대창솔루션,KOSDAQ,벤처기업부,2975,2,-125,-4.03,3110,3200,2925,1008386,3028114221,109642916950,36854762,KSQ
418470,KR7418470001,KT밀리의서재,KOSDAQ,중견기업부,12790,2,-50,-0.39,12840,13060,12690,13508,172884500,109556441310,8565789,KSQ
011810,KR7011810009,STX,KOSPI,,3530,0,0,0.0,0,0,0,0,0,109493282310,31017927,STK
439580,KR7439580002,블루엠텍,KOSDAQ,기술성장기업부,3230,2,-65,-1.97,3290,3315,3200,114524,371764695,109324346810,33846547,KSQ
339950,KR7339950008,아이비김영,KOSDAQ,중견기업부,2425,1,10,0.41,2420,2500,2400,54398,132284992,108995638375,44946655,KSQ
088390,KR7088390000,이녹스,KOSDAQ,중견기업부,11580,2,-110,-0.94,11560,11950,11560,13116,153034240,108688073520,9385844,KSQ
041520,KR7041520008,이엘씨,KOSDAQ,투자주의환기종목(소속부없음),8910,2,-90,-1.0,9260,9260,8830,27839,248645940,108601584300,12188730,KSQ
006890,KR7006890008,태경케미컬,KOSPI,,9350,2,-10,-0.11,9450,10000,9130,885914,8492354530,108460000000,11600000,STK
067290,KR7067290007,JW신약,KOSDAQ,중견기업부,1935,2,-65,-3.25,2000,2010,1927,586183,1150315382,108431794305,56037103,KSQ
060560,KR7060560000,HC홈센타,KOSDAQ,중견기업부,854,1,12,1.43,858,867,845,264557,226916110,108406766832,126940008,KSQ
208370,KR7208370007,셀바스헬스케어,KOSDAQ,벤처기업부,4210,2,-40,-0.94,4270,4360,4140,152595,649838618,108367774440,25740564,KSQ
039980,KR7039980008,폴라리스AI,KOSDAQ,중견기업부,1483,1,30,2.06,1451,1775,1444,11062910,18120871338,107930924808,72778776,KSQ
038460,KR7038460002,바이오스마트,KOSDAQ,우량기업부,4125,1,25,0.61,4100,4230,4050,124661,515422967,107928306750,26164438,KSQ
149980,KR7149980005,하이로닉,KOSDAQ,중견기업부,5090,0,0,0.0,0,0,0,0,0,107879307670,21194363,KSQ
001020,KR7001020007,페이퍼코리아,KOSPI,,606,3,0,0.0,601,612,599,63676,38559374,107857887678,177983313,STK
424960,KR7424960003,스마트레이더시스템,KOSDAQ,기술성장기업부,6540,2,-260,-3.82,6770,6800,6430,114741,751152360,107812619400,16485110,KSQ
006840,KR7006840003,AK홀딩스,KOSPI,,8120,2,-150,-1.81,8270,8270,7980,13164,106052520,107570195320,13247561,STK
036630,KR7036630002,세종텔레콤,KOSDAQ,중견기업부,10690,2,-60,-0.56,10700,10860,10400,39553,418019690,106900000000,10000000,KSQ
950190,KR8344390008,고스트스튜디오,KOSDAQ,외국기업(소속부없음),8210,2,-30,-0.36,8360,8610,8110,66253,553647670,106870054390,13017059,KSQ
002450,KR7002450005,삼익악기,KOSPI,,1180,2,-9,-0.76,1190,1190,1173,68692,80834987,106826479700,90530915,STK
091120,KR7091120006,이엠텍,KOSDAQ,중견기업부,6230,2,-10,-0.16,6230,6250,6140,29946,185262680,106738191280,17132936,KSQ
303810,KR7303810006,동국생명과학,KOSDAQ,중견기업부,3335,1,35,1.06,3330,3410,3290,267742,895957895,106667106900,31984140,KSQ
446540,KR7446540007,메가터치,KOSDAQ,중견기업부,4100,2,-60,-1.44,4125,4190,4065,24430,100302592,106451370900,25963749,KSQ
047820,KR7047820006,초록뱀미디어,KOSDAQ,중견기업부,4350,2,-15,-0.34,4365,4440,4250,38841,168078535,106374595500,24453930,KSQ
001560,KR7001560002,제일연마,KOSPI,,10840,1,20,0.18,10990,10990,10820,623,6776610,106232000000,9800000,STK
305090,KR7305090003,마이크로디지탈,KOSDAQ,기술성장기업부,5710,2,-90,-1.55,5870,5980,5700,70927,410826980,106177764050,18595055,KSQ
023450,KR7023450000,동남합성,KOSPI,,30300,1,100,0.33,30200,30500,30150,660,19938750,106050000000,3500000,STK
066700,KR7066700006,테라젠이텍스,KOSDAQ,벤처기업부,2852,2,-63,-2.16,2940,2945,2825,72751,209365042,105958576352,37152376,KSQ
001275,KR7001271006,부국증권우,KOSPI,,35300,2,-250,-0.7,35500,35500,35100,3294,116641850,105900000000,3000000,STK
004100,KR7004100004,태양금속,KOSPI,,2885,2,-30,-1.03,2915,2960,2860,362285,1049625233,105879500000,36700000,STK
117670,KR7117670000,알파칩스,KOSDAQ,중견기업부,15850,2,-930,-5.54,16790,16790,15330,39616,630831335,105588610700,6661742,KSQ
023800,KR7023800006,인지컨트롤스,KOSPI,,6670,2,-70,-1.04,6720,6820,6640,46369,310824230,105447343990,15809197,STK
048550,KR7048550008,SM C&C,KOSDAQ,중견기업부,1089,2,-12,-1.09,1089,1107,1089,43471,47697597,105322221180,96714620,KSQ
079810,KR7079810008,디이엔티,KOSDAQ,우량기업부,4885,1,600,14.0,4255,5010,4255,1097664,5286289725,105164739190,21528094,KSQ
142210,KR7142210004,유니트론텍,KOSDAQ,우량기업부,5060,2,-70,-1.36,5140,5210,5050,80701,412928670,105002099180,20751403,KSQ
37550L,KR737550K029,DL이앤씨2우(전환),KOSPI,,49700,1,650,1.33,50000,51000,49500,8609,432531375,104963964700,2111951,STK
046210,KR7046210001,HLB파나진,KOSDAQ,벤처기업부,2305,2,-35,-1.5,2365,2370,2275,100287,232179124,104809857470,45470654,KSQ
311690,KR7311690002,CJ 바이오사이언스,KOSDAQ,기술성장기업부,8020,2,-30,-0.37,8050,8070,7900,5237,41772500,104785005240,13065462,KSQ
331920,KR7331920009,셀레믹스,KOSDAQ,기술성장기업부,12810,2,-40,-0.31,13160,13160,12000,76927,964741720,104582735880,8164148,KSQ
066310,KR7066310004,큐에스아이,KOSDAQ,벤처기업부,11270,1,310,2.83,12120,12320,11220,770744,9066965170,104491168670,9271621,KSQ
030960,KR7030960009,양지사,KOSDAQ,중견기업부,6530,1,110,1.71,6400,6600,6400,27817,181245200,104349400000,15980000,KSQ
101330,KR7101330009,모베이스,KOSDAQ,중견기업부,4500,1,75,1.69,4440,4550,4330,94104,414346685,104161630500,23147029,KSQ
187790,KR7187790001,나노,KOSDAQ,벤처기업부,3375,2,-50,-1.46,3420,3750,3320,225682,775445375,104087801250,30840830,KSQ
002220,KR7002220002,한일철강,KOSPI,,3895,2,-65,-1.64,3965,4055,3830,60039,233062620,103986606700,26697460,STK
264900,KR7264900002,크라운제과,KOSPI,,8290,2,-150,-1.78,8440,8500,8280,8125,67885090,103822716500,12523850,STK
463020,KR7463020008,뉴엔AI,KOSDAQ,기술성장기업부,11690,1,150,1.3,11520,12130,11520,22644,267224430,103797848000,8879200,KSQ
175140,KR7175140003,휴먼테크놀로지,KOSDAQ,투자주의환기종목(소속부없음),4155,2,-35,-0.84,4190,4290,3880,89008,368197050,103643371215,24944253,KSQ
004840,KR7004840005,DRB동일,KOSPI,,5200,2,-110,-2.07,5330,5350,5140,32335,168818360,103636000000,19930000,STK
294630,KR7294630009,서남,KOSDAQ,기술성장기업부,3930,1,10,0.26,4035,4180,3850,477480,1906188481,103619633670,26366319,KSQ
011370,KR7011370004,서한,KOSDAQ,우량기업부,1026,2,-7,-0.68,1021,1035,1016,189663,194298791,103518131490,100894865,KSQ
330730,KR7330730003,스톤브릿지벤처스,KOSDAQ,중견기업부,5680,2,-170,-2.91,5800,5860,5640,24254,139119500,103477274400,18217830,KSQ
017370,KR7017370008,우신시스템,KOSPI,,5640,1,20,0.36,5640,5690,5600,21474,120842425,103291264560,18314054,STK
278650,KR7278650007,HLB바이오스텝,KOSDAQ,중견기업부,1184,2,-7,-0.59,1189,1219,1160,155223,182442852,103199789056,87161984,KSQ
950130,KR8840090003,엑세스바이오,KOSDAQ,외국기업(소속부없음),2735,2,-60,-2.15,2795,2805,2695,35353,96771029,103185620520,37727832,KSQ
078890,KR7078890001,가온그룹,KOSDAQ,중견기업부,5600,2,-300,-5.08,5870,5900,5550,295082,1667348075,103179680800,18424943,KSQ
004650,KR7004650008,창해에탄올,KOSDAQ,중견기업부,11220,1,720,6.86,10490,12530,10170,4363706,50469923660,103121729700,9190885,KSQ
348150,KR7348150004,고바이오랩,KOSDAQ,기술성장기업부,5300,2,-160,-2.93,5430,5560,5250,136703,733209000,102920111700,19418889,KSQ
308080,KR7308080001,바이젠셀,KOSDAQ,기술성장기업부,5020,2,-40,-0.79,5150,5150,4955,92029,461969125,102906285200,20499260,KSQ
024880,KR7024880007,케이피에프,KOSDAQ,우량기업부,5100,2,-150,-2.86,5250,5330,5040,147965,758875130,102830045400,20162754,KSQ
124560,KR7124560004,태웅로직스,KOSDAQ,우량기업부,2655,1,5,0.19,2650,2725,2610,85322,225139490,102803753205,38720811,KSQ
448710,KR7448710004,코츠테크놀로지,KOSDAQ,벤처기업부,19450,2,-800,-3.95,20250,20300,19400,85173,1692375175,102798929400,5285292,KSQ
201490,KR7201490000,미투온,KOSDAQ,중견기업부,3140,1,350,12.54,2790,3625,2760,9274336,31177240146,102344563400,32593810,KSQ
370090,KR7370090003,퓨런티어,KOSDAQ,기술성장기업부,11960,2,-300,-2.45,12260,12380,11900,22905,275824435,102339686800,8556830,KSQ
081180,KR7081180002,쎄크,KOSDAQ,기술성장기업부,11570,2,-140,-1.2,12080,12100,11430,51610,606710015,102111439950,8825535,KSQ
063160,KR7063160006,종근당바이오,KOSPI,,18610,2,-230,-1.22,19000,19000,18600,14103,263759900,102093752820,5485962,STK
205500,KR7205500002,넥써쓰,KOSDAQ,중견기업부,1592,2,-32,-1.97,1623,1623,1584,52547,83830804,102066461608,64112099,KSQ
348080,KR7348080003,큐라티스,KOSDAQ,투자주의환기종목(소속부없음),884,2,-42,-4.54,926,926,868,138079,123034350,102057606404,115449781,KSQ
039830,KR7039830005,오로라,KOSDAQ,우량기업부,9470,2,-30,-0.32,9500,9720,9250,29163,274574580,101924568300,10762890,KSQ
036420,KR7036420008,콘텐트리중앙,KOSPI,,5280,2,-260,-4.69,5600,5610,5240,70663,379705610,101704986240,19262308,STK
024740,KR7024740003,한일단조,KOSDAQ,우량기업부,3090,2,-140,-4.33,3350,3370,3030,2168689,6877985415,101651881410,32897049,KSQ
002720,KR7002720001,국제약품,KOSPI,,4800,2,-65,-1.34,4865,4925,4770,97238,469986242,101567193600,21159832,STK
001540,KR7001540004,안국약품,KOSDAQ,우량기업부,7770,2,-10,-0.13,7780,7820,7710,10251,79444360,101339603400,13042420,KSQ
054670,KR7054670005,대한뉴팜,KOSDAQ,우량기업부,7050,1,30,0.43,7030,7100,7000,32927,232178630,101202186000,14354920,KSQ
003580,KR7003580008,HLB글로벌,KOSPI,,1995,2,-20,-0.99,2075,2075,1990,51459,103192960,101073692475,50663505,STK
032560,KR7032560005,황금에스티,KOSPI,,5930,2,-10,-0.17,5950,6000,5890,13664,80908360,100810000000,17000000,STK
119650,KR7119650000,KC코트렐,KOSPI,,918,0,0,0.0,0,0,0,0,0,100782913662,109785309,STK
008260,KR7008260002,NI스틸,KOSPI,,3520,2,-50,-1.4,3550,3575,3500,50120,177180695,100672411840,28600117,STK
000180,KR7000180000,성창기업지주,KOSPI,,1440,1,1,0.07,1439,1460,1425,72725,104260352,100442304000,69751600,STK
004060,KR7004060000,SG세계물산,KOSPI,,495,2,-31,-5.89,526,526,490,3453861,1725819380,100200355200,202424960,STK
191420,KR7191420009,테고사이언스,KOSDAQ,벤처기업부,12350,2,-150,-1.2,12500,12570,12200,3149,39093080,100144099900,8108834,KSQ
120240,KR7120240007,대정화금,KOSDAQ,우량기업부,13890,2,-10,-0.07,13790,14100,13790,19187,268372910,99874530990,7190391,KSQ
362320,KR7362320004,청담글로벌,KOSDAQ,중견기업부,4705,2,-120,-2.49,4800,4860,4630,38100,178557459,99516819450,21151290,KSQ
377480,KR7377480009,마음AI,KOSDAQ,기술성장기업부,13990,2,-90,-0.64,14390,14390,13830,17458,244037610,99472747250,7110275,KSQ
246720,KR7246720007,아스타,KOSDAQ,관리종목(소속부없음),6070,0,0,0.0,0,0,0,0,0,99434491000,16381300,KSQ
105740,KR7105740005,디케이락,KOSDAQ,우량기업부,9770,2,-170,-1.71,9960,10090,9750,84416,836791035,99346372010,10168513,KSQ
317830,KR7317830008,에스피시스템스,KOSDAQ,벤처기업부,9220,2,-110,-1.18,9330,9440,9100,26497,244453670,99334601960,10773818,KSQ
083790,KR7083790006,CG인바이츠,KOSDAQ,벤처기업부,1291,2,-87,-6.31,1405,1405,1279,404453,527957282,99270388962,76894182,KSQ
228850,KR7228850004,레이언스,KOSDAQ,우량기업부,5980,2,-40,-0.66,6020,6040,5900,5885,35091760,99214263720,16591014,KSQ
000105,KR7000101006,유한양행우,KOSPI,,84000,2,-900,-1.06,84900,85500,84000,1199,101265350,99198960000,1180940,STK
009300,KR7009300005,삼아제약,KOSDAQ,우량기업부,15550,2,-120,-0.77,15530,15650,15530,1677,26125670,99053500000,6370000,KSQ
013360,KR7013360003,일성건설,KOSPI,,1824,2,-45,-2.41,1870,1885,1808,181811,332787473,98541381120,54024880,STK
066590,KR7066590001,스모트로닉,KOSDAQ,중견기업부,2545,2,-60,-2.3,2580,2620,2520,100603,256601280,98435349665,38677937,KSQ
357230,KR7357230002,에이치피오,KOSDAQ,우량기업부,2380,2,-10,-0.42,2390,2455,2375,6391,15233740,98278472880,41293476,KSQ
299170,KR7299170001,더블유에스아이,KOSDAQ,중견기업부,2365,2,-85,-3.47,2455,2470,2345,398704,949676467,98174196120,41511288,KSQ
065530,KR7065530008,와이어블,KOSDAQ,중견기업부,2050,2,-100,-4.65,2210,2370,2005,3606586,7935839574,98069455950,47838759,KSQ
043610,KR7043610005,KT지니뮤직,KOSDAQ,우량기업부,1683,2,-2,-0.12,1687,1690,1670,25211,42361511,97808282154,58115438,KSQ
33626K,KR733626K013,두산퓨얼셀1우,KOSPI,,7300,2,-90,-1.22,7430,7460,7200,18048,132374515,97558660000,13364200,STK
443250,KR7443250006,레뷰코퍼레이션,KOSDAQ,벤처기업부,8740,2,-20,-0.23,8610,8760,8520,4220,36549760,97344022400,11137760,KSQ
163560,KR7163560006,동일고무벨트,KOSPI,,7000,1,30,0.43,6910,7040,6870,10072,70086190,97300000000,13900000,STK
205470,KR7205470008,휴마시스,KOSDAQ,우량기업부,752,2,-7,-0.92,752,770,740,310768,234668463,97290006768,129375009,KSQ
352090,KR7352090005,스톰테크,KOSDAQ,중견기업부,3620,3,0,0.0,3635,3635,3510,18005,64893955,97280252760,26872998,KSQ
066790,KR7066790007,씨씨에스,KOSDAQ,관리종목(소속부없음),1493,0,0,0.0,0,0,0,0,0,97271994227,65152039,KSQ
007460,KR7007460009,에이프로젠,KOSPI,,295,2,-9,-2.96,305,307,293,2529873,756036923,97144983850,329305030,STK
042510,KR7042510008,라온시큐어,KOSDAQ,벤처기업부,8650,1,10,0.12,8930,8930,8520,19944,172179890,96924755100,11205174,KSQ
460940,KR7460940000,피앤에스로보틱스,KOSDAQ,기술성장기업부,7310,2,-210,-2.79,7520,7590,7200,57685,421016175,96897558800,13255480,KSQ
277880,KR7277880001,티에스아이,KOSDAQ,우량기업부,4880,2,-10,-0.2,4890,4970,4845,53305,260520595,96834874560,19843212,KSQ
058630,KR7058630005,엠게임,KOSDAQ,우량기업부,5030,2,-70,-1.37,5070,5120,5000,17441,88057290,96588947220,19202574,KSQ
068240,KR7068240001,다원시스,KOSDAQ,관리종목(소속부없음),2530,0,0,0.0,0,0,0,0,0,96553495610,38163437,KSQ
005740,KR7005740006,크라운해태홀딩스,KOSPI,,6500,2,-60,-0.91,6560,6570,6430,15915,103201030,96507755500,14847347,STK
315640,KR7315640003,딥노이드,KOSDAQ,기술성장기업부,3285,2,-45,-1.35,3330,3380,3270,124326,409735265,96487782120,29372232,KSQ
002700,KR7002700003,신일전자,KOSPI,,1372,2,-13,-0.94,1385,1393,1371,224168,309327759,96105198812,70047521,STK
452190,KR7452190002,한빛레이저,KOSDAQ,벤처기업부,4015,2,-40,-0.99,4100,4150,3985,70315,283811490,96041036355,23920557,KSQ
006140,KR7006140008,피제이전자,KOSDAQ,우량기업부,6400,1,10,0.16,6450,6480,6370,17291,110957260,96000000000,15000000,KSQ
100590,KR7100590009,머큐리,KOSDAQ,중견기업부,6060,2,-40,-0.66,6320,7200,5940,5003042,32972941660,95929939380,15830023,KSQ
019550,KR7019550003,SBI인베스트먼트,KOSDAQ,벤처기업부,591,2,-7,-1.17,592,605,587,415563,246142581,95781345825,162066575,KSQ
011150,KR7011150000,CJ씨푸드,KOSPI,,2660,1,5,0.19,2655,2680,2625,44965,119511730,95575856180,35930773,STK
058860,KR7058860008,KTis,KOSPI,,2745,2,-5,-0.18,2760,2765,2730,57019,156904841,95531490000,34802000,STK
493330,KR7493330005,지에프아이,KOSDAQ,벤처기업부,12430,1,230,1.89,12870,12870,12230,24040,302136590,95489074780,7682146,KSQ
058400,KR7058400003,KNN,KOSDAQ,우량기업부,720,2,-4,-0.55,718,730,717,89254,64271496,95349398400,132429720,KSQ
078935,KR7078931003,GS우,KOSPI,,53400,1,200,0.38,53200,54000,52900,4020,215265150,95309708400,1784826,STK
173130,KR7173130006,오파스넷,KOSDAQ,우량기업부,7300,2,-40,-0.54,7300,7660,7170,62099,454541960,95239252900,13046473,KSQ
172670,KR7172670002,에이엘티,KOSDAQ,벤처기업부,10600,2,-20,-0.19,10890,10980,10520,12418,133086300,94978745400,8960259,KSQ
040910,KR7040910002,아이씨디,KOSDAQ,중견기업부,5110,2,-110,-2.11,5320,5320,5080,23337,120268930,94914545250,18574275,KSQ
091440,KR7091440008,한울소재과학,KOSDAQ,투자주의환기종목(소속부없음),3005,2,-60,-1.96,3080,3145,2960,127187,388503076,94901773445,31581289,KSQ
012700,KR7012700001,리드코프,KOSDAQ,우량기업부,3620,1,30,0.84,3530,3632,3530,25752,92539341,94825364240,26194852,KSQ
413390,KR7413390006,엠오티,KOSDAQ,중견기업부,8170,1,140,1.74,8030,8370,8030,105355,868011505,94610070600,11580180,KSQ
035610,KR7035610005,솔본,KOSDAQ,투자주의환기종목(소속부없음),3450,1,40,1.17,3410,3455,3350,53909,183319250,94343689650,27345997,KSQ
348350,KR7348350000,위드텍,KOSDAQ,우량기업부,9440,2,-210,-2.18,9650,9900,9430,14778,142143460,94197984000,9978600,KSQ
041930,KR7041930009,동아화성,KOSDAQ,우량기업부,5960,2,-30,-0.5,6000,6020,5900,15747,94013600,94168000000,15800000,KSQ
093920,KR7093920007,서원인텍,KOSDAQ,우량기업부,5050,2,-20,-0.39,5050,5080,5020,5743,28964310,93930000000,18600000,KSQ
396300,KR7396300006,세아메카닉스,KOSDAQ,우량기업부,3540,1,30,0.85,3520,3710,3500,183889,663119604,93772830000,26489500,KSQ
084650,KR7084650001,랩지노믹스,KOSDAQ,우량기업부,1261,2,-32,-2.47,1282,1315,1259,206258,261975507,93616627390,74239990,KSQ
451220,KR7451220008,아이엠티,KOSDAQ,기술성장기업부,11860,1,180,1.54,11760,12450,11700,134227,1623372930,93392886460,7874611,KSQ
013870,KR7013870001,지엠비코리아,KOSPI,,4875,2,-45,-0.91,4920,4930,4850,20685,100981540,92977365000,19072280,STK
302550,KR7302550009,리메드,KOSDAQ,기술성장기업부,2935,2,-70,-2.33,3005,3055,2915,28305,83639790,92439374680,31495528,KSQ
214270,KR7214270001,FSN,KOSDAQ,중견기업부,2115,2,-110,-4.94,2240,2240,2095,218039,467314716,92406378285,43690959,KSQ
007820,KR7007820004,에스엠코어,KOSDAQ,벤처기업부,4605,2,-25,-0.54,4720,4720,4560,79898,368223118,92256321330,20033946,KSQ
041910,KR7041910001,폴라리스AI파마,KOSDAQ,중견기업부,6830,2,-140,-2.01,6970,7340,6720,438875,3076601735,92215975810,13501607,KSQ
004890,KR7004890000,동일산업,KOSPI,,37950,2,-100,-0.26,38050,38050,37850,149,5656550,92036909250,2425215,STK
060570,KR7060570009,드림어스컴퍼니,KOSDAQ,중견기업부,1241,2,-10,-0.8,1257,1262,1231,14012,17372458,91960052093,74101573,KSQ
382480,KR7382480002,지아이텍,KOSDAQ,벤처기업부,2335,3,0,0.0,2340,2410,2315,204647,481721260,91898921900,39357140,KSQ
296160,KR7296160005,프로젠,KONEX,일반기업부,5960,3,0,0.0,6000,6000,5910,1504,8944630,91635470840,15375079,KNX
023000,KR7023000003,삼원강재,KOSPI,,2290,3,0,0.0,2275,2300,2275,7844,17924000,91600000000,40000000,STK
217330,KR7217330000,싸이토젠,KOSDAQ,기술성장기업부,3960,1,5,0.13,3955,4095,3915,83977,335016009,91593006120,23129547,KSQ
048910,KR7048910004,대원미디어,KOSDAQ,우량기업부,7280,2,-30,-0.41,7260,7410,7260,20136,147661710,91574726880,12578946,KSQ
265560,KR7265560003,영화테크,KOSDAQ,우량기업부,8560,2,-10,-0.12,8570,9000,8450,45537,389712180,91507940800,10690180,KSQ
411080,KR7411080005,샌즈랩,KOSDAQ,기술성장기업부,5990,2,-40,-0.66,6010,6090,5930,20243,121392570,91453151620,15267638,KSQ
040420,KR7040420002,정상제이엘에스,KOSDAQ,우량기업부,5830,3,0,0.0,5830,5840,5810,5122,29828830,91400128160,15677552,KSQ
006660,KR7006660005,삼성공조,KOSPI,,11230,2,-130,-1.14,11400,11500,11230,11202,126440045,91258506220,8126314,STK
014440,KR7014440002,영보화학,KOSPI,,4560,2,-15,-0.33,4575,4595,4555,16953,77548300,91200000000,20000000,STK
382150,KR7382150001,온코크로스,KOSDAQ,기술성장기업부,7470,2,-280,-3.61,7720,8030,7430,286662,2208469195,91103798790,12195957,KSQ
396690,KR7396690000,미래에셋글로벌리츠,KOSPI,,2300,1,5,0.22,2295,2340,2295,19819,45769765,91093662000,39605940,STK
360350,KR7360350003,코셈,KOSDAQ,기술성장기업부,15880,2,-950,-5.64,17180,17180,15500,102617,1651493590,90960163600,5727970,KSQ
238090,KR7238090005,앤디포스,KOSDAQ,벤처기업부,3770,1,170,4.72,3605,3885,3560,344145,1298897252,90936219010,24121013,KSQ
261780,KR7261780001,차백신연구소,KOSDAQ,기술성장기업부,3380,2,-270,-7.4,3635,3650,3345,658336,2256254338,90804531480,26865246,KSQ
033320,KR7033320003,제이씨현시스템,KOSDAQ,벤처기업부,4750,2,-100,-2.06,4885,4925,4705,163006,780015650,90793552000,19114432,KSQ
024830,KR7024830002,세원물산,KOSDAQ,우량기업부,10870,2,-30,-0.28,10820,11000,10820,6135,66860570,90764500000,8350000,KSQ
311320,KR7311320006,지오엘리먼트,KOSDAQ,기술성장기업부,7180,1,220,3.16,7030,7310,7000,38383,276252020,90572540800,12614560,KSQ
163730,KR7163730005,핑거,KOSDAQ,벤처기업부,9620,1,310,3.33,9300,10060,9300,128055,1248459320,90491184160,9406568,KSQ
033130,KR7033130006,디지틀조선,KOSDAQ,중견기업부,2435,2,-85,-3.37,2500,2520,2380,108963,263961415,90375675145,37115267,KSQ
005750,KR7005750005,대림바스,KOSPI,,5420,2,-230,-4.07,5620,5620,5410,73284,402439220,90363540800,16672240,STK
010960,KR7010960003,삼호개발,KOSPI,,3745,2,-5,-0.13,3770,3770,3725,42028,157407128,90329400000,24120000,STK
007980,KR7007980006,TP,KOSPI,,1765,2,-10,-0.56,1775,1775,1749,84494,148363375,90324104450,51175130,STK
042500,KR7042500009,링네트,KOSDAQ,우량기업부,4050,3,0,0.0,4050,4130,3995,205845,834184039,90279133200,22291144,KSQ
110790,KR7110790003,크리스에프앤씨,KOSDAQ,우량기업부,3850,3,0,0.0,3850,3880,3800,4785,18263915,90209196000,23430960,KSQ
084730,KR7084730001,팅크웨어,KOSDAQ,우량기업부,8120,1,70,0.87,8050,8200,7930,10990,88770080,90208522880,11109424,KSQ
014950,KR7014950000,삼익제약,KOSDAQ,벤처기업부,9760,2,-80,-0.81,9800,9920,9600,53143,516062470,89756990880,9196413,KSQ
234300,KR7234300002,에스트래픽,KOSDAQ,우량기업부,3290,2,-55,-1.64,3345,3360,3260,59769,196483280,89513596200,27207780,KSQ
082850,KR7082850009,우리바이오,KOSDAQ,벤처기업부,1846,2,-2,-0.11,1848,1894,1834,61472,114752908,89450842988,48456578,KSQ
461030,KR7461030009,아이엠비디엑스,KOSDAQ,기술성장기업부,6240,2,-170,-2.65,6350,6430,6200,31807,200430140,89447386080,14334517,KSQ
131400,KR7131400004,이브이첨단소재,KOSDAQ,벤처기업부,1500,3,0,0.0,1510,1588,1487,844308,1294252742,89387823000,59591882,KSQ
453860,KR7453860009,에이에스텍,KOSDAQ,벤처기업부,13870,2,-300,-2.12,14160,14170,13740,5985,83364460,89384147010,6444423,KSQ
463480,KR7463480004,모티브링크,KOSDAQ,중견기업부,7200,2,-70,-0.96,7280,7480,7100,93994,682307930,89210577600,12390358,KSQ
203690,KR7203690003,아크솔루션스,KOSDAQ,관리종목(소속부없음),4425,0,0,0.0,0,0,0,0,0,89196141000,20157320,KSQ
060590,KR7060590007,씨티씨바이오,KOSDAQ,중견기업부,3685,2,-85,-2.25,3770,3770,3675,36224,134975865,89107058700,24181020,KSQ
067570,KR7067570002,엔브이에이치코리아,KOSDAQ,우량기업부,2110,2,-20,-0.94,2130,2135,2105,28801,61033060,88978700000,42170000,KSQ
095270,KR7095270005,웨이브일렉트로,KOSDAQ,벤처기업부,6180,1,330,5.64,5850,6300,5280,509275,3059956600,88821469080,14372406,KSQ
065510,KR7065510000,휴비츠,KOSDAQ,우량기업부,7730,2,-20,-0.26,7750,7780,7660,16514,127291710,88785720990,11485863,KSQ
068290,KR7068290006,삼성출판사,KOSPI,,8860,2,-20,-0.23,8880,8960,8800,4476,39603995,88600000000,10000000,STK
128660,KR7128660008,피제이메탈,KOSDAQ,중견기업부,3570,1,220,6.57,3525,3900,3405,3558026,12995763268,88548027330,24803369,KSQ
052860,KR7052860004,아이앤씨,KOSDAQ,벤처기업부,4945,2,-45,-0.9,5000,5070,4830,200240,990453237,88331813030,17862854,KSQ
007280,KR7007280001,한국특강,KOSPI,,1449,1,4,0.28,1460,1460,1436,22930,33169385,88118487639,60813311,STK
032850,KR7032850000,비트컴퓨터,KOSDAQ,벤처기업부,5300,2,-20,-0.38,5320,5380,5280,46869,248752630,88103452900,16623293,KSQ
105550,KR7105550008,엣지파운드리,KOSDAQ,중견기업부,1124,2,-26,-2.26,1171,1171,1114,340296,385734417,88017125324,78307051,KSQ
044340,KR7044340008,위닉스,KOSDAQ,중견기업부,4920,1,55,1.13,4865,4960,4865,17068,84139660,87937251000,17873425,KSQ
096775,KR7096771001,SK이노베이션우,KOSPI,,70400,1,500,0.72,70000,71400,69900,1717,121162600,87889190400,1248426,STK
323350,KR7323350009,다원넥스뷰,KOSDAQ,기술성장기업부,10950,2,-120,-1.08,11100,11290,10560,76312,829778600,87717953400,8010772,KSQ
347890,KR7347890006,엠투아이,KOSDAQ,벤처기업부,5170,2,-30,-0.58,5200,5270,5110,14766,76174700,87699764680,16963204,KSQ
104040,KR7104040001,대성파인텍,KOSDAQ,벤처기업부,654,2,-22,-3.25,694,695,625,138484,91362338,87680358204,134067826,KSQ
338100,KR7338100001,NH프라임리츠,KOSPI,,4680,1,15,0.32,4675,4690,4665,63951,299050151,87328800000,18660000,STK
000590,KR7000590000,CS홀딩스,KOSPI,,75600,2,-200,-0.26,76100,76200,75500,238,18070300,87278839200,1154482,STK
419050,KR7419050000,삼기에너지솔루션즈,KOSDAQ,우량기업부,1522,2,-3,-0.2,1587,1587,1512,59039,90316543,87052677280,57196240,KSQ
212560,KR7212560007,네오오토,KOSDAQ,우량기업부,7360,2,-120,-1.6,7480,7750,7320,40524,302679140,86938093760,11812241,KSQ
290670,KR7290670009,대보마그네틱,KOSDAQ,중견기업부,11050,1,150,1.38,10900,11290,10900,9426,104325040,86827143000,7857660,KSQ
099220,KR7099220006,SDN,KOSDAQ,중견기업부,1333,2,-82,-5.8,1415,1416,1320,1841809,2494123277,86570818550,64944350,KSQ
019540,KR7019540004,일지테크,KOSDAQ,우량기업부,6390,2,-90,-1.39,6480,6530,6310,106458,681064060,86351265000,13513500,KSQ
009200,KR7009200007,무림페이퍼,KOSPI,,2075,2,-25,-1.19,2090,2110,2050,432393,899502620,86339318250,41609310,STK
024840,KR7024840001,KBI메탈,KOSDAQ,중견기업부,2470,1,295,13.56,2185,2515,2175,4837890,11564395638,86225721530,34909199,KSQ
081150,KR7081150005,티플랙스,KOSDAQ,우량기업부,3545,2,-40,-1.12,3625,3630,3495,825129,2938240284,86031485090,24268402,KSQ
053280,KR7053280004,예스24,KOSDAQ,중견기업부,3440,3,0,0.0,3440,3470,3400,11649,39873271,86000000000,25000000,KSQ
241690,KR7241690007,유니테크노,KOSDAQ,우량기업부,3510,2,-55,-1.54,3595,3620,3500,35726,126396945,85892178060,24470706,KSQ
130580,KR7130580004,나이스디앤비,KOSDAQ,우량기업부,5560,1,10,0.18,5610,5610,5560,1430,7963360,85624000000,15400000,KSQ
085310,KR7085310001,엔케이,KOSPI,,1085,2,-32,-2.86,1111,1117,1074,320483,348296864,85585149370,78880322,STK
126880,KR7126880004,제이엔케이글로벌,KOSDAQ,우량기업부,3685,2,-5,-0.14,3690,3740,3670,51994,192593117,85510067555,23204903,KSQ
072020,KR7072020001,중앙백신,KOSDAQ,벤처기업부,9030,2,-40,-0.44,9080,9130,9010,9772,88362180,85411943610,9458687,KSQ
101140,KR7101140002,인바이오젠,KOSPI,,8500,2,-310,-3.52,8810,8860,8430,6529,55834870,85375836000,10044216,STK
048430,KR7048430003,유라테크,KOSDAQ,우량기업부,7410,2,-40,-0.54,7500,7500,7370,8954,66520250,85363200000,11520000,KSQ
002600,KR7002600005,조흥,KOSPI,,142200,2,-900,-0.63,142000,142200,141100,162,22900500,85320000000,600000,STK
053050,KR7053050001,지에스이,KOSDAQ,우량기업부,2845,2,-10,-0.35,2855,2910,2810,1071566,3062542218,85314713465,29987597,KSQ
001260,KR7001260009,남광토건,KOSPI,,8640,1,130,1.53,8550,8700,8430,9548,81799940,84953422080,9832572,STK
102370,KR7102370004,케이옥션,KOSDAQ,기술성장기업부,3115,2,-50,-1.58,3165,3220,3100,61074,191058490,84818989150,27229210,KSQ
001550,KR7001550003,조비,KOSPI,,16330,2,-160,-0.97,16980,17900,16020,564130,9545876985,84789262870,5192239,STK
214260,KR7214260002,라파스,KOSDAQ,기술성장기업부,9490,2,-100,-1.04,9950,9950,9380,16367,155848235,84674173870,8922463,KSQ
183490,KR7183490002,엔지켐생명과학,KOSDAQ,관리종목(소속부없음),990,0,0,0.0,0,0,0,0,0,84214906380,85065562,KSQ
019990,KR7019990001,에너토크,KOSDAQ,중견기업부,8630,2,-130,-1.48,8870,8950,8500,75865,660448220,84195039440,9756088,KSQ
065440,KR7065440000,이루온,KOSDAQ,벤처기업부,3085,1,215,7.49,3150,3445,2890,11306445,36290539437,84143436700,27275020,KSQ
031820,KR7031820004,아이티센씨티에스,KOSPI,,694,1,5,0.73,693,695,675,438469,298447017,84009717404,121051466,STK
049180,KR7049180003,셀루메드,KOSDAQ,투자주의환기종목(소속부없음),1009,0,0,0.0,0,0,0,0,0,83948814126,83200014,KSQ
009180,KR7009180001,한솔로지스틱스,KOSPI,,2975,1,5,0.17,2950,2985,2950,62824,186404075,83763579375,28155825,STK
036640,KR7036640001,HRS,KOSDAQ,우량기업부,5100,2,-10,-0.2,5110,5190,5070,30368,155218570,83409480000,16354800,KSQ
025550,KR7025550005,한국선재,KOSDAQ,우량기업부,3255,1,15,0.46,3270,3340,3220,83575,272314205,83048083020,25514004,KSQ
478560,KR7478560006,블랙야크아이앤씨,KOSDAQ,벤처기업부,3210,2,-10,-0.31,3265,3325,3175,115907,372555635,82915256580,25830298,KSQ
039610,KR7039610001,화성밸브,KOSDAQ,우량기업부,7960,2,-180,-2.21,8080,8170,7940,27849,224084725,82866784000,10410400,KSQ
214330,KR7214330003,금호에이치티,KOSPI,,380,1,10,2.7,350,383,336,5303752,1919641112,82857673800,218046510,STK
111380,KR7111380002,동인기연,KOSPI,,13520,2,-190,-1.39,13790,13790,13500,5294,71771500,82850560000,6128000,STK
002800,KR7002800001,신신제약,KOSDAQ,중견기업부,5460,2,-20,-0.36,5480,5490,5380,28630,155175355,82830930000,15170500,KSQ
012690,KR7012690004,모나리자,KOSPI,,2260,1,10,0.44,2295,2445,2235,2658137,6221650137,82651036300,36571255,STK
451250,KR7451250005,삐아,KOSDAQ,벤처기업부,8080,2,-70,-0.86,7980,8230,7800,10985,88330310,82625086160,10225877,KSQ
054040,KR7054040001,한국컴퓨터,KOSDAQ,우량기업부,5130,3,0,0.0,5130,5160,5090,46930,240024410,82445717700,16071290,KSQ
180060,KR7180060006,탑선,KONEX,일반기업부,8810,2,-340,-3.72,9200,9500,8800,6954,61921900,82352937460,9347666,KNX
006880,KR7006880009,신송홀딩스,KOSPI,,6960,2,-80,-1.14,7140,7240,6930,119749,845307390,82328851680,11828858,STK
053260,KR7053260006,금강철강,KOSDAQ,우량기업부,4390,2,-50,-1.13,4400,4440,4355,20596,90304773,82180800000,18720000,KSQ
033230,KR7033230004,인성정보,KOSDAQ,중견기업부,1626,2,-13,-0.79,1654,1696,1605,240430,394810629,82138007880,50515380,KSQ
340360,KR7340360007,다보링크,KOSDAQ,투자주의환기종목(소속부없음),1609,2,-31,-1.89,1640,1680,1601,174629,284062463,82079770581,51012909,KSQ
251630,KR7251630000,브이원텍,KOSDAQ,벤처기업부,5140,2,-30,-0.58,5180,5280,5090,25738,132605130,81946434040,15942886,KSQ
216050,KR7216050005,인크로스,KOSDAQ,중견기업부,6380,2,-100,-1.54,6480,6490,6300,43975,280302365,81939756360,12843222,KSQ
175250,KR7175250000,아이큐어,KOSDAQ,관리종목(소속부없음),2170,0,0,0.0,0,0,0,0,0,81501658560,37558368,KSQ
071670,KR7071670004,에이테크솔루션,KOSDAQ,중견기업부,8130,2,-160,-1.93,8290,8400,7940,30345,247409700,81300000000,10000000,KSQ
331380,KR7331380006,포커스에이아이,KOSDAQ,투자주의환기종목(소속부없음),2505,2,-95,-3.65,2600,2650,2460,135087,340801189,81190779945,32411489,KSQ
170030,KR7170030001,현대공업,KOSDAQ,우량기업부,5290,2,-40,-0.75,5310,5370,5280,32809,174075710,81148600000,15340000,KSQ
111710,KR7111710000,남화산업,KOSDAQ,중견기업부,3940,2,-45,-1.13,3990,3990,3930,7037,27787650,81116720000,20588000,KSQ
261520,KR7261520001,이지스,KOSDAQ,기술성장기업부,7890,2,-80,-1.0,7970,8000,7730,32155,253420775,81091842000,10277800,KSQ
412540,KR7412540007,제일엠앤에스,KOSDAQ,관리종목(소속부없음),3935,0,0,0.0,0,0,0,0,0,81063616775,20600665,KSQ
950220,KR8840140006,네오이뮨텍,KOSDAQ,기술성장기업부,483,2,-27,-5.29,510,517,479,1830113,898283037,80969349615,167638405,KSQ
376930,KR7376930004,노을,KOSDAQ,기술성장기업부,1577,2,-48,-2.95,1615,1637,1540,241533,382371323,80886416371,51291323,KSQ
263600,KR7263600009,덕우전자,KOSDAQ,중견기업부,5070,2,-70,-1.36,5280,5280,5050,28392,145084750,80766671700,15930310,KSQ
134580,KR7134580000,탑코미디어,KOSDAQ,중견기업부,1637,2,-26,-1.56,1663,1687,1616,6579,10742832,80694521913,49294149,KSQ
020710,KR7020710000,시공테크,KOSDAQ,우량기업부,4020,3,0,0.0,4050,4050,3980,43994,176019775,80592839400,20047970,KSQ
061250,KR7061250007,화일약품,KOSDAQ,중견기업부,956,2,-8,-0.83,964,977,950,164067,157431713,80472109732,84175847,KSQ
373200,KR7373200005,엑스플러스,KOSDAQ,벤처기업부,715,2,-1,-0.14,730,749,700,57562,41380106,80423616845,112480583,KSQ
007590,KR7007590003,동방아그로,KOSPI,,5890,2,-30,-0.51,5950,5950,5890,1323,7818800,80207528530,13617577,STK
347000,KR7347000002,센코,KOSDAQ,기술성장기업부,2115,2,-35,-1.63,2150,2180,2110,39871,84728335,79969939290,37810846,KSQ
207760,KR7207760000,미스터블루,KOSDAQ,중견기업부,962,2,-23,-2.34,985,998,960,139691,135426514,79922751246,83079783,KSQ
120115,KR7120111000,코오롱인더우,KOSPI,,28850,1,200,0.7,28650,29150,28350,8366,241211700,79852761000,2767860,STK
208140,KR7208140004,정다운,KOSDAQ,우량기업부,2440,2,-20,-0.81,2475,2475,2430,30470,74451517,79749560240,32684246,KSQ
094840,KR7094840006,슈프리마에이치큐,KOSDAQ,벤처기업부,7720,2,-50,-0.64,7810,7890,7690,16975,131588850,79745284000,10329700,KSQ
001470,KR7001470004,삼부토건,KOSPI,,347,0,0,0.0,0,0,0,0,0,79699592928,229681824,STK
217500,KR7217500008,러셀,KOSDAQ,벤처기업부,2505,2,-45,-1.76,2550,2575,2470,95949,241124837,79689060000,31812000,KSQ
222160,KR7222160004,NPX,KOSDAQ,관리종목(소속부없음),8040,0,0,0.0,0,0,0,0,0,79551289560,9894439,KSQ
204840,KR7204840003,지엘팜텍,KOSDAQ,기술성장기업부,1022,2,-31,-2.94,1058,1058,1001,168900,173048997,79255084132,77549006,KSQ
004720,KR7004720009,팜젠사이언스,KOSPI,,3605,2,-50,-1.37,3655,3655,3585,37037,133955782,79145979710,21954502,STK
065170,KR7065170003,비엘팜텍,KOSDAQ,투자주의환기종목(소속부없음),2835,2,-85,-2.91,2920,2955,2790,568646,1630622776,79135603155,27913793,KSQ
009770,KR7009770009,삼정펄프,KOSPI,,31650,2,-200,-0.63,31850,31850,31250,774,24445500,79124082150,2499971,STK
222040,KR7222040008,코스맥스엔비티,KOSDAQ,중견기업부,3830,2,-100,-2.54,3990,3990,3780,29533,113133007,79005240000,20628000,KSQ
290660,KR7290660000,네오펙트,KOSDAQ,기술성장기업부,1014,2,-27,-2.59,1043,1105,990,1776352,1818217222,78948906348,77858882,KSQ
273640,KR7273640003,와이엠텍,KOSDAQ,벤처기업부,7190,1,90,1.27,7100,7240,7100,4379,31406075,78845540000,10966000,KSQ
142280,KR7142280007,녹십자엠에스,KOSDAQ,중견기업부,3625,2,-55,-1.49,3680,3700,3600,10541,38268925,78814481750,21741926,KSQ
900250,KYG2115T1076,크리스탈신소재,KOSDAQ,외국기업(소속부없음),549,2,-25,-4.36,569,580,543,415459,230860353,78649742196,143260004,KSQ
027830,KR7027830009,대성창투,KOSDAQ,벤처기업부,1455,2,-22,-1.49,1477,1484,1455,49077,72069654,78570000000,54000000,KSQ
064800,KR7064800006,포니링크,KOSDAQ,중견기업부,613,2,-25,-3.92,638,645,601,292848,179271657,78345873674,127807298,KSQ
010280,KR7010280006,아이티센엔텍,KOSDAQ,중견기업부,1203,1,110,10.06,1105,1290,1093,4331651,5267054778,78343914558,65123786,KSQ
013700,KR7013700000,까뮤이앤씨,KOSPI,,1306,2,-38,-2.83,1344,1347,1282,77166,100956294,78034583980,59750830,STK
000850,KR7000850008,화천기공,KOSPI,,35400,2,-300,-0.84,35700,35800,35150,5689,201739250,77880000000,2200000,STK
127710,KR7127710002,아시아경제,KOSDAQ,중견기업부,1763,1,22,1.26,1742,1792,1729,206112,363372136,77658757230,44049210,KSQ
010040,KR7010040004,한국내화,KOSPI,,1889,1,11,0.59,1947,1948,1878,15387,29466189,77575680118,41067062,STK
003925,KR7003921004,남양유업우,KOSPI,,38650,2,-150,-0.39,39850,39850,38500,2817,109155000,77300000000,2000000,STK
046940,KR7046940003,우원개발,KOSDAQ,벤처기업부,4275,2,-65,-1.5,4340,4385,4215,110708,473130533,77267846250,18074350,KSQ
045660,KR7045660008,에이텍,KOSDAQ,벤처기업부,9340,1,80,0.86,9260,9500,9260,15287,142448040,77148400000,8260000,KSQ
006090,KR7006090005,사조오양,KOSPI,,8170,2,-60,-0.73,8290,8350,8130,2301,18845120,76983777630,9422739,STK
452400,KR7452400005,이닉스,KOSDAQ,벤처기업부,8480,2,-20,-0.24,8500,8700,8350,5420,46023070,76925709440,9071428,KSQ
055490,KR7055490007,테이팩스,KOSPI,,16120,1,70,0.44,16160,16500,16010,11922,193176385,76886758000,4769650,STK
037230,KR7037230000,한국팩키지,KOSDAQ,중견기업부,2580,1,70,2.79,2535,2970,2430,10246544,28021868522,76884843660,29800327,KSQ
228670,KR7228670006,레이,KOSDAQ,벤처기업부,4925,2,-155,-3.05,5040,5040,4895,51594,255306247,76840096250,15602050,KSQ
037760,KR7037760006,쎄니트,KOSDAQ,우량기업부,2265,2,-25,-1.09,2345,2345,2190,62446,141838970,76631566065,33832921,KSQ
900260,HK0000295359,로스웰,KOSDAQ,외국기업(소속부없음),1664,1,1,0.06,1645,1664,1639,2377,3907818,76593430784,46029706,KSQ
163280,KR7163280001,에어레인,KOSDAQ,기술성장기업부,5630,2,-200,-3.43,5790,5900,5580,88242,504574450,76585329140,13603078,KSQ
041460,KR7041460007,한국전자인증,KOSDAQ,중견기업부,4030,1,20,0.5,4045,4070,3985,61701,247973390,76570000000,19000000,KSQ
014470,KR7014470009,부방,KOSDAQ,중견기업부,1275,2,-11,-0.86,1286,1295,1271,52346,67045709,76566631500,60052260,KSQ
226330,KR7226330009,신테카바이오,KOSDAQ,기술성장기업부,3155,2,-35,-1.1,3190,3225,3130,87843,277977704,76535488625,24258475,KSQ
260930,KR7260930003,씨티케이,KOSDAQ,중견기업부,3955,1,130,3.4,3825,4350,3825,859801,3525395428,76495992405,19341591,KSQ
136410,KR7136410008,아셈스,KOSDAQ,벤처기업부,6940,2,-90,-1.28,7030,7110,6910,13808,96590795,76472595640,11019106,KSQ
016250,KR7016250003,SGC E&C,KOSDAQ,중견기업부,15170,3,0,0.0,15390,15450,14710,10028,152532810,76411077620,5036986,KSQ
017650,KR7017650003,대림제지,KOSDAQ,우량기업부,8690,1,140,1.64,8850,8850,8550,30814,266950000,76341650000,8785000,KSQ
016090,KR7016090003,대현,KOSPI,,1722,2,-31,-1.77,1754,1755,1710,82451,142243010,76254137820,44282310,STK
004540,KR7004540001,깨끗한나라,KOSPI,,2040,1,10,0.49,2080,2095,2005,240814,491777095,75971013720,37240693,STK
023810,KR7023810005,인팩,KOSPI,,7590,2,-120,-1.56,7930,7930,7530,19769,150034430,75900000000,10000000,STK
417790,KR7417790003,트루엔,KOSDAQ,벤처기업부,7230,1,100,1.4,7210,7280,7130,9802,70433400,75686466930,10468391,KSQ
299900,KR7299900001,위지윅스튜디오,KOSDAQ,중견기업부,442,2,-13,-2.86,453,458,440,204910,91527095,75603606728,171048884,KSQ
253840,KR7253840003,수젠텍,KOSDAQ,벤처기업부,4515,2,-65,-1.42,4540,4630,4480,29721,135071707,75595548000,16743200,KSQ
094940,KR7094940004,푸른기술,KOSDAQ,벤처기업부,9040,2,-130,-1.42,9200,9360,8980,32732,298960090,75586929440,8361386,KSQ
459100,KR7459100004,위츠,KOSDAQ,중견기업부,5650,2,-10,-0.18,5660,5700,5610,35788,202968770,75512250000,13365000,KSQ
475430,KR7475430005,키스트론,KOSDAQ,중견기업부,4225,2,-35,-0.82,4230,4300,4200,25754,108929642,75408264750,17848110,KSQ
159010,KR7159010008,아스플로,KOSDAQ,벤처기업부,5640,2,-120,-2.08,6020,6020,5580,45192,260679695,75207927960,13334739,KSQ
011390,KR7011390002,부산산업,KOSPI,,71200,2,-200,-0.28,71500,71500,70300,1847,130985300,75187200000,1056000,STK
246960,KR7246960009,SCL사이언스,KOSDAQ,기술성장기업부,2210,2,-60,-2.64,2300,2315,2140,67625,149130153,75177673870,34017047,KSQ
215360,KR7215360009,우리산업,KOSDAQ,우량기업부,8230,2,-130,-1.56,8360,8360,8200,12919,106654800,75157701490,9132163,KSQ
004590,KR7004590006,한국가구,KOSDAQ,중견기업부,5010,2,-10,-0.2,5020,5070,4985,36044,181328610,75150000000,15000000,KSQ
378800,KR7378800007,샤페론,KOSDAQ,기술성장기업부,1625,2,-32,-1.93,1657,1674,1618,316314,516954515,75144925375,46243031,KSQ
039240,KR7039240007,경남스틸,KOSDAQ,우량기업부,2785,2,-15,-0.54,2760,2885,2760,269431,755929089,75138197140,26979604,KSQ
458350,KR7458350006,에스팀,KOSDAQ,중견기업부,8630,2,-430,-4.75,8790,9290,8580,361525,3170439320,74936016000,8683200,KSQ
187420,KR7187420005,HLB제넥스,KOSDAQ,기술성장기업부,2550,3,0,0.0,2570,2595,2520,31604,80729950,74904230400,29374208,KSQ
317690,KR7317690006,퀀타매트릭스,KOSDAQ,기술성장기업부,3720,2,-200,-5.1,3890,3945,3660,93804,350588682,74902307880,20135029,KSQ
206560,KR7206560005,덱스터,KOSDAQ,기술성장기업부,2940,2,-95,-3.13,3010,3030,2910,38530,113331935,74710503840,25411736,KSQ
153710,KR7153710009,옵티팜,KOSDAQ,기술성장기업부,5090,2,-20,-0.39,5110,5160,5050,8049,40982970,74670086220,14669958,KSQ
049470,KR7049470008,비트플래닛,KOSDAQ,중견기업부,634,2,-29,-4.37,657,680,612,635572,401044388,74637331732,117724498,KSQ
002795,KR7002791002,아모레퍼시픽홀딩스우,KOSPI,,11570,2,-70,-0.6,11650,11660,11510,18361,212624345,74554418900,6443770,STK
391710,KR7391710001,코닉오토메이션,KOSDAQ,벤처기업부,1749,2,-34,-1.91,1783,1788,1745,49736,87655116,74543202030,42620470,KSQ
052900,KR7052900008,KX하이텍,KOSDAQ,우량기업부,1071,2,-8,-0.74,1086,1108,1063,185193,200248848,74414399472,69481232,KSQ
053450,KR7053450003,세코닉스,KOSDAQ,우량기업부,5030,3,0,0.0,5030,5080,5030,19844,100015155,74407799090,14792803,KSQ
089850,KR7089850002,유비벨록스,KOSDAQ,우량기업부,5050,2,-80,-1.56,5180,5180,5030,16626,84337560,74387504950,14730199,KSQ
069730,KR7069730000,DSR제강,KOSPI,,5160,1,175,3.51,4985,5280,4960,157071,810981585,74304000000,14400000,STK
291650,KR7291650000,압타머사이언스,KOSDAQ,기술성장기업부,1841,2,-100,-5.15,1960,1960,1788,287701,527208847,74113306372,40257092,KSQ
171120,KR7171120009,라이온켐텍,KOSDAQ,중견기업부,2060,3,0,0.0,2065,2075,2040,13897,28505685,73957625600,35901760,KSQ
241790,KR7241790005,티이엠씨씨엔에스,KOSDAQ,우량기업부,7380,2,-60,-0.81,7460,7750,7300,18276,136861530,73819438920,10002634,KSQ
289220,KR7289220006,자이언트스텝,KOSDAQ,기술성장기업부,3305,2,-100,-2.94,3405,3435,3300,12888,42966315,73741890405,22312221,KSQ
058730,KR7058730003,다스코,KOSPI,,3695,2,-60,-1.6,3795,3795,3610,216662,794132430,73708676595,19948221,STK
038680,KR7038680005,에스넷,KOSDAQ,우량기업부,3690,1,50,1.37,3655,3765,3550,442623,1620085836,73477648980,19912642,KSQ
100220,KR7100220003,비상교육,KOSPI,,5650,2,-30,-0.53,5700,5800,5620,25978,148551530,73431586650,12996741,STK
317870,KR7317870004,엔바이오니아,KOSDAQ,기술성장기업부,8300,2,-320,-3.71,8620,8620,8290,15897,133943670,73387728500,8841895,KSQ
076610,KR7076610005,해성옵틱스,KOSDAQ,벤처기업부,1379,2,-56,-3.9,1435,1456,1363,1314100,1836188608,73328931760,53175440,KSQ
011320,KR7011320009,유니크,KOSDAQ,우량기업부,3795,2,-20,-0.52,3830,3840,3780,19059,72440380,73322037525,19320695,KSQ
033310,KR7033310004,엠투엔,KOSDAQ,우량기업부,1834,2,-25,-1.34,1859,1879,1821,33449,61667444,73309484304,39972456,KSQ
192250,KR7192250009,케이사인,KOSDAQ,벤처기업부,10370,2,-60,-0.58,10700,10700,10300,19249,202071620,73286086250,7067125,KSQ
000725,KR7000721001,현대건설우,KOSPI,,69400,1,900,1.31,68700,71000,68700,5912,410493650,73195694200,1054693,STK
095910,KR7095910006,에스에너지,KOSDAQ,중견기업부,1983,1,39,2.01,1980,2150,1865,21252372,42650556920,73178294043,36902821,KSQ
088280,KR7088280003,쏘닉스,KOSDAQ,기술성장기업부,4225,1,120,2.92,4170,4775,3915,3241160,14219250706,73119920250,17306490,KSQ
043650,KR7043650001,국순당,KOSDAQ,중견기업부,4090,2,-15,-0.37,4110,4170,4090,16079,66086945,73040463360,17858304,KSQ
018500,KR7018500009,동원금속,KOSPI,,1560,2,-16,-1.02,1576,1580,1546,89704,140084579,72937695480,46754933,STK
089230,KR7089230007,THE E&M,KOSDAQ,중견기업부,2145,1,25,1.18,2120,2420,2105,1014593,2289980222,72633616770,33861826,KSQ
071090,KR7071090005,하이스틸,KOSPI,,3590,2,-125,-3.36,3615,3715,3560,375189,1356963649,72487380890,20191471,STK
039010,KR7039010004,현대에이치티,KOSDAQ,우량기업부,8400,2,-100,-1.18,8450,8630,8180,26982,225233910,72450000000,8625000,KSQ
017480,KR7017480005,삼현철강,KOSDAQ,우량기업부,4610,1,5,0.11,4610,4625,4575,11591,53410693,72390322900,15702890,KSQ
460870,KR7460870009,에스엠씨지,KOSDAQ,벤처기업부,3605,2,-5,-0.14,3615,3770,3570,309221,1130150856,72364260920,20073304,KSQ
024910,KR7024910002,경창산업,KOSDAQ,우량기업부,2020,2,-15,-0.74,2050,2085,1996,260003,525901195,72354390100,35819005,KSQ
043710,KR7043710003,서울리거,KOSDAQ,중견기업부,835,2,-19,-2.22,859,859,820,34973,29418269,72279695850,86562510,KSQ
246690,KR7246690002,TS인베스트먼트,KOSDAQ,중견기업부,1617,1,2,0.12,1599,1640,1590,158529,255870469,72234001455,44671615,KSQ
0013V0,KR70013V0002,삼진식품,KOSDAQ,중견기업부,7280,2,-140,-1.89,7320,7420,7250,47279,346311820,72207815680,9918656,KSQ
262260,KR7262260003,에이프로,KOSDAQ,우량기업부,4985,2,-15,-0.3,5000,5080,4890,16123,80612975,72123737720,14468152,KSQ
408900,KR7408900009,스튜디오미르,KOSDAQ,중견기업부,2195,2,-5,-0.23,2200,2260,2135,80151,176354699,71892679155,32752929,KSQ
104620,KR7104620000,노랑풍선,KOSDAQ,중견기업부,4275,2,-5,-0.12,4245,4350,4245,31239,133450703,71865109800,16810552,KSQ
054930,KR7054930003,유신,KOSDAQ,우량기업부,23950,1,200,0.84,23850,24050,23500,12080,286923975,71850000000,3000000,KSQ
234920,KR7234920007,자이글,KOSDAQ,관리종목(소속부없음),5310,0,0,0.0,0,0,0,0,0,71849132100,13530910,KSQ
066430,KR7066430000,아이로보틱스,KOSDAQ,중견기업부,1835,2,-25,-1.34,1860,1903,1835,125845,234847287,71846628460,39153476,KSQ
159580,KR7159580000,제로투세븐,KOSDAQ,중견기업부,3585,2,-55,-1.51,3640,3640,3570,13703,49200305,71817000060,20032636,KSQ
012790,KR7012790002,신일제약,KOSDAQ,우량기업부,5980,1,10,0.17,5970,6010,5950,3979,23772610,71678761700,11986415,KSQ
435570,KR7435570007,에르코스,KOSDAQ,벤처기업부,9410,2,-410,-4.18,9740,9880,9400,20147,192465490,71675810030,7616983,KSQ
129260,KR7129260006,인터지스,KOSPI,,2400,2,-10,-0.41,2410,2420,2390,25994,62488150,71394897600,29747874,STK
011000,KR7011000007,진원생명과학,KOSPI,,785,2,-83,-9.56,850,864,775,1983002,1579423316,71343081995,90882907,STK
317850,KR7317850006,대모,KOSDAQ,벤처기업부,8570,1,100,1.18,8520,8700,8420,60026,514236330,71340279400,8324420,KSQ
123420,KR7123420002,위메이드플레이,KOSDAQ,우량기업부,6760,2,-80,-1.17,6790,6860,6620,13786,92505270,71333777840,10552334,KSQ
056360,KR7056360001,코위버,KOSDAQ,벤처기업부,7280,1,70,0.97,7600,7770,7130,595410,4414039700,71320704000,9796800,KSQ
299660,KR7299660001,셀리드,KOSDAQ,기술성장기업부,2410,2,-20,-0.82,2600,2600,2380,127989,311769300,71102174570,29502977,KSQ
234100,KR7234100006,폴라리스세원,KOSDAQ,우량기업부,1001,2,-8,-0.79,1006,1018,992,170888,171135921,71051514534,70980534,KSQ
222110,KR7222110009,팬젠,KOSDAQ,기술성장기업부,5260,1,10,0.19,5250,5310,5170,8489,44526860,70979476220,13494197,KSQ
104540,KR7104540000,코렌텍,KOSDAQ,기술성장기업부,5550,2,-150,-2.63,5700,5710,5500,20287,113223005,70960857000,12785740,KSQ
307870,KR7307870006,비투엔,KOSDAQ,벤처기업부,1190,2,-11,-0.92,1201,1217,1113,425424,493051138,70881768090,59564511,KSQ
003010,KR7003010006,혜인,KOSPI,,5570,2,-40,-0.71,5610,5650,5520,61315,342269070,70810000790,12712747,STK
039020,KR7039020003,이건홀딩스,KOSDAQ,중견기업부,3135,2,-65,-2.03,3200,3235,3135,28106,89332320,70803062715,22584709,KSQ
446840,KR7446840001,지슨,KOSDAQ,기술성장기업부,1282,2,-8,-0.62,1290,1348,1250,43677,56133838,70616512406,55083083,KSQ
036000,KR7036000008,예림당,KOSDAQ,중견기업부,3060,2,-35,-1.13,3130,3150,3040,14705,45110175,70484887620,23034277,KSQ
036090,KR7036090009,위지트,KOSDAQ,중견기업부,595,1,9,1.54,589,608,589,434291,259945100,70443408980,118392284,KSQ
094850,KR7094850005,참좋은여행,KOSDAQ,벤처기업부,5030,2,-50,-0.98,5010,5080,5010,18835,94774370,70420000000,14000000,KSQ
263800,KR7263800005,데이타솔루션,KOSDAQ,중견기업부,4340,2,-30,-0.69,4400,4400,4280,15688,67787795,70418149200,16225380,KSQ
424980,KR7424980001,마이크로투나노,KOSDAQ,기술성장기업부,11890,1,60,0.51,11830,12270,11830,9764,116699260,70375602100,5918890,KSQ
003780,KR7003780004,진양산업,KOSPI,,5410,2,-30,-0.55,5400,5450,5370,25448,137285610,70330000000,13000000,STK
042110,KR7042110007,에스씨디,KOSDAQ,우량기업부,1455,2,-6,-0.41,1465,1473,1380,390379,566493832,70319515620,48329564,KSQ
027050,KR7027050004,코리아나,KOSDAQ,중견기업부,1754,2,-29,-1.63,1783,1792,1750,96806,170307610,70160000000,40000000,KSQ
373160,KR7373160001,데이원컴퍼니,KOSDAQ,기술성장기업부,5080,1,50,0.99,5250,5250,4820,20603,104262095,70130512520,13805219,KSQ
109080,KR7109080002,옵티시스,KOSDAQ,벤처기업부,12430,2,-450,-3.49,12860,14130,12320,377691,4989706320,70055480000,5636000,KSQ
347860,KR7347860009,알체라,KOSDAQ,벤처기업부,1809,2,-11,-0.6,1837,1880,1712,148645,269935749,70028128449,38710961,KSQ
002140,KR7002140002,고려산업,KOSPI,,2805,1,70,2.56,2775,2885,2735,1017700,2865119765,69955087125,24939425,STK
317530,KR7317530004,캐리소프트,KOSDAQ,기술성장기업부,3990,1,55,1.4,3935,4005,3905,3688,14540910,69804579180,17494882,KSQ
036120,KR7036120004,서울평가정보,KOSDAQ,중견기업부,1980,2,-5,-0.25,2015,2015,1962,74364,146903281,69587100000,35145000,KSQ
073640,KR7073640005,테라사이언스,KOSDAQ,관리종목(소속부없음),654,0,0,0.0,0,0,0,0,0,69571715580,106378770,KSQ
001620,KR7001620004,케이비아이동국실업,KOSPI,,624,2,-5,-0.79,629,640,613,453905,281430370,69446851344,111293031,STK
000220,KR7000220004,유유제약,KOSPI,,4075,2,-45,-1.09,4170,4170,4050,31660,128915405,69406830325,17032351,STK
294140,KR7294140009,레몬,KOSDAQ,관리종목(소속부없음),3095,2,-70,-2.21,3170,3235,3020,36352,113328375,69373861710,22414818,KSQ
227950,KR7227950003,엔투텍,KOSDAQ,중견기업부,402,2,-11,-2.66,420,420,398,518198,210089735,69361500894,172541047,KSQ
047400,KR7047400007,유니온머티리얼,KOSPI,,1649,1,15,0.92,1634,1677,1618,488250,802084096,69258000000,42000000,STK
212710,KR7212710008,아이에스티이,KOSDAQ,기술성장기업부,7140,2,-70,-0.97,7210,7320,7090,20551,147491720,68708062920,9622978,KSQ
140070,KR7140070004,서플러스글로벌,KOSDAQ,우량기업부,1855,2,-24,-1.28,1897,1897,1855,26561,49597343,68612740000,36988000,KSQ
052220,KR7052220001,iMBC,KOSDAQ,중견기업부,2980,3,0,0.0,2980,3030,2955,25986,77690160,68540000000,23000000,KSQ
002760,KR7002760007,보락,KOSPI,,1144,2,-22,-1.89,1172,1175,1138,80105,92108956,68525600000,59900000,STK
217190,KR7217190008,제너셈,KOSDAQ,벤처기업부,5200,2,-110,-2.07,5320,5400,5190,40514,212627090,68399557200,13153761,KSQ
198440,KR7198440000,강동씨앤엘,KOSDAQ,중견기업부,1122,1,2,0.18,1120,1122,1103,33975,37912746,68365587312,60931896,KSQ
053350,KR7053350005,이니텍,KOSDAQ,중견기업부,3100,2,-115,-3.58,3340,3340,3080,77914,248644997,68265301500,22021065,KSQ
010470,KR7010470003,오리콤,KOSDAQ,우량기업부,5695,2,-55,-0.96,5780,5790,5680,8792,50157825,68197909750,11975050,KSQ
111110,KR7111110003,호전실업,KOSPI,,7250,1,30,0.42,7250,7300,7210,11105,80611485,67976000000,9376000,STK
036670,KR7036670008,삼양케이씨아이,KOSDAQ,우량기업부,6030,2,-20,-0.33,6060,6100,5980,2055,12376020,67958100000,11270000,KSQ
155660,KR7155660004,DSR,KOSPI,,4245,1,15,0.35,4280,4320,4235,36799,157897501,67920000000,16000000,STK
004830,KR7004830006,덕성,KOSPI,,4330,2,-30,-0.69,4320,4440,4300,69175,300358975,67894400000,15680000,STK
066980,KR7066980004,한성크린텍,KOSDAQ,중견기업부,1303,2,-22,-1.66,1333,1375,1298,203621,269047003,67671467875,51935125,KSQ
109070,KR7109070003,주성코퍼레이션,KOSPI,,1281,1,11,0.87,1270,1350,1244,932175,1212729887,67649904630,52810230,STK
039420,KR7039420005,케이엘넷,KOSDAQ,중견기업부,2800,1,35,1.27,2780,2830,2750,22194,61957995,67633244000,24154730,KSQ
000910,KR7000910000,유니온,KOSPI,,4320,2,-50,-1.14,4400,4400,4310,58548,254794290,67442194080,15611619,STK
459550,KR7459550000,알트,KOSDAQ,중견기업부,2690,3,0,0.0,2660,2735,2620,169539,451960726,67432298610,25067769,KSQ
064240,KR7064240005,홈캐스트,KOSDAQ,중견기업부,1940,2,-35,-1.77,2015,2015,1886,51226,99903195,67306846940,34694251,KSQ
065500,KR7065500001,오리엔트정공,KOSDAQ,중견기업부,2020,2,-25,-1.22,2045,2050,2000,127698,257661729,67150682240,33242912,KSQ
040610,KR7040610008,SG&G,KOSDAQ,중견기업부,1966,2,-69,-3.39,2035,2045,1958,88645,175929995,67015427336,34087196,KSQ
162300,KR7162300008,신스틸,KOSDAQ,우량기업부,1615,2,-5,-0.31,1610,1634,1606,24105,39026272,66976281930,41471382,KSQ
063440,KR7063440002,SM Life Design,KOSDAQ,중견기업부,1455,2,-44,-2.94,1499,1499,1454,93990,138065460,66972419070,46029154,KSQ
479960,KR7479960007,위너스,KOSDAQ,중견기업부,9720,2,-130,-1.32,9850,10030,9680,4118,40159930,66591720000,6851000,KSQ
332370,KR7332370006,아이디피,KOSDAQ,중견기업부,5000,2,-30,-0.6,5050,5090,5000,757,3818860,66368630000,13273726,KSQ
004410,KR7004410007,서울식품,KOSPI,,168,2,-2,-1.18,171,172,165,9144849,1534265579,66284422848,394550136,STK
015710,KR7015710007,코콤,KOSDAQ,중견기업부,3780,2,-30,-0.79,3855,3860,3770,30186,115415270,66265290000,17530500,KSQ
087260,KR7087260006,모바일어플라이언스,KOSDAQ,벤처기업부,2035,2,-10,-0.49,2040,2065,2000,105341,213443762,66245072135,32552861,KSQ
067920,KR7067920009,이글루,KOSDAQ,우량기업부,6010,2,-80,-1.31,6090,6090,5920,21826,130331715,66086675190,10996119,KSQ
040350,KR7040350001,크레오에스지,KOSDAQ,중견기업부,676,2,-4,-0.59,680,700,650,307361,206955474,65979398836,97602661,KSQ
145170,KR7145170007,노브랜드,KOSDAQ,중견기업부,3895,2,-55,-1.39,3950,3975,3860,12096,47475292,65858237475,16908405,KSQ
072130,KR7072130008,유엔젤,KOSPI,,5100,2,-80,-1.54,5180,5270,5060,86505,444726350,65766815400,12895454,STK
196300,KR7196300008,HLB펩,KOSDAQ,관리종목(소속부없음),7060,1,60,0.86,7000,7290,6960,3317,23420320,65611389880,9293398,KSQ
002630,KR7002630002,오리엔트바이오,KOSPI,,552,2,-17,-2.99,574,574,546,420376,233940782,65457818760,118583005,STK
049480,KR7049480007,오픈베이스,KOSDAQ,우량기업부,2080,2,-15,-0.72,2100,2115,2080,57187,119651361,65358556640,31422383,KSQ
372910,KR7372910000,한컴라이프케어,KOSPI,,2360,1,40,1.72,2320,2405,2320,81992,194975108,65311598160,27674406,STK
099410,KR7099410003,동방선기,KOSDAQ,벤처기업부,4665,2,-195,-4.01,4860,4860,4590,65964,310579117,65310000000,14000000,KSQ
950200,KR8840150005,소마젠,KOSDAQ,외국기업(소속부없음),3395,1,70,2.11,3350,3400,3290,9888,32879415,65306399935,19236053,KSQ
168330,KR7168330009,내츄럴엔도텍,KOSDAQ,투자주의환기종목(소속부없음),2050,2,-15,-0.73,2065,2155,2025,27565,56664440,65097545000,31754900,KSQ
155650,KR7155650005,와이엠씨,KOSDAQ,우량기업부,3430,2,-100,-2.83,3505,3525,3425,10896,37681410,65082047940,18974358,KSQ
218150,KR7218150001,미래생명자원,KOSDAQ,벤처기업부,3185,1,40,1.27,3225,3380,3135,1293997,4219697329,65024329370,20415802,KSQ
302430,KR7302430004,이노메트리,KOSDAQ,벤처기업부,6610,1,10,0.15,6710,6800,6610,10803,72382375,64997504880,9833208,KSQ
340440,KR7340440007,세림B&G,KOSDAQ,벤처기업부,2290,1,275,13.65,2050,2550,1856,33865500,77708161928,64986453560,28378364,KSQ
072470,KR7072470008,우리산업홀딩스,KOSDAQ,중견기업부,3440,2,-50,-1.43,3505,3505,3395,19372,66567030,64972453040,18887341,KSQ
37550K,KR737550K011,DL이앤씨우,KOSPI,,30700,1,150,0.49,31250,32000,30000,28419,885590975,64896269500,2113885,STK
109860,KR7109860007,동일금속,KOSDAQ,우량기업부,7130,2,-60,-0.83,7210,7230,7110,1367,9786940,64883000000,9100000,KSQ
092440,KR7092440007,기신정기,KOSPI,,2205,2,-25,-1.12,2230,2255,2190,49169,108777777,64386000000,29200000,STK
072990,KR7072990005,에이치시티,KOSDAQ,우량기업부,4465,1,10,0.22,4465,4595,4465,48776,219576635,64323709790,14406206,KSQ
006980,KR7006980007,우성,KOSPI,,20800,1,750,3.74,20900,21750,20250,9444,197753800,64272000000,3090000,STK
060310,KR7060310000,3S,KOSDAQ,벤처기업부,1209,1,8,0.67,1191,1236,1191,100185,121255979,64148379360,53059040,KSQ
024900,KR7024900003,디와이덕양,KOSPI,,1968,1,23,1.18,1990,1990,1941,66911,130565651,64087880640,32564980,STK
080010,KR7080010002,이상네트웍스,KOSDAQ,중견기업부,6480,2,-50,-0.77,6530,6530,6380,4906,31589660,63731260080,9835071,KSQ
185490,KR7185490000,아이진,KOSDAQ,벤처기업부,1472,1,22,1.52,1450,1490,1419,128663,187588664,63634242048,43229784,KSQ
122310,KR7122310006,제노레이,KOSDAQ,우량기업부,4360,1,60,1.4,4335,5110,4245,1108226,5196135404,63454759840,14553844,KSQ
215790,KR7215790007,이노인스트루먼트,KOSDAQ,벤처기업부,1574,4,363,29.98,1404,1574,1352,7174294,10996281458,63405676526,40283149,KSQ
480370,KR7480370006,씨케이솔루션,KOSPI,,1950,2,-47,-2.35,1997,2035,1934,86073,170223131,63338745600,32481408,STK
067370,KR7067370007,선바이오,KOSDAQ,기술성장기업부,5180,2,-70,-1.33,5240,5250,5120,3568,18519340,63162614900,12193555,KSQ
082210,KR7082210006,옵트론텍,KOSDAQ,중견기업부,1902,2,-22,-1.14,1924,1965,1890,48782,93327157,63131895348,33192374,KSQ
457370,KR7457370005,한켐,KOSDAQ,중견기업부,7830,1,70,0.9,7730,7990,7730,23056,179844030,62852459220,8027134,KSQ
049550,KR7049550007,잉크테크,KOSDAQ,우량기업부,3205,2,-30,-0.93,3210,3265,3135,3534,11346265,62838117785,19606277,KSQ
393210,KR7393210000,토마토시스템,KOSDAQ,기술성장기업부,4015,2,-80,-1.95,4090,4140,4005,19237,77892699,62692394160,15614544,KSQ
072770,KR7072770001,멤레이비티,KOSDAQ,중견기업부,754,1,30,4.14,724,779,724,254542,191578756,62600243784,83024196,KSQ
219550,KR7219550001,디와이디,KOSDAQ,관리종목(소속부없음),1658,1,6,0.36,1652,1750,1600,50002,83031465,62540559156,37720482,KSQ
078590,KR7078590007,휴림에이텍,KOSDAQ,벤처기업부,736,2,-43,-5.52,779,790,731,2978248,2248268396,62513577536,84936926,KSQ
199550,KR7199550005,레이저옵텍,KOSDAQ,벤처기업부,5090,2,-210,-3.96,5300,5330,5030,66930,343140620,62432876190,12265791,KSQ
189980,KR7189980006,흥국에프엔비,KOSDAQ,우량기업부,1555,1,12,0.78,1539,1565,1538,93808,145402562,62414320985,40137827,KSQ
347740,KR7347740003,피엔케이피부임상연구센타,KOSDAQ,벤처기업부,2075,1,5,0.24,2100,2100,2045,47336,97998520,62271945200,30010576,KSQ
001465,KR7001461003,BYC우,KOSPI,,28900,2,-150,-0.52,28950,29050,28550,322,9273950,62246265000,2153850,STK
222420,KR7222420002,쎄노텍,KOSDAQ,벤처기업부,1285,2,-25,-1.91,1316,1375,1271,264899,347647033,62171646140,48382604,KSQ
007370,KR7007370000,진양제약,KOSDAQ,우량기업부,4395,2,-20,-0.45,4420,4430,4370,19296,84874725,62121509865,14134587,KSQ
318160,KR7318160009,셀바이오휴먼텍,KOSDAQ,벤처기업부,6640,2,-70,-1.04,6710,6760,6560,16018,106174880,62025574640,9341201,KSQ
294090,KR7294090006,이오플로우,KOSDAQ,관리종목(소속부없음),1490,0,0,0.0,0,0,0,0,0,61997566450,41609105,KSQ
321260,KR7321260002,프로이천,KOSDAQ,벤처기업부,2185,1,298,15.79,1988,2285,1864,3783416,8133333357,61599703540,28192084,KSQ
053950,KR7053950002,경남제약,KOSDAQ,중견기업부,788,2,-12,-1.5,804,813,779,679005,538223083,61580118104,78147358,KSQ
010240,KR7010240000,흥국,KOSDAQ,우량기업부,5260,2,-40,-0.75,5270,5300,5200,4540,23874415,61573560000,11706000,KSQ
306040,KR7306040007,에스제이그룹,KOSDAQ,우량기업부,6240,1,90,1.46,6220,6460,6150,98787,621181310,61562766720,9865828,KSQ
005305,KR7005301007,롯데칠성우,KOSPI,,79400,1,1000,1.28,78400,79500,77700,2303,180437100,61559614000,775310,STK
053270,KR7053270005,구영테크,KOSDAQ,우량기업부,2245,3,0,0.0,2265,2265,2225,36799,82590810,61536359225,27410405,KSQ
088910,KR7088910005,동우팜투테이블,KOSDAQ,우량기업부,2380,1,15,0.63,2365,2395,2355,17684,41958199,61479598320,25831764,KSQ
378850,KR7378850002,화승알앤에이,KOSPI,,3235,2,-55,-1.67,3260,3285,3220,25511,82850100,61444370405,18993623,STK
096630,KR7096630009,에스코넥,KOSDAQ,중견기업부,774,2,-41,-5.03,815,826,773,422535,333439864,61441370784,79381616,KSQ
215090,KR7215090002,솔디펜스,KOSDAQ,중견기업부,2650,2,-140,-5.02,2795,2795,2640,85081,229525855,61362501650,23155661,KSQ
369370,KR7369370002,블리츠웨이엔터테인먼트,KOSDAQ,벤처기업부,1229,2,-46,-3.61,1277,1285,1220,194795,242218164,61292578619,49871911,KSQ
017180,KR7017180001,명문제약,KOSPI,,1805,2,-29,-1.58,1835,1844,1790,33416,60312341,61285984470,33953454,STK
219750,KR7219750007,한국비티비,KOSDAQ,중견기업부,935,2,-16,-1.68,969,969,915,37706,35116714,61174137475,65426885,KSQ
137080,KR7137080008,나래나노텍,KOSDAQ,벤처기업부,5530,1,270,5.13,5350,5590,5050,42347,230802500,61158603660,11059422,KSQ
196450,KR7196450001,코아시아씨엠,KOSDAQ,중견기업부,1347,2,-56,-3.99,1404,1414,1342,127594,174275204,61045476954,45319582,KSQ
333620,KR7333620003,엔시스,KOSDAQ,벤처기업부,5780,2,-10,-0.17,5640,5930,5640,8502,49018080,61015668320,10556344,KSQ
288620,KR7288620008,에스퓨얼셀,KOSDAQ,벤처기업부,8740,1,50,0.58,8800,9100,8680,18082,158402970,60999221840,6979316,KSQ
004780,KR7004780003,대륙제관,KOSDAQ,우량기업부,3830,1,55,1.46,3800,3850,3800,47718,183070137,60909252170,15903199,KSQ
009835,KR7009831009,한화솔루션우,KOSPI,,23650,2,-400,-1.66,24050,24050,23150,10122,238919025,60907003850,2575349,STK
037950,KR7037950003,엘컴텍,KOSDAQ,중견기업부,720,1,4,0.56,716,730,716,170689,123270965,60802213680,84447519,KSQ
004910,KR7004910006,조광페인트,KOSPI,,4750,2,-70,-1.45,4820,4890,4735,34189,163221510,60800000000,12800000,STK
008370,KR7008370009,원풍,KOSDAQ,우량기업부,5030,1,55,1.11,4970,5050,4970,1870,9382665,60360000000,12000000,KSQ
014190,KR7014190003,원익큐브,KOSDAQ,우량기업부,1705,2,-21,-1.22,1746,1746,1694,56423,96609056,60356839730,35399906,KSQ
033170,KR7033170002,시그네틱스,KOSDAQ,중견기업부,704,1,14,2.03,696,729,690,180613,129148379,60352736576,85728319,KSQ
006370,KR7006370001,대구백화점,KOSPI,,5570,2,-130,-2.28,5660,6100,5300,141908,798682080,60276373270,10821611,STK
052790,KR7052790003,액토즈소프트,KOSDAQ,중견기업부,5310,2,-10,-0.19,5350,5350,5260,10045,53257440,60165687780,11330638,KSQ
261200,KR7261200000,덴티스,KOSDAQ,우량기업부,3800,2,-115,-2.94,3915,3915,3795,25870,99228930,60076860000,15809700,KSQ
037330,KR7037330008,인지디스플레,KOSDAQ,우량기업부,1367,1,17,1.26,1369,1397,1348,40514,55643086,59991101208,43885224,KSQ
068330,KR7068330000,일신바이오,KOSDAQ,중견기업부,1355,2,-59,-4.17,1413,1418,1349,264873,364138923,59912869700,44216140,KSQ
033830,KR7033830001,티비씨,KOSDAQ,중견기업부,599,2,-4,-0.66,608,609,599,57940,34878676,59900000000,100000000,KSQ
177900,KR7177900008,쓰리에이로직스,KOSDAQ,기술성장기업부,6240,1,110,1.79,6250,6250,6130,31710,196245945,59809152000,9584800,KSQ
053620,KR7053620001,태양,KOSDAQ,우량기업부,6950,2,-40,-0.57,6950,7060,6950,1511,10561920,59770000000,8600000,KSQ
263690,KR7263690000,디알젬,KOSDAQ,우량기업부,5260,2,-40,-0.75,5300,5330,5250,3208,16928960,59572708600,11325610,KSQ
357250,KR7357250000,미래에셋맵스리츠,KOSPI,,2380,3,0,0.0,2380,2392,2370,7860,18675852,59488349900,24995105,STK
089150,KR7089150007,케이씨티,KOSDAQ,중견기업부,3465,1,45,1.32,3420,3690,3360,746163,2621196741,59424750000,17150000,KSQ
143540,KR7143540003,영우디에스피,KOSDAQ,벤처기업부,1332,2,-16,-1.19,1348,1364,1300,188801,252259530,59407060140,44599895,KSQ
004450,KR7004450003,삼화왕관,KOSPI,,27550,3,0,0.0,27750,27750,27450,314,8644800,59353141450,2154379,STK
050960,KR7050960004,수산아이앤티,KOSDAQ,벤처기업부,8790,2,-50,-0.57,8840,9020,8760,2402,21207300,59341290000,6751000,KSQ
006490,KR7006490007,인스코비,KOSPI,,471,1,31,7.05,460,555,435,12288402,6131786189,59292361107,125886117,STK
0010V0,KR70010V0005,제이피아이헬스케어,KOSDAQ,벤처기업부,11610,2,-270,-2.27,11880,12000,11560,5942,69227930,59273694000,5105400,KSQ
127980,KR7127980001,화인써키트,KOSDAQ,중견기업부,4995,2,-5,-0.1,5000,5020,4960,800,3984855,59144216580,11840684,KSQ
053980,KR7053980009,오상자이엘,KOSDAQ,우량기업부,3110,1,20,0.65,3100,3115,3070,16978,52641340,59036455130,18982783,KSQ
277070,KR7277070009,린드먼아시아,KOSDAQ,중견기업부,4300,1,75,1.78,4225,4495,4200,11763,50277945,58875600000,13692000,KSQ
000890,KR7000890004,보해양조,KOSPI,,426,2,-5,-1.16,430,434,420,612374,259277686,58839174954,138120129,STK
013720,KR7013720008,THE CUBE&,KOSDAQ,중견기업부,967,1,49,5.34,925,998,925,991869,966753270,58820814281,60828143,KSQ
009190,KR7009190000,대양금속,KOSPI,,1361,2,-13,-0.95,1374,1408,1331,191642,259439305,58785162625,43192625,STK
237820,KR7237820006,플레이디,KOSDAQ,중견기업부,4580,2,-25,-0.54,4610,4615,4570,1822,8373045,58748301200,12827140,KSQ
198080,KR7198080004,캐프,KOSDAQ,우량기업부,2725,1,80,3.02,2645,2750,2605,248690,667810477,58683379125,21535185,KSQ
419120,KR7419120001,산돌,KOSDAQ,중견기업부,3980,2,-55,-1.36,4000,4030,3930,35340,140201665,58579080760,14718362,KSQ
170790,KR7170790000,파이오링크,KOSDAQ,우량기업부,9110,2,-200,-2.15,9400,9400,9020,27566,252306550,58279721850,6397335,KSQ
099520,KR7099520009,DGI,KOSDAQ,관리종목(소속부없음),1284,0,0,0.0,0,0,0,0,0,58141862016,45281824,KSQ
093240,KR7093240000,형지엘리트,KOSPI,,946,2,-18,-1.87,964,972,943,384851,366276868,58075185014,61390259,STK
256630,KR7256630005,포인트엔지니어링,KOSDAQ,벤처기업부,1001,2,-7,-0.69,1018,1018,1000,1000,1011413,58055069072,57997072,KSQ
004770,KR7004770004,써니전자,KOSPI,,1634,2,-3,-0.18,1637,1670,1628,197554,326204293,58019153692,35507438,STK
025560,KR7025560004,미래산업,KOSPI,,12940,2,-140,-1.07,13080,13160,12850,14194,183813625,58005542760,4482654,STK
033540,KR7033540006,파라텍,KOSDAQ,중견기업부,1110,2,-10,-0.89,1120,1127,1105,304634,339313444,57993427410,52246331,KSQ
456570,KR7456570001,아이엠지티,KONEX,일반기업부,11010,2,-270,-2.39,11600,11600,11010,569,6301400,57937967040,5262304,KNX
045340,KR7045340007,토탈소프트,KOSDAQ,벤처기업부,6760,2,-40,-0.59,6860,6860,6670,22151,149476790,57852350400,8558040,KSQ
079000,KR7079000006,와토스코리아,KOSDAQ,중견기업부,8020,1,420,5.53,7600,8360,7550,70916,572612470,57744000000,7200000,KSQ
037440,KR7037440005,희림,KOSDAQ,우량기업부,4145,2,-40,-0.96,4185,4200,3900,71825,295477110,57708658875,13922475,KSQ
303360,KR7303360002,프로티아,KOSDAQ,기술성장기업부,4480,3,0,0.0,4530,4800,4400,27878,125523265,57701123200,12879715,KSQ
351330,KR7351330006,이삭엔지니어링,KOSDAQ,벤처기업부,6960,1,40,0.58,6920,7000,6890,14624,101400810,57688099200,8288520,KSQ
407400,KR7407400001,꿈비,KOSDAQ,벤처기업부,3940,2,-95,-2.35,3995,4035,3930,28314,112131009,57660063960,14634534,KSQ
075180,KR7075180000,새론오토모티브,KOSPI,,3000,2,-30,-0.99,3075,3075,3000,465,1399465,57600000000,19200000,STK
072950,KR7072950009,빛샘전자,KOSDAQ,벤처기업부,7150,2,-200,-2.72,7330,7940,7150,268245,2023936390,57576161500,8052610,KSQ
245620,KR7245620000,EDGC,KOSDAQ,관리종목(소속부없음),415,0,0,0.0,0,0,0,0,0,57474989665,138493951,KSQ
005670,KR7005670005,푸드웰,KOSDAQ,우량기업부,5740,2,-70,-1.2,5810,5810,5700,21158,121402570,57400000000,10000000,KSQ
365590,KR7365590009,하이딥,KOSDAQ,기술성장기업부,1854,2,-37,-1.96,1910,1910,1818,31441,58676017,57393577188,30956622,KSQ
100030,KR7100030006,인지소프트,KOSDAQ,벤처기업부,17470,2,-100,-0.57,17280,17700,17210,1373,23954815,57366483580,3283714,KSQ
021050,KR7021050000,서원,KOSPI,,1208,1,9,0.75,1205,1250,1184,401855,479546329,57349304720,47474590,STK
092300,KR7092300003,현우산업,KOSDAQ,우량기업부,3010,2,-25,-0.82,3035,3060,3000,35950,108631700,57340307360,19049936,KSQ
332290,KR7332290006,누보,KOSDAQ,벤처기업부,1434,1,77,5.67,1372,1485,1358,3042928,4359770921,57222915336,39904404,KSQ
297570,KR7297570004,알로이스,KOSDAQ,벤처기업부,1652,1,1,0.06,1651,1665,1612,167638,275750678,57194252136,34621218,KSQ
352910,KR7352910004,오비고,KOSDAQ,기술성장기업부,4525,1,55,1.23,4520,4530,4440,10908,48780570,57186054050,12637802,KSQ
173940,KR7173940008,에프엔씨엔터,KOSDAQ,중견기업부,3715,2,-25,-0.67,3735,3735,3670,189,700220,57184281720,15392808,KSQ
053160,KR7053160008,프리엠스,KOSDAQ,중견기업부,9500,1,520,5.79,8990,9790,8890,174584,1640599090,57000000000,6000000,KSQ
054300,KR7054300009,팬스타엔터프라이즈,KOSDAQ,벤처기업부,492,2,-18,-3.53,512,512,488,351036,174186940,56945009880,115741890,KSQ
229000,KR7229000005,젠큐릭스,KOSDAQ,기술성장기업부,2430,2,-35,-1.42,2455,2455,2355,355599,852514397,56930440950,23428165,KSQ
000950,KR7000950006,전방,KOSPI,,33650,1,350,1.05,33300,34000,32950,899,30047600,56532000000,1680000,STK
003465,KR7003461001,유화증권우,KOSPI,,3230,2,-10,-0.31,3285,3285,3230,861,2798350,56448852750,17476425,STK
238120,KR7238120000,얼라인드,KOSDAQ,기술성장기업부,3925,2,-70,-1.75,3950,4040,3900,30776,121139000,56437166800,14378896,KSQ
179530,KR7179530001,애드바이오텍,KOSDAQ,기술성장기업부,2865,2,-235,-7.58,3100,3105,2850,217194,638657540,56382139950,19679630,KSQ
321820,KR7321820003,아티스트컴퍼니,KOSDAQ,기술성장기업부,3595,2,-95,-2.57,3690,3695,3575,10537,38084850,56050996720,15591376,KSQ
033560,KR7033560004,블루콤,KOSDAQ,중견기업부,3275,2,-10,-0.3,3275,3320,3265,62762,205665615,56002500000,17100000,KSQ
440290,KR7440290005,HB인베스트먼트,KOSDAQ,중견기업부,2035,2,-5,-0.25,2025,2060,2020,10839,22052043,55975585050,27506430,KSQ
450330,KR7450330006,하스,KOSDAQ,기술성장기업부,6830,3,0,0.0,6830,6890,6700,10038,68068080,55916137690,8186843,KSQ
200230,KR7200230001,텔콘RF제약,KOSDAQ,중견기업부,815,2,-31,-3.66,846,867,809,188735,155826013,55846679395,68523533,KSQ
041650,KR7041650003,상신브레이크,KOSPI,,2600,3,0,0.0,2600,2615,2585,12121,31442100,55825770000,21471450,STK
258610,KR7258610005,케일럼,KOSDAQ,중견기업부,1530,1,53,3.59,1503,1535,1477,46032,69366595,55822146390,36485063,KSQ
038010,KR7038010005,제일테크노스,KOSDAQ,우량기업부,6200,1,10,0.16,6190,6230,6140,10039,62058055,55800000000,9000000,KSQ
413640,KR7413640004,비아이매트릭스,KOSDAQ,벤처기업부,7740,2,-40,-0.51,7890,8140,7600,9982,77417620,55781715600,7206940,KSQ
092780,KR7092780006,DYP,KOSPI,,4235,2,-55,-1.28,4380,4380,4230,14778,63160129,55768428100,13168460,STK
011330,KR7011330008,유니켐,KOSPI,,617,2,-2,-0.32,619,635,610,876327,542184916,55645895429,90187837,STK
032960,KR7032960007,동일기연,KOSDAQ,중견기업부,15780,2,-640,-3.9,16400,16400,15620,6029,95764950,55523429100,3518595,KSQ
340930,KR7340930007,유일에너테크,KOSDAQ,투자주의환기종목(소속부없음),806,0,0,0.0,0,0,0,0,0,55513882710,68875785,KSQ
403490,KR7403490006,우듬지팜,KOSDAQ,벤처기업부,1208,1,5,0.42,1205,1230,1190,294354,356893326,55486416512,45932464,KSQ
097870,KR7097870000,효성오앤비,KOSDAQ,중견기업부,6530,1,60,0.93,6630,6850,6400,277963,1835070145,55439700000,8490000,KSQ
001380,KR7001380005,SG글로벌,KOSPI,,1232,2,-40,-3.14,1278,1279,1228,223486,278074790,55395824176,44964143,STK
007120,KR7007120009,미래아이앤지,KOSPI,,1914,2,-86,-4.3,2000,2035,1845,171413,330669240,55273655712,28878608,STK
094970,KR7094970001,제이엠티,KOSDAQ,벤처기업부,3295,1,60,1.85,3230,3340,3180,185865,609132369,55185450800,16748240,KSQ
123700,KR7123700007,SJM,KOSPI,,3535,2,-40,-1.12,3575,3575,3530,8482,30029330,55163314430,15604898,STK
043340,KR7043340009,에쎈테크,KOSDAQ,중견기업부,580,1,51,9.64,558,625,544,2154377,1250020713,55100000000,95000000,KSQ
038070,KR7038070009,서린바이오,KOSDAQ,우량기업부,6040,2,-60,-0.98,6100,6110,5980,20698,124595120,54968083040,9100676,KSQ
364950,KR7364950006,에이아이코리아,KOSDAQ,벤처기업부,6620,1,280,4.42,6700,7970,6550,2120402,15353660900,54922465900,8296445,KSQ
032860,KR7032860009,더라미,KOSDAQ,중견기업부,1359,1,139,11.39,1230,1410,1222,643457,867087028,54897977817,40395863,KSQ
466410,KR7466410008,사이냅소프트,KOSDAQ,벤처기업부,10890,2,-160,-1.45,11240,11240,10890,3159,34622290,54853180470,5037023,KSQ
250030,KR7250030004,진코스텍,KONEX,일반기업부,19250,2,-170,-0.88,19000,19360,19000,1384,26429730,54794720750,2846479,KNX
217480,KR7217480003,에스디생명공학,KOSDAQ,투자주의환기종목(소속부없음),499,0,0,0.0,0,0,0,0,0,54756837359,109733141,KSQ
361570,KR7361570005,알비더블유,KOSDAQ,중견기업부,1903,1,9,0.48,1930,1960,1860,36292,68869340,54698482773,28743291,KSQ
042940,KR7042940007,상지건설,KOSDAQ,중견기업부,8010,1,10,0.13,8010,8100,7850,40578,323143510,54697983120,6828712,KSQ
024950,KR7024950008,삼천리자전거,KOSDAQ,관리종목(소속부없음),4120,0,0,0.0,0,0,0,0,0,54687137240,13273577,KSQ
007680,KR7007680002,대원,KOSDAQ,중견기업부,4065,2,-70,-1.69,4135,4140,4060,3846,15744080,54659916810,13446474,KSQ
452200,KR7452200009,민테크,KOSDAQ,기술성장기업부,2295,2,-45,-1.92,2340,2365,2285,53712,124164260,54629007255,23803489,KSQ
004920,KR7004920005,씨아이테크,KOSPI,,1045,2,-26,-2.43,1128,1128,1042,139262,147003940,54527966240,52179872,STK
384470,KR7384470001,코어라인소프트,KOSDAQ,기술성장기업부,3035,2,-90,-2.88,3100,3140,2990,70977,215760598,54468210220,17946692,KSQ
014990,KR7014990006,인디에프,KOSPI,,725,2,-1,-0.14,726,727,718,50591,36467021,54456921375,75112995,STK
043910,KR7043910009,자연과환경,KOSDAQ,벤처기업부,480,2,-2,-0.41,482,486,476,115555,55547288,54427899360,113391457,KSQ
090410,KR7090410002,덕신이피씨,KOSDAQ,우량기업부,1181,2,-5,-0.42,1186,1195,1165,60055,70642396,54425316195,46084095,KSQ
122350,KR7122350002,삼기,KOSDAQ,중견기업부,1418,1,2,0.14,1416,1449,1392,56345,79613733,54365308904,38339428,KSQ
066130,KR7066130006,하츠,KOSDAQ,우량기업부,4245,2,-65,-1.51,4310,4315,4180,37085,157349405,54336000000,12800000,KSQ
066360,KR7066360009,체리부로,KOSDAQ,우량기업부,1133,2,-9,-0.79,1143,1163,1105,151074,172449023,54329632995,47952015,KSQ
097800,KR7097800007,윈팩,KOSDAQ,중견기업부,398,2,-6,-1.49,410,413,396,217814,87640247,54307191142,136450229,KSQ
105760,KR7105760003,포스뱅크,KOSDAQ,벤처기업부,5330,2,-90,-1.66,5420,5500,5260,26252,140187305,54245472710,10177387,KSQ
122690,KR7122690001,서진오토모티브,KOSDAQ,우량기업부,2345,2,-95,-3.89,2440,2460,2280,93368,218655579,54120644270,23079166,KSQ
471820,KR7471820001,셀로맥스사이언스,KOSDAQ,벤처기업부,4780,2,-40,-0.83,4820,4855,4740,8946,42800837,54027761620,11302879,KSQ
007610,KR7007610009,선도전기,KOSPI,,3000,0,0,0.0,0,0,0,0,0,54000000000,18000000,STK
010770,KR7010770006,평화홀딩스,KOSPI,,3675,2,-65,-1.74,3790,3790,3640,34940,128459660,53748587550,14625466,STK
032540,KR7032540007,TJ미디어,KOSDAQ,우량기업부,3855,2,-15,-0.39,3870,3950,3810,4012,15388990,53706352695,13931609,KSQ
28513K,KR728513K010,SK케미칼우,KOSPI,,25350,1,250,1.0,25250,25500,25150,540,13662250,53626125150,2115429,STK
104200,KR7104200001,NHN벅스,KOSDAQ,중견기업부,3615,1,75,2.12,3545,3615,3455,69619,247459350,53601593250,14827550,KSQ
002410,KR7002410009,범양건영,KOSPI,,1935,0,0,0.0,0,0,0,0,0,53173451700,27479820,STK
025530,KR7025530007,SJM홀딩스,KOSPI,,3560,2,-20,-0.56,3605,3605,3555,7573,27013545,53165068480,14934008,STK
189690,KR7189690001,포시에스,KOSDAQ,벤처기업부,1944,2,-13,-0.66,1968,1971,1941,20110,39332443,53113907736,27321969,KSQ
003475,KR7003471000,유안타증권우,KOSPI,,4095,2,-50,-1.21,4075,4135,4075,19111,78436470,52875508140,12912212,STK
089790,KR7089790000,제이티,KOSDAQ,벤처기업부,5110,2,-70,-1.35,5210,5300,5060,39886,205583470,52712271430,10315513,KSQ
219420,KR7219420007,링크제니시스,KOSDAQ,기술성장기업부,4585,2,-5,-0.11,4615,4645,4550,23514,108055403,52587689595,11469507,KSQ
100660,KR7100660000,서암기계공업,KOSDAQ,중견기업부,4170,3,0,0.0,4270,4270,4130,18411,76541945,52542000000,12600000,KSQ
352700,KR7352700009,씨앤투스,KOSDAQ,우량기업부,1999,1,8,0.4,1991,2025,1990,2232,4457225,52527521101,26276899,KSQ
311390,KR7311390009,네오크레마,KOSDAQ,벤처기업부,4150,2,-100,-2.35,4220,4245,4020,93329,382853327,52513224350,12653789,KSQ
419080,KR7419080007,엔젯,KOSDAQ,기술성장기업부,4895,2,-35,-0.71,4930,5060,4830,47366,233033675,52303745615,10685137,KSQ
003080,KR7003080009,SB성보,KOSPI,,2610,3,0,0.0,2610,2610,2600,2487,6479585,52252200000,20020000,STK
027740,KR7027740000,마니커,KOSPI,,822,3,0,0.0,820,825,817,65061,53410495,52206229416,63511228,STK
363250,KR7363250002,진시스템,KOSDAQ,기술성장기업부,6700,2,-100,-1.47,7030,7030,6400,42364,284764390,51978171200,7757936,KSQ
012280,KR7012280004,영화금속,KOSPI,,1003,2,-24,-2.34,1028,1035,1001,172148,174053042,51819498515,51664505,STK
314140,KR7314140005,알피바이오,KOSDAQ,중견기업부,5970,2,-110,-1.81,6080,6080,5930,4976,29752960,51738175170,8666361,KSQ
056700,KR7056700008,신화인터텍,KOSDAQ,중견기업부,1773,2,-9,-0.51,1782,1799,1765,34946,62457489,51656516343,29135091,KSQ
126640,KR7126640002,화신정공,KOSDAQ,우량기업부,1473,2,-16,-1.07,1495,1495,1466,103758,153157884,51637355430,35055910,KSQ
096610,KR7096610001,알에프세미,KOSDAQ,투자주의환기종목(소속부없음),2965,0,0,0.0,0,0,0,0,0,51550708615,17386411,KSQ
012160,KR7012160008,영흥,KOSPI,,508,2,-31,-5.75,540,540,490,239956,121444097,51465668976,101310372,STK
190650,KR7190650002,코리아에셋투자증권,KOSDAQ,우량기업부,8050,2,-70,-0.86,8110,8150,8010,7049,56894345,51423400000,6388000,KSQ
114450,KR7114450000,그린생명과학,KOSDAQ,중견기업부,2570,2,-70,-2.65,2615,2650,2530,121529,313821295,51400000000,20000000,KSQ
250000,KR7250000007,보라티알,KOSDAQ,우량기업부,7610,2,-150,-1.93,7690,7750,7600,4222,32265115,51373078130,6750733,KSQ
052460,KR7052460003,아이크래프트,KOSDAQ,중견기업부,3515,1,45,1.3,3480,3590,3460,46141,162541569,51346895040,14607936,KSQ
465480,KR7465480002,인스피언,KOSDAQ,벤처기업부,5050,1,20,0.4,5030,5140,5010,16870,85691560,51195748600,10137772,KSQ
064480,KR7064480007,브리지텍,KOSDAQ,벤처기업부,4280,1,30,0.71,4250,4295,4225,39951,169825864,51156700000,11952500,KSQ
090080,KR7090080003,평화산업,KOSPI,,930,3,0,0.0,950,950,920,64362,60056410,51059100870,54902259,STK
011300,KR7011300001,성안머티리얼스,KOSPI,,322,3,0,0.0,333,333,319,103597,33386126,51057549718,158563819,STK
260660,KR7260660006,알리코제약,KOSDAQ,중견기업부,3325,2,-135,-3.9,3460,3460,3315,26971,90418395,50962344825,15327021,KSQ
023350,KR7023350002,한국종합기술,KOSPI,,4650,2,-25,-0.53,4675,4700,4625,10264,47809885,50917500000,10950000,STK
007530,KR7007530009,와이엠,KOSDAQ,중견기업부,2285,2,-15,-0.65,2300,2300,2275,3570,8161275,50850917835,22254231,KSQ
003060,KR7003060001,에이프로젠바이오로직스,KOSPI,,256,2,-11,-4.12,275,275,256,1336083,348111585,50792408320,198407845,STK
061040,KR7061040002,알에프텍,KOSDAQ,중견기업부,1580,1,26,1.67,1554,1674,1554,168022,266765761,50701029220,32089259,KSQ
023960,KR7023960008,에쓰씨엔지니어링,KOSPI,,1327,2,-33,-2.43,1367,1405,1300,240629,321023452,50473738825,38035975,STK
476080,KR7476080007,M83,KOSDAQ,중견기업부,6250,2,-20,-0.32,6270,6420,6140,26073,162959790,50456250000,8073000,KSQ
393970,KR7393970009,대진첨단소재,KOSDAQ,벤처기업부,2825,0,0,0.0,0,0,0,0,0,50428566500,17850820,KSQ
452160,KR7452160005,제이엔비,KOSDAQ,중견기업부,5230,2,-50,-0.95,5210,5350,5130,20021,104112470,50299666210,9617527,KSQ
432430,KR7432430007,와이랩,KOSDAQ,기술성장기업부,3040,2,-40,-1.3,3175,3175,3020,9224,28247793,50185292800,16508320,KSQ
186230,KR7186230009,그린플러스,KOSDAQ,벤처기업부,4595,1,60,1.32,4515,4695,4445,68545,314637443,50178263860,10920188,KSQ
103840,KR7103840005,우양,KOSDAQ,중견기업부,3065,2,-55,-1.76,3130,3130,3030,109416,335866215,50163101820,16366428,KSQ
051490,KR7051490001,나라엠앤디,KOSDAQ,우량기업부,3525,2,-5,-0.14,3590,3590,3510,8216,29015575,50055000000,14200000,KSQ
011230,KR7011230000,삼화전자,KOSPI,,2610,2,-5,-0.19,2605,2680,2560,58305,151455782,50022698850,19165785,STK
273060,KR7273060004,와이즈버즈,KOSDAQ,중견기업부,989,1,7,0.71,982,1001,974,45308,44625296,49904526598,50459582,KSQ
452300,KR7452300007,캡스톤파트너스,KOSDAQ,중견기업부,3520,2,-45,-1.26,3575,3700,3470,566236,2020574533,49876657600,14169505,KSQ
069410,KR7069410009,엔텔스,KOSDAQ,벤처기업부,4865,1,70,1.46,4810,4900,4660,46134,221242935,49841068760,10244824,KSQ
007815,KR7007811003,코리아써우,KOSPI,,16790,2,-360,-2.1,17150,18350,16790,2689,46560810,49777145100,2964690,STK
054780,KR7054780002,키이스트,KOSDAQ,중견기업부,2530,2,-80,-3.07,2585,2605,2515,29354,74673955,49734216290,19657793,KSQ
106240,KR7106240005,파인테크닉스,KOSDAQ,우량기업부,2170,1,15,0.7,2155,2215,2095,127138,272835825,49624269590,22868327,KSQ
388610,KR7388610008,지에프씨생명과학,KOSDAQ,기술성장기업부,9350,2,-140,-1.48,9590,9590,9180,17927,167045160,49589679150,5303709,KSQ
006920,KR7006920003,모헨즈,KOSDAQ,중견기업부,4540,2,-50,-1.09,4590,4760,4475,238493,1093114339,49576800000,10920000,KSQ
097780,KR7097780001,에코볼트,KOSDAQ,중견기업부,781,2,-7,-0.89,788,794,775,29356,23000678,49527821024,63415904,KSQ
009320,KR7009320003,아진전자부품,KOSPI,,1002,2,-7,-0.69,1011,1018,992,207644,207786312,49398369540,49299770,STK
178780,KR7178780003,일월지엠엘,KOSDAQ,중견기업부,2650,1,60,2.32,2625,2735,2590,8251,21714345,49393866750,18639195,KSQ
221840,KR7221840002,하이즈항공,KOSDAQ,중견기업부,2640,1,100,3.94,2540,2700,2540,46675,123177639,49369481040,18700561,KSQ
060850,KR7060850005,영림원소프트랩,KOSDAQ,벤처기업부,6070,1,50,0.83,6020,6070,6000,5153,31127725,49355170000,8131000,KSQ
088340,KR7088340005,유라클,KOSDAQ,벤처기업부,11300,2,-100,-0.88,11350,11690,11280,14369,164367765,49317358400,4364368,KSQ
086040,KR7086040003,바이오톡스텍,KOSDAQ,벤처기업부,3090,2,-10,-0.32,3160,3160,3050,20889,64091325,49310983230,15958247,KSQ
460470,KR7460470008,아이빔테크놀로지,KOSDAQ,기술성장기업부,3260,2,-10,-0.31,3250,3360,3205,14400,46875150,49289146200,15119370,KSQ
189860,KR7189860000,서전기전,KOSDAQ,중견기업부,5080,2,-250,-4.69,5420,5420,5030,209700,1076077160,49269802400,9698780,KSQ
335810,KR7335810008,프리시젼바이오,KOSDAQ,기술성장기업부,2240,2,-20,-0.88,2255,2270,2215,5042,11277635,49166893440,21949506,KSQ
001210,KR7001210004,금호전기,KOSPI,,794,1,2,0.25,800,829,793,369355,296598733,49132785902,61880083,STK
016600,KR7016600009,큐캐피탈,KOSDAQ,벤처기업부,275,2,-6,-2.14,281,284,274,688158,191393305,49017955800,178247112,KSQ
300120,KR7300120003,라온피플,KOSDAQ,벤처기업부,989,2,-11,-1.1,1010,1018,982,404865,401689002,48959471824,49504016,KSQ
087600,KR7087600003,픽셀플러스,KOSDAQ,벤처기업부,5990,2,-90,-1.48,6080,6080,5910,721,4304280,48917682420,8166558,KSQ
049800,KR7049800006,우진플라임,KOSPI,,2445,2,-55,-2.2,2500,2500,2420,23085,56559583,48900000000,20000000,STK
002360,KR7002360006,SH에너지화학,KOSPI,,440,1,7,1.62,433,450,423,1847016,807350797,48898841200,111133730,STK
038880,KR7038880001,아이에이,KOSDAQ,투자주의환기종목(소속부없음),130,2,-3,-2.26,131,134,130,999050,131226151,48843752750,375721175,KSQ
376180,KR7376180006,피코그램,KOSDAQ,벤처기업부,2630,2,-30,-1.13,2745,2755,2615,139834,373218110,48815529940,18561038,KSQ
241840,KR7241840008,에이스토리,KOSDAQ,중견기업부,5110,2,-140,-2.67,5250,5400,5100,6103,31456860,48749369340,9539994,KSQ
025880,KR7025880006,케이씨피드,KOSDAQ,우량기업부,2915,2,-30,-1.02,2970,3030,2905,113546,334323503,48726726070,16715858,KSQ
033200,KR7033200007,모아텍,KOSDAQ,투자주의환기종목(소속부없음),3385,2,-50,-1.46,3435,3435,3380,1296,4398844,48511061225,14331185,KSQ
006050,KR7006050009,국영지앤엠,KOSDAQ,중견기업부,1390,2,-29,-2.04,1410,1421,1362,342749,478511122,48504387770,34895243,KSQ
065130,KR7065130007,탑엔지니어링,KOSDAQ,중견기업부,3022,2,-13,-0.43,3005,3060,3005,7582,23032601,48364088000,16004000,KSQ
002290,KR7002290005,삼일기업공사,KOSDAQ,벤처기업부,3895,2,-5,-0.13,3900,3980,3835,77073,300807303,48298000000,12400000,KSQ
051390,KR7051390003,YW,KOSDAQ,중견기업부,4250,1,5,0.12,4250,4300,4160,4464,18768563,48260314000,11355368,KSQ
320000,KR7320000003,한울반도체,KOSDAQ,중견기업부,1447,2,-15,-1.03,1463,1470,1415,79502,114628117,48248840350,33344050,KSQ
046310,KR7046310009,백금T&A,KOSDAQ,우량기업부,2935,1,35,1.21,2900,2950,2850,47869,138158660,48188711335,16418641,KSQ
011420,KR7011420007,갤럭시아에스엠,KOSPI,,1749,1,39,2.28,1710,1780,1710,32962,57582186,48184327356,27549644,STK
081580,KR7081580003,성우전자,KOSDAQ,중견기업부,3105,1,10,0.32,3095,3215,2970,211023,655943945,48152784015,15508143,KSQ
481850,KR7481850006,신한글로벌액티브리츠,KOSPI,,1104,2,-1,-0.09,1105,1113,1093,25245,27841266,47999341056,43477664,STK
002920,KR7002920007,유성기업,KOSPI,,1848,2,-8,-0.43,1864,1865,1840,69420,128234504,47950980000,25947500,STK
376290,KR7376290003,씨유테크,KOSDAQ,벤처기업부,2710,3,0,0.0,2710,2770,2675,7487,20300310,47851825000,17657500,KSQ
006125,KR7006121008,SK디스커버리우,KOSPI,,38850,1,150,0.39,38800,39000,38750,1108,43099700,47851739250,1231705,STK
082660,KR7082660002,코스나인,KOSDAQ,관리종목(소속부없음),480,0,0,0.0,0,0,0,0,0,47827617120,99640869,KSQ
257990,KR7257990002,나우코스,KONEX,일반기업부,8110,0,0,0.0,0,0,0,0,0,47779189120,5891392,KNX
057540,KR7057540007,옴니시스템,KOSDAQ,중견기업부,802,2,-2,-0.25,804,826,799,87601,70450136,47678382710,59449355,KSQ
418250,KR7418250007,시큐레터,KOSDAQ,관리종목(소속부없음),6550,0,0,0.0,0,0,0,0,0,47629012750,7271605,KSQ
160550,KR7160550000,NEW,KOSDAQ,중견기업부,1700,2,-12,-0.7,1721,1739,1695,57794,98683339,47440380200,27906106,KSQ
263770,KR7263770000,유에스티,KOSDAQ,우량기업부,1996,1,31,1.58,1965,2025,1964,29263,58517840,47305543312,23700172,KSQ
044960,KR7044960003,이글벳,KOSDAQ,중견기업부,3740,2,-10,-0.27,3775,3845,3730,19643,73866525,47280642420,12641883,KSQ
000215,KR7000211003,DL우,KOSPI,,27950,1,1250,4.68,27250,28400,27250,12543,349189025,47126914250,1686115,STK
122830,KR7122830003,원포유,KONEX,일반기업부,1438,1,49,3.53,1388,1480,1335,5702,7915354,47097354430,32751985,KNX
032790,KR7032790008,엠젠솔루션,KOSDAQ,벤처기업부,917,2,-8,-0.86,925,990,886,336760,311382707,47097314404,51360212,KSQ
026040,KR7026040006,제이에스티나,KOSDAQ,중견기업부,2850,2,-25,-0.87,2875,2900,2835,14841,42357835,47035801500,16503790,KSQ
066670,KR7066670001,디티씨,KOSDAQ,중견기업부,2515,2,-55,-2.14,2580,2580,2500,13523,34075075,47010173770,18691918,KSQ
023440,KR7023440001,제이스코홀딩스,KOSDAQ,관리종목(소속부없음),521,0,0,0.0,0,0,0,0,0,46964378481,90142761,KSQ
199480,KR7199480005,뱅크웨어글로벌,KOSDAQ,기술성장기업부,4575,1,180,4.1,4400,5090,4390,144622,693227167,46649390100,10196588,KSQ
220180,KR7220180004,핸디소프트,KOSDAQ,벤처기업부,1949,1,7,0.36,1965,1990,1942,12623,25016429,46641211058,23930842,KSQ
048770,KR7048770002,TPC,KOSDAQ,벤처기업부,2970,2,-45,-1.49,3070,3070,2950,60774,181510375,46623033270,15697991,KSQ
020760,KR7020760005,일진디스플,KOSPI,,902,0,0,0.0,0,0,0,0,0,46465394382,51513741,STK
069460,KR7069460004,대호에이엘,KOSPI,,532,0,0,0.0,0,0,0,0,0,46322278464,87071952,STK
022220,KR7022220008,티케이지애강,KOSDAQ,중견기업부,893,3,0,0.0,893,897,893,561910,502066065,46252559047,51794579,KSQ
336060,KR7336060009,웨이버스,KOSDAQ,벤처기업부,957,2,-2,-0.21,968,990,945,151482,145049096,46084526400,48155200,KSQ
128540,KR7128540002,에코캡,KOSDAQ,우량기업부,1726,2,-48,-2.71,1774,1787,1710,106553,185318087,46067733960,26690460,KSQ
133820,KR7133820001,화인베스틸,KOSPI,,1241,1,20,1.64,1257,1257,1210,89837,110245482,46059096982,37114502,STK
083550,KR7083550004,케이엠,KOSDAQ,중견기업부,3555,2,-130,-3.53,3680,3680,3555,6076,21755190,46040403285,12950887,KSQ
465770,KR7465770006,STX그린로지스,KOSPI,,6420,2,-210,-3.17,6650,6660,6370,177564,1148596720,46038025440,7171032,STK
307280,KR7307280008,원바이오젠,KOSDAQ,벤처기업부,6480,2,-250,-3.71,6730,6780,6410,33138,216816950,45973182960,7094627,KSQ
008420,KR7008420002,문배철강,KOSPI,,2240,1,5,0.22,2250,2285,2175,32363,72285285,45927851200,20503505,STK
363260,KR7363260001,모비데이즈,KOSDAQ,벤처기업부,1423,2,-8,-0.56,1514,1514,1415,57014,81290422,45769043287,32163769,KSQ
073110,KR7073110009,엘엠에스,KOSDAQ,벤처기업부,5140,3,0,0.0,5100,5200,5060,17240,87663610,45724180700,8895755,KSQ
001000,KR7001000009,신라섬유,KOSDAQ,중견기업부,1879,1,25,1.35,1854,1880,1830,12849,23869228,45617497660,24277540,KSQ
288330,KR7288330004,파라택시스코리아,KOSDAQ,관리종목(소속부없음),430,2,-20,-4.44,457,469,413,672398,293716251,45613871530,106078771,KSQ
239890,KR7239890007,피엔에이치테크,KOSDAQ,기술성장기업부,4590,1,55,1.21,4560,4865,4550,53597,252501644,45605115450,9935755,KSQ
224110,KR7224110007,에이텍모빌리티,KOSDAQ,벤처기업부,8540,1,60,0.71,8660,9040,8490,50756,446018855,45603600000,5340000,KSQ
051630,KR7051630002,진양화학,KOSPI,,2150,2,-50,-2.27,2215,2220,2135,23931,51890307,45580000000,21200000,STK
049830,KR7049830003,승일,KOSDAQ,관리종목(소속부없음),7420,1,40,0.54,7380,7690,7290,1711,12573760,45500271040,6132112,KSQ
038870,KR7038870002,에코바이오,KOSDAQ,중견기업부,3245,2,-5,-0.15,3250,3375,3170,206302,666466001,45478509505,14014949,KSQ
200580,KR7200580009,메디쎄이,KONEX,일반기업부,12180,1,180,1.5,11530,12180,11500,52,599840,45383642220,3726079,KNX
184230,KR7184230001,SGA솔루션즈,KOSDAQ,벤처기업부,510,2,-24,-4.49,534,534,509,186833,96690223,45276266430,88776993,KSQ
091590,KR7091590000,남화토건,KOSDAQ,우량기업부,3850,2,-20,-0.52,3895,3905,3835,9931,38380940,45199000000,11740000,KSQ
008870,KR7008870008,금비,KOSPI,,45100,3,0,0.0,45100,45100,44800,216,9719100,45100000000,1000000,STK
005030,KR7005030002,부산주공,KOSPI,,486,0,0,0.0,0,0,0,0,0,45092532168,92782988,STK
398120,KR7398120006,에스지헬스케어,KOSDAQ,벤처기업부,3815,2,-275,-6.72,4100,4100,3710,110080,423903645,45087619465,11818511,KSQ
171010,KR7171010002,램테크놀러지,KOSDAQ,벤처기업부,3140,1,5,0.16,3135,3215,3105,14046,44156245,44898081280,14298752,KSQ
119500,KR7119500007,포메탈,KOSDAQ,중견기업부,3785,2,-125,-3.2,3935,4000,3730,49716,190170830,44841773120,11847232,KSQ
200350,KR7200350007,아티스트스튜디오,KOSDAQ,기술성장기업부,4485,2,-25,-0.55,4510,4580,4410,9096,40959895,44832172125,9996025,KSQ
031310,KR7031310006,아이즈비전,KOSDAQ,중견기업부,1701,2,-56,-3.19,1771,1835,1672,963625,1705893870,44829928143,26355043,KSQ
074610,KR7074610007,이엔플러스,KOSPI,,5110,0,0,0.0,0,0,0,0,0,44815400070,8770137,STK
466910,KR7466910007,엔에이치스팩30호,KOSDAQ,SPAC(소속부없음),4920,1,80,1.65,4835,5040,4830,190420,937495064,44772000000,9100000,KSQ
140520,KR7140520008,대창스틸,KOSDAQ,우량기업부,2120,2,-10,-0.47,2130,2140,2105,8312,17626850,44751595160,21109243,KSQ
263810,KR7263810004,상신전자,KOSDAQ,중견기업부,2805,3,0,0.0,2805,2825,2780,16890,47378797,44669134125,15924825,KSQ
450520,KR7450520002,인스웨이브,KOSDAQ,벤처기업부,3035,1,45,1.51,2970,3040,2940,24123,71730637,44628394230,14704578,KSQ
464280,KR7464280007,티디에스팜,KOSDAQ,중견기업부,8070,2,-100,-1.22,8170,8220,8050,7609,61725815,44627100000,5530000,KSQ
067170,KR7067170001,오텍,KOSDAQ,중견기업부,1851,1,40,2.21,1811,1855,1780,55554,102047969,44610073626,24100526,KSQ
065650,KR7065650004,하이퍼코퍼레이션,KOSDAQ,중견기업부,2035,1,87,4.47,1962,2045,1960,27532,54995574,44550169125,21891975,KSQ
050860,KR7050860006,아세아텍,KOSDAQ,우량기업부,1976,2,-15,-0.75,1991,1994,1971,22182,43840222,44460000000,22500000,KSQ
058110,KR7058110008,멕아이씨에스,KOSDAQ,기술성장기업부,2770,2,-185,-6.26,2915,2915,2710,548490,1540407128,44459968100,16050530,KSQ
359090,KR7359090008,씨엔알리서치,KOSDAQ,벤처기업부,772,3,0,0.0,766,800,763,40221,31699749,44367393524,57470717,KSQ
046390,KR7046390001,삼화네트웍스,KOSDAQ,중견기업부,1025,1,8,0.79,1019,1030,1004,106851,108666398,44252256325,43172933,KSQ
462980,KR7462980004,아이지넷,KOSDAQ,기술성장기업부,2425,2,-70,-2.81,2495,2575,2380,399384,988809812,44218509725,18234437,KSQ
145270,KR7145270005,케이탑리츠,KOSPI,,920,1,3,0.33,928,928,917,7208,6636836,44215912080,48060774,STK
019770,KR7019770007,서연탑메탈,KOSDAQ,우량기업부,3785,2,-65,-1.69,3860,3860,3775,15525,59120530,44095250000,11650000,KSQ
068050,KR7068050004,팬엔터테인먼트,KOSDAQ,중견기업부,1589,1,28,1.79,1550,1589,1550,27965,44060233,44005886764,27694076,KSQ
420570,KR7420570004,제이투케이바이오,KOSDAQ,벤처기업부,7520,2,-120,-1.57,7640,7700,7430,5689,42792260,43973072160,5847483,KSQ
317240,KR7317240000,TS트릴리온,KOSDAQ,벤처기업부,301,2,-16,-5.05,326,326,294,1331372,404479697,43910950657,145883557,KSQ
444530,KR7444530000,심플랫폼,KOSDAQ,기술성장기업부,6860,2,-390,-5.38,7250,7300,6850,30075,210957230,43884949780,6397223,KSQ
084870,KR7084870005,TBH글로벌,KOSPI,,2100,2,-65,-3.0,2190,2255,1995,47551,101765015,43799319900,20856819,STK
200780,KR7200780005,비씨월드제약,KOSDAQ,중견기업부,4495,2,-90,-1.96,4590,4590,4265,7217,32429328,43764398800,9736240,KSQ
014570,KR7014570006,고려제약,KOSDAQ,우량기업부,3970,1,10,0.25,3990,3990,3930,6849,27098514,43670000000,11000000,KSQ
206400,KR7206400004,베노티앤알,KOSDAQ,중견기업부,1164,2,-15,-1.27,1162,1184,1110,20329,23354881,43661823912,37510158,KSQ
290090,KR7290090000,트윔,KOSDAQ,벤처기업부,5860,2,-220,-3.62,6080,6150,5810,4089,24120510,43599970480,7440268,KSQ
070300,KR7070300009,엑스큐어,KOSDAQ,벤처기업부,1870,2,-126,-6.31,1997,2035,1870,261087,511592277,43584235860,23307078,KSQ
037370,KR7037370004,EG,KOSDAQ,벤처기업부,5050,2,-20,-0.39,5120,5120,5000,4231,21350930,43556108600,8624972,KSQ
263700,KR7263700007,케어랩스,KOSDAQ,중견기업부,2240,2,-20,-0.88,2260,2295,2200,40513,91138862,43487808000,19414200,KSQ
052600,KR7052600004,한네트,KOSDAQ,중견기업부,3760,1,25,0.67,3735,3810,3695,78233,292144675,43479512000,11563700,KSQ
057030,KR7057030009,YBM넷,KOSDAQ,중견기업부,2665,1,5,0.19,2660,2690,2650,20333,54258360,43473337505,16312697,KSQ
025750,KR7025750001,한솔홈데코,KOSPI,,539,0,0,0.0,0,0,0,0,0,43424615311,80565149,STK
464500,KR7464500008,아이언디바이스,KOSDAQ,기술성장기업부,3100,2,-35,-1.12,3135,3180,3040,42370,131474125,43379115300,13993263,KSQ
357430,KR7357430008,마스턴프리미어리츠,KOSPI,,1420,2,-9,-0.63,1429,1429,1418,24112,34278881,43317535940,30505307,STK
257370,KR7257370007,피엔티엠에스,KOSDAQ,벤처기업부,3460,2,-10,-0.29,3470,3540,3395,15375,52544620,43266819060,12504861,KSQ
080530,KR7080530009,코디,KOSDAQ,중견기업부,779,2,-7,-0.89,786,802,769,56795,44253781,43242971625,55510875,KSQ
354200,KR7354200008,엔젠바이오,KOSDAQ,기술성장기업부,1612,2,-70,-4.16,1682,1700,1569,241790,393088207,43217317000,26809750,KSQ
065950,KR7065950008,웰크론,KOSDAQ,중견기업부,1526,2,-28,-1.8,1554,1554,1522,44710,68616154,43080966852,28231302,KSQ
232830,KR7232830000,아이티센피엔에스,KOSDAQ,벤처기업부,2605,2,-30,-1.14,2635,2780,2585,25231,67155020,43070356230,16533726,KSQ
024120,KR7024120008,KB오토시스,KOSDAQ,중견기업부,3740,1,20,0.54,3830,3830,3725,26544,99704485,43010000000,11500000,KSQ
256150,KR7256150004,한독크린텍,KOSDAQ,벤처기업부,5120,3,0,0.0,5200,5200,5080,6228,31960740,42982400000,8395000,KSQ
263020,KR7263020000,디케이앤디,KOSDAQ,벤처기업부,3100,2,-30,-0.96,3140,3155,3065,35982,111610005,42892052600,13836146,KSQ
208860,KR7208860007,다산디엠씨,KOSDAQ,중견기업부,1261,2,-28,-2.17,1317,1317,1235,51448,64835237,42810915953,33949973,KSQ
080520,KR7080520000,오디텍,KOSDAQ,벤처기업부,3780,2,-30,-0.79,3870,3965,3665,171985,654696222,42798736260,11322417,KSQ
203450,KR7203450002,유니온바이오메트릭스,KOSDAQ,벤처기업부,3025,2,-65,-2.1,3095,3095,3015,9311,28355726,42588996175,14079007,KSQ
308170,KR7308170000,씨티알모빌리티,KOSPI,,4940,2,-120,-2.37,4930,5040,4910,21106,104285292,42533400000,8610000,STK
002880,KR7002880003,대유에이텍,KOSPI,,909,2,-4,-0.44,928,928,904,19546,17735545,42517561455,46773995,STK
351870,KR7351870001,차이커뮤니케이션,KOSDAQ,중견기업부,3800,2,-70,-1.81,3870,4010,3800,5006,19374297,42410439600,11160642,KSQ
013810,KR7013810007,스페코,KOSDAQ,중견기업부,2890,2,-80,-2.69,3005,3020,2830,274028,789071608,42354308300,14655470,KSQ
277410,KR7277410007,인산가,KOSDAQ,벤처기업부,1102,2,-14,-1.25,1116,1116,1082,51316,56537830,42329478510,38411505,KSQ
475460,KR7475460002,미트박스,KOSDAQ,중견기업부,7540,2,-60,-0.79,7540,7850,7350,15087,114218560,42322208500,5613025,KSQ
002870,KR7002870004,신풍,KOSPI,,1203,1,8,0.67,1185,1230,1185,75674,90905779,42055316100,34958700,STK
021880,KR7021880000,메이슨캐피탈,KOSDAQ,중견기업부,198,2,-2,-1.0,200,201,197,147142,29237555,42012512784,212184408,KSQ
215380,KR7215380007,우정바이오,KOSDAQ,벤처기업부,2490,2,-85,-3.3,2575,2580,2410,205764,508222236,41905644240,16829576,KSQ
043200,KR7043200005,파루,KOSDAQ,벤처기업부,1000,2,-35,-3.38,1040,1052,990,1632003,1653508397,41804315000,41804315,KSQ
000760,KR7000760009,이화산업,KOSPI,,14930,2,-210,-1.39,15140,15480,14890,809,12285060,41804000000,2800000,STK
142760,KR7142760008,모아라이프플러스,KOSDAQ,기술성장기업부,1024,2,-27,-2.57,1048,1092,1000,513329,536427260,41787683840,40808285,KSQ
003535,KR7003531001,한화투자증권우,KOSPI,,8700,2,-90,-1.02,8790,8950,8620,29335,257042035,41760000000,4800000,STK
271830,KR7271830002,팸텍,KOSDAQ,벤처기업부,1416,2,-27,-1.87,1404,1497,1401,78082,110983235,41758126032,29490202,KSQ
129890,KR7129890000,앱코,KOSDAQ,벤처기업부,916,2,-11,-1.19,919,927,911,105344,96789277,41719771432,45545602,KSQ
133750,KR7133750000,메가엠디,KOSDAQ,중견기업부,1782,2,-13,-0.72,1796,1798,1752,14549,25910880,41711411214,23407077,KSQ
195500,KR7195500004,마니커에프앤지,KOSDAQ,중견기업부,2610,2,-30,-1.14,2650,2655,2600,24566,64465545,41702580000,15978000,KSQ
270870,KR7270870009,뉴트리,KOSDAQ,우량기업부,4515,1,315,7.5,4645,5000,4430,668969,3162206245,41539011360,9200224,KSQ
153460,KR7153460001,네이블,KOSDAQ,중견기업부,6350,2,-200,-3.05,6540,6750,6150,24324,151961790,41465588900,6530014,KSQ
114630,KR7114630007,폴라리스우노,KOSDAQ,우량기업부,471,2,-4,-0.84,475,481,466,312034,147816953,41423295108,87947548,KSQ
383930,KR7383930005,디티앤씨알오,KOSDAQ,중견기업부,3235,2,-120,-3.58,3355,3405,3215,172641,570840081,41356654080,12784128,KSQ
019490,KR7019490002,엑시큐어하이트론,KOSPI,,541,0,0,0.0,0,0,0,0,0,41349858070,76432270,STK
016670,KR7016670002,디모아,KOSDAQ,중견기업부,4050,1,5,0.12,4045,4085,3980,5527,22230642,41286647700,10194234,KSQ
101240,KR7101240000,씨큐브,KOSDAQ,우량기업부,3800,1,20,0.53,3795,3840,3760,5722,21687595,41273282000,10861390,KSQ
221980,KR7221980006,케이디켐,KOSDAQ,우량기업부,10210,2,-20,-0.2,10180,10210,10060,2700,27356675,41195308000,4034800,KSQ
008250,KR7008250003,이건산업,KOSPI,,3760,1,60,1.62,3785,3805,3725,8093,30525370,41181907600,10952635,STK
057680,KR7057680001,티사이언티픽,KOSDAQ,벤처기업부,578,2,-23,-3.83,601,605,575,151330,88761951,41181633578,71248501,KSQ
123570,KR7123570004,이엠넷,KOSDAQ,중견기업부,1845,2,-28,-1.49,1873,1885,1845,7682,14290862,41099363910,22276078,KSQ
434480,KR7434480000,모니터랩,KOSDAQ,기술성장기업부,3330,1,15,0.45,3290,3375,3290,8900,29614300,40993299000,12310300,KSQ
475660,KR7475660007,에스켐,KOSDAQ,기술성장기업부,5160,2,-240,-4.44,5400,5550,5140,35276,183578100,40917948600,7929835,KSQ
290120,KR7290120005,DH오토리드,KOSDAQ,우량기업부,2585,2,-45,-1.71,2630,2635,2560,26024,67551450,40905683665,15824249,KSQ
035460,KR7035460005,기산텔레콤,KOSDAQ,벤처기업부,2805,2,-95,-3.28,3050,3085,2760,903600,2651762531,40889438700,14577340,KSQ
318020,KR7318020005,포인트모바일,KOSDAQ,벤처기업부,3310,2,-90,-2.65,3420,3435,3300,8156,27515265,40717210320,12301272,KSQ
026940,KR7026940007,부국철강,KOSPI,,2035,3,0,0.0,2035,2045,2020,158317,321641429,40700000000,20000000,STK
462510,KR7462510009,라메디텍,KOSDAQ,기술성장기업부,4620,2,-90,-1.91,4705,4770,4575,13064,60599455,40669698300,8802965,KSQ
123010,KR7123010001,알엔티엑스,KOSDAQ,기술성장기업부,1240,1,45,3.77,1220,1287,1181,848697,1042561142,40496592080,32658542,KSQ
086060,KR7086060001,진바이오텍,KOSDAQ,중견기업부,4680,2,-85,-1.78,4770,4820,4630,29916,140859070,40297547160,8610587,KSQ
417860,KR7417860004,오브젠,KOSDAQ,벤처기업부,8570,1,220,2.63,8300,8570,8240,2342,19554550,40252484420,4696906,KSQ
017040,KR7017040007,광명전기,KOSPI,,928,2,-26,-2.73,941,954,912,349996,323846296,40217306720,43337615,STK
318410,KR7318410008,비비씨,KOSDAQ,중견기업부,7230,2,-200,-2.69,7450,7490,7200,7312,53186530,40164406890,5555243,KSQ
075970,KR7075970004,동국알앤에스,KOSDAQ,중견기업부,2180,1,20,0.93,2165,2210,2150,50347,109709615,40112000000,18400000,KSQ
131100,KR7131100000,티엔엔터테인먼트,KOSDAQ,중견기업부,1242,2,-33,-2.59,1264,1274,1226,21980,27296823,40050431208,32246724,KSQ
189330,KR7189330004,씨이랩,KOSDAQ,기술성장기업부,4260,2,-305,-6.68,4650,4650,4220,84093,363356575,39968529840,9382284,KSQ
020180,KR7020180006,대신정보통신,KOSDAQ,중견기업부,1040,2,-23,-2.16,1063,1073,1031,137147,142856504,39966071600,38428915,KSQ
012620,KR7012620001,원일특강,KOSDAQ,우량기업부,9030,2,-30,-0.33,9090,9150,9030,2610,23754470,39732000000,4400000,KSQ
064090,KR7064090004,인크레더블버즈,KOSDAQ,관리종목(소속부없음),798,0,0,0.0,0,0,0,0,0,39694710510,49742745,KSQ
452980,KR7452980006,신한제11호스팩,KOSDAQ,관리종목(소속부없음),2095,3,0,0.0,2095,2097,2092,54368,113903593,39605975000,18905000,KSQ
263920,KR7263920001,휴엠앤씨,KOSDAQ,벤처기업부,4035,2,-25,-0.62,4075,4195,4030,1225,4991961,39579419910,9809026,KSQ
150900,KR7150900009,파수,KOSDAQ,벤처기업부,3375,1,20,0.6,3355,3420,3320,13209,44426062,39500736750,11703922,KSQ
204020,KR7204020002,그리티,KOSDAQ,우량기업부,2030,1,30,1.5,1990,2105,1984,18351,37021232,39485188960,19450832,KSQ
025440,KR7025440009,DH오토웨어,KOSDAQ,투자주의환기종목(소속부없음),806,2,-11,-1.35,826,826,797,45873,37404594,39317666544,48781224,KSQ
073570,KR7073570004,리튬포어스,KOSDAQ,관리종목(소속부없음),653,1,65,11.05,606,758,595,8388953,5936167360,39301876573,60186641,KSQ
239610,KR7239610009,에이치엘사이언스,KOSDAQ,벤처기업부,7280,2,-100,-1.36,7380,7380,7170,1034,7498360,39254597200,5392115,KSQ
109820,KR7109820001,진매트릭스,KOSDAQ,기술성장기업부,1919,2,-8,-0.42,1970,1979,1891,40151,76690115,39135395160,20393640,KSQ
153490,KR7153490008,우리이앤엘,KOSDAQ,우량기업부,760,2,-4,-0.52,757,770,750,38747,29382953,39124800000,51480000,KSQ
007720,KR7007720006,소노스퀘어,KOSDAQ,중견기업부,388,3,0,0.0,389,389,363,499351,188483497,39110574600,100800450,KSQ
101000,KR7101000008,KS인더스트리,KOSDAQ,중견기업부,985,2,-15,-1.5,1010,1012,977,285034,281123228,39047318780,39641948,KSQ
195990,KR7195990007,에이비프로바이오,KOSDAQ,관리종목(소속부없음),1371,3,0,0.0,1395,1395,1353,96396,131454522,39030960612,28468972,KSQ
290560,KR7290560002,파라택시스이더리움,KOSDAQ,벤처기업부,1742,1,48,2.83,1694,1820,1640,84332,147467083,38955875660,22362730,KSQ
039290,KR7039290002,인포뱅크,KOSDAQ,중견기업부,4480,1,10,0.22,4440,4520,4440,7523,33756290,38949021440,8693978,KSQ
455180,KR7455180000,케이지에이,KOSDAQ,벤처기업부,2790,2,-20,-0.71,2860,2860,2730,36492,101174771,38943701640,13958316,KSQ
296640,KR7296640006,이노룰스,KOSDAQ,벤처기업부,7520,2,-480,-6.0,8000,8000,7320,27595,207332210,38940455040,5178252,KSQ
134790,KR7134790005,시디즈,KOSPI,,19470,1,150,0.78,19320,19470,19250,274,5308430,38940000000,2000000,STK
118000,KR7118000009,메타케어,KOSPI,,226,2,-4,-1.74,228,230,223,666902,150781348,38821684264,171777364,STK
347770,KR7347770000,핌스,KOSDAQ,중견기업부,1690,2,-49,-2.82,1720,1769,1633,137061,232973385,38628400980,22857042,KSQ
356890,KR7356890004,싸이버원,KOSDAQ,벤처기업부,3230,1,5,0.16,3240,3320,3195,51135,165549831,38610854750,11953825,KSQ
373170,KR7373170000,엠아이큐브솔루션,KOSDAQ,벤처기업부,2550,2,-40,-1.54,2590,2760,2535,31678,82216095,38540164500,15113790,KSQ
023150,KR7023150006,MH에탄올,KOSPI,,5200,1,150,2.97,4910,5990,4625,2142844,11462772710,38368335200,7378526,STK
430690,KR7430690008,한싹,KOSDAQ,벤처기업부,3515,2,-30,-0.85,3520,3535,3460,13432,47062661,38297074405,10895327,KSQ
286750,KR7286750005,나노실리칸첨단소재,KOSDAQ,투자주의환기종목(소속부없음),1194,2,-21,-1.73,1215,1286,1194,79659,96524015,38242455258,32028857,KSQ
045060,KR7045060001,오공,KOSDAQ,우량기업부,2255,2,-30,-1.31,2285,2285,2255,14874,33687259,38204151370,16941974,KSQ
228340,KR7228340006,동양파일,KOSDAQ,중견기업부,1900,2,-70,-3.55,1980,1980,1893,45355,87482013,38000000000,20000000,KSQ
223310,KR7223310004,사토시홀딩스,KOSDAQ,중견기업부,1454,2,-6,-0.41,1460,1520,1421,31655,45597097,37837753156,26023214,KSQ
285800,KR7285800009,진영,KOSDAQ,벤처기업부,2160,1,451,26.39,1728,2220,1646,7380569,15040228578,37750903200,17477270,KSQ
351320,KR7351320007,넥사다이내믹스,KOSDAQ,중견기업부,1269,2,-31,-2.38,1305,1305,1251,46366,59388559,37687576698,29698642,KSQ
355390,KR7355390006,크라우드웍스,KOSDAQ,기술성장기업부,2415,2,-85,-3.4,2500,2550,2400,43596,106275445,37618645785,15577079,KSQ
35320K,KR735320K011,대덕전자1우,KOSPI,,17950,2,-370,-2.02,18380,18700,17860,9453,172199020,37614566050,2095519,STK
148250,KR7148250004,알엔투테크놀로지,KOSDAQ,벤처기업부,3980,2,-210,-5.01,4285,4345,3860,235881,967496865,37597754560,9446672,KSQ
064520,KR7064520000,테크엘,KOSDAQ,중견기업부,1680,2,-39,-2.27,1717,1717,1655,13688,22905256,37549784160,22351062,KSQ
464580,KR7464580000,닷밀,KOSDAQ,기술성장기업부,2040,2,-5,-0.24,2035,2065,2010,21365,43420736,37548421560,18406089,KSQ
038530,KR7038530002,케이바이오,KOSDAQ,중견기업부,324,2,-8,-2.41,333,333,323,628517,205657675,37491448428,115714347,KSQ
053290,KR7053290003,NE능률,KOSDAQ,중견기업부,2260,2,-5,-0.22,2255,2350,2220,61731,139921255,37349453820,16526307,KSQ
159910,KR7159910009,에코글로우,KOSDAQ,중견기업부,711,2,-18,-2.47,729,772,683,121880,90084896,37210529835,52335485,KSQ
006200,KR7006200000,한국전자홀딩스,KOSPI,,795,2,-25,-3.05,829,829,783,669840,532210876,37208493120,46803136,STK
024940,KR7024940009,PN풍년,KOSDAQ,벤처기업부,3720,2,-75,-1.98,3795,3830,3650,78255,291483200,37200000000,10000000,KSQ
177830,KR7177830007,파버나인,KOSDAQ,우량기업부,2755,1,20,0.73,2735,2775,2727,8753,24009187,37175835005,13493951,KSQ
262840,KR7262840002,아이퀘스트,KOSDAQ,벤처기업부,1759,1,13,0.74,1744,1780,1730,10092,17779603,37174538895,21133905,KSQ
210120,KR7210120002,캔버스엔,KOSDAQ,중견기업부,1533,2,-30,-1.92,1563,1695,1533,422752,677944975,37156053774,24237478,KSQ
066910,KR7066910001,손오공,KOSDAQ,중견기업부,555,2,-1,-0.18,564,573,549,143895,79635033,37147906020,66933164,KSQ
239340,KR7239340003,이스트에이드,KOSDAQ,중견기업부,1369,1,6,0.44,1363,1400,1321,17253,23834051,36935118946,26979634,KSQ
071850,KR7071850002,캐스텍코리아,KOSDAQ,투자주의환기종목(소속부없음),1517,2,-2,-0.13,1488,1529,1467,3091,4657890,36803842946,24260938,KSQ
059100,KR7059100008,아이컴포넌트,KOSDAQ,벤처기업부,5200,2,-50,-0.95,5250,5530,5150,18808,98799500,36768472000,7070860,KSQ
109960,KR7109960005,앱토크롬,KOSDAQ,투자주의환기종목(소속부없음),166,2,-5,-2.92,174,178,165,322273,54363802,36651018654,220789269,KSQ
298060,KR7298060005,에스씨엠생명과학,KOSDAQ,관리종목(소속부없음),829,1,22,2.73,807,829,804,72024,58429241,36644432904,44203176,KSQ
112190,KR7112190004,KC산업,KONEX,일반기업부,1343,1,43,3.31,1348,1348,1201,3,3892,36536165927,27204889,KNX
387570,KR7387570005,파인메딕스,KOSDAQ,기술성장기업부,6480,2,-320,-4.71,6750,6790,6470,4371,28742610,36455832000,5625900,KSQ
318000,KR7318000007,KBG,KOSDAQ,벤처기업부,4170,1,30,0.72,4145,4215,4100,9884,40925115,36446729910,8740223,KSQ
075130,KR7075130005,플랜티넷,KOSDAQ,벤처기업부,2190,3,0,0.0,2190,2210,2160,31067,67831375,36402880800,16622320,KSQ
014910,KR7014910004,성문전자,KOSPI,,1618,1,46,2.93,1573,1632,1550,208011,329639190,36341873730,22460985,STK
065770,KR7065770000,CS,KOSDAQ,벤처기업부,1872,4,432,30.0,1872,1872,1800,10096244,18856805719,36337635360,19411130,KSQ
337840,KR7337840003,유엑스엔,KONEX,일반기업부,7650,1,160,2.14,8010,8610,7410,1283,9863280,36318650400,4747536,KNX
196490,KR7196490007,디에이테크놀로지,KOSDAQ,투자주의환기종목(소속부없음),203,0,0,0.0,0,0,0,0,0,36245520080,178549360,KSQ
010640,KR7010640001,진양폴리,KOSPI,,2170,2,-90,-3.98,2260,2290,2120,179044,392626178,36239000000,16700000,STK
169330,KR7169330008,엠브레인,KOSDAQ,중견기업부,1977,2,-13,-0.65,1990,2040,1955,3757,7580152,36212546886,18316918,KSQ
254120,KR7254120009,자비스,KOSDAQ,기술성장기업부,1175,2,-23,-1.92,1198,1207,1170,81598,96248954,36136267250,30754270,KSQ
094860,KR7094860004,네오리진,KOSDAQ,중견기업부,1438,1,18,1.27,1420,1479,1412,116222,166812661,36108200132,25110014,KSQ
001840,KR7001840008,이화공영,KOSDAQ,관리종목(소속부없음),2215,0,0,0.0,0,0,0,0,0,36027920805,16265427,KSQ
004870,KR7004870002,티웨이홀딩스,KOSPI,,318,2,-15,-4.5,333,341,316,343242,110234215,35985991092,113163494,STK
038620,KR7038620001,위즈코프,KOSDAQ,벤처기업부,475,2,-20,-4.04,495,495,471,410700,195762045,35971495875,75729465,KSQ
284620,KR7284620002,카이노스메드,KOSDAQ,투자주의환기종목(소속부없음),1087,0,0,0.0,0,0,0,0,0,35965517911,33086953,KSQ
290520,KR7290520006,신도기연,KOSDAQ,중견기업부,2255,1,145,6.87,2110,2300,2055,108236,237925839,35920711310,15929362,KSQ
035200,KR7035200005,프럼파스트,KOSDAQ,벤처기업부,3690,1,20,0.54,3675,3745,3625,35563,131327060,35905877100,9730590,KSQ
469750,KR7469750004,아이비젼웍스,KOSDAQ,벤처기업부,1041,2,-42,-3.88,1083,1108,1039,159828,169289040,35869196721,34456481,KSQ
013000,KR7013000005,세우글로벌,KOSPI,,1249,1,32,2.63,1217,1286,1208,346333,429626216,35852583719,28705031,STK
130500,KR7130500002,GH신소재,KOSDAQ,우량기업부,2460,2,-30,-1.2,2505,2505,2450,13326,32859470,35780827920,14545052,KSQ
068940,KR7068940006,셀피글로벌,KOSDAQ,관리종목(소속부없음),778,0,0,0.0,0,0,0,0,0,35720093048,45912716,KSQ
032580,KR7032580003,피델릭스,KOSDAQ,중견기업부,1077,1,2,0.19,1075,1103,1072,39751,43004194,35683232928,33132064,KSQ
123750,KR7123750002,알톤,KOSDAQ,중견기업부,2580,2,-55,-2.09,2685,2735,2525,343805,893960123,35653688220,13819259,KSQ
021650,KR7021650007,한국큐빅,KOSDAQ,중견기업부,2175,2,-5,-0.23,2215,2220,2170,4399,9630955,35562474525,16350563,KSQ
001070,KR7001070002,대한방직,KOSPI,,6700,2,-100,-1.47,6800,6920,6650,9902,66661905,35510000000,5300000,STK
377220,KR7377220009,프롬바이오,KOSDAQ,기술성장기업부,1254,2,-24,-1.88,1277,1278,1246,115524,145682529,35500740000,28310000,KSQ
000040,KR7000040006,KR모터스,KOSPI,,411,2,-10,-2.38,421,422,408,97119,39957217,35500200624,86375184,STK
353590,KR7353590003,오토앤,KOSDAQ,중견기업부,2757,2,-13,-0.47,2775,2805,2680,6472,17651533,35497946490,12875570,KSQ
187270,KR7187270004,신화콘텍,KOSDAQ,벤처기업부,3490,1,5,0.14,3505,3545,3465,13430,46828397,35402019050,10143845,KSQ
263050,KR7263050007,유틸렉스,KOSDAQ,관리종목(소속부없음),959,0,0,0.0,0,0,0,0,0,35324626904,36834856,KSQ
038060,KR7038060000,루멘스,KOSDAQ,우량기업부,734,2,-11,-1.48,746,763,729,281548,206914378,35307652646,48103069,KSQ
187220,KR7187220009,디티앤씨,KOSDAQ,중견기업부,3060,1,30,0.99,3020,3125,2985,60423,183988260,35266294980,11524933,KSQ
148780,KR7148780000,비큐AI,KOSDAQ,기술성장기업부,1121,1,1,0.09,1158,1158,1109,68134,76638645,35250657725,31445725,KSQ
009140,KR7009140005,경인전자,KOSPI,,22400,3,0,0.0,22650,22650,22200,2812,62793900,35185852800,1570797,STK
001810,KR7001810001,무림SP,KOSDAQ,중견기업부,1587,2,-25,-1.55,1620,1621,1555,25590,40562884,35132212500,22137500,KSQ
009730,KR7009730003,이렘,KOSDAQ,벤처기업부,552,2,-14,-2.47,576,578,544,1777598,988389516,35096573448,63580749,KSQ
027580,KR7027580000,상보,KOSDAQ,중견기업부,593,1,2,0.34,591,625,585,115075,68677428,35094498447,59181279,KSQ
099390,KR7099390007,브레인즈컴퍼니,KOSDAQ,벤처기업부,4275,2,-35,-0.81,4310,4350,4255,3300,14179422,35090409825,8208283,KSQ
065370,KR7065370009,위세아이텍,KOSDAQ,벤처기업부,4745,2,-25,-0.52,4770,4860,4690,14614,69301667,35036861730,7383954,KSQ
005820,KR7005820006,원림,KOSPI,,15220,2,-100,-0.65,15390,15490,15200,3306,50647110,34975103400,2297970,STK
050120,KR7050120005,ES큐브,KOSDAQ,중견기업부,2575,1,95,3.83,2480,2590,2475,11650,29498055,34927521450,13564086,KSQ
33637K,KR733637K010,솔루스첨단소재1우,KOSPI,,2065,2,-25,-1.2,2110,2110,2025,12934,26728770,34916601790,16908766,STK
005320,KR7005320007,온타이드,KOSPI,,510,3,0,0.0,510,520,505,56408,28867200,34871601900,68375690,STK
340810,KR7340810001,시선AI,KOSDAQ,기술성장기업부,2690,1,115,4.47,2565,2850,2545,190637,519932805,34851860580,12956082,KSQ
090370,KR7090370008,메타랩스,KOSPI,,1398,2,-5,-0.36,1403,1428,1394,16044,22489959,34816755222,24904689,STK
146060,KR7146060009,율촌,KOSDAQ,중견기업부,1444,2,-47,-3.15,1477,1491,1440,133860,196078732,34678519180,24015595,KSQ
123840,KR7123840001,뉴온,KOSDAQ,투자주의환기종목(소속부없음),543,2,-19,-3.38,566,567,522,89671,48522559,34564288701,63654307,KSQ
342870,KR7342870003,오아,KOSDAQ,중견기업부,6330,2,-70,-1.09,6380,6530,6310,3719,23688635,34499747010,5450197,KSQ
162120,KR7162120000,루켄테크놀러지스,KONEX,일반기업부,3090,2,-5,-0.16,3090,3100,2950,96,291745,34473900180,11156602,KNX
140430,KR7140430000,카티스,KOSDAQ,벤처기업부,644,1,7,1.1,671,683,632,362449,237402800,34420215116,53447539,KSQ
225220,KR7225220003,제놀루션,KOSDAQ,벤처기업부,1788,2,-20,-1.11,1790,1819,1765,41899,74675706,34311757548,19190021,KSQ
451700,KR7451700009,엔에이치스팩29호,KOSDAQ,SPAC(소속부없음),2390,1,30,1.27,2360,2415,2355,429656,1026999151,34296500000,14350000,KSQ
238490,KR7238490007,힘스,KOSDAQ,벤처기업부,3025,1,25,0.83,3000,3030,2990,7269,21871400,34219513900,11312236,KSQ
462310,KR7462310004,뉴키즈온,KOSDAQ,중견기업부,4180,2,-15,-0.36,4180,4265,4055,12737,52973119,34213805780,8185121,KSQ
274400,KR7274400001,이노시뮬레이션,KOSDAQ,기술성장기업부,3760,1,40,1.08,3720,3970,3590,14939,56846305,34165213680,9086493,KSQ
243870,KR7243870003,아이티센코어,KONEX,일반기업부,11790,1,140,1.2,12340,12480,11500,78,937920,34104119490,2892631,KNX
017000,KR7017000001,신원종합개발,KOSDAQ,우량기업부,2920,2,-20,-0.68,2920,3030,2900,38563,112946150,34070638840,11668027,KSQ
258790,KR7258790005,소프트캠프,KOSDAQ,벤처기업부,1362,1,1,0.07,1361,1390,1332,64908,88261667,34038128808,24991284,KSQ
310870,KR7310870001,디와이씨,KOSDAQ,벤처기업부,1643,1,67,4.25,1576,1722,1550,506514,830160829,33989186253,20687271,KSQ
038950,KR7038950002,파인디지털,KOSDAQ,중견기업부,3320,1,30,0.91,3265,3350,3215,1240,4100615,33899739800,10210765,KSQ
045510,KR7045510005,정원엔시스,KOSDAQ,중견기업부,1052,1,29,2.83,1023,1110,997,572584,598886509,33884175184,32209292,KSQ
270210,KR7270210008,에스알바이오텍,KONEX,일반기업부,20350,5,-3550,-14.85,23950,24000,20350,6937,141583150,33871618550,1664453,KNX
438700,KR7438700007,버넥트,KOSDAQ,기술성장기업부,3035,1,15,0.5,2925,3130,2925,9646,29379744,33824741150,11144890,KSQ
019175,KR7019171008,신풍제약우,KOSPI,,15350,2,-460,-2.91,15810,15810,15200,1779,27390880,33770000000,2200000,STK
004365,KR7004361002,세방우,KOSPI,,9150,2,-100,-1.08,9310,9310,9150,1197,11009780,33756637500,3689250,STK
009460,KR7009460007,한창제지,KOSPI,,565,3,0,0.0,576,610,548,1433169,824085981,33712129590,59667486,STK
147760,KR7147760003,피엠티,KOSDAQ,벤처기업부,3115,2,-130,-4.01,3235,3310,3115,11225,35918645,33703882590,10819866,KSQ
002025,KR7002021004,코오롱우,KOSPI,,29000,1,200,0.69,28650,29000,28100,8767,251029750,33652673000,1160437,STK
131220,KR7131220006,대한과학,KOSDAQ,벤처기업부,4505,1,20,0.45,4495,4530,4450,8977,40187246,33582477450,7454490,KSQ
088790,KR7088790001,진도,KOSPI,,2695,3,0,0.0,2730,2740,2660,38104,103042295,33546670080,12447744,STK
090150,KR7090150004,아이윈,KOSDAQ,중견기업부,799,1,14,1.78,800,814,772,96455,76423054,33458359107,41875293,KSQ
367000,KR7367000007,플래티어,KOSDAQ,벤처기업부,3985,1,55,1.4,3870,4130,3870,6065,24046958,33427004895,8388207,KSQ
079170,KR7079170007,한창산업,KOSDAQ,중견기업부,6420,1,20,0.31,6400,6510,6350,12927,82686425,33384000000,5200000,KSQ
252500,KR7252500004,세화피앤씨,KOSDAQ,중견기업부,804,1,2,0.25,803,805,792,25470,20371277,33355057560,41486390,KSQ
290270,KR7290270008,휴네시온,KOSDAQ,벤처기업부,3465,3,0,0.0,3465,3510,3415,25786,89458718,33290583480,9607672,KSQ
020400,KR7020400008,대동금속,KOSDAQ,중견기업부,10420,1,420,4.2,10100,10690,9730,308909,3164114180,33231109720,3189166,KSQ
060540,KR7060540002,에스에이티,KOSDAQ,중견기업부,1270,2,-5,-0.39,1287,1320,1265,38399,49433332,33189298620,26133306,KSQ
434190,KR7434190005,탈로스,KONEX,일반기업부,4500,1,105,2.39,4600,4600,4300,102,439100,33162453000,7369434,KNX
073540,KR7073540007,에프알텍,KOSDAQ,벤처기업부,2905,2,-160,-5.22,3155,3155,2905,220675,670595580,33117000000,11400000,KSQ
405920,KR7405920000,나라셀라,KOSDAQ,중견기업부,2565,2,-5,-0.19,2545,2690,2480,17020,43646522,33032264940,12878076,KSQ
008470,KR7008470007,부스타,KOSDAQ,벤처기업부,3930,2,-10,-0.25,3940,4000,3885,9312,36622275,33030864000,8404800,KSQ
397810,KR7397810003,애드포러스,KOSDAQ,벤처기업부,6380,2,-220,-3.33,6630,6710,6310,5816,37429770,32925712600,5160770,KSQ
049120,KR7049120009,파인디앤씨,KOSDAQ,벤처기업부,620,2,-31,-4.76,648,648,586,321123,198222859,32865157780,53008319,KSQ
002690,KR7002690006,동일제강,KOSPI,,1618,1,95,6.24,1523,1940,1507,5785696,10093426188,32845982480,20300360,STK
056730,KR7056730005,CNT85,KOSDAQ,벤처기업부,443,2,-4,-0.89,444,450,436,16922,7471284,32831255398,74111186,KSQ
495810,KR7495810004,유비씨,KONEX,일반기업부,13120,0,0,0.0,0,0,0,0,0,32800000000,2500000,KNX
291230,KR7291230001,엔피,KOSDAQ,중견기업부,738,2,-6,-0.81,745,767,732,131271,97360090,32542681950,44095775,KSQ
335870,KR7335870002,윙스풋,KOSDAQ,중견기업부,1938,2,-37,-1.87,1975,1975,1916,4951,9521342,32462416674,16750473,KSQ
051380,KR7051380004,피씨디렉트,KOSDAQ,중견기업부,2115,2,-60,-2.76,2180,2190,2105,57596,123188375,32444252280,15340072,KSQ
060230,KR7060230000,제이케이시냅스,KOSDAQ,중견기업부,663,4,153,30.0,516,663,516,12256046,7737813979,32352291660,48796820,KSQ
227420,KR7227420007,도부,KONEX,일반기업부,849,1,30,3.66,935,935,697,10,8240,32299788990,38044510,KNX
089140,KR7089140008,넥스턴앤롤코리아,KOSDAQ,벤처기업부,2105,1,45,2.18,2060,2210,2060,47191,98836695,32240672570,15316234,KSQ
446440,KR7446440000,에피바이오텍,KONEX,일반기업부,13960,1,70,0.5,13960,13960,13960,1,13960,32204030840,2306879,KNX
376980,KR7376980009,원티드랩,KOSDAQ,기술성장기업부,3285,2,-65,-1.94,3350,3435,3230,11607,38708969,32082604290,9766394,KSQ
047080,KR7047080007,한빛소프트,KOSDAQ,중견기업부,1290,2,-31,-2.35,1320,1320,1280,51328,66724902,32020846980,24822362,KSQ
446070,KR7446070005,유니드비티플러스,KOSPI,,3010,1,30,1.01,2960,3010,2960,4362,13033325,31939757150,10611215,STK
429270,KR7429270002,시지트로닉스,KOSDAQ,기술성장기업부,4950,1,30,0.61,4930,5130,4800,73530,364690412,31923693450,6449231,KSQ
039310,KR7039310008,세중,KOSDAQ,중견기업부,1760,1,137,8.44,1638,1785,1552,609972,1023392268,31894133920,18121667,KSQ
005360,KR7005360003,모나미,KOSPI,,1686,1,30,1.81,1656,1700,1656,18992,32011212,31860859602,18897307,STK
006740,KR7006740005,블루산업개발,KOSPI,,559,2,-11,-1.93,570,572,545,113811,63486940,31849353692,56975588,STK
066900,KR7066900002,디에이피,KOSDAQ,관리종목(소속부없음),1400,2,-32,-2.23,1420,1432,1400,1590,2253726,31842304200,22744503,KSQ
115480,KR7115480006,씨유메디칼,KOSDAQ,중견기업부,524,1,24,4.8,498,524,490,193890,97420260,31767268392,60624558,KSQ
301300,KR7301300000,바이브컴퍼니,KOSDAQ,기술성장기업부,2410,2,-105,-4.17,2550,2555,2390,17995,43757184,31702855920,13154712,KSQ
354390,KR7354390007,바스칸바이오제약,KONEX,일반기업부,4510,2,-290,-6.04,4800,4800,4510,254,1176170,31652293970,7018247,KNX
900310,HK0000341732,컬러레이,KOSDAQ,외국기업(소속부없음),494,2,-5,-1.0,499,503,494,13504,6715051,31636587450,64041675,KSQ
018680,KR7018680009,서울제약,KOSDAQ,벤처기업부,2710,3,0,0.0,2710,2710,2670,2419,6524210,31596754490,11659319,KSQ
039740,KR7039740006,한국정보공학,KOSDAQ,벤처기업부,3940,2,-115,-2.84,4070,4190,3850,60014,237433210,31592484180,8018397,KSQ
048470,KR7048470009,대동스틸,KOSDAQ,중견기업부,3255,2,-100,-2.98,3330,3350,3230,78852,258010493,31410750000,9650000,KSQ
054220,KR7054220009,비츠로시스,KOSDAQ,벤처기업부,507,2,-7,-1.36,514,515,495,698714,353076451,31410212067,61953081,KSQ
024890,KR7024890006,대원화성,KOSPI,,761,2,-7,-0.91,767,800,752,60221,45647590,31390604672,41249152,STK
288980,KR7288980006,모아데이타,KOSDAQ,기술성장기업부,907,1,52,6.08,855,907,835,906207,804933516,31342801734,34556562,KSQ
440320,KR7440320000,오픈놀,KOSDAQ,기술성장기업부,3185,2,-30,-0.93,3205,3270,3175,12777,40877430,31308550000,9830000,KSQ
027040,KR7027040005,서울전자통신,KOSDAQ,중견기업부,449,1,19,4.42,439,500,431,2183095,996349105,31245392303,69588847,KSQ
003680,KR7003680006,한성기업,KOSPI,,5030,2,-10,-0.2,5040,5050,4995,12895,64847365,31233860450,6209515,STK
258830,KR7258830009,세종메디칼,KOSDAQ,관리종목(소속부없음),412,0,0,0.0,0,0,0,0,0,31223976612,75786351,KSQ
900340,HK0000449303,윙입푸드,KOSDAQ,외국기업(소속부없음),619,2,-5,-0.8,624,630,614,28251,17454307,31154844432,50330928,KSQ
348030,KR7348030008,모비릭스,KOSDAQ,중견기업부,3240,4,745,29.86,2495,3240,2490,967041,2900688409,31116312000,9603800,KSQ
270520,KR7270520000,앱튼,KOSDAQ,투자주의환기종목(소속부없음),158,2,-8,-4.82,166,167,152,1684392,267695662,31061085226,196589147,KSQ
024070,KR7024070005,WISCOM,KOSPI,,2020,1,15,0.75,2005,2045,1986,12950,26138312,30959404760,15326438,STK
009810,KR7009810003,플레이그램,KOSPI,,1017,2,-20,-1.93,1037,1039,996,39252,39838159,30893917500,30377500,STK
033250,KR7033250002,체시스,KOSPI,,965,2,-11,-1.13,987,987,957,50665,49154672,30880000000,32000000,STK
083640,KR7083640003,인콘,KOSDAQ,벤처기업부,396,2,-5,-1.25,403,407,390,541959,214486854,30777258996,77720351,KSQ
115160,KR7115160004,휴맥스,KOSDAQ,중견기업부,698,2,-2,-0.29,718,718,686,61844,43326447,30691146552,43970124,KSQ
322970,KR7322970005,무진메디,KONEX,일반기업부,3035,1,70,2.36,2965,3035,2965,786,2350280,30507753230,10051978,KNX
014130,KR7014130009,한익스프레스,KOSPI,,2540,2,-55,-2.12,2580,2610,2420,23951,60888095,30480000000,12000000,STK
006570,KR7006570006,대림통상,KOSPI,,2000,2,-15,-0.74,2000,2035,1990,922,1859368,30450000000,15225000,STK
138070,KR7138070008,신진에스엠,KOSDAQ,중견기업부,1738,2,-22,-1.25,1770,1776,1724,2601,4540746,30420568552,17503204,KSQ
002420,KR7002420008,세기상사,KOSPI,,5090,2,-90,-1.74,5180,5260,4980,95670,486335295,30387035320,5969948,STK
431190,KR7431190008,케이쓰리아이,KOSDAQ,기술성장기업부,4050,2,-10,-0.25,4060,4320,3910,84667,345757117,30320090100,7486442,KSQ
131090,KR7131090003,시큐브,KOSDAQ,벤처기업부,3950,1,120,3.13,3920,4170,3845,50201,201833060,30249972950,7658221,KSQ
246250,KR7246250005,에스엘에스바이오,KOSDAQ,관리종목(소속부없음),1969,0,0,0.0,0,0,0,0,0,30220617614,15348206,KSQ
069140,KR7069140002,누리플랜,KOSDAQ,중견기업부,1998,2,-62,-3.01,2020,2085,1991,110409,223043933,30161416392,15095804,KSQ
002820,KR7002820009,SUN&L,KOSPI,,2390,1,10,0.42,2360,2430,2355,10721,25608555,30133093710,12607989,STK
333050,KR7333050003,모코엠시스,KOSDAQ,벤처기업부,1222,2,-5,-0.41,1220,1232,1205,32296,39122883,30077484372,24613326,KSQ
279600,KR7279600001,미디어젠,KOSDAQ,중견기업부,6420,1,60,0.94,6360,6420,6260,1902,12056800,30076294020,4684781,KSQ
432980,KR7432980001,엠에프씨,KOSDAQ,기술성장기업부,3500,1,20,0.57,3500,3560,3390,3672,12675815,30071097000,8591742,KSQ
045300,KR7045300001,성우테크론,KOSDAQ,중견기업부,2905,2,-15,-0.51,2935,2945,2880,16332,47388510,30059095325,10347365,KSQ
042040,KR7042040006,케이피엠테크,KOSDAQ,중견기업부,154,2,-4,-2.53,158,159,153,788663,121877227,30052418396,195145574,KSQ
032750,KR7032750002,삼진,KOSDAQ,우량기업부,3320,2,-10,-0.3,3330,3355,3315,4520,15066395,29983325040,9031122,KSQ
216400,KR7216400002,인바이츠바이오코아,KONEX,일반기업부,3880,2,-15,-0.39,3890,3890,3880,15,58210,29919902200,7711315,KNX
236810,KR7236810008,엔비티,KOSDAQ,기술성장기업부,1755,2,-24,-1.35,1764,1791,1735,46650,81666603,29791872630,16975426,KSQ
010400,KR7010400000,우진아이엔에스,KOSPI,,3870,2,-40,-1.02,3910,3960,3810,21968,85161555,29497140000,7622000,STK
237750,KR7237750005,피앤씨테크,KOSDAQ,벤처기업부,4540,2,-70,-1.52,4610,4745,4530,19021,87928742,29494564000,6496600,KSQ
019660,KR7019660000,글로본,KOSDAQ,중견기업부,2110,2,-70,-3.21,2180,2195,2060,45812,96441254,29422542630,13944333,KSQ
033050,KR7033050006,제이엠아이,KOSDAQ,벤처기업부,902,1,1,0.11,893,946,893,31924,29076590,29386566484,32579342,KSQ
052300,KR7052300001,오션인더블유,KOSDAQ,중견기업부,1742,2,-23,-1.3,1765,1785,1716,31965,55867971,29379079106,16865143,KSQ
224060,KR7224060004,더코디,KOSDAQ,투자주의환기종목(소속부없음),5690,1,40,0.71,5650,5690,5290,39765,216233420,29364508180,5160722,KSQ
317120,KR7317120004,라닉스,KOSDAQ,기술성장기업부,1922,2,-5,-0.26,1927,2020,1917,69024,135042946,29329720000,15260000,KSQ
303530,KR7303530000,이노뎁,KOSDAQ,벤처기업부,3995,2,-80,-1.96,4075,4075,3985,5113,20521880,29320499505,7339299,KSQ
015260,KR7015260003,에이엔피,KOSPI,,621,2,-23,-3.57,659,659,615,490958,307780797,29259591174,47116894,STK
091340,KR7091340000,S&K폴리텍,KOSDAQ,중견기업부,2500,1,10,0.4,2515,2535,2490,65490,163986468,29259302500,11703721,KSQ
311060,KR7311060008,엘에이티,KONEX,일반기업부,3710,2,-255,-6.43,3965,3965,3705,574,2182810,29205617140,7872134,KNX
016100,KR7016100000,리더스코스메틱,KOSDAQ,중견기업부,1520,1,30,2.01,1490,1527,1490,5486,8227083,29033358880,19100894,KSQ
115610,KR7115610008,이미지스,KOSDAQ,벤처기업부,1227,2,-7,-0.57,1234,1270,1219,83388,103603944,29003259126,23637538,KSQ
355690,KR7355690009,에이텀,KOSDAQ,기술성장기업부,5350,2,-380,-6.63,5590,5950,5350,167535,934211270,28916643000,5404980,KSQ
179720,KR7179720008,머니무브,KONEX,일반기업부,10500,2,-1000,-8.7,11000,12000,10000,16,177000,28875189000,2750018,KNX
083470,KR7083470005,이엠앤아이,KOSDAQ,벤처기업부,1353,2,-23,-1.67,1407,1470,1305,1201448,1655690385,28873465137,21340329,KSQ
109670,KR7109670000,씨싸이트,KOSDAQ,중견기업부,4945,2,-20,-0.4,4995,4995,4815,10216,49714716,28861996890,5836602,KSQ
303030,KR7303030001,지니틱스,KOSDAQ,벤처기업부,777,2,-20,-2.51,800,811,777,62409,49247628,28806256353,37073689,KSQ
148930,KR7148930001,에이치와이티씨,KOSDAQ,중견기업부,2830,1,10,0.35,2820,2845,2805,4674,13183785,28795852790,10175213,KSQ
079650,KR7079650008,서산,KOSDAQ,중견기업부,1436,2,-2,-0.14,1438,1495,1431,2724,3943053,28720000000,20000000,KSQ
031510,KR7031510001,오스템,KOSDAQ,중견기업부,1022,1,5,0.49,1017,1093,1011,77279,79968899,28616000000,28000000,KSQ
036480,KR7036480002,대성미생물,KOSDAQ,중견기업부,7530,2,-120,-1.57,7560,7860,7440,18917,142242760,28614000000,3800000,KSQ
227610,KR7227610003,아우딘퓨쳐스,KOSDAQ,중견기업부,746,1,6,0.81,740,784,736,49311,37110817,28383245516,38047246,KSQ
222980,KR7222980005,한국맥널티,KOSDAQ,벤처기업부,2565,1,30,1.18,2535,2575,2535,5603,14241129,28295753895,11031483,KSQ
33626L,KR733626K021,두산퓨얼셀2우B,KOSPI,,9460,2,-90,-0.94,9760,9760,9260,656,6187650,28250398000,2986300,STK
372800,KR7372800003,아이티아이즈,KOSDAQ,벤처기업부,4005,2,-40,-0.99,4075,4100,3950,7114,28713620,28183941945,7037189,KSQ
080470,KR7080470008,성창오토텍,KOSDAQ,중견기업부,3860,2,-20,-0.52,3880,3885,3835,11356,43844440,28178000000,7300000,KSQ
032080,KR7032080004,아즈텍WB,KOSDAQ,중견기업부,1308,1,8,0.62,1288,1325,1288,10049,13112352,28110265932,21491029,KSQ
900110,HK0000057197,이스트아시아홀딩스,KOSDAQ,외국기업(소속부없음),762,2,-25,-3.18,783,785,759,68832,52721760,28098555690,36874745,KSQ
457600,KR7457600005,벡트,KOSDAQ,벤처기업부,2045,2,-40,-1.92,2085,2090,2015,8131,16671975,28031837500,13707500,KSQ
023770,KR7023770001,플레이위드,KOSDAQ,중견기업부,3110,1,60,1.97,3050,3185,3045,31031,95598886,27823599450,8946495,KSQ
078860,KR7078860004,스테이지원엔터,KOSDAQ,투자주의환기종목(소속부없음),467,2,-59,-11.22,550,550,460,413490,201833929,27722174019,59362257,KSQ
101400,KR7101400000,엔시트론,KOSDAQ,중견기업부,393,1,5,1.29,388,396,381,335159,130020428,27687136890,70450730,KSQ
115530,KR7115530008,씨엔플러스,KOSDAQ,중견기업부,381,1,48,14.41,341,432,339,20632196,8228611105,27617884566,72487886,KSQ
076080,KR7076080001,웰크론한텍,KOSDAQ,중견기업부,1222,2,-2,-0.16,1233,1253,1200,45591,55620586,27610058632,22594156,KSQ
318010,KR7318010006,팜스빌,KOSDAQ,중견기업부,3480,2,-40,-1.14,3495,3545,3470,3482,12232575,27594096240,7929338,KSQ
900070,KYG3931T1076,글로벌에스엠,KOSDAQ,외국기업(소속부없음),512,2,-5,-0.97,522,522,501,144860,74034073,27516911616,53743968,KSQ
030720,KR7030720007,동원수산,KOSPI,,5910,1,20,0.34,5860,5950,5830,13195,77530410,27503987550,4653805,STK
034940,KR7034940007,조아제약,KOSDAQ,중견기업부,886,1,8,0.91,878,905,878,32194,28813506,27448126722,30979827,KSQ
007770,KR7007770001,한일화학,KOSDAQ,중견기업부,7800,2,-30,-0.38,7830,7890,7720,1060,8244200,27378000000,3510000,KSQ
196700,KR7196700009,웹스,KOSDAQ,벤처기업부,1905,2,-55,-2.81,1989,2005,1894,62335,120699516,27363694320,14364144,KSQ
069640,KR7069640001,한세엠케이,KOSPI,,610,1,2,0.33,615,615,607,27982,17034630,27331966220,44806502,STK
060900,KR7060900008,에이전트AI,KOSDAQ,중견기업부,342,2,-35,-9.28,353,400,333,7676206,2778855500,27298942056,79821468,KSQ
043220,KR7043220003,티에스넥스젠,KOSDAQ,관리종목(소속부없음),1710,0,0,0.0,0,0,0,0,0,27227331360,15922416,KSQ
060380,KR7060380003,동양에스텍,KOSDAQ,우량기업부,1381,2,-12,-0.86,1402,1402,1381,15152,21058192,27205700000,19700000,KSQ
085810,KR7085810000,알티캐스트,KOSDAQ,중견기업부,415,2,-28,-6.32,439,451,411,218679,92215222,27201602865,65546031,KSQ
328380,KR7328380001,솔트웨어,KOSDAQ,벤처기업부,793,2,-19,-2.34,812,814,790,44467,35716873,27170382954,34262778,KSQ
002355,KR7002351005,넥센타이어1우B,KOSPI,,4170,2,-65,-1.53,4235,4245,4120,31039,129434505,27105000000,6500000,STK
405000,KR7405000001,플라즈맵,KOSDAQ,중견기업부,7060,2,-210,-2.89,7270,7270,6880,2105,14836440,27099414640,3838444,KSQ
096690,KR7096690003,에이루트,KOSDAQ,중견기업부,1121,1,1,0.09,1112,1180,1104,24306,27094175,27057636413,24137053,KSQ
063760,KR7063760003,이엘피,KOSDAQ,벤처기업부,2900,2,-30,-1.02,2940,2995,2870,56752,165621979,27042877000,9325130,KSQ
044780,KR7044780005,에이치케이,KOSDAQ,벤처기업부,1455,2,-4,-0.27,1467,1469,1443,29493,43136575,26925920085,18505787,KSQ
464680,KR7464680008,KB제27호스팩,KOSDAQ,SPAC(소속부없음),2080,3,0,0.0,2085,2085,2080,48198,100277890,26842400000,12905000,KSQ
208350,KR7208350009,지란지교시큐리티,KOSDAQ,벤처기업부,3155,1,100,3.27,3070,3160,3070,55386,173875640,26822453350,8501570,KSQ
208710,KR7208710004,포톤,KOSDAQ,중견기업부,2035,1,30,1.5,2045,2100,2005,16498,33721708,26821568620,13180132,KSQ
103230,KR7103230009,에스앤더블류,KOSDAQ,중견기업부,3725,2,-25,-0.67,3750,3765,3690,14503,53924935,26820000000,7200000,KSQ
198940,KR7198940009,한주라이트메탈,KOSDAQ,중견기업부,689,2,-2,-0.29,719,729,683,392277,276972086,26817931842,38922978,KSQ
217620,KR7217620004,선샤인푸드,KOSDAQ,관리종목(소속부없음),3810,0,0,0.0,0,0,0,0,0,26803681470,7035087,KSQ
331520,KR7331520007,밸로프,KOSDAQ,중견기업부,526,2,-2,-0.38,529,538,513,115361,60805509,26754669140,50864390,KSQ
004270,KR7004270005,남성,KOSPI,,738,2,-12,-1.6,750,750,734,28499,21071482,26724574080,36212160,STK
377330,KR7377330006,이지트로닉스,KOSDAQ,기술성장기업부,3280,2,-25,-0.76,3280,3305,3210,6385,20832805,26699049120,8139954,KSQ
226340,KR7226340008,본느,KOSDAQ,벤처기업부,636,1,9,1.44,634,644,600,778169,485701202,26681739120,41952420,KSQ
900300,HK0000312568,오가닉티코스메틱,KOSDAQ,외국기업(소속부없음),106,2,-5,-4.5,111,112,104,4013711,433607903,26606516856,251004876,KSQ
233990,KR7233990001,질경이,KONEX,일반기업부,1801,2,-89,-4.71,2000,2000,1801,3,5796,26591581298,14764898,KNX
131180,KR7131180002,딜리,KOSDAQ,벤처기업부,904,3,0,0.0,904,919,894,48944,44076869,26532400000,29350000,KSQ
093380,KR7093380004,풍강,KOSDAQ,중견기업부,2680,2,-25,-0.92,2715,2720,2680,6834,18488280,26476558840,9879313,KSQ
005110,KR7005110002,한창,KOSPI,,1254,0,0,0.0,0,0,0,0,0,26467434378,21106407,STK
267790,KR7267790004,배럴,KOSDAQ,벤처기업부,3430,1,70,2.08,3310,3430,3310,16192,54584660,26374329870,7689309,KSQ
070590,KR7070590005,인티큐브,KOSDAQ,중견기업부,1900,2,-20,-1.04,1920,1920,1852,38355,71745230,26371089900,13879521,KSQ
067730,KR7067730002,로지시스,KOSDAQ,중견기업부,2720,1,25,0.93,2695,2755,2660,61236,167026946,26313067840,9673922,KSQ
377030,KR7377030002,비트맥스,KOSDAQ,관리종목(소속부없음),614,2,-24,-3.76,643,643,593,337661,206500039,26265348160,42777440,KSQ
143210,KR7143210003,핸즈코퍼레이션,KOSPI,,1199,0,0,0.0,0,0,0,0,0,26229020653,21875747,STK
403360,KR7403360001,라피치,KONEX,일반기업부,7570,1,30,0.4,7200,7570,7000,2216,15740850,26112366780,3449454,KNX
191410,KR7191410000,육일씨엔에쓰,KOSDAQ,중견기업부,2330,2,-20,-0.85,2350,2450,2300,53763,127771395,26105914150,11204255,KSQ
417180,KR7417180007,핑거스토리,KOSDAQ,중견기업부,1487,2,-25,-1.65,1487,1514,1480,29992,44676100,26094802401,17548623,KSQ
131760,KR7131760001,파인텍,KOSDAQ,벤처기업부,600,2,-12,-1.96,630,632,596,81849,49394969,26058949800,43431583,KSQ
424760,KR7424760007,벨로크,KOSDAQ,벤처기업부,1317,1,27,2.09,1290,1386,1253,284567,377346942,26048043489,19778317,KSQ
188040,KR7188040000,바이오포트,KOSDAQ,벤처기업부,5550,2,-270,-4.64,5800,5870,5550,17926,101107120,25970159400,4679308,KSQ
002210,KR7002210003,동성제약,KOSPI,,973,0,0,0.0,0,0,0,0,0,25900780311,26619507,STK
139670,KR7139670004,키네마스터,KOSDAQ,중견기업부,1830,1,13,0.72,1820,1915,1819,37667,69143548,25837422300,14118810,KSQ
208640,KR7208640003,썸에이지,KOSDAQ,중견기업부,185,2,-5,-2.63,191,192,185,225598,42525878,25759446990,139240254,KSQ
008775,KR7008771008,호텔신라우,KOSPI,,34250,1,100,0.29,34950,34950,34000,456,15602600,25751855750,751879,STK
023790,KR7023790009,동일스틸럭스,KOSDAQ,중견기업부,985,1,2,0.2,983,1078,950,755843,750927962,25747522745,26139617,KSQ
278990,KR7278990007,EMB,KONEX,일반기업부,3190,2,-305,-8.73,3200,3200,3100,21,66190,25726638630,8064777,KNX
021040,KR7021040001,대호특수강,KOSDAQ,중견기업부,1185,2,-6,-0.5,1213,1213,1172,1886,2223492,25720157190,21704774,KSQ
059180,KR7059180000,엔더블유시,KONEX,일반기업부,4835,0,0,0.0,0,0,0,0,0,25693625150,5314090,KNX
032680,KR7032680001,소프트센,KOSDAQ,중견기업부,243,1,2,0.83,241,248,236,461744,111709655,25658555652,105590764,KSQ
044480,KR7044480002,빌리언스,KOSDAQ,중견기업부,318,1,11,3.58,307,332,303,1036680,333110652,25651065504,80663728,KSQ
016920,KR7016920001,카스,KOSDAQ,중견기업부,966,3,0,0.0,966,973,953,36584,35119127,25592757708,26493538,KSQ
002680,KR7002680007,한탑,KOSDAQ,중견기업부,789,1,32,4.23,770,824,744,1208077,953819780,25497954411,32316799,KSQ
037400,KR7037400009,우리엔터프라이즈,KOSDAQ,중견기업부,972,1,1,0.1,991,991,968,15316,14900806,25489092312,26223346,KSQ
003495,KR7003491008,대한항공우,KOSPI,,22925,2,-75,-0.33,23000,23050,22900,1270,29159575,25464952450,1110794,STK
406820,KR7406820001,뷰티스킨,KOSDAQ,벤처기업부,1801,2,-25,-1.37,1820,1826,1778,35016,62816751,25459218757,14136157,KSQ
068100,KR7068100007,케이웨더,KOSDAQ,기술성장기업부,2545,2,-50,-1.93,2595,2690,2500,55152,139499495,25296317630,9939614,KSQ
206950,KR7206950008,볼빅,KONEX,일반기업부,1795,0,0,0.0,0,0,0,0,0,25268690675,14077265,KNX
362990,KR7362990004,드림인사이트,KOSDAQ,벤처기업부,1502,2,-13,-0.86,1546,1546,1495,16855,25572369,25234462148,16800574,KSQ
207490,KR7207490004,에이펙스인텍,KONEX,일반기업부,7000,0,0,0.0,0,0,0,0,0,25200000000,3600000,KNX
197140,KR7197140007,디지캡,KOSDAQ,벤처기업부,1924,1,25,1.32,1899,1927,1899,5530,10508355,25037308296,13013154,KSQ
050110,KR7050110006,캠시스,KOSDAQ,중견기업부,1694,2,-139,-7.58,1834,1834,1681,303510,527799480,25011610162,14764823,KSQ
353190,KR7353190002,휴럼,KOSDAQ,중견기업부,634,1,4,0.63,630,670,626,70592,44741174,24965918280,39378420,KSQ
054090,KR7054090006,삼진엘앤디,KOSDAQ,중견기업부,1000,2,-41,-3.94,1041,1059,980,410784,414446836,24959232000,24959232,KSQ
418620,KR7418620001,E8,KOSDAQ,기술성장기업부,1256,2,-50,-3.83,1306,1309,1243,50592,64106515,24932199112,19850477,KSQ
011090,KR7011090008,에넥스,KOSPI,,409,2,-7,-1.68,415,422,401,284824,115699273,24536581169,59991641,STK
193250,KR7193250008,링크드,KOSDAQ,중견기업부,366,2,-13,-3.43,379,385,362,83858,31157681,24465148122,66844667,KSQ
019570,KR7019570001,플루토스,KOSDAQ,중견기업부,360,2,-12,-3.23,369,372,359,380606,138384603,24375615120,67710042,KSQ
091970,KR7091970004,나노캠텍,KOSDAQ,중견기업부,647,2,-10,-1.52,657,690,637,108676,71333373,24375015241,37673903,KSQ
139050,KR7139050009,BF랩스,KOSDAQ,관리종목(소속부없음),2805,0,0,0.0,0,0,0,0,0,24247965555,8644551,KSQ
067010,KR7067010009,이씨에스,KOSDAQ,벤처기업부,2220,1,10,0.45,2255,2375,2160,80174,180035495,24172470000,10888500,KSQ
373110,KR7373110006,엑셀세라퓨틱스,KOSDAQ,기술성장기업부,1397,2,-27,-1.9,1424,1465,1387,45336,63800201,24160268418,17294394,KSQ
115570,KR7115570004,스타플렉스,KOSDAQ,중견기업부,3025,2,-15,-0.49,3040,3055,2990,15337,46297567,24153136700,7984508,KSQ
336040,KR7336040001,타스컴,KONEX,일반기업부,4200,0,0,0.0,0,0,0,0,0,23993802000,5712810,KNX
050760,KR7050760008,에스폴리텍,KOSDAQ,중견기업부,1466,1,62,4.42,1430,1671,1380,1618808,2496930427,23946637948,16334678,KSQ
154030,KR7154030001,아시아종묘,KOSDAQ,벤처기업부,1980,1,15,0.76,1965,2010,1933,38861,77024761,23882496660,12061867,KSQ
121890,KR7121890008,에스디시스템,KOSDAQ,중견기업부,1795,2,-15,-0.83,1820,1820,1720,135191,240846429,23858145570,13291446,KSQ
225590,KR7225590009,패션플랫폼,KOSDAQ,우량기업부,895,1,15,1.7,880,901,872,95618,84867402,23839858135,26636713,KSQ
012170,KR7012170007,아센디오,KOSPI,,1229,1,8,0.66,1224,1268,1221,26620,32783953,23834360784,19393296,STK
900270,HK0000214814,헝셩그룹,KOSDAQ,외국기업(소속부없음),972,2,-61,-5.91,1037,1043,950,303973,301226544,23721372288,24404704,KSQ
403810,KR7403810005,아이엘로보틱스,KONEX,일반기업부,2385,1,65,2.8,2490,2490,2045,10133,23482535,23700570210,9937346,KNX
044380,KR7044380004,주연테크,KOSPI,,367,1,8,2.23,379,380,359,41948,15364752,23664740594,64481582,STK
365900,KR7365900000,브이씨,KOSDAQ,벤처기업부,3235,2,-55,-1.67,3290,3300,3205,23527,76745445,23648820500,7310300,KSQ
101680,KR7101680007,한국정밀기계,KOSDAQ,중견기업부,2805,2,-115,-3.94,2900,2915,2775,63906,180009930,23573220000,8404000,KSQ
054940,KR7054940002,엑사이엔씨,KOSDAQ,중견기업부,710,2,-1,-0.14,711,718,701,87218,62085822,23553219080,33173548,KSQ
352940,KR7352940001,인바이오,KOSDAQ,벤처기업부,2155,3,0,0.0,2165,2245,2135,11739,25244706,23419958150,10867730,KSQ
368600,KR7368600003,아이씨에이치,KOSDAQ,기술성장기업부,915,2,-15,-1.61,930,930,904,88565,80519261,23367586590,25538346,KSQ
415380,KR7415380005,스튜디오삼익,KOSDAQ,중견기업부,2040,1,20,0.99,2030,2100,2010,13241,26840851,23343669000,11442975,KSQ
009310,KR7009310004,참엔지니어링,KOSPI,,1065,0,0,0.0,0,0,0,0,0,23307603810,21885074,STK
065150,KR7065150005,대산F&B,KOSDAQ,관리종목(소속부없음),145,0,0,0.0,0,0,0,0,0,23110448725,159382405,KSQ
312610,KR7312610009,에이에프더블류,KOSDAQ,투자주의환기종목(소속부없음),1140,1,38,3.45,1100,1152,1082,22588,25583110,23092852320,20256888,KSQ
130740,KR7130740004,티피씨글로벌,KOSDAQ,중견기업부,2040,1,15,0.74,2025,2095,1995,34630,70007661,23004425160,11276679,KSQ
00499K,KR700499K014,롯데지주우,KOSPI,,28350,2,-1000,-3.41,29500,29500,28000,2035,57705350,22838845050,805603,STK
309930,KR7309930006,조이웍스앤코,KOSDAQ,중견기업부,931,2,-15,-1.59,976,980,928,109929,103379126,22797441688,24487048,KSQ
238200,KR7238200000,비피도,KOSDAQ,벤처기업부,2785,2,-25,-0.89,2810,2850,2770,24820,69734615,22781300000,8180000,KSQ
076340,KR7076340009,지에이이노더스,KONEX,일반기업부,4670,2,-5,-0.11,4670,4670,4670,1,4670,22749718200,4871460,KNX
032280,KR7032280000,삼일,KOSDAQ,중견기업부,1394,2,-2,-0.14,1399,1409,1388,15208,21266657,22601744460,16213590,KSQ
113810,KR7113810006,디젠스,KOSDAQ,중견기업부,691,2,-8,-1.14,702,708,690,200721,139754920,22545983241,32628051,KSQ
025890,KR7025890005,한국주강,KOSPI,,1989,1,5,0.25,2005,2010,1950,58259,115071900,22494116151,11309259,STK
137940,KR7137940003,넥스트아이,KOSDAQ,중견기업부,263,2,-5,-1.87,268,296,259,1371928,373664305,22452044896,85368992,KSQ
308100,KR7308100007,형지글로벌,KOSDAQ,중견기업부,934,1,13,1.41,921,960,921,50723,47746844,22437489472,24023008,KSQ
291810,KR7291810000,핀텔,KOSDAQ,기술성장기업부,1962,2,-30,-1.51,1992,2130,1915,9619,19197147,22305412944,11368712,KSQ
017250,KR7017250002,인터엠,KOSDAQ,중견기업부,1059,1,5,0.47,1065,1080,1048,34406,36470923,22287149553,21045467,KSQ
240600,KR7240600007,유진테크놀로지,KOSDAQ,중견기업부,3190,2,-40,-1.24,3230,3255,3105,8126,26010770,22100801690,6928151,KSQ
092600,KR7092600006,앤씨앤,KOSDAQ,벤처기업부,878,1,26,3.05,852,901,842,537108,465159974,22023327926,25083517,KSQ
001685,KR7001681006,대상우,KOSPI,,16070,2,-20,-0.12,16180,16180,16010,2458,39526850,22019483610,1370223,STK
341170,KR7341170009,퓨쳐메디신,KONEX,일반기업부,2090,1,185,9.71,2000,2100,1800,2928,6033385,22014398450,10533205,KNX
043360,KR7043360007,디지아이,KOSDAQ,벤처기업부,2440,2,-45,-1.81,2485,2580,2440,10247,25431880,21960000000,9000000,KSQ
289010,KR7289010001,아이스크림에듀,KOSDAQ,중견기업부,1564,2,-16,-1.01,1583,1585,1562,40866,64509482,21810380384,13945256,KSQ
098660,KR7098660004,에스티오,KOSDAQ,중견기업부,1744,2,-3,-0.17,1746,1747,1712,24482,42512304,21801702144,12500976,KSQ
001420,KR7001420009,태원물산,KOSPI,,2855,2,-35,-1.21,2950,2985,2850,7341,21240780,21698000000,7600000,STK
389680,KR7389680000,유디엠텍,KOSDAQ,기술성장기업부,521,2,-9,-1.7,532,548,517,317234,165657647,21669674265,41592465,KSQ
275630,KR7275630002,에스에스알,KOSDAQ,벤처기업부,3840,1,35,0.92,3775,3870,3690,47641,181705372,21641848320,5635898,KSQ
192390,KR7192390003,윈하이텍,KOSDAQ,우량기업부,1958,2,-47,-2.34,2005,2005,1950,11559,22815336,21601104382,11032229,KSQ
080720,KR7080720006,한국유니온제약,KOSDAQ,관리종목(소속부없음),2725,0,0,0.0,0,0,0,0,0,21562456300,7912828,KSQ
001515,KR7001511005,SK증권우,KOSPI,,5510,2,-440,-7.39,6100,6320,5500,634776,3756089360,21557952140,3912514,STK
045520,KR7045520004,크린앤사이언스,KOSDAQ,중견기업부,3315,1,50,1.53,3275,3320,3270,4844,15953995,21547500000,6500000,KSQ
053060,KR7053060000,세동,KOSDAQ,중견기업부,1216,2,-3,-0.25,1219,1226,1205,43940,53458141,21471421504,17657419,KSQ
110020,KR7110020005,전진바이오팜,KOSDAQ,기술성장기업부,2360,1,60,2.61,2300,2405,2245,68554,159649928,21378678320,9058762,KSQ
230980,KR7230980005,비유테크놀러지,KOSDAQ,관리종목(소속부없음),229,0,0,0.0,0,0,0,0,0,21370407553,93320557,KSQ
018620,KR7018620005,우진비앤지,KOSDAQ,중견기업부,737,1,5,0.68,732,740,732,54364,40019381,21291408941,28889293,KSQ
054410,KR7054410006,케이피티유,KOSDAQ,중견기업부,3660,1,60,1.67,3605,3850,3580,44279,164008935,20958785040,5726444,KSQ
177350,KR7177350006,베셀,KOSDAQ,투자주의환기종목(소속부없음),1064,2,-34,-3.1,1104,1134,1057,155907,167398786,20911608088,19653767,KSQ
247660,KR7247660004,나노씨엠에스,KOSDAQ,기술성장기업부,4785,2,-50,-1.03,4835,4965,4600,17580,83721875,20785657200,4343920,KSQ
254160,KR7254160005,제이엠멀티,KONEX,일반기업부,4000,0,0,0.0,0,0,0,0,0,20640000000,5160000,KNX
191600,KR7191600006,블루탑,KONEX,일반기업부,7200,1,650,9.92,6800,7200,6800,14,97970,20584281600,2858928,KNX
001770,KR7001770007,SHD,KOSPI,,16640,2,-180,-1.07,16820,16900,16620,1130,18909470,20215569920,1214878,STK
154040,KR7154040000,다산솔루에타,KOSDAQ,중견기업부,1126,1,22,1.99,1104,1149,1104,64570,72951321,20211805844,17950094,KSQ
065690,KR7065690000,파커스,KOSDAQ,투자주의환기종목(소속부없음),1425,1,43,3.11,1383,1447,1383,43614,61731011,20020296675,14049331,KSQ
069920,KR7069920007,엑시온그룹,KOSDAQ,투자주의환기종목(소속부없음),428,2,-35,-7.56,467,467,419,410759,180407389,19894556652,46482609,KSQ
015020,KR7015020001,이스타코,KOSPI,,464,0,0,0.0,0,0,0,0,0,19883142400,42851600,STK
215480,KR7215480005,토박스코리아,KOSDAQ,중견기업부,2165,2,-40,-1.81,2190,2220,2155,21989,48164635,19874700000,9180000,KSQ
048830,KR7048830004,엔피케이,KOSDAQ,중견기업부,1055,1,10,0.96,1050,1091,1037,208533,220205414,19753738765,18723923,KSQ
084440,KR7084440007,유비온,KOSDAQ,기술성장기업부,1001,2,-15,-1.48,1016,1048,996,82716,83603953,19732512800,19712800,KSQ
019685,KR7019681006,대교우B,KOSPI,,1012,2,-6,-0.59,1018,1018,1012,1757,1781985,19660113880,19426990,STK
014100,KR7014100002,메디앙스,KOSDAQ,중견기업부,1662,1,9,0.54,1700,1700,1649,31812,52660478,19611600000,11800000,KSQ
134060,KR7134060003,이퓨쳐,KOSDAQ,벤처기업부,4085,1,40,0.99,4045,4170,4020,10917,44259955,19482386250,4769250,KSQ
199730,KR7199730003,바이오인프라,KOSDAQ,벤처기업부,3985,1,50,1.27,3935,3995,3935,10881,43139952,19384502495,4864367,KSQ
317860,KR7317860005,노드메이슨,KONEX,일반기업부,4295,1,105,2.51,4295,4295,4000,5002,20008590,19384258425,4513215,KNX
419540,KR7419540000,비스토스,KOSDAQ,벤처기업부,838,2,-32,-3.68,870,870,810,67327,56720683,19267724218,22992511,KSQ
900100,USU652221081,애머릿지,KOSDAQ,외국기업(소속부없음),364,2,-16,-4.21,381,381,362,52714,19794783,19204822728,52760502,KSQ
214610,KR7214610008,롤링스톤,KOSDAQ,관리종목(소속부없음),2290,0,0,0.0,0,0,0,0,0,19197807380,8383322,KSQ
005257,KR7005252002,녹십자홀딩스2우,KOSPI,,22600,2,-400,-1.74,23250,23300,22600,85,1937250,19119374000,845990,STK
217880,KR7217880004,틸론,KONEX,일반기업부,1780,2,-169,-8.67,1950,1950,1658,17713,30489132,19094576200,10727290,KNX
304840,KR7304840002,피플바이오,KOSDAQ,투자주의환기종목(소속부없음),812,2,-29,-3.45,882,882,730,372943,293143626,19061405244,23474637,KSQ
225430,KR7225430008,케이엠제약,KOSDAQ,벤처기업부,683,2,-118,-14.73,801,801,674,3761094,2687110405,19046855150,27887050,KSQ
067770,KR7067770008,세진티에스,KOSDAQ,중견기업부,2265,1,15,0.67,2250,2295,2250,7945,18099135,19018283145,8396593,KSQ
096870,KR7096870001,엘디티,KOSDAQ,벤처기업부,2270,1,100,4.61,2170,2300,2170,32691,73332790,18949957730,8347999,KSQ
084180,KR7084180009,수성웹툰,KOSDAQ,중견기업부,1038,2,-149,-12.55,1152,1163,991,1736073,1826615309,18761105754,18074283,KSQ
065420,KR7065420002,에스아이리소스,KOSDAQ,중견기업부,262,2,-21,-7.42,284,288,262,4901248,1338506272,18753252338,71577299,KSQ
222670,KR7222670002,플럼라인생명과학,KONEX,일반기업부,4635,0,0,0.0,0,0,0,0,0,18692639820,4032932,KNX
011080,KR7011080009,형지I&C,KOSDAQ,중견기업부,435,2,-28,-6.05,491,491,423,594646,261360176,18688740570,42962622,KSQ
322780,KR7322780008,코퍼스코리아,KOSDAQ,중견기업부,417,2,-4,-0.95,438,457,410,2298336,982907287,18622380162,44657986,KSQ
051780,KR7051780005,큐로홀딩스,KOSDAQ,중견기업부,720,2,-19,-2.57,751,751,698,84760,61791519,18584096400,25811245,KSQ
052960,KR7052960002,태양3C,KONEX,일반기업부,3795,1,250,7.05,3795,3795,3795,10,37950,18546461010,4887078,KNX
018700,KR7018700005,바른손,KOSDAQ,투자주의환기종목(소속부없음),528,2,-10,-1.86,538,539,518,76139,40240562,18543231696,35119757,KSQ
060480,KR7060480001,국일신동,KOSDAQ,중견기업부,1669,1,6,0.36,1675,1675,1600,68141,112372350,18509210000,11090000,KSQ
060260,KR7060260007,뉴보텍,KOSDAQ,벤처기업부,1366,2,-7,-0.51,1374,1538,1350,511360,726657592,18457404294,13512009,KSQ
028080,KR7028080000,휴맥스홀딩스,KOSDAQ,중견기업부,1462,2,-1,-0.07,1463,1478,1452,16151,23610243,18388313772,12577506,KSQ
035620,KR7035620004,바른손이앤에이,KOSDAQ,중견기업부,247,2,-1,-0.4,249,251,243,281078,69265404,18386599725,74439675,KSQ
032980,KR7032980005,바이온,KOSDAQ,관리종목(소속부없음),604,0,0,0.0,0,0,0,0,0,18354952980,30388995,KSQ
344860,KR7344860002,이노진,KOSDAQ,기술성장기업부,1525,1,35,2.35,1490,1549,1490,14370,21828534,18345750000,12030000,KSQ
152550,KR7152550000,한국ANKOR유전,KOSPI,,260,2,-35,-11.86,303,312,258,46842665,13620173038,18205200000,70020000,STK
071950,KR7071950000,코아스,KOSPI,,1514,2,-56,-3.57,1570,1630,1514,170943,264645761,18047496198,11920407,STK
043590,KR7043590009,웰킵스하이텍,KOSDAQ,중견기업부,664,2,-6,-0.9,675,675,658,51017,34084614,18018809968,27136762,KSQ
45226K,KR745226K018,한화갤러리아우,KOSPI,,6140,2,-110,-1.76,6250,6250,6130,8540,52856080,17833445800,2904470,STK
276730,KR7276730009,한울앤제주,KOSDAQ,투자주의환기종목(소속부없음),801,1,24,3.09,777,837,758,155017,123871465,17742027447,22149847,KSQ
102950,KR7102950003,아하,KONEX,일반기업부,1350,2,-22,-1.6,1500,1500,1230,17094,24067253,17714569050,13121903,KNX
025870,KR7025870007,신라에스지,KOSDAQ,중견기업부,4420,1,30,0.68,4390,4425,4390,1541,6789650,17680000000,4000000,KSQ
008600,KR7008600009,윌비스,KOSPI,,2620,0,0,0.0,0,0,0,0,0,17615839860,6723603,STK
331660,KR7331660001,한국미라클피플사,KONEX,일반기업부,15990,0,0,0.0,0,0,0,0,0,17589000000,1100000,KNX
009440,KR7009440009,KC그린홀딩스,KOSPI,,756,0,0,0.0,0,0,0,0,0,17568790596,23239141,STK
368970,KR7368970000,오에스피,KOSDAQ,벤처기업부,1879,1,44,2.4,1835,1880,1835,19950,36901957,17561434640,9346160,KSQ
217320,KR7217320001,썬테크,KONEX,일반기업부,16620,0,0,0.0,0,0,0,0,0,17451000000,1050000,KNX
083660,KR7083660001,CSA 코스믹,KOSDAQ,중견기업부,276,2,-11,-3.83,289,291,263,427953,118880082,17340930684,62829459,KSQ
088290,KR7088290002,이원컴포텍,KOSDAQ,관리종목(소속부없음),433,2,-13,-2.91,446,450,410,82822,35647018,17268197612,39880364,KSQ
002070,KR7002070001,비비안,KOSPI,,379,1,4,1.07,380,383,370,358260,135207871,17129313183,45196077,STK
361670,KR7361670003,삼영에스앤씨,KOSDAQ,기술성장기업부,3000,2,-30,-0.99,3095,3095,2995,18279,55509735,17002974000,5667658,KSQ
476710,KR7476710009,타조이엔터테인먼트,KONEX,일반기업부,16900,0,0,0.0,0,0,0,0,0,16900000000,1000000,KNX
477380,KR7477380000,미래에셋비전스팩4호,KOSDAQ,SPAC(소속부없음),2075,1,15,0.73,2065,2075,2055,4374,9050215,16807500000,8100000,KSQ
241820,KR7241820000,피씨엘,KOSDAQ,관리종목(소속부없음),6040,0,0,0.0,0,0,0,0,0,16803871920,2782098,KSQ
18064K,KR718064K016,한진칼우,KOSPI,,31300,1,300,0.97,32750,32750,31150,3135,99937500,16800775800,536766,STK
012340,KR7012340006,뉴인텍,KOSDAQ,투자주의환기종목(소속부없음),297,2,-1,-0.34,300,306,296,261187,78418327,16780963914,56501562,KSQ
482680,KR7482680006,미래에셋비전스팩7호,KOSDAQ,SPAC(소속부없음),2030,2,-5,-0.25,2035,2035,2020,29584,59924210,16676450000,8215000,KSQ
012205,KR7012201000,계양전기우,KOSPI,,14190,1,2460,20.97,13550,14750,12190,2146225,29267570025,16589231010,1169079,STK
086220,KR7086220001,광동헬스바이오,KONEX,일반기업부,1306,2,-194,-12.93,1300,1306,1300,2360,3068360,16570351690,12687865,KNX
176590,KR7176590008,코나솔,KONEX,일반기업부,2795,1,70,2.57,2795,2795,2795,1,2795,16312690485,5836383,KNX
008500,KR7008500001,일정실업,KOSPI,,2715,2,-5,-0.18,2720,2795,2565,90383,241080655,16290000000,6000000,STK
001795,KR7001791003,대한제당우,KOSPI,,2480,1,35,1.43,2455,2580,2445,70326,174555012,16077244800,6482760,STK
108675,KR7108671009,LX하우시스우,KOSPI,,15500,1,100,0.65,15810,15810,15410,418,6477650,16001115000,1032330,STK
204210,KR7204210009,스타에스엠리츠,KOSPI,,2035,0,0,0.0,0,0,0,0,0,15927568525,7826815,STK
106520,KR7106520000,노블엠앤비,KOSDAQ,투자주의환기종목(소속부없음),411,0,0,0.0,0,0,0,0,0,15904036272,38695952,KSQ
0072Z0,KR70072Z0006,KB제33호스팩,KOSDAQ,SPAC(소속부없음),2000,2,-10,-0.5,2005,2010,2000,38951,78067650,15770000000,7885000,KSQ
000087,KR7000082008,하이트진로2우B,KOSPI,,13920,2,-30,-0.22,13960,14030,13910,2155,30062265,15731520960,1130138,STK
0130H0,KR70130H0008,엔에이치스팩33호,KOSDAQ,SPAC(소속부없음),2020,1,5,0.25,2015,2025,2000,290968,585875019,15554000000,7700000,KSQ
069330,KR7069330009,유아이디,KOSDAQ,벤처기업부,1092,1,22,2.06,1070,1093,1070,50193,54459394,15496671372,14191091,KSQ
079190,KR7079190005,케스피온,KOSDAQ,벤처기업부,404,1,17,4.39,399,503,392,25156847,11835120097,15495627656,38355514,KSQ
0101C0,KR70101C0008,하나36호스팩,KOSDAQ,SPAC(소속부없음),2002,1,2,0.1,2000,2010,2000,14298,28692257,15495480000,7740000,KSQ
005725,KR7005721006,넥센우,KOSPI,,4300,2,-30,-0.69,4330,4330,4295,7806,33565920,15482580000,3600600,STK
0044K0,KR70044K0008,삼성스팩10호,KOSDAQ,SPAC(소속부없음),2050,3,0,0.0,2050,2050,2035,46549,95424975,15416000000,7520000,KSQ
457630,KR7457630002,대신밸런스제16호스팩,KOSDAQ,관리종목(소속부없음),2095,3,0,0.0,2095,2100,2095,44455,93295325,15314450000,7310000,KSQ
032800,KR7032800005,판타지오,KOSDAQ,중견기업부,333,2,-12,-3.48,345,357,331,194420,66646288,15303700314,45957058,KSQ
477340,KR7477340004,에이치엠씨제7호스팩,KOSDAQ,SPAC(소속부없음),2030,1,5,0.25,2030,2035,2030,4840,9827390,15245300000,7510000,KSQ
469880,KR7469880009,하나30호스팩,KOSDAQ,SPAC(소속부없음),2080,1,5,0.24,2075,2080,2075,270,560485,15194400000,7305000,KSQ
030350,KR7030350003,드래곤플라이,KOSDAQ,관리종목(소속부없음),973,0,0,0.0,0,0,0,0,0,15171092867,15592079,KSQ
250930,KR7250930005,예선테크,KOSDAQ,벤처기업부,457,1,29,6.78,431,459,428,386303,169385800,15081201080,33000440,KSQ
009620,KR7009620006,삼보산업,KOSDAQ,중견기업부,920,2,-256,-21.77,1163,1210,830,3583716,3383585079,15075203720,16386091,KSQ
368030,KR7368030003,창대정밀,KONEX,일반기업부,8580,0,0,0.0,0,0,0,0,0,15009054060,1749307,KNX
0115H0,KR70115H0007,삼성스팩13호,KOSDAQ,SPAC(소속부없음),2015,2,-10,-0.49,2020,2025,2015,33728,68041455,14810250000,7350000,KSQ
227100,KR7227100005,프로브잇,KOSDAQ,관리종목(소속부없음),612,0,0,0.0,0,0,0,0,0,14770119384,24134182,KSQ
008290,KR7008290009,원풍물산,KOSDAQ,투자주의환기종목(소속부없음),359,2,-9,-2.45,367,371,359,51013,18508423,14609030761,40693679,KSQ
302920,KR7302920004,더콘텐츠온,KONEX,일반기업부,3200,3,0,0.0,3200,3200,3200,1,3200,14567548800,4552359,KNX
058450,KR7058450008,한주에이알티,KOSDAQ,투자주의환기종목(소속부없음),726,1,46,6.76,684,750,670,314391,225008759,14558832288,20053488,KSQ
473050,KR7473050003,유안타제15호스팩,KOSDAQ,SPAC(소속부없음),2055,1,5,0.24,2060,2060,2050,2883,5919620,14405550000,7010000,KSQ
050090,KR7050090000,비케이홀딩스,KOSDAQ,투자주의환기종목(소속부없음),728,2,-3,-0.41,732,773,728,128253,94363405,14403287080,19784735,KSQ
233250,KR7233250000,메디안디노스틱,KONEX,일반기업부,8200,0,0,0.0,0,0,0,0,0,14321578800,1746534,KNX
478440,KR7478440001,미래에셋비전스팩6호,KOSDAQ,SPAC(소속부없음),2065,1,15,0.73,2045,2070,2045,4066,8397682,14310450000,6930000,KSQ
073190,KR7073190001,듀오백,KOSDAQ,투자주의환기종목(소속부없음),1193,1,6,0.51,1192,1220,1191,13503,16155237,14277871720,11968040,KSQ
379390,KR7379390008,이성씨엔아이,KONEX,일반기업부,4990,0,0,0.0,0,0,0,0,0,14178885400,2841460,KNX
479880,KR7479880007,한국제15호스팩,KOSDAQ,SPAC(소속부없음),2055,1,15,0.74,2060,2060,2040,12513,25588960,14117850000,6870000,KSQ
0099W0,KR70099W0008,미래에셋비전스팩11호,KOSDAQ,SPAC(소속부없음),2005,2,-5,-0.25,2000,2010,2000,13038,26140170,14035000000,7000000,KSQ
351020,KR7351020003,미쥬,KONEX,일반기업부,6750,0,0,0.0,0,0,0,0,0,14006250000,2075000,KNX
065060,KR7065060006,지엔코,KOSDAQ,중견기업부,588,1,9,1.55,579,597,579,94998,55955053,13994872752,23800804,KSQ
140910,KR7140910001,에이리츠,KOSPI,,3130,0,0,0.0,0,0,0,0,0,13969290160,4463032,STK
035290,KR7035290006,골드앤에스,KOSDAQ,중견기업부,577,1,13,2.3,564,585,564,80866,46459803,13754664480,23838240,KSQ
352770,KR7352770002,셀레스트라,KOSDAQ,관리종목(소속부없음),5250,0,0,0.0,0,0,0,0,0,13610136750,2592407,KSQ
489480,KR7489480004,키움제11호스팩,KOSDAQ,SPAC(소속부없음),2045,3,0,0.0,2045,2045,2040,23070,47178100,13497000000,6600000,KSQ
244460,KR7244460002,올리패스,KOSDAQ,관리종목(소속부없음),1651,0,0,0.0,0,0,0,0,0,13415218661,8125511,KSQ
481890,KR7481890002,엔에이치스팩31호,KOSDAQ,SPAC(소속부없음),2090,2,-20,-0.95,2090,2110,2080,49983,104300870,13261050000,6345000,KSQ
0096B0,KR70096B0006,삼성스팩12호,KOSDAQ,SPAC(소속부없음),2015,2,-5,-0.25,2020,2020,2005,26179,52725345,13258700000,6580000,KSQ
489730,KR7489730002,디비금융제13호스팩,KOSDAQ,SPAC(소속부없음),2085,1,5,0.24,2080,2085,2075,722,1500680,13202220000,6332000,KSQ
031860,KR7031860000,디에이치엑스컴퍼니,KOSDAQ,관리종목(소속부없음),693,0,0,0.0,0,0,0,0,0,13156898139,18985423,KSQ
079950,KR7079950002,인베니아,KOSDAQ,관리종목(소속부없음),953,2,-45,-4.51,1005,1005,949,133914,129092326,13150542300,13799100,KSQ
0099X0,KR70099X0007,IBKS제25호스팩,KOSDAQ,SPAC(소속부없음),2195,2,-5,-0.23,2180,2200,2180,10791,23680380,13126100000,5980000,KSQ
477760,KR7477760003,DB금융스팩12호,KOSDAQ,SPAC(소속부없음),2230,0,0,0.0,0,0,0,0,0,13023200000,5840000,KSQ
0097F0,KR70097F0001,미래에셋비전스팩10호,KOSDAQ,SPAC(소속부없음),1999,2,-1,-0.05,2000,2005,1999,20580,41156326,12993500000,6500000,KSQ
208850,KR7208850008,이비테크,KONEX,일반기업부,4600,2,-440,-8.73,4805,5050,4600,981,4665310,12973150000,2820250,KNX
084695,KR7084691005,대상홀딩스우,KOSPI,,14180,2,-20,-0.14,14190,14190,14100,1886,26726030,12953174760,913482,STK
478390,KR7478390008,KB제29호스팩,KOSDAQ,SPAC(소속부없음),2080,1,20,0.97,2067,2085,2065,1999,4154205,12937600000,6220000,KSQ
001755,KR7001751007,한양증권우,KOSPI,,24550,1,50,0.2,24550,25000,24400,742,18197000,12888750000,525000,STK
0093G0,KR70093G0004,미래에셋비전스팩8호,KOSDAQ,SPAC(소속부없음),2005,1,6,0.3,2000,2005,1999,15044,30136256,12832000000,6400000,KSQ
471050,KR7471050005,대신밸런스제17호스팩,KOSDAQ,SPAC(소속부없음),2115,1,10,0.48,2095,2140,2085,8006,16815165,12816900000,6060000,KSQ
0088D0,KR70088D0004,메리츠제1호스팩,KOSDAQ,SPAC(소속부없음),2210,3,0,0.0,2205,2210,2205,5662,12493605,12806950000,5795000,KSQ
492220,KR7492220009,KB제31호스팩,KOSDAQ,SPAC(소속부없음),2060,1,5,0.24,2085,2085,2035,1472,3021565,12792600000,6210000,KSQ
0037T0,KR70037T0008,KB제32호스팩,KOSDAQ,SPAC(소속부없음),2020,2,-5,-0.25,2020,2020,2015,993,2005815,12786600000,6330000,KSQ
482520,KR7482520004,교보16호스팩,KOSDAQ,SPAC(소속부없음),2095,0,0,0.0,0,0,0,0,0,12779500000,6100000,KSQ
0054V0,KR70054V0002,엔에이치스팩32호,KOSDAQ,SPAC(소속부없음),2050,2,-10,-0.49,2060,2060,2035,13385,27456985,12743825000,6216500,KSQ
33637L,KR733637K028,솔루스첨단소재2우B,KOSPI,,3370,2,-15,-0.44,3385,3470,3300,2560,8570240,12732857520,3778296,STK
054180,KR7054180005,메디콕스,KOSDAQ,관리종목(소속부없음),2295,0,0,0.0,0,0,0,0,0,12686716395,5527981,KSQ
004255,KR7004251005,NPC우,KOSPI,,2400,2,-5,-0.21,2405,2410,2370,10561,25179750,12672000000,5280000,STK
0091W0,KR70091W0006,신영스팩11호,KOSDAQ,SPAC(소속부없음),2060,2,-5,-0.24,2055,2060,2050,22022,45250380,12500080000,6068000,KSQ
149010,KR7149010001,아이케이세미콘,KONEX,일반기업부,4000,1,90,2.3,4000,4000,4000,600,2400000,12480000000,3120000,KNX
289170,KR7289170003,바이오텐,KONEX,일반기업부,3445,2,-5,-0.14,3445,3445,3445,1,3445,12321693605,3576689,KNX
065570,KR7065570004,삼영이엔씨,KOSDAQ,관리종목(소속부없음),764,0,0,0.0,0,0,0,0,0,12295692232,16093838,KSQ
456190,KR7456190008,큐라켐,KONEX,일반기업부,7000,0,0,0.0,0,0,0,0,0,12280002000,1754286,KNX
223220,KR7223220005,로지스몬,KONEX,일반기업부,2995,2,-50,-1.64,3040,3040,2600,2764,7217345,12258241490,4092902,KNX
145995,KR7145991006,삼양사우,KOSPI,,33100,2,-250,-0.75,33000,33400,33000,3863,128104900,12249317000,370070,STK
253610,KR7253610000,루트락,KONEX,일반기업부,1189,1,61,5.41,1284,1284,959,102,98373,12196846419,10258071,KNX
004105,KR7004101002,태양금속우,KOSPI,,3675,2,-60,-1.61,3690,3730,3560,7383,27120275,12127500000,3300000,STK
188260,KR7188260004,세니젠,KOSDAQ,관리종목(소속부없음),1673,1,18,1.09,1655,1715,1611,15964,26462493,12093230310,7228470,KSQ
0041L0,KR70041L0000,하나35호스팩,KOSDAQ,SPAC(소속부없음),2005,3,0,0.0,2000,2005,2000,5067,10143470,12090150000,6030000,KSQ
482690,KR7482690005,대신밸런스제19호스팩,KOSDAQ,SPAC(소속부없음),2140,1,5,0.23,2140,2175,2140,1465,3135230,12016100000,5615000,KSQ
224760,KR7224760009,엔에스컴퍼니,KONEX,일반기업부,3050,5,-535,-14.92,3050,3050,3050,7,21350,12016085000,3939700,KNX
0132G0,KR70132G0007,교보20호스팩,KOSDAQ,SPAC(소속부없음),2010,1,10,0.5,2000,2015,2000,577018,1156965027,11999700000,5970000,KSQ
003075,KR7003071008,코오롱글로벌우,KOSPI,,16180,2,-120,-0.74,16440,16440,15810,1941,30979060,11985124660,740737,STK
38380K,KR738380K012,LX홀딩스1우,KOSPI,,8030,2,-80,-0.99,8110,8180,7740,5973,47315020,11766238550,1465285,STK
001067,KR7001062009,JW중외제약2우B,KOSPI,,56000,0,0,0.0,0,0,0,0,0,11758488000,209973,STK
0071M0,KR70071M0002,삼성스팩11호,KOSDAQ,SPAC(소속부없음),2022,1,7,0.35,2015,2025,2015,4695,9482204,11646720000,5760000,KSQ
477470,KR7477470009,미래에셋비전스팩5호,KOSDAQ,SPAC(소속부없음),2110,1,15,0.72,2135,2135,2110,1589,3360775,11562800000,5480000,KSQ
487360,KR7487360000,신한제14호스팩,KOSDAQ,SPAC(소속부없음),2050,2,-5,-0.24,2050,2055,2045,9153,18769080,11562000000,5640000,KSQ
469900,KR7469900005,하나31호스팩,KOSDAQ,SPAC(소속부없음),2060,3,0,0.0,2060,2075,2055,16171,33335385,11546300000,5605000,KSQ
060240,KR7060240009,스타코링크,KOSDAQ,관리종목(소속부없음),1976,0,0,0.0,0,0,0,0,0,11502414560,5821060,KSQ
00806K,KR700806K010,대덕1우,KOSPI,,9470,1,70,0.74,9400,9580,9390,3052,28870600,11481020790,1212357,STK
496070,KR7496070004,신한제16호스팩,KOSDAQ,SPAC(소속부없음),2035,1,15,0.74,2025,2035,2020,20142,40823230,11436700000,5620000,KSQ
0105P0,KR70105P0009,유진스팩12호,KOSDAQ,SPAC(소속부없음),2010,1,5,0.25,2000,2010,2000,10581,21258688,11376600000,5660000,KSQ
474660,KR7474660008,신한제12호스팩,KOSDAQ,SPAC(소속부없음),2060,1,10,0.49,2045,2060,2045,16452,33790575,11371200000,5520000,KSQ
474490,KR7474490000,유안타제16호스팩,KOSDAQ,SPAC(소속부없음),2050,1,15,0.74,2045,2055,2045,2397,4911725,11295500000,5510000,KSQ
199150,KR7199150004,데이터스트림즈,KONEX,일반기업부,2595,1,95,3.8,2600,2600,2595,31,80595,11077050735,4268613,KNX
026910,KR7026910000,광진실업,KOSDAQ,중견기업부,1728,2,-93,-5.11,1820,1821,1701,11312,20275094,11068539840,6405405,KSQ
486630,KR7486630007,KB제30호스팩,KOSDAQ,SPAC(소속부없음),2080,1,5,0.24,2075,2085,2075,861,1790785,11044800000,5310000,KSQ
0098T0,KR70098T0004,교보19호스팩,KOSDAQ,SPAC(소속부없음),2045,2,-5,-0.24,2045,2055,2040,10336,21215590,11043000000,5400000,KSQ
0096D0,KR70096D0004,미래에셋비전스팩9호,KOSDAQ,SPAC(소속부없음),2005,3,0,0.0,2005,2010,2000,7675,15380832,11027500000,5500000,KSQ
452670,KR7452670003,상상인제4호스팩,KOSDAQ,관리종목(소속부없음),2097,2,-3,-0.14,2097,2100,2097,24476,51326718,10946340000,5220000,KSQ
489210,KR7489210005,교보17호스팩,KOSDAQ,SPAC(소속부없음),2110,3,0,0.0,2095,2110,2095,2690,5665010,10929800000,5180000,KSQ
169670,KR7169670007,코스텍시스템,KONEX,일반기업부,3800,0,0,0.0,0,0,0,0,0,10899923800,2868401,KNX
0004Y0,KR70004Y0000,디비금융제14호스팩,KOSDAQ,SPAC(소속부없음),2050,2,-5,-0.24,2055,2055,2050,3259,6696495,10895750000,5315000,KSQ
900120,KYG2114A1094,씨엑스아이,KOSDAQ,외국기업(소속부없음),359,2,-3,-0.83,362,368,354,57369,20509979,10790744456,30057784,KSQ
0130D0,KR70130D0002,신한제17호스팩,KOSDAQ,SPAC(소속부없음),2020,1,10,0.5,2000,2025,2000,201028,404383322,10786800000,5340000,KSQ
493790,KR7493790000,유안타제17호스팩,KOSDAQ,SPAC(소속부없음),2010,3,0,0.0,2010,2010,2005,13826,27790015,10673100000,5310000,KSQ
455310,KR7455310003,한화플러스제4호스팩,KOSDAQ,관리종목(소속부없음),2095,2,-5,-0.24,2095,2100,2095,67019,140591560,10600700000,5060000,KSQ
00781K,KR700781K015,코리아써키트2우B,KOSPI,,13500,2,-150,-1.1,13650,13650,13400,1697,23137350,10579936500,783699,STK
0041B0,KR70041B0002,교보18호스팩,KOSDAQ,SPAC(소속부없음),2070,1,10,0.49,2060,2070,2060,6189,12782635,10432800000,5040000,KSQ
466690,KR7466690005,키움히어로제1호스팩,KOSDAQ,SPAC(소속부없음),2040,2,-10,-0.49,2050,2050,2030,11540,23620395,10393800000,5095000,KSQ
114920,KR7114920002,대주이엔티,KONEX,일반기업부,2995,1,215,7.73,3190,3190,2380,22,53985,10391152500,3469500,KNX
178600,KR7178600003,대동고려삼,KONEX,일반기업부,2295,1,50,2.23,1910,2495,1910,105,202105,10211832000,4449600,KNX
043100,KR7043100007,알파AI,KOSDAQ,벤처기업부,507,2,-20,-3.8,527,539,499,316713,161231850,10195810560,20110080,KSQ
478110,KR7478110000,이베스트스팩6호,KOSDAQ,SPAC(소속부없음),2030,1,5,0.25,2030,2030,2025,1087,2206560,10190600000,5020000,KSQ
472220,KR7472220003,신영스팩10호,KOSDAQ,SPAC(소속부없음),2155,3,0,0.0,2170,2170,2145,1752,3792330,10106950000,4690000,KSQ
498390,KR7498390004,한화플러스제5호스팩,KOSDAQ,SPAC(소속부없음),2025,3,0,0.0,2030,2035,2020,6661,13551545,10044000000,4960000,KSQ
121850,KR7121850002,코이즈,KOSDAQ,투자주의환기종목(소속부없음),1966,1,7,0.36,1959,2280,1816,297756,604062368,9942060034,5056999,KSQ
238500,KR7238500003,로보쓰리에이아이,KONEX,일반기업부,190,0,0,0.0,0,0,0,0,0,9883469780,52018262,KNX
03481K,KR703481K019,해성산업1우,KOSDAQ,중견기업부,7060,1,70,1.0,6990,7060,6960,1020,7152030,9805789320,1388922,KSQ
006345,KR7006341002,대원전선우,KOSPI,,3705,2,-65,-1.72,3800,3840,3665,24992,92670420,9711546000,2621200,STK
488060,KR7488060005,유진스팩11호,KOSDAQ,SPAC(소속부없음),2050,1,15,0.74,2055,2055,2045,1000,2049905,9676000000,4720000,KSQ
000225,KR7000221002,유유제약1우,KOSPI,,4260,2,-45,-1.05,4320,4320,4240,809,3446560,9657121800,2266930,STK
244880,KR7244880001,나눔테크,KONEX,일반기업부,1900,1,14,0.74,1900,1900,1900,1,1900,9538000000,5020000,KNX
106080,KR7106080005,케이이엠텍,KOSDAQ,중견기업부,330,0,0,0.0,0,0,0,0,0,9506999040,28809088,KSQ
145210,KR7145210001,다이나믹디자인,KOSPI,,224,0,0,0.0,0,0,0,0,0,9461013632,42236668,STK
467930,KR7467930004,IBKS제23호스팩,KOSDAQ,SPAC(소속부없음),2230,1,10,0.45,2200,2230,2200,4587,10171585,9432900000,4230000,KSQ
484130,KR7484130000,하나34호스팩,KOSDAQ,SPAC(소속부없음),2085,1,15,0.72,2060,2090,2055,5303,10998795,9424200000,4520000,KSQ
469480,KR7469480008,IBKS제24호스팩,KOSDAQ,SPAC(소속부없음),2200,1,25,1.15,2175,2205,2175,22858,50273870,9306000000,4230000,KSQ
462020,KR7462020009,에이치엠씨제6호스팩,KOSDAQ,관리종목(소속부없음),2090,3,0,0.0,2090,2095,2090,17466,36524261,9081050000,4345000,KSQ
487830,KR7487830002,신한제15호스팩,KOSDAQ,SPAC(소속부없음),2080,1,10,0.48,2075,2080,2060,7990,16600535,9048000000,4350000,KSQ
464440,KR7464440007,한국제13호스팩,KOSDAQ,SPAC(소속부없음),2090,3,0,0.0,2085,2090,2080,1439,3003630,9028800000,4320000,KSQ
001065,KR7001061001,JW중외제약우,KOSPI,,26300,3,0,0.0,26500,26500,26250,18,474900,8993311300,341951,STK
473950,KR7473950004,에스케이증권제13호스팩,KOSDAQ,SPAC(소속부없음),2030,2,-5,-0.25,2035,2035,2020,37678,76314420,8972600000,4420000,KSQ
447690,KR7447690009,아이오바이오,KONEX,일반기업부,3390,2,-30,-0.88,3390,3390,3380,305,1032270,8916567840,2630256,KNX
465320,KR7465320000,교보15호스팩,KOSDAQ,SPAC(소속부없음),2335,0,0,0.0,0,0,0,0,0,8896350000,3810000,KSQ
468760,KR7468760004,유진스팩10호,KOSDAQ,SPAC(소속부없음),2090,1,5,0.24,2085,2090,2085,7776,16223338,8861600000,4240000,KSQ
103660,KR7103660007,씨앗,KONEX,일반기업부,1470,1,170,13.08,1400,1494,1200,1034,1248943,8845682370,6017471,KNX
487720,KR7487720005,키움제10호스팩,KOSDAQ,SPAC(소속부없음),2065,1,10,0.49,2070,2070,2060,1020,2106255,8734950000,4230000,KSQ
0068Y0,KR70068Y0003,비엔케이제3호스팩,KOSDAQ,SPAC(소속부없음),2020,3,0,0.0,2020,2025,2015,2815,5685820,8706200000,4310000,KSQ
472230,KR7472230002,에스케이증권제11호스팩,KOSDAQ,SPAC(소속부없음),2070,1,10,0.49,2060,2070,2050,1768,3647410,8600850000,4155000,KSQ
066830,KR7066830001,제노텍,KONEX,일반기업부,1499,1,2,0.13,1400,1500,1273,1015,1338305,8495102820,5667180,KNX
318660,KR7318660008,타임기술,KONEX,일반기업부,3885,3,0,0.0,3895,3895,3885,3,11665,8360912385,2152101,KNX
185190,KR7185190006,수프로,KONEX,일반기업부,900,1,5,0.56,900,900,761,3,2561,8314762500,9238625,KNX
004835,KR7004831004,덕성우,KOSPI,,5960,2,-40,-0.67,6000,6050,5900,2236,13288510,8296320000,1392000,STK
0041J0,KR70041J0004,엘에스스팩1호,KOSDAQ,SPAC(소속부없음),2010,1,5,0.25,2015,2015,2005,3550,7127270,8261100000,4110000,KSQ
251280,KR7251280004,안지오랩,KONEX,일반기업부,2285,1,15,0.66,2300,2300,2150,154,331915,7978922950,3491870,KNX
004985,KR7004981007,성신양회우,KOSPI,,10730,1,20,0.19,10940,10940,10710,763,8253810,7893470850,735645,STK
276040,KR7276040003,스코넥,KOSDAQ,기술성장기업부,359,2,-94,-20.75,454,455,355,1350707,537170270,7765290265,21630335,KSQ
474930,KR7474930005,신한제13호스팩,KOSDAQ,SPAC(소속부없음),2135,1,10,0.47,2110,2135,2090,1472,3100615,7728700000,3620000,KSQ
475250,KR7475250007,하나33호스팩,KOSDAQ,SPAC(소속부없음),2085,2,-10,-0.48,2095,2095,2085,1849,3868645,7714500000,3700000,KSQ
079970,KR7079970000,투비소프트,KOSDAQ,관리종목(소속부없음),596,0,0,0.0,0,0,0,0,0,7646223464,12829234,KSQ
212310,KR7212310007,오건에코텍,KONEX,일반기업부,635,0,0,0.0,0,0,0,0,0,7514663025,11834115,KNX
000325,KR7000321000,노루홀딩스우,KOSPI,,30450,2,-150,-0.49,30600,30600,30150,36,1092300,7416371550,243559,STK
224810,KR7224810002,엄지하우스,KONEX,일반기업부,1700,2,-101,-5.61,1801,1801,1700,651,1172350,7140000000,4200000,KNX
26490K,KR726490K013,크라운제과우,KOSPI,,9050,2,-70,-0.77,9110,9110,8920,83,754385,7000718000,773560,STK
202960,KR7202960001,판도라티비,KONEX,일반기업부,578,2,-6,-1.03,579,579,525,4150,2183795,6887206396,11915582,KNX
473000,KR7473000008,에스케이증권제12호스팩,KOSDAQ,SPAC(소속부없음),2065,1,5,0.24,2065,2065,2065,1002,2069130,6835150000,3310000,KSQ
215570,KR7215570003,크로넥스,KONEX,일반기업부,1090,2,-57,-4.97,1051,1200,980,7024,6978073,6793363960,6232444,KNX
475240,KR7475240008,하나32호스팩,KOSDAQ,SPAC(소속부없음),2110,3,0,0.0,2110,2110,2110,1051,2217610,6752000000,3200000,KSQ
101390,KR7101390003,아이엠,KOSDAQ,관리종목(소속부없음),396,0,0,0.0,0,0,0,0,0,6698084184,16914354,KSQ
236340,KR7236340006,메디젠휴먼케어,KONEX,일반기업부,2100,1,80,3.96,2000,2100,2000,11,22100,6330758700,3014647,KNX
234070,KR7234070001,에이원알폼,KONEX,일반기업부,890,2,-39,-4.2,890,890,890,1,890,6195025670,6960703,KNX
199290,KR7199290008,바이오프로테크,KONEX,일반기업부,375,2,-9,-2.34,375,375,375,3,1125,6121947000,16325192,KNX
189350,KR7189350002,코셋,KONEX,일반기업부,1271,2,-115,-8.3,1385,1385,1271,52,71906,6100800000,4800000,KNX
090355,KR7090351008,노루페인트우,KOSPI,,12720,1,90,0.71,12800,12830,12720,2107,27029090,5890962720,463126,STK
267080,KR7267080000,세븐브로이맥주,KONEX,일반기업부,486,0,0,0.0,0,0,0,0,0,5769504288,11871408,KNX
092590,KR7092590009,럭스피아,KONEX,일반기업부,789,2,-9,-1.13,790,790,679,4,2937,5752676322,7291098,KNX
044180,KR7044180008,KD,KOSDAQ,관리종목(소속부없음),205,0,0,0.0,0,0,0,0,0,5477148795,26717799,KSQ
000145,KR7000141002,하이트진로홀딩스우,KOSPI,,11570,2,-110,-0.94,11700,11700,11570,17,196920,5447271700,470810,STK
000545,KR7000541003,흥국화재우,KOSPI,,6850,2,-70,-1.01,6980,6980,6850,107,738800,5260800000,768000,STK
313760,KR7313760001,캐리,KOSDAQ,관리종목(소속부없음),468,0,0,0.0,0,0,0,0,0,5244963048,11207186,KSQ
311960,KR7311960009,인터로이드,KONEX,일반기업부,1699,3,0,0.0,1501,1699,1501,2,3200,5203466136,3062664,KNX
276240,KR7276240009,엘리비젼,KONEX,일반기업부,421,2,-51,-10.81,528,528,421,4,1791,5183831098,12313138,KNX
266350,KR7266350008,팡스카이,KONEX,일반기업부,398,0,0,0.0,0,0,0,0,0,5026568860,12629570,KNX
007575,KR7007571003,일양약품우,KOSPI,,11280,1,510,4.74,10800,11520,10800,1422,16123780,5020502400,445080,STK
258050,KR7258050004,테크트랜스,KONEX,일반기업부,449,0,0,0.0,0,0,0,0,0,5004531101,11145949,KNX
327610,KR7327610002,펨토바이오메드,KONEX,일반기업부,585,0,0,0.0,0,0,0,0,0,4993610310,8536086,KNX
236030,KR7236030003,씨알푸드,KONEX,일반기업부,2450,3,0,0.0,2450,2450,2450,1,2450,4981663400,2033332,KNX
36328K,KR736328K013,티와이홀딩스우,KOSPI,,3980,2,-85,-2.09,4085,4085,3935,1766,6977290,4947195720,1243014,STK
346010,KR7346010002,타이드,KONEX,일반기업부,1000,2,-150,-13.04,1000,1000,1000,10,10000,4860062000,4860062,KNX
043090,KR7043090000,더테크놀로지,KOSDAQ,투자주의환기종목(소속부없음),380,0,0,0.0,0,0,0,0,0,4718944500,12418275,KSQ
008355,KR7008351009,남선알미우,KOSPI,,15100,1,900,6.34,14290,16800,14000,37823,603962610,4649139000,307890,STK
052770,KR7052770005,아이톡시,KOSDAQ,관리종목(소속부없음),312,0,0,0.0,0,0,0,0,0,4545457488,14568774,KSQ
005745,KR7005741004,크라운해태홀딩스우,KOSPI,,7550,1,170,2.3,7470,7550,7470,199,1489190,4535481300,600726,STK
093510,KR7093510006,엔지브이아이,KONEX,일반기업부,725,5,-127,-14.91,725,725,725,501,363225,4364500000,6020000,KNX
299480,KR7299480004,지앤이헬스케어,KONEX,일반기업부,389,2,-10,-2.51,399,399,350,8,2936,4318189027,11100743,KNX
014825,KR7014821003,동원시스템즈우,KOSPI,,16260,2,-20,-0.12,16790,16790,16130,37,598780,4294444860,264111,STK
002995,KR7002991008,금호건설우,KOSPI,,14380,1,280,1.99,14100,14390,14100,585,8319490,4202785080,292266,STK
005965,KR7005961008,동부건설우,KOSPI,,18580,1,10,0.05,18950,18950,18460,286,5312270,4194100560,225732,STK
116100,KR7116100009,태양기계,KONEX,일반기업부,561,2,-92,-14.09,654,654,556,6004,3341330,4173832146,7439986,KNX
448780,KR7448780007,마이크로엔엑스,KONEX,일반기업부,1550,1,198,14.64,1554,1554,1203,3,4307,4150404000,2677680,KNX
140660,KR7140660002,위월드,KONEX,일반기업부,1667,4,217,14.97,1600,1667,1600,910,1516210,4146249084,2487252,KNX
121060,KR7121060008,유니포인트,KONEX,일반기업부,690,2,-102,-12.88,680,851,680,38146,31027880,4127352300,5981670,KNX
014285,KR7014281000,금강공업우,KOSPI,,6740,2,-10,-0.15,6850,6890,6730,1704,11603360,3975757500,589875,STK
390110,KR7390110005,애니메디솔루션,KONEX,일반기업부,429,1,50,13.19,435,435,429,101,43335,3928373163,9157047,KNX
004545,KR7004541009,깨끗한나라우,KOSPI,,10440,1,190,1.85,10480,10480,10440,137,1432520,3822710400,366160,STK
217910,KR7217910009,에스제이켐,KONEX,일반기업부,272,2,-46,-14.47,327,327,272,4,1143,3805421984,13990522,KNX
208890,KR7208890004,미래엔에듀파트너,KONEX,일반기업부,935,5,-165,-15.0,935,935,935,1,935,3745161200,4005520,KNX
136660,KR7136660008,큐엠씨,KONEX,일반기업부,1500,3,0,0.0,1498,1500,1300,8,11000,3541425000,2360950,KNX
000227,KR7000222000,유유제약2우B,KOSPI,,10730,3,0,0.0,10800,10800,10730,59,634730,3493258800,325560,STK
009415,KR7009411000,태영건설우,KOSPI,,5290,1,50,0.95,5310,5310,5210,1702,8915840,3438362460,649974,STK
266470,KR7266470004,바이오인프라생명과학,KONEX,일반기업부,119,1,2,1.71,128,128,101,408,49669,3316056261,27866019,KNX
245450,KR7245450002,씨앤에스링크,KONEX,일반기업부,1899,3,0,0.0,1900,1900,1700,22,38799,3000344040,1579960,KNX
002785,KR7002781003,진흥기업우B,KOSPI,,3445,1,85,2.53,3450,3450,3445,60,206750,2953116010,857218,STK
402420,KR7402420004,켈스,KONEX,일반기업부,1200,0,0,0.0,0,0,0,0,0,2818515600,2348763,KNX
001525,KR7001521004,동양우,KOSPI,,4390,1,60,1.39,4365,4400,4365,2439,10713270,2711839090,617731,STK
004415,KR7004411005,서울식품우,KOSPI,,1190,1,13,1.1,1182,1190,1182,1025,1217982,2647155000,2224500,STK
413300,KR7413300005,티엘엔지니어링,KONEX,일반기업부,1949,2,-30,-1.52,1976,1976,1683,662,1237189,2634102735,1351515,KNX
014915,KR7014911002,성문전자우,KOSPI,,4360,1,230,5.57,4350,4480,4350,812,3566350,2616000000,600000,STK
011155,KR7011151008,CJ씨푸드1우,KOSPI,,12800,2,-200,-1.54,13000,13000,12800,50,640580,2560000000,200000,STK
296520,KR7296520000,가이아코퍼레이션,KONEX,일반기업부,541,4,70,14.86,541,541,541,2551,1380091,2524851328,4667008,KNX
002787,KR7002782001,진흥기업2우B,KOSPI,,8100,0,0,0.0,0,0,0,0,0,2387944800,294808,STK
332190,KR7332190008,오션스바이오,KONEX,일반기업부,1570,0,0,0.0,0,0,0,0,0,2320207230,1477839,KNX
021045,KR7021041009,대호특수강우,KOSDAQ,중견기업부,2620,1,10,0.38,2620,2620,2620,4,10480,2223049040,848492,KSQ
001527,KR7001522002,동양2우B,KOSPI,,6740,2,-10,-0.15,6750,6750,6600,327,2180610,2079755060,308569,STK
032685,KR7032681009,소프트센우,KOSDAQ,중견기업부,5310,1,40,0.76,5290,5310,5290,234,1238060,1896424020,357142,KSQ
149300,KR7149300006,아퓨어스,KONEX,일반기업부,28,0,0,0.0,0,0,0,0,0,1273615056,45486252,KNX
279060,KR7279060008,이노벡스,KONEX,일반기업부,115,0,0,0.0,0,0,0,0,0,1127904590,9807866,KNX
266170,KR7266170000,레드우즈,KONEX,일반기업부,1050,0,0,0.0,0,0,0,0,0,770517300,733826,KNX
