Code,ISU_CD,Name,Market,Dept,Close,ChangeCode,Changes,ChagesRatio,Open,High,Low,Volume,Amount,Marcap,Stocks,MarketId
005930,KR7005930003,삼성전자,KOSPI,,270500,2,-25500,-8.61,291000,296500,266000,38075487,10667342314779,1581418363464000,5846278608,STK
000660,KR7000660001,SK하이닉스,KOSPI,,1819000,2,-151000,-7.66,1950000,1995000,1789000,7485233,14133100318500,1296405601935000,712702365,STK
402340,KR7402340004,SK스퀘어,KOSPI,,1098000,2,-73000,-6.23,1181000,1190000,1073000,1042701,1190443444000,144890307828000,131958386,STK
005935,KR7005931001,삼성전자우,KOSPI,,179400,2,-14300,-7.38,190200,193700,175500,4947949,913617635000,143945393818200,802371203,STK
005380,KR7005380001,현대차,KOSPI,,700000,2,-12000,-1.69,725000,774500,678000,4332789,3146296513000,143330436200000,204757766,STK
373220,KR7373220003,LG에너지솔루션,KOSPI,,417000,2,-25000,-5.66,450000,470000,410500,798242,345510349000,97578000000000,234000000,STK
009150,KR7009150004,삼성전기,KOSPI,,1010000,2,-14000,-1.37,1061000,1133000,980000,1329154,1409914089500,75440632960000,74693696,STK
034020,KR7034020008,두산에너빌리티,KOSPI,,110800,2,-6300,-5.38,118800,118900,108400,5217764,589100258500,70974174976800,640561146,STK
329180,KR7329180004,HD현대중공업,KOSPI,,640000,2,-31000,-4.62,678000,679000,620000,600876,389266733000,67175184000000,104961225,STK
207940,KR7207940008,삼성바이오로직스,KOSPI,,1419000,2,-30000,-2.07,1443000,1469000,1400000,82235,117967643500,65686859469000,46290951,STK
000270,KR7000270009,기아,KOSPI,,168000,2,-10100,-5.67,178200,184200,164900,2839184,494807461750,65589383664000,390412998,STK
028260,KR7028260008,삼성물산,KOSPI,,396500,2,-45500,-10.29,435000,439500,389000,712137,291503793750,64300000966500,162168981,STK
012450,KR7012450003,한화에어로스페이스,KOSPI,,1216000,2,-90000,-6.89,1300000,1304000,1210000,208586,258949686500,62701095616000,51563401,STK
032830,KR7032830002,삼성생명,KOSPI,,310000,2,-20000,-6.06,332000,339500,300000,665867,208546493250,62000000000000,200000000,STK
105560,KR7105560007,KB금융,KOSPI,,155600,2,-400,-0.26,157500,159700,153300,1530297,239806393800,58015530798000,372850455,STK
012330,KR7012330007,현대모비스,KOSPI,,629000,2,-21000,-3.23,671000,685000,610000,1010628,653615069964,57070794707000,90732583,STK
006400,KR7006400006,삼성SDI,KOSPI,,614000,2,-22000,-3.46,629000,668000,603000,1100294,702349828000,49479515420000,80585530,STK
055550,KR7055550008,신한지주,KOSPI,,95100,2,-1700,-1.76,96600,97300,93100,1544275,146456009850,45139629731100,474654361,STK
267260,KR7267260008,HD현대일렉트릭,KOSPI,,1179000,2,-88000,-6.95,1267000,1276000,1153000,184128,220508633500,42499572165000,36047135,STK
068270,KR7068270008,셀트리온,KOSPI,,188800,2,-6300,-3.23,195500,195500,186700,769091,146506894050,41901943676800,221938261,STK
066570,KR7066570003,LG전자,KOSPI,,240500,1,23500,10.83,256000,266500,233000,5856267,1437746860500,39173755439000,162884638,STK
006800,KR7006800007,미래에셋증권,KOSPI,,69900,2,-2400,-3.32,75000,77400,67600,4453979,319477204600,39113724912000,559566880,STK
010120,KR7010120004,LS ELECTRIC,KOSPI,,259000,2,-21000,-7.5,278000,278500,253000,1471082,387229563750,38850000000000,150000000,STK
005490,KR7005490008,POSCO홀딩스,KOSPI,,467500,2,-19000,-3.91,487500,505000,457000,713593,342747062750,37045413872500,79241527,STK
034730,KR7034730002,SK,KOSPI,,503000,2,-38000,-7.02,541000,558000,492000,245797,126995906000,36468859609000,72502703,STK
042660,KR7042660001,한화오션,KOSPI,,118100,2,-2300,-1.91,121600,124300,116500,2595567,313268634000,36187421831400,306413394,STK
042700,KR7042700005,한미반도체,KOSPI,,369000,2,-40500,-9.89,405000,406000,365000,1042610,401247356000,35170201800000,95312200,STK
298040,KR7298040007,효성중공업,KOSPI,,3745000,2,-280000,-6.96,3982000,3985000,3676000,70467,268732083000,34920432260000,9324548,STK
086790,KR7086790003,하나금융지주,KOSPI,,119000,2,-7500,-5.93,125100,126000,118100,1047927,126236729350,32649762012000,274367748,STK
035420,KR7035420009,NAVER,KOSPI,,203500,2,-9500,-4.46,215000,216500,201000,997805,208052660000,31923813416000,156873776,STK
010130,KR7010130003,고려아연,KOSPI,,1426000,2,-85000,-5.63,1513000,1514000,1400000,29341,42598420500,29764853794000,20872969,STK
009540,KR7009540006,HD한국조선해양,KOSPI,,416000,2,-21500,-4.91,438500,440000,406000,321212,135570145250,29441616256000,70773116,STK
051910,KR7051910008,LG화학,KOSPI,,374000,2,-18500,-4.71,393000,409500,367000,407694,156634604250,26401536282000,70592343,STK
000150,KR7000150003,두산,KOSPI,,1614000,2,-89000,-5.23,1697000,1814000,1573000,122070,208341653000,26136849690000,16193835,STK
010140,KR7010140002,삼성중공업,KOSPI,,29300,2,-850,-2.82,30850,30850,28750,8257612,244721818950,25784000000000,880000000,STK
015760,KR7015760002,한국전력,KOSPI,,38750,2,-900,-2.27,39900,40400,38250,3102994,121427742450,24876107983750,641964077,STK
000810,KR7000810002,삼성화재,KOSPI,,554000,1,16000,2.97,550000,570000,542000,254102,140991514625,24734700042000,44647473,STK
316140,KR7316140003,우리금융지주,KOSPI,,31250,2,-550,-1.73,31750,32500,30800,2136318,67195515650,22939885000000,734076320,STK
064350,KR7064350002,현대로템,KOSPI,,201500,2,-11000,-5.18,213500,213500,197800,505763,103533246700,21992172039500,109142293,STK
017670,KR7017670001,SK텔레콤,KOSPI,,101300,2,-1400,-1.36,103000,105200,100100,1013036,103567291400,21758232368900,214790053,STK
267250,KR7267250009,HD현대,KOSPI,,269500,2,-9500,-3.41,282500,295000,265000,224943,62821652000,21288636407500,78993085,STK
003670,KR7003670007,포스코퓨처엠,KOSPI,,235500,2,-15000,-5.99,252500,263000,231000,455373,111213895250,20946834810000,88946220,STK
096770,KR7096770003,SK이노베이션,KOSPI,,123500,2,-3200,-2.53,130000,136400,122200,1140726,148162856400,20878019318000,169052788,STK
196170,KR7196170005,알테오젠,KOSDAQ GLOBAL,우량기업부,369000,2,-16000,-4.16,396500,405000,361000,706370,269636914000,19753988067000,53533843,KSQ
272210,KR7272210006,한화시스템,KOSPI,,104300,2,-11800,-10.16,115000,115100,102900,1061441,113764610150,19704292272700,188919389,STK
035720,KR7035720002,카카오,KOSPI,,44000,2,-1950,-4.24,46400,46400,43300,2235112,100099359975,19496898828000,443111337,STK
003550,KR7003550001,LG,KOSPI,,126000,1,9000,7.69,151400,152100,124200,2619097,356873065150,19431919710000,154221585,STK
011200,KR7011200003,HMM,KOSPI,,19890,2,-210,-1.04,20150,20400,19590,1771846,35343213790,18761003223300,943237970,STK
033780,KR7033780008,KT&G,KOSPI,,179800,2,-9200,-4.87,187200,188700,178100,358267,64720399000,18665119988800,103810456,STK
247540,KR7247540008,에코프로비엠,KOSDAQ GLOBAL,중견기업부,190500,2,-18500,-8.85,208000,215500,188200,825029,163384452450,18636697677000,97830434,KSQ
079550,KR7079550000,LIG디펜스앤에어로스페이스,KOSPI,,834000,2,-44000,-5.01,874000,881000,827000,224955,191120153416,18348000000000,22000000,STK
086280,KR7086280005,현대글로비스,KOSPI,,242000,2,-21000,-7.98,268500,271500,238000,848509,214744938000,18150000000000,75000000,STK
307950,KR7307950006,현대오토에버,KOSPI,,648000,2,-41000,-5.95,693000,723000,624000,340298,229513848500,17770740336000,27423982,STK
138040,KR7138040001,메리츠금융지주,KOSPI,,105800,2,-4300,-3.91,110500,111500,104100,431262,45707510600,17705341483400,167347273,STK
086520,KR7086520004,에코프로,KOSDAQ GLOBAL,중견기업부,129200,2,-13100,-9.21,140600,144800,126100,1869135,250769451700,17542278838400,135776152,KSQ
011070,KR7011070000,LG이노텍,KOSPI,,732000,2,-28000,-3.68,798000,818000,712000,403497,309693771500,17324322324000,23667107,STK
000720,KR7000720003,현대건설,KOSPI,,155000,2,-14300,-8.45,167500,167500,151700,1149196,181678684900,17260143575000,111355765,STK
024110,KR7024110009,기업은행,KOSPI,,20900,2,-400,-1.88,21300,21500,20600,1582527,33091003550,16666200662100,797425869,STK
277810,KR7277810008,레인보우로보틱스,KOSDAQ,기술성장기업부,810000,2,-31000,-3.69,847000,915000,780000,381329,325250727000,15713884980000,19399858,KSQ
047810,KR7047810007,한국항공우주,KOSPI,,161100,2,-11100,-6.45,170100,174100,159400,749589,124029293845,15703239737700,97475107,STK
278470,KR7278470000,에이피알,KOSPI,,404000,2,-21000,-4.94,428000,437000,397500,235935,97087600000,15125014620000,37438155,STK
030200,KR7030200000,KT,KOSPI,,58700,2,-2900,-4.71,60600,60700,58000,630265,37162130750,14793672909500,252021685,STK
006260,KR7006260004,LS,KOSPI,,472500,2,-32500,-6.44,501000,502000,460000,318123,151877301750,14742000000000,31200000,STK
018260,KR7018260000,삼성에스디에스,KOSPI,,189000,1,6100,3.34,185500,212000,181900,1871174,369238760568,14624404200000,77377800,STK
071050,KR7071050009,한국금융지주,KOSPI,,258000,3,0,0.0,270500,283000,251500,649627,174116754750,14377305936000,55725992,STK
259960,KR7259960003,크래프톤,KOSPI,,279000,2,-14500,-4.94,296500,296500,277500,169967,48460439750,13226920164000,47408316,STK
047050,KR7047050000,포스코인터내셔널,KOSPI,,71900,2,-2700,-3.62,75100,76500,70700,566518,41643265850,12648848457200,175922788,STK
010950,KR7010950004,S-Oil,KOSPI,,112100,2,-2900,-2.52,114100,118200,111000,425932,48546127100,12620530983200,112582792,STK
0126Z0,KR70126Z0002,삼성에피스홀딩스,KOSPI,,507000,2,-20000,-3.8,528000,529000,498000,56390,28829307500,12615705843000,24883049,STK
047040,KR7047040001,대우건설,KOSPI,,28500,2,-4100,-12.58,33100,33200,27800,14461597,426391547700,11710867683000,410907638,STK
005940,KR7005940002,NH투자증권,KOSPI,,32550,2,-2450,-7.0,35450,35900,32050,1051237,35036897750,11599009210950,356344369,STK
001440,KR7001440007,대한전선,KOSPI,,60000,2,-5500,-8.4,65500,65600,58600,6907764,420493883050,11186838000000,186447300,STK
016360,KR7016360000,삼성증권,KOSPI,,123200,2,-6800,-5.23,131900,134400,120600,924999,116012353750,11001760000000,89300000,STK
003230,KR7003230000,삼양식품,KOSPI,,1444000,1,5000,0.35,1452000,1484000,1408000,87310,126294445500,10877673660000,7533015,STK
005830,KR7005830005,DB손해보험,KOSPI,,164500,2,-8500,-4.91,172000,174500,158300,282780,46627971600,10774807410500,65500349,STK
323410,KR7323410001,카카오뱅크,KOSPI,,22450,2,-1150,-4.87,23250,23350,22250,975340,22036720700,10711353810650,477120437,STK
352820,KR7352820005,하이브,KOSPI,,244000,2,-3000,-1.21,250000,255000,240000,385955,96142844250,10516948756000,43102249,STK
039490,KR7039490008,키움증권,KOSPI,,396000,2,-24000,-5.71,430000,435500,388000,184310,75052571000,10386413136000,26228316,STK
000880,KR7000880005,한화,KOSPI,,141400,2,-3800,-2.62,149500,166400,137600,732532,111233847450,9969819746600,70507919,STK
028050,KR7028050003,삼성E&A,KOSPI,,50600,2,-4100,-7.5,55500,55600,49500,2899526,150413610400,9917600000000,196000000,STK
005387,KR7005382007,현대차2우B,KOSPI,,279500,2,-6500,-2.27,288500,307750,274000,422991,123268080750,9772418435000,34963930,STK
443060,KR7443060009,HD현대마린솔루션,KOSPI,,215500,2,-6500,-2.93,223500,230000,208500,394222,85733183500,9661610630000,44833460,STK
003490,KR7003490000,대한항공,KOSPI,,26050,2,-1250,-4.58,27050,27100,25650,2368660,62377034275,9592148219050,368220661,STK
950160,KR8840120008,코오롱티슈진,KOSDAQ,외국기업(소속부없음),111600,2,-2700,-2.36,115600,116100,108200,563568,63281894450,9456543180000,84736050,KSQ
007660,KR7007660004,이수페타시스,KOSPI,,128000,2,-4500,-3.4,139100,142800,125000,1641507,221566046450,9396380032000,73409219,STK
000250,KR7000250001,삼천당제약,KOSDAQ,중견기업부,388000,2,-17000,-4.2,400500,404500,375500,214013,83169386000,9101499136000,23457472,KSQ
064400,KR7064400005,LG씨엔에스,KOSPI,,86600,1,500,0.58,93700,99400,83500,7333668,670128606850,8390323096800,96885948,STK
454910,KR7454910001,두산로보틱스,KOSPI,,127400,1,20600,19.29,110600,138800,109500,8437915,1079484363100,8258065452000,64819980,STK
062040,KR7062040001,산일전기,KOSPI,,268500,2,-25000,-8.52,290000,291500,261000,604885,164407618250,8220355725000,30615850,STK
180640,KR7180640005,한진칼,KOSPI,,119200,2,-3900,-3.17,119500,122100,116100,169959,20208988800,7958063656800,66762279,STK
267270,KR7267270007,HD건설기계,KOSPI,,162400,2,-9500,-5.53,174500,175000,159000,392932,64758096450,7790996763200,47974118,STK
161390,KR7161390000,한국타이어앤테크놀로지,KOSPI,,62200,1,400,0.65,61800,63300,61000,609490,37920704700,7705029291800,123875069,STK
058470,KR7058470006,리노공업,KOSDAQ GLOBAL,우량기업부,101000,2,-13200,-11.56,112400,112500,100100,1245260,130460194800,7697396850000,76211850,KSQ
326030,KR7326030004,SK바이오팜,KOSPI,,96600,2,-5800,-5.66,102100,102200,95500,319558,31432341400,7565059950000,78313250,STK
078930,KR7078930005,GS,KOSPI,,77300,1,2600,3.48,75500,86700,75500,969065,78027296250,7182358719400,92915378,STK
090430,KR7090430000,아모레퍼시픽,KOSPI,,122000,2,-8200,-6.3,128700,128700,120300,350708,43122043800,7136116598000,58492759,STK
000990,KR7000990002,DB하이텍,KOSPI,,163500,2,-19300,-10.56,181000,184000,162100,841608,142130877400,7113000138000,43504588,STK
141080,KR7141080002,리가켐바이오,KOSDAQ GLOBAL,기술성장기업부,191400,2,-4500,-2.3,198200,203500,185200,418288,81669029050,7085516605200,37019418,KSQ
034220,KR7034220004,LG디스플레이,KOSPI,,14100,2,-1240,-8.08,15910,16800,13730,35947712,558327010285,7050000000000,500000000,STK
009830,KR7009830001,한화솔루션,KOSPI,,40600,2,-7200,-15.06,46850,46900,40000,4540404,190557743450,6978836961600,171892536,STK
032640,KR7032640005,LG유플러스,KOSPI,,16210,2,-390,-2.35,16900,16900,15910,1495623,24389805560,6967517634550,429828355,STK
028300,KR7028300002,HLB,KOSDAQ,중견기업부,51900,2,-1300,-2.44,54400,54500,50800,750575,39084118400,6912212076300,133183277,KSQ
377300,KR7377300009,카카오페이,KOSPI,,51100,2,-6700,-11.59,55800,55800,50000,751368,39108449400,6911595652500,135256275,STK
000100,KR7000100008,유한양행,KOSPI,,86000,2,-3400,-3.8,90200,90500,85100,378828,33030926950,6849693686000,79647601,STK
353200,KR7353200009,대덕전자,KOSPI,,135800,2,-8800,-6.09,145000,147400,123500,713696,97967925900,6710818415000,49416925,STK
021240,KR7021240007,코웨이,KOSPI,,94700,2,-1500,-1.56,96200,97400,93600,579237,55478804242,6701675242200,70767426,STK
241560,KR7241560002,두산밥캣,KOSPI,,69700,2,-1800,-2.52,71700,72300,68700,460501,32490494150,6681167730500,95856065,STK
298380,KR7298380007,에이비엘바이오,KOSDAQ,기술성장기업부,119300,2,-6300,-5.02,126000,126900,116300,583433,70427105850,6679304335900,55987463,KSQ
005385,KR7005381009,현대차우,KOSPI,,280000,2,-4000,-1.41,287500,306500,274000,276289,80360002000,6535468800000,23340960,STK
036930,KR7036930006,주성엔지니어링,KOSDAQ GLOBAL,우량기업부,140200,2,-27800,-16.55,177500,183500,136100,3427204,510671260750,6516653164200,46481121,KSQ
066970,KR7066970005,엘앤에프,KOSPI,,160200,2,-11500,-6.7,171500,176600,156000,633101,104371009250,6480969017400,40455487,STK
001040,KR7001040005,CJ,KOSPI,,217000,1,4000,1.88,213500,232500,213500,247720,55418281500,6331408566000,29176998,STK
004020,KR7004020004,현대제철,KOSPI,,46150,1,200,0.44,46050,50200,44750,3739416,178202565550,6158522977750,133445785,STK
128940,KR7128940004,한미약품,KOSPI,,472500,1,23000,5.12,455000,506000,451000,292081,141045113000,6053193247500,12810991,STK
087010,KR7087010005,펩트론,KOSDAQ,기술성장기업부,259500,2,-7000,-2.63,266000,266500,251000,162798,42236073250,6050852325000,23317350,KSQ
082740,KR7082740002,한화엔진,KOSPI,,71600,2,-5800,-7.49,78400,78500,70100,1008860,73675232100,5974815367200,83447142,STK
029780,KR7029780004,삼성카드,KOSPI,,50800,2,-200,-0.39,50700,52000,49350,336215,17009590025,5885631662800,115858891,STK
036570,KR7036570000,NC,KOSPI,,271500,2,-7500,-2.69,276500,282500,268500,122135,33543370500,5849201973000,21544022,STK
103590,KR7103590006,일진전기,KOSPI,,119100,2,-14200,-10.65,132200,133200,116500,852881,103772623250,5679329949000,47685390,STK
240810,KR7240810002,원익IPS,KOSDAQ GLOBAL,우량기업부,114700,2,-12700,-9.97,127800,128300,113000,644523,76916888400,5629923444700,49083901,KSQ
052690,KR7052690005,한전기술,KOSPI,,146900,2,-8000,-5.16,157600,157700,144000,262333,39051580450,5614518000000,38220000,STK
000500,KR7000500009,가온전선,KOSPI,,338500,2,-60500,-15.16,399000,402000,308000,383633,129471921750,5599844427500,16543115,STK
271560,KR7271560005,오리온,KOSPI,,141000,2,-2200,-1.54,143200,145300,139100,123938,17518261350,5574594612000,39536132,STK
336260,KR7336260005,두산퓨얼셀,KOSPI,,84500,2,-7500,-8.15,90300,94700,82000,801522,69806799950,5534219847000,65493726,STK
039030,KR7039030002,이오테크닉스,KOSDAQ GLOBAL,우량기업부,442000,2,-37000,-7.72,479500,482000,442000,133225,62108861250,5445241100000,12319550,KSQ
010060,KR7010060002,OCI홀딩스,KOSPI,,291000,2,-73500,-20.16,364500,365000,282000,1073031,319618318250,5433037512000,18670232,STK
138930,KR7138930003,BNK금융지주,KOSPI,,17320,2,-180,-1.03,17440,17700,17110,2012891,34931157815,5374864211560,310327033,STK
088980,KR7088980008,맥쿼리인프라,KOSPI,,11180,2,-70,-0.62,11250,11300,11160,1964974,22026845605,5354347881740,478921993,STK
214370,KR7214370009,케어젠,KOSDAQ,벤처기업부,97700,2,-4100,-4.03,102400,102500,94000,99828,9817897200,5247955500000,53715000,KSQ
018880,KR7018880005,한온시스템,KOSPI,,5050,1,50,1.0,5120,5590,4950,61764068,328123714110,5182625887600,1026262552,STK
022100,KR7022100002,포스코DX,KOSPI,,33700,2,-1950,-5.47,36200,38000,32800,2169710,78878531575,5123570367300,152034729,STK
004170,KR7004170007,신세계,KOSPI,,541000,1,6000,1.12,573000,580000,530000,152256,83870160500,5109842921000,9445181,STK
011790,KR7011790003,SKC,KOSPI,,133500,2,-12700,-8.69,149900,150000,131100,608487,85033944050,5055417783000,37868298,STK
440110,KR7440110005,파두,KOSDAQ,기술성장기업부,100100,2,-3400,-3.29,104200,110800,98400,2167492,228494609350,5014692382700,50096827,KSQ
310210,KR7310210000,보로노이,KOSDAQ,기술성장기업부,266000,2,-1000,-0.37,265500,270000,255000,95254,25090363250,4894977486000,18402171,KSQ
108490,KR7108490004,로보티즈,KOSDAQ,기술성장기업부,328500,2,-12500,-3.67,348000,371000,315000,531033,184982027750,4814833698000,14657028,KSQ
023530,KR7023530009,롯데쇼핑,KOSPI,,169800,2,-5900,-3.36,176500,178000,163900,168727,29091173950,4803430599000,28288755,STK
095340,KR7095340006,ISC,KOSDAQ GLOBAL,우량기업부,224500,2,-23000,-9.29,246500,255500,221000,245327,57930741250,4758739521000,21197058,KSQ
002380,KR7002380004,KCC,KOSPI,,534000,2,-43000,-7.45,577000,592000,524000,50359,27641014500,4745375514000,8886471,STK
175330,KR7175330000,JB금융지주,KOSPI,,24950,2,-700,-2.73,25450,26100,24750,1046328,26359029000,4696926920800,188253584,STK
088350,KR7088350004,한화생명,KOSPI,,5390,2,-100,-1.82,5500,5990,5260,22735945,128558454595,4681376700000,868530000,STK
319400,KR7319400008,현대무벡스,KOSDAQ,우량기업부,41100,2,-2750,-6.27,43500,47300,39650,6795201,301604658200,4577555202900,111376039,KSQ
450080,KR7450080007,에코프로머티,KOSPI,,64500,2,-4500,-6.52,68300,70750,63500,1014385,67498899350,4560511651500,70705607,STK
051900,KR7051900009,LG생활건강,KOSPI,,268000,2,-15000,-5.3,282000,282000,265000,80683,21885721250,4098058216000,15291262,STK
403870,KR7403870009,HPSP,KOSDAQ GLOBAL,우량기업부,49500,2,-5200,-9.51,54900,56350,48600,2426824,126783876375,4073850000000,82300000,KSQ
178320,KR7178320008,서진시스템,KOSDAQ,중견기업부,67000,1,300,0.45,66800,71300,64300,2127153,145290699550,3989910367000,59550901,KSQ
111770,KR7111770004,영원무역,KOSPI,,89600,1,9300,11.58,85900,92100,83700,204736,18258074350,3970307532800,44311468,STK
004800,KR7004800009,효성,KOSPI,,226000,2,-20000,-8.13,243000,244000,220000,82833,18966929250,3783331982000,16740407,STK
222800,KR7222800005,심텍,KOSDAQ GLOBAL,중견기업부,100300,2,-9500,-8.65,111100,111400,98800,819660,85053488400,3757632279300,37463931,KSQ
014680,KR7014680003,한솔케미칼,KOSPI,,326000,2,-10000,-2.98,326500,330000,310000,151289,48201637750,3706683570000,11370195,STK
011170,KR7011170008,롯데케미칼,KOSPI,,86500,2,-5100,-5.57,90400,93100,85100,234538,20643095000,3700073743500,42775419,STK
012510,KR7012510004,더존비즈온,KOSPI,,120000,3,0,0.0,120000,120600,120000,7561,908832050,3647378400000,30394820,STK
011780,KR7011780004,금호석유화학,KOSPI,,144700,2,-4500,-3.02,150000,153000,142400,209819,30858526050,3640264927500,25157325,STK
010170,KR7010170009,대한광통신,KOSDAQ,중견기업부,23000,2,-1750,-7.07,24750,24950,21950,14422067,331318465775,3576170180000,155485660,KSQ
489790,KR7489790006,한화비전,KOSPI,,70600,2,-7600,-9.72,78800,79100,69000,1051420,76426361850,3564480334000,50488390,STK
251270,KR7251270005,넷마블,KOSPI,,43200,2,-850,-1.93,44050,44800,42750,267898,11742040875,3539573467200,81934571,STK
017800,KR7017800004,현대엘리베이터,KOSPI,,90100,2,-3000,-3.22,93300,94700,88500,725513,65687921150,3522223888500,39092385,STK
067310,KR7067310003,하나마이크론,KOSDAQ,중견기업부,52900,1,8300,18.61,48000,55500,46300,13141517,690233006125,3515957555400,66464226,KSQ
036460,KR7036460004,한국가스공사,KOSPI,,37850,1,100,0.26,37800,38900,37300,598627,22854422975,3494047050000,92313000,STK
035250,KR7035250000,강원랜드,KOSPI,,16300,1,80,0.49,16170,16560,15960,1227767,20009854420,3487230150000,213940500,STK
145020,KR7145020004,휴젤,KOSDAQ GLOBAL,우량기업부,282500,2,-3000,-1.05,288000,288500,278000,72792,20684636750,3475889322500,12304033,KSQ
097950,KR7097950000,CJ제일제당,KOSPI,,228500,2,-2000,-0.87,229500,237000,226000,101658,23397165000,3439881501000,15054186,STK
131970,KR7131970006,두산테스나,KOSDAQ GLOBAL,우량기업부,177800,2,-12300,-6.47,189300,194500,172800,421658,77639976800,3436382916400,19327238,KSQ
064760,KR7064760002,티씨케이,KOSDAQ GLOBAL,우량기업부,305000,2,-43500,-12.48,348000,348000,300500,112679,36011377750,3409721880000,11179416,KSQ
214450,KR7214450009,파마리서치,KOSDAQ GLOBAL,우량기업부,328000,2,-23000,-6.55,347500,348500,317500,140167,46720443250,3407804544000,10389648,KSQ
226950,KR7226950004,올릭스,KOSDAQ,기술성장기업부,166800,1,6300,3.93,161900,173400,155500,470404,79036151250,3386137244400,20300583,KSQ
005850,KR7005850003,에스엘,KOSPI,,71900,1,4000,5.89,69800,72600,63800,677357,46606219350,3339648588000,46448520,STK
214150,KR7214150005,클래시스,KOSDAQ GLOBAL,우량기업부,50500,2,-4500,-8.18,54100,54200,49850,335809,17206062500,3294400779500,65235659,KSQ
302440,KR7302440003,SK바이오사이언스,KOSPI,,41300,2,-1900,-4.4,42900,43200,40900,166848,7001583050,3240255638900,78456553,STK
383220,KR7383220001,F&F,KOSPI,,84200,1,600,0.72,84400,86900,82500,108633,9158708700,3225455715000,38307075,STK
028670,KR7028670008,팬오션,KOSPI,,6030,2,-90,-1.47,6120,6360,5950,4657283,28517979665,3223454157360,534569512,STK
020150,KR7020150009,롯데에너지머티리얼즈,KOSPI,,61200,2,-5700,-8.52,68200,72000,59700,445244,28896699150,3204766335600,52365463,STK
357780,KR7357780006,솔브레인,KOSDAQ GLOBAL,우량기업부,410000,2,-71500,-14.85,482500,482500,405500,87141,37391306750,3189212060000,7778566,KSQ
031210,KR7031210008,서울보증보험,KOSPI,,45650,2,-750,-1.62,46200,46650,44800,57242,2598436000,3187355948700,69821598,STK
375500,KR7375500006,DL이앤씨,KOSPI,,80300,2,-4700,-5.53,87200,87500,78500,769129,62819584050,3107097926900,38693623,STK
457190,KR7457190007,이수스페셜티케미컬,KOSPI,,101600,2,-7200,-6.62,110500,111900,99000,331274,34728240650,3070237395200,30218872,STK
263750,KR7263750002,펄어비스,KOSDAQ GLOBAL,우량기업부,47200,2,-3400,-6.72,50100,50100,46350,1341914,64249379400,3032498756000,64247855,KSQ
347850,KR7347850000,디앤디파마텍,KOSDAQ,기술성장기업부,68800,2,-900,-1.29,71600,73000,67100,446283,31280013700,3013725313600,43804147,KSQ
007340,KR7007340003,DN오토모티브,KOSPI,,50900,1,2600,5.38,48250,53500,46800,903326,46077391750,2978203028500,58510865,STK
001720,KR7001720002,신영증권,KOSPI,,180600,2,-8200,-4.34,192500,193800,176000,41072,7407656300,2969064000000,16440000,STK
483650,KR7483650008,달바글로벌,KOSPI,,236500,2,-23500,-9.04,257000,260000,229500,310883,73675984500,2937694210000,12421540,STK
319660,KR7319660007,피에스케이,KOSDAQ GLOBAL,우량기업부,101400,2,-8400,-7.65,111500,111800,96900,445668,45870922750,2937224799600,28966714,KSQ
032820,KR7032820003,우리기술,KOSDAQ,벤처기업부,17130,2,-1070,-5.88,18380,18390,16780,6752294,117817697025,2930879310660,171096282,KSQ
100790,KR7100790005,미래에셋벤처투자,KOSDAQ,우량기업부,54900,2,-5000,-8.35,60600,63400,52900,2392191,138047401000,2916542406600,53124634,KSQ
139130,KR7139130009,iM금융지주,KOSPI,,18150,2,-1130,-5.86,19080,19140,17830,735691,13442092095,2915336181450,160624583,STK
204320,KR7204320006,HL만도,KOSPI,,61700,2,-1200,-1.91,63100,68000,60000,2179914,140483010100,2897254304000,46957120,STK
043260,KR7043260009,성호전자,KOSDAQ,우량기업부,40650,2,-2150,-5.02,43000,44500,39500,936580,39050069625,2883012754950,70922823,KSQ
012750,KR7012750006,에스원,KOSPI,,75100,2,-900,-1.18,76000,76200,73700,70797,5315659650,2853738267800,37999178,STK
001450,KR7001450006,현대해상,KOSPI,,33350,1,600,1.83,32800,34000,31550,1318912,43291530200,2843029137500,85248250,STK
080220,KR7080220007,제주반도체,KOSDAQ,우량기업부,82300,1,6700,8.86,76000,89100,71100,10724338,887368321000,2834645155900,34442833,KSQ
004990,KR7004990008,롯데지주,KOSPI,,28400,2,-950,-3.24,29650,30250,27950,355201,10233601300,2830451238400,99663776,STK
139480,KR7139480008,이마트,KOSPI,,102500,2,-16200,-13.65,112300,112700,100700,551420,58330917900,2828571447500,27595819,STK
058610,KR7058610007,에스피지,KOSDAQ,우량기업부,126600,2,-4100,-3.14,131500,140300,121400,723652,96886666850,2807653776000,22177360,KSQ
009970,KR7009970005,영원무역홀딩스,KOSPI,,205000,2,-1500,-0.73,212500,221000,202500,87172,18075651750,2767343585000,13499237,STK
237690,KR7237690003,에스티팜,KOSDAQ GLOBAL,우량기업부,131400,2,-11100,-7.79,142600,142600,128900,255644,34202477850,2739417607800,20847927,KSQ
006360,KR7006360002,GS건설,KOSPI,,32000,2,-2850,-8.18,35600,35650,31000,1855086,60996599875,2738607680000,85581490,STK
005290,KR7005290002,동진쎄미켐,KOSDAQ,우량기업부,52900,2,-5100,-8.79,57800,58100,51700,624975,33998279450,2696319665400,50970126,KSQ
084370,KR7084370006,유진테크,KOSDAQ,우량기업부,117400,2,-27800,-19.15,143100,143100,117400,213807,27572784800,2690343330800,22916042,KSQ
071970,KR7071970008,HD현대마린엔진,KOSPI,,79200,2,-5000,-5.94,86400,86600,77600,333129,26934783700,2686582404000,33921495,STK
018670,KR7018670000,SK가스,KOSPI,,290000,1,9000,3.2,290000,302000,280000,47712,13886397250,2684600760000,9257244,STK
439260,KR7439260001,대한조선,KOSPI,,69400,2,-3600,-4.93,74100,74100,68900,173475,12257217000,2673726052800,38526312,STK
000155,KR7000151001,두산우,KOSPI,,660000,2,-14000,-2.08,674000,708000,641000,24190,16477906000,2637664920000,3996462,STK
031980,KR7031980006,피에스케이홀딩스,KOSDAQ,우량기업부,121000,2,-9900,-7.56,135500,135500,117900,205233,25567970250,2609049795000,21562395,KSQ
00680K,KR700680K019,미래에셋증권2우B,KOSPI,,18900,2,-910,-4.59,20200,20700,18640,1037812,20155525510,2579850000000,136500000,STK
218410,KR7218410009,RFHIC,KOSDAQ,우량기업부,97100,2,-11700,-10.75,107000,107000,95000,640457,63428116000,2578339218200,26553442,KSQ
083650,KR7083650002,비에이치아이,KOSDAQ,우량기업부,82900,1,1900,2.35,83500,86400,77600,718227,58490190300,2565288687500,30944375,KSQ
069960,KR7069960003,현대백화점,KOSPI,,118700,2,-6300,-5.04,126000,128000,117800,229189,28059898200,2559755054400,21564912,STK
0009K0,KR70009K0001,에임드바이오,KOSDAQ,기술성장기업부,39300,2,-1700,-4.15,41950,42100,38500,253729,10104766175,2541576627300,64671161,KSQ
051600,KR7051600005,한전KPS,KOSPI,,56400,2,-500,-0.88,58300,58400,55100,249704,14104898600,2538000000000,45000000,STK
257720,KR7257720003,실리콘투,KOSDAQ,우량기업부,38600,2,-2550,-6.2,41150,41300,38000,693033,27331543150,2531243327200,65576252,KSQ
026960,KR7026960005,동서,KOSPI,,25350,2,-550,-2.12,25550,25800,24750,219076,5555359825,2527395000000,99700000,STK
001430,KR7001430008,세아베스틸지주,KOSPI,,70100,2,-2400,-3.31,72400,78500,68400,566366,42237881250,2513934541900,35862119,STK
011210,KR7011210002,현대위아,KOSPI,,92300,2,-4700,-4.85,98500,103500,89000,617415,59735946650,2510106160900,27195083,STK
098460,KR7098460009,고영,KOSDAQ,우량기업부,36400,2,-3750,-9.34,39600,40250,35450,3380892,127744707975,2499033082000,68654755,KSQ
229640,KR7229640008,LS에코에너지,KOSPI,,81200,2,-10300,-11.26,91500,92000,77800,516570,43203741150,2486740174800,30624879,STK
007070,KR7007070006,GS리테일,KOSPI,,29450,1,650,2.26,28300,29950,28100,777982,22809556050,2462238371750,83607415,STK
103140,KR7103140000,풍산,KOSPI,,87700,2,-5100,-5.5,92800,92800,86000,273772,24362328700,2457729180600,28024278,STK
008770,KR7008770000,호텔신라,KOSPI,,62500,2,-3500,-5.3,66600,67200,61300,452047,28823342700,2453007562500,39248121,STK
282330,KR7282330000,BGF리테일,KOSPI,,140700,2,-5300,-3.63,144800,145000,138000,54775,7736551950,2431845574200,17283906,STK
004370,KR7004370003,농심,KOSPI,,399000,1,9500,2.44,389500,407500,378000,86867,34237724500,2426974158000,6082642,STK
009420,KR7009420001,한올바이오파마,KOSPI,,46350,2,-150,-0.32,46600,48050,45450,416460,19577467525,2421353571300,52240638,STK
000240,KR7000240002,한국앤컴퍼니,KOSPI,,25450,1,1050,4.3,24450,26250,24000,557208,14071595700,2416101858000,94935240,STK
082920,KR7082920000,비츠로셀,KOSDAQ,우량기업부,53000,2,-7300,-12.11,58100,58700,52000,988018,53796212650,2402992281000,45339477,KSQ
008930,KR7008930000,한미사이언스,KOSPI,,35000,2,-350,-0.99,35700,37000,34400,186294,6673769300,2393704250000,68391550,STK
120110,KR7120110002,코오롱인더,KOSPI,,79900,2,-7700,-8.79,88200,89800,78000,694118,56158795500,2392687956800,29946032,STK
078600,KR7078600004,대주전자재료,KOSDAQ,우량기업부,149500,2,-6000,-3.86,162100,168100,146500,684483,108546475000,2322194413500,15533073,KSQ
003690,KR7003690005,코리안리,KOSPI,,13130,1,930,7.62,12080,13600,11810,1741779,22412282745,2320347137030,176721031,STK
005440,KR7005440003,현대지에프홀딩스,KOSPI,,14820,2,-450,-2.95,15190,15800,14540,567635,8656109025,2310501740820,155904301,STK
161890,KR7161890009,한국콜마,KOSPI,,97100,2,-3700,-3.67,102100,102200,95600,227042,22322152350,2292052976700,23605077,STK
095610,KR7095610002,테스,KOSDAQ,우량기업부,118100,2,-5800,-4.68,126700,133100,115100,400298,49325388450,2286416000000,19360000,KSQ
068760,KR7068760008,셀트리온제약,KOSDAQ,우량기업부,50900,2,-1600,-3.05,52800,52900,50200,128932,6617956550,2260078698800,44402332,KSQ
035900,KR7035900000,JYP Ent.,KOSDAQ GLOBAL,우량기업부,63500,1,4500,7.63,60300,64900,59200,837250,52675637200,2256313242000,35532492,KSQ
030000,KR7030000004,제일기획,KOSPI,,19590,1,180,0.93,19260,19920,18960,1259192,24632334475,2253657597750,115041225,STK
140410,KR7140410002,메지온,KOSDAQ,투자주의환기종목(소속부없음),73900,2,-2000,-2.64,76000,76000,72500,223496,16498040250,2245981141300,30392167,KSQ
112610,KR7112610001,씨에스윈드,KOSPI,,52800,2,-2500,-4.52,56200,56200,51900,422053,22398787850,2226650078400,42171403,STK
322000,KR7322000001,HD현대에너지솔루션,KOSPI,,196800,2,-47200,-19.34,240500,243000,194500,1232572,256364022600,2204160000000,11200000,STK
279570,KR7279570006,케이뱅크,KOSPI,,5430,2,-120,-2.16,5600,5610,5370,2724056,14795012270,2202924669930,405695151,STK
007810,KR7007810005,코리아써키트,KOSPI,,91000,2,-7000,-7.14,98200,101600,83000,294899,27957413200,2182418420000,23982620,STK
030530,KR7030530000,원익홀딩스,KOSDAQ,중견기업부,28200,2,-2050,-6.78,30350,31900,27550,1607355,48265434525,2178111064200,77237981,KSQ
097230,KR7097230007,HJ중공업,KOSPI,,23950,2,-750,-3.04,25200,25200,23450,1286103,31142516275,2162573488800,90295344,STK
347700,KR7347700007,스피어,KOSDAQ,기술성장기업부,42000,2,-1500,-3.45,42850,44200,39700,1024484,43307244475,2134200810000,50814305,KSQ
000120,KR7000120006,CJ대한통운,KOSPI,,92400,2,-2400,-2.53,95500,96500,91600,89149,8336796800,2107860585600,22812344,STK
192820,KR7192820009,코스맥스,KOSPI,,185700,2,-8200,-4.23,192000,192200,184000,95944,18053369900,2107603821300,11349509,STK
041510,KR7041510009,에스엠,KOSDAQ GLOBAL,우량기업부,91700,2,-1800,-1.93,93700,95600,89200,150178,13944501150,2099443073000,22894690,KSQ
081660,KR7081660003,미스토홀딩스,KOSPI,,39200,1,1200,3.16,38550,40500,38100,261606,10307619875,2081200128000,53091840,STK
476830,KR7476830005,알지노믹스,KOSDAQ,기술성장기업부,147700,2,-6700,-4.34,155200,156300,144500,255560,38581862150,2058028463400,13933842,KSQ
017960,KR7017960006,한국카본,KOSPI,,38750,2,-2200,-5.37,40550,41050,38100,933085,36373828800,2025795750000,52278600,STK
131290,KR7131290009,티에스이,KOSDAQ,우량기업부,181500,2,-8600,-4.52,192000,195400,177700,94313,17713183500,2007649363500,11061429,KSQ
085620,KR7085620003,미래에셋생명,KOSPI,,14770,2,-70,-0.47,15210,15580,14150,166655,2490635740,1996608600000,135180000,STK
323280,KR7323280008,태성,KOSDAQ,중견기업부,64200,2,-7700,-10.71,74500,75400,62700,512580,34783695450,1960538316000,30537980,KSQ
002790,KR7002790004,아모레퍼시픽홀딩스,KOSPI,,25600,2,-900,-3.4,26200,26350,25200,162558,4166404850,1957329408000,76458180,STK
298020,KR7298020009,효성티앤씨,KOSPI,,440000,2,-25000,-5.38,469000,475000,431000,29468,13159567500,1904180080000,4327682,STK
023590,KR7023590003,다우기술,KOSPI,,43600,2,-750,-1.69,44950,46150,42300,114685,5025360150,1887326803200,43287312,STK
060370,KR7060370004,LS마린솔루션,KOSDAQ,우량기업부,35950,2,-3050,-7.82,38950,39500,35100,431456,15808306100,1877986801300,52238854,KSQ
089030,KR7089030001,테크윙,KOSDAQ,중견기업부,50400,2,-4500,-8.2,55100,55300,49050,997045,51804114025,1867503708000,37053645,KSQ
140860,KR7140860008,파크시스템스,KOSDAQ GLOBAL,우량기업부,264500,2,-24000,-8.32,292500,294500,258000,89209,23713960250,1850853826500,6997557,KSQ
077970,KR7077970002,STX엔진,KOSPI,,45850,2,-1900,-3.98,50100,50100,44750,685943,32074284075,1840788688550,40148063,STK
039200,KR7039200001,오스코텍,KOSDAQ,벤처기업부,47200,2,-500,-1.05,48050,48250,44550,472824,21965385925,1805785907200,38258176,KSQ
001800,KR7001800002,오리온홀딩스,KOSPI,,28300,1,3500,14.11,24800,29950,24050,1713856,48487913825,1772865442600,62645422,STK
462870,KR7462870007,시프트업,KOSPI,,30200,2,-800,-2.58,31000,31300,29800,70452,2161213475,1771361068000,58654340,STK
001120,KR7001120005,LX인터내셔널,KOSPI,,45450,2,-900,-1.94,46350,46850,45100,142584,6517618575,1761642000000,38760000,STK
361610,KR7361610009,SK아이이테크놀로지,KOSPI,,21400,2,-2300,-9.7,22900,23100,21200,336154,7375506325,1750243940000,81787100,STK
001740,KR7001740000,SK네트웍스,KOSPI,,8720,1,820,10.38,8250,9900,7400,70613216,618417786265,1749178712080,200593889,STK
395400,KR7395400005,SK리츠,KOSPI,,5790,1,10,0.17,5800,6000,5660,399733,2348638980,1742892019800,301017620,STK
189300,KR7189300007,인텔리안테크,KOSDAQ,우량기업부,162000,1,300,0.19,163100,173700,157100,263534,43882523200,1739474514000,10737497,KSQ
027360,KR7027360007,아주IB투자,KOSDAQ,중견기업부,14310,2,-1590,-10.0,16330,17000,13900,5832834,89140817310,1733590759860,121145406,KSQ
005070,KR7005070008,코스모신소재,KOSPI,,52000,2,-4400,-7.8,56300,57700,50900,329624,17613427250,1727157692000,33214571,STK
099320,KR7099320004,쎄트렉아이,KOSDAQ,우량기업부,157700,2,-1400,-0.88,161200,169000,152700,206477,33333675250,1727016540600,10951278,KSQ
290650,KR7290650001,엘앤씨바이오,KOSDAQ,우량기업부,63800,2,-2100,-3.19,68700,69500,62400,328159,21220890800,1720667115200,26969704,KSQ
006040,KR7006040000,동원산업,KOSPI,,38100,2,-1150,-2.93,39350,39400,37600,95211,3643867950,1682038266600,44147986,STK
437730,KR7437730005,삼현,KOSDAQ,기술성장기업부,52700,2,-2400,-4.36,55700,58700,51200,552557,30965564900,1670988780900,31707567,KSQ
003540,KR7003540002,대신증권,KOSPI,,33900,2,-1850,-5.17,36850,37250,33000,616882,21153384300,1668549965700,49219763,STK
101490,KR7101490001,에스앤에스텍,KOSDAQ,우량기업부,78000,2,-8500,-9.83,86000,86300,77000,325933,26199358900,1664120562000,21334879,KSQ
069620,KR7069620003,대웅제약,KOSPI,,142000,2,-2900,-2.0,144700,145800,139100,36112,5168150600,1645293650000,11586575,STK
475830,KR7475830006,오름테라퓨틱,KOSDAQ,기술성장기업부,76000,2,-4000,-5.0,82000,82000,75200,170108,13115329700,1635012700000,21513325,KSQ
183300,KR7183300003,코미코,KOSDAQ GLOBAL,우량기업부,156100,2,-22900,-12.79,179000,179200,153700,231932,37789610100,1632912772400,10460684,KSQ
096530,KR7096530001,씨젠,KOSDAQ,우량기업부,31050,2,-950,-2.97,31350,32050,30150,809524,25138860850,1621617113700,52225994,KSQ
006280,KR7006280002,녹십자,KOSPI,,138700,2,-6100,-4.21,144100,144100,136500,60548,8517948750,1620922820600,11686538,STK
445680,KR7445680002,큐리옥스바이오시스템즈,KOSDAQ,기술성장기업부,92300,2,-2500,-2.64,96400,97000,89800,100630,9421851600,1587860436500,17203255,KSQ
491000,KR7491000006,리브스메드,KOSDAQ,기술성장기업부,63000,2,-4000,-5.97,67900,68400,62000,337962,22159566550,1575276633000,25004391,KSQ
090710,KR7090710005,휴림로봇,KOSDAQ,중견기업부,13120,1,490,3.88,12710,14690,12630,50704837,701642350485,1567278424640,119457197,KSQ
003570,KR7003570009,SNT다이내믹스,KOSPI,,47100,2,-3400,-6.73,50500,50500,46800,86098,4137809575,1566202028700,33252697,STK
032350,KR7032350001,롯데관광개발,KOSPI,,19570,2,-270,-1.36,20400,20750,19100,1047608,21174244160,1557800846180,79601474,STK
030610,KR7030610000,교보증권,KOSPI,,13450,2,-500,-3.58,14240,14570,13200,175342,2430947925,1532801825450,113962961,STK
420770,KR7420770000,기가비스,KOSDAQ,우량기업부,119800,2,-6200,-4.92,126600,133000,115900,134690,16933231250,1518555808400,12675758,KSQ
020560,KR7020560009,아시아나항공,KOSPI,,7370,2,-500,-6.35,7730,7730,7270,332189,2468243230,1518151540070,205990711,STK
475150,KR7475150009,SK이터닉스,KOSPI,,44450,2,-6950,-13.52,50900,50900,43550,1084635,50327959075,1514278327800,34067004,STK
232140,KR7232140004,와이씨,KOSDAQ,우량기업부,18400,2,-1320,-6.69,19900,20450,18010,912016,17406050695,1509634440000,82045350,KSQ
294870,KR7294870001,IPARK현대산업개발,KOSPI,,22900,2,-550,-2.35,23250,23400,22700,359352,8260342525,1509277857000,65907330,STK
417200,KR7417200003,LS머트리얼즈,KOSDAQ,중견기업부,22300,2,-1500,-6.3,24000,24250,21950,1804846,41038984725,1508654295700,67652659,KSQ
195870,KR7195870001,해성디에스,KOSPI,,87600,2,-700,-0.79,93800,96900,84000,440331,40386683450,1489200000000,17000000,STK
003530,KR7003530003,한화투자증권,KOSPI,,6910,2,-430,-5.86,7560,7720,6830,4350569,31586772305,1482525125250,214547775,STK
038500,KR7038500005,삼표시멘트,KOSDAQ,우량기업부,13650,2,-1100,-7.46,14680,14680,13360,3405501,47460316365,1473057576900,107916306,KSQ
073240,KR7073240004,금호타이어,KOSPI,,5060,2,-100,-1.94,5200,5230,4970,1548550,7846530635,1453537052220,287260287,STK
066575,KR7066571001,LG전자우,KOSPI,,84100,1,800,0.96,89000,94100,80900,1822699,161959293750,1444947245900,17181299,STK
007310,KR7007310006,오뚜기,KOSPI,,360000,2,-4000,-1.1,360000,369000,355500,10565,3820917750,1442818800000,4007830,STK
012630,KR7012630000,HDC,KOSPI,,24150,2,-150,-0.62,24500,24800,23600,148846,3602988400,1442762562150,59741721,STK
031330,KR7031330004,에스에이엠티,KOSDAQ,우량기업부,14300,4,3300,30.0,11200,14300,11200,6541646,83984297950,1429929458100,99995067,KSQ
397030,KR7397030008,에이프릴바이오,KOSDAQ,기술성장기업부,60900,2,-2300,-3.64,63100,64000,59200,214763,13163790150,1425902003400,23413826,KSQ
004000,KR7004000006,롯데정밀화학,KOSPI,,55200,2,-3500,-5.96,59500,59900,54700,132834,7456616950,1424160000000,25800000,STK
003380,KR7003380003,하림지주,KOSDAQ GLOBAL,우량기업부,12670,2,-730,-5.45,13390,13390,12470,1752206,22289933440,1419111218070,112005621,KSQ
034230,KR7034230003,파라다이스,KOSPI,,15310,2,-670,-4.19,15950,16220,15160,721788,11387184245,1418155838420,92629382,STK
036540,KR7036540003,SFA반도체,KOSDAQ,중견기업부,8610,1,330,3.99,8420,9850,8310,30553247,281163586115,1416003208830,164460303,KSQ
439960,KR7439960006,코스모로보틱스,KOSDAQ,기술성장기업부,44100,2,-8600,-16.32,63100,68500,39500,29369414,1594917685275,1416002754600,32108906,KSQ
281820,KR7281820001,케이씨텍,KOSPI,,71300,2,-10500,-12.84,80900,80900,70100,210961,15690371350,1411644529300,19798661,STK
458870,KR7458870003,씨어스,KOSDAQ,기술성장기업부,36950,2,-3950,-9.66,40900,41150,35900,1000618,37408085900,1406307393000,38059740,KSQ
166090,KR7166090001,하나머티리얼즈,KOSDAQ GLOBAL,우량기업부,70800,2,-8300,-10.49,80000,81200,69400,327017,24038795700,1400259319200,19777674,KSQ
085660,KR7085660009,차바이오텍,KOSDAQ,중견기업부,14940,2,-450,-2.92,15610,15680,14620,432751,6509982060,1388968035120,92969748,KSQ
195940,KR7195940002,HK이노엔,KOSDAQ GLOBAL,우량기업부,48950,2,-1650,-3.26,50800,50800,48100,269369,13299561825,1386748164450,28329891,KSQ
051915,KR7051911006,LG화학우,KOSPI,,174900,2,-10900,-5.87,186500,192000,171900,49172,8892623750,1344771120000,7688800,STK
089970,KR7089970008,브이엠,KOSDAQ,우량기업부,54200,2,-5400,-9.06,59500,61400,51600,395981,22106351700,1342642129000,24771995,KSQ
065350,KR7065350001,신성델타테크,KOSDAQ,우량기업부,48750,2,-3150,-6.07,51900,52000,47550,204124,10145688250,1339842465000,27483948,KSQ
032500,KR7032500001,케이엠더블유,KOSDAQ,중견기업부,30500,2,-2000,-6.15,32650,33600,29500,522613,16184855450,1285723687500,42154875,KSQ
281740,KR7281740001,레이크머티리얼즈,KOSDAQ,우량기업부,19550,2,-1050,-5.1,20700,21300,19110,745250,15037215080,1285032213400,65730548,KSQ
006110,KR7006110001,삼아알미늄,KOSPI,,84300,2,-12000,-12.46,94300,98000,82800,382065,34097854700,1274907256500,15123455,STK
093370,KR7093370005,후성,KOSPI,,11820,2,-1800,-13.22,13200,13200,11650,2199894,26918349880,1267758000600,107255330,STK
003470,KR7003470002,유안타증권,KOSPI,,6350,2,-100,-1.55,6620,6770,6120,3432316,22014524840,1267438257600,199596576,STK
000210,KR7000210005,DL,KOSPI,,59900,2,-3300,-5.22,63500,63900,59300,93785,5706781700,1255257451600,20955884,STK
192080,KR7192080000,더블유게임즈,KOSPI,,59100,2,-600,-1.01,60200,61000,58500,180069,10747641400,1251351958800,21173468,STK
181710,KR7181710005,NHN,KOSPI,,38100,1,50,0.13,38450,39750,37600,118435,4595956850,1247894595900,32753139,STK
082640,KR7082640004,동양생명,KOSPI,,7730,2,-230,-2.89,7940,8050,7630,221377,1717716020,1247301862050,161358585,STK
127120,KR7127120004,제이에스링크,KOSDAQ,벤처기업부,35600,2,-4900,-12.1,39900,40150,34550,579141,21074249950,1230824823600,34573731,KSQ
003090,KR7003090008,대웅,KOSPI,,21100,2,-500,-2.31,21500,21700,20650,74915,1586408600,1226795778000,58141980,STK
033790,KR7033790007,피노,KOSDAQ,중견기업부,14850,2,-250,-1.66,15000,15680,14250,2801957,41510966090,1222627051800,82331788,KSQ
415640,KR7415640002,KB발해인프라,KOSPI,,9910,3,0,0.0,9910,9960,9900,60596,601529110,1214426380680,122545548,STK
388210,KR7388210007,씨엠티엑스,KOSDAQ,벤처기업부,126000,2,-7000,-5.26,135500,138600,124100,126249,16690573000,1213939188000,9634438,KSQ
100090,KR7100090000,SK오션플랜트,KOSPI,,19310,2,-1590,-7.61,20750,20850,19110,826829,16296429275,1206452670990,62478129,STK
033240,KR7033240003,자화전자,KOSPI,,55700,1,7900,16.53,47850,60000,47500,1496960,84784233950,1203426461400,21605502,STK
300720,KR7300720000,한일시멘트,KOSPI,,16320,2,-550,-3.26,16870,16870,16230,133386,2184496845,1200257810880,73545209,STK
490470,KR7490470002,세미파이브,KOSDAQ,기술성장기업부,35400,2,-2850,-7.45,38500,38850,34500,863490,31698592625,1198601520000,33858800,KSQ
000080,KR7000080002,하이트진로,KOSPI,,16960,2,-330,-1.91,17120,17200,16680,273511,4631061575,1189466042560,70133611,STK
124500,KR7124500000,아이티센글로벌,KOSDAQ,우량기업부,51200,2,-1900,-3.58,57600,57700,49850,310593,16487489700,1188071782400,23204527,KSQ
160190,KR7160190005,하이젠알앤엠,KOSDAQ,투자주의환기종목(소속부없음),38450,2,-1750,-4.35,40300,43150,36900,287587,11684195450,1187643600000,30888000,KSQ
009155,KR7009151002,삼성전기우,KOSPI,,408000,1,16000,4.08,404000,461000,392500,130216,55601738750,1186049472000,2906984,STK
330590,KR7330590001,롯데리츠,KOSPI,,4095,1,55,1.36,4040,4175,4035,352014,1444780570,1183327579980,288968884,STK
295310,KR7295310007,에이치브이엠,KOSDAQ,기술성장기업부,97900,1,2900,3.05,94500,105400,93700,526685,52125253700,1177471788900,12027291,KSQ
052020,KR7052020005,에스티큐브,KOSDAQ,투자주의환기종목(소속부없음),17290,2,-170,-0.97,17800,17800,16630,328245,5623034400,1175431101390,67983291,KSQ
213420,KR7213420003,덕산네오룩스,KOSDAQ GLOBAL,우량기업부,47000,2,-5000,-9.62,52100,53200,46250,342193,16660524975,1167065413000,24831179,KSQ
036830,KR7036830008,솔브레인홀딩스,KOSDAQ GLOBAL,우량기업부,56800,2,-5400,-8.68,63100,63900,55600,167535,9713257800,1164626120800,20503981,KSQ
089860,KR7089860001,롯데렌탈,KOSPI,,31950,2,-950,-2.89,32750,33000,31400,68005,2177884475,1160084946600,36309388,STK
007390,KR7007390008,네이처셀,KOSDAQ,중견기업부,18000,2,-260,-1.42,18290,18430,17410,322880,5759598960,1159831008000,64435056,KSQ
388720,KR7388720005,유일로보틱스,KOSDAQ,벤처기업부,98100,2,-1300,-1.31,101000,110000,95100,268420,28134345800,1155749944500,11781345,KSQ
000815,KR7000811000,삼성화재우,KOSPI,,382000,3,0,0.0,383000,392000,378000,41847,16136511000,1148681640000,3007020,STK
161580,KR7161580006,필옵틱스,KOSDAQ,중견기업부,49000,2,-4500,-8.41,54500,54500,47650,438031,22109842150,1148670103000,23442247,KSQ
466100,KR7466100005,클로봇,KOSDAQ,기술성장기업부,44900,2,-700,-1.54,46300,49600,43200,765230,36122790650,1143119831100,25459239,KSQ
003240,KR7003240009,태광산업,KOSPI,,1011000,2,-68000,-6.3,1070000,1078000,990000,4193,4309486000,1125647400000,1113400,STK
185750,KR7185750007,종근당,KOSPI,,81200,2,-1600,-1.93,82500,82900,80400,34517,2816374100,1120785736000,13802780,STK
137400,KR7137400008,피엔티,KOSDAQ GLOBAL,우량기업부,47300,2,-2650,-5.31,50400,51500,46050,236661,11450058650,1120571434400,23690728,KSQ
090460,KR7090460007,비에이치,KOSPI,,33150,2,-4350,-11.6,36600,37150,32400,1377156,47649920425,1117537484700,33711538,STK
280360,KR7280360009,롯데웰푸드,KOSPI,,121400,2,-100,-0.08,122300,124300,119400,25291,3072180350,1117435283600,9204574,STK
000670,KR7000670000,영풍,KOSPI,,60400,2,-3700,-5.77,65900,65900,59400,32771,2031352750,1112005253200,18410683,STK
006340,KR7006340004,대원전선,KOSPI,,14180,2,-1410,-9.04,15590,15790,13610,4922929,70272420275,1111916418880,78414416,STK
033100,KR7033100009,제룡전기,KOSDAQ,우량기업부,69200,2,-6100,-8.1,76000,76500,67200,455193,32225054850,1111518702800,16062409,KSQ
126340,KR7126340009,비나텍,KOSDAQ,벤처기업부,155100,2,-17200,-9.98,170600,171300,152300,165701,26297474050,1107961192800,7143528,KSQ
456160,KR7456160001,지투지바이오,KOSDAQ,기술성장기업부,66400,2,-4400,-6.21,70900,72000,64100,289491,19434668500,1098611837600,16545359,KSQ
005300,KR7005300009,롯데칠성,KOSPI,,118300,2,-800,-0.67,119100,120600,116000,26458,3129463100,1097691977200,9278884,STK
083450,KR7083450007,GST,KOSDAQ,우량기업부,59100,2,-5500,-8.51,64000,64000,58000,538127,32563121750,1089213000000,18430000,KSQ
376900,KR7376900007,로킷헬스케어,KOSDAQ,기술성장기업부,68600,2,-3500,-4.85,71300,71300,65600,163991,11286144100,1088941925400,15873789,KSQ
456040,KR7456040005,OCI,KOSPI,,121400,2,-16600,-12.03,140300,142400,117800,174991,21908231850,1086832893000,8952495,STK
048410,KR7048410005,현대바이오,KOSDAQ,중견기업부,11170,2,-980,-8.07,12300,12300,10900,2511552,28339480170,1077967239240,96505572,KSQ
204270,KR7204270003,제이앤티씨,KOSDAQ,중견기업부,18300,2,-1800,-8.96,20350,20500,17810,398259,7540423785,1058626927800,57848466,KSQ
222080,KR7222080004,씨아이에스,KOSDAQ GLOBAL,우량기업부,13570,2,-1150,-7.81,14740,14900,13250,2673625,37399226965,1055476554080,77780144,KSQ
365550,KR7365550003,ESR켄달스퀘어리츠,KOSPI,,4260,3,0,0.0,4260,4315,4190,248133,1053603903,1048339140000,246089000,STK
499790,KR7499790004,GS피앤엘,KOSPI,,52800,2,-1700,-3.12,54600,56100,51300,102350,5551254250,1047068404800,19830841,STK
496320,KR7496320003,본시스템즈,KONEX,일반기업부,1023000,0,0,0.0,0,0,0,0,0,1039340379000,1015973,KNX
115180,KR7115180002,큐리언트,KOSDAQ,벤처기업부,27800,2,-2150,-7.18,29950,29950,27000,270329,7581627900,1037078638600,37304987,KSQ
057050,KR7057050007,현대홈쇼핑,KOSPI,,86400,2,-800,-0.92,86400,90500,84700,24802,2184760600,1036800000000,12000000,STK
056190,KR7056190002,에스에프에이,KOSDAQ GLOBAL,우량기업부,28750,2,-1900,-6.2,30650,30800,28250,156121,4591424750,1032376850000,35908760,KSQ
248070,KR7248070005,솔루엠,KOSPI,,21550,2,-300,-1.37,22000,22250,20500,759773,16265512975,1030439885800,47816236,STK
056080,KR7056080005,유진로봇,KOSDAQ,중견기업부,27450,1,1250,4.77,26000,30350,26000,3199112,91403132000,1029708572400,37512152,KSQ
071055,KR7071051007,한국금융지주우,KOSPI,,175600,1,100,0.06,178500,185000,173300,33329,5975549900,1028708875600,5858251,STK
009450,KR7009450008,경동나비엔,KOSPI,,70600,2,-7900,-10.06,77800,78500,69000,205671,14760333550,1028542595200,14568592,STK
005690,KR7005690003,파미셀,KOSPI,,17130,2,-1060,-5.83,18120,18310,16800,1070816,18617959330,1028090593320,60016964,STK
086450,KR7086450004,동국제약,KOSDAQ GLOBAL,우량기업부,22650,1,250,1.12,22750,23750,22000,625700,14286133175,1024469013000,45230420,KSQ
298050,KR7298050006,HS효성첨단소재,KOSPI,,228000,2,-11000,-4.6,248500,249000,224000,21297,4987480750,1021428144000,4479948,STK
052400,KR7052400009,코나아이,KOSDAQ,우량기업부,70000,1,8600,14.01,62000,72500,59700,900725,61561745450,1019430370000,14563291,KSQ
00088K,KR700088K015,한화3우B,KOSPI,,52100,1,2100,4.2,50200,58100,50200,411076,22584580350,1010971376100,19404441,STK
293490,KR7293490009,카카오게임즈,KOSDAQ GLOBAL,중견기업부,11060,2,-340,-2.98,11340,11370,10820,354744,3932689020,993043235660,89786911,KSQ
192400,KR7192400000,쿠쿠홀딩스,KOSPI,,27900,2,-300,-1.06,28250,29100,27400,99990,2834164100,992184961500,35562185,STK
356860,KR7356860007,티엘비,KOSDAQ,우량기업부,100700,2,-9300,-8.45,109400,111600,96100,254697,26434802600,990145841000,9832630,KSQ
094170,KR7094170008,동운아나텍,KOSDAQ,우량기업부,46900,2,-3400,-6.76,50500,50500,46100,323296,15534151200,980675998400,20909936,KSQ
108320,KR7108320003,LX세미콘,KOSPI,,60000,2,-3900,-6.1,64100,64500,58800,177099,10796065650,975858000000,16264300,STK
137310,KR7137310009,에스디바이오센서,KOSPI,,7990,2,-430,-5.11,8230,8290,7850,177601,1412866640,964785324980,120749102,STK
035760,KR7035760008,CJ ENM,KOSDAQ GLOBAL,중견기업부,43900,2,-350,-0.79,44700,45150,43100,193609,8492882450,962689860600,21929154,KSQ
001510,KR7001510007,SK증권,KOSPI,,4160,2,-315,-7.04,4595,4750,4060,14779157,64350335665,962187553600,231295085,STK
100840,KR7100840008,SNT에너지,KOSPI,,46100,2,-3150,-6.4,50200,50300,45550,272221,12825766600,953384096300,20680783,STK
050890,KR7050890003,쏠리드,KOSDAQ,우량기업부,15600,2,-660,-4.06,16260,16440,15370,2774583,43783729850,947801930400,60756534,KSQ
451800,KR7451800007,한화리츠,KOSPI,,5260,2,-120,-2.23,5380,5690,5200,117840,642539700,944696000000,179600000,STK
006120,KR7006120000,SK디스커버리,KOSPI,,54200,2,-300,-0.55,55900,56900,52200,76714,4087844700,943825304200,17413751,STK
075580,KR7075580001,세진중공업,KOSPI,,16600,2,-880,-5.03,17740,17740,16290,359420,6062563320,943700969600,56849456,STK
046890,KR7046890000,서울반도체,KOSDAQ GLOBAL,중견기업부,16120,2,-2160,-11.82,17780,17780,15700,2679374,44821797580,939883048000,58305400,KSQ
074600,KR7074600008,원익QnC,KOSDAQ GLOBAL,우량기업부,35450,2,-2050,-5.47,37850,39700,34750,456810,16953665725,931909600000,26288000,KSQ
122870,KR7122870009,와이지엔터테인먼트,KOSDAQ,우량기업부,49800,2,-900,-1.78,51000,51100,49000,136781,6854407150,930814240200,18691049,KSQ
253450,KR7253450001,스튜디오드래곤,KOSDAQ GLOBAL,우량기업부,30550,2,-1100,-3.48,31400,32000,29550,85575,2620565075,918287113900,30058498,KSQ
010780,KR7010780005,아이에스동서,KOSPI,,30400,1,1100,3.75,28800,31300,27600,416903,12656002075,917684070400,30186976,STK
014620,KR7014620009,성광벤드,KOSDAQ,우량기업부,34450,2,-100,-0.29,35000,35450,33400,402698,13846090900,914901189800,26557364,KSQ
241710,KR7241710003,코스메카코리아,KOSDAQ,우량기업부,85300,2,-1400,-1.61,87300,88000,83000,47550,4045590950,911004000000,10680000,KSQ
006650,KR7006650006,대한유화,KOSPI,,140000,2,-7900,-5.34,148700,152000,137500,53640,7627265550,910000000000,6500000,STK
023160,KR7023160005,태광,KOSDAQ,우량기업부,34750,2,-1100,-3.07,36850,36850,34300,865811,30803490050,898886659500,25867242,KSQ
071320,KR7071320006,지역난방공사,KOSPI,,76700,2,-100,-0.13,77100,77700,74700,20837,1595055700,888089664800,11578744,STK
476060,KR7476060009,온코닉테라퓨틱스,KOSDAQ,기술성장기업부,19530,2,-1270,-6.11,20800,20850,19190,604319,12041980475,886815115200,45407840,KSQ
064960,KR7064960008,SNT모티브,KOSPI,,33150,1,300,0.91,33150,34300,32500,223503,7416527300,879810016800,26540272,STK
030190,KR7030190003,NICE평가정보,KOSPI,,14880,1,830,5.91,14200,15020,13960,261614,3832384670,876603521760,58911527,STK
171090,KR7171090004,선익시스템,KOSDAQ,우량기업부,86200,2,-10200,-10.58,97100,97100,85300,180451,16154700800,870846361200,10102626,KSQ
199800,KR7199800004,툴젠,KOSDAQ,기술성장기업부,96600,2,-28800,-22.97,111000,111700,91200,196492,19726025350,868803881400,8993829,KSQ
121600,KR7121600001,나노신소재,KOSDAQ,우량기업부,70800,2,-5000,-6.6,76700,77600,69100,167847,12281053700,867561322800,12253691,KSQ
090360,KR7090360009,로보스타,KOSDAQ,중견기업부,88800,1,8000,9.9,88000,97900,85100,2043468,188599045350,865800000000,9750000,KSQ
036530,KR7036530004,SNT홀딩스,KOSPI,,53100,2,-900,-1.67,55100,56000,52900,60580,3290172900,865736346600,16303886,STK
079900,KR7079900007,전진건설로봇,KOSPI,,59200,2,-4500,-7.06,64200,64500,58000,130282,7938557650,863878664000,14592545,STK
025540,KR7025540006,한국단자,KOSPI,,85400,2,-3000,-3.39,88800,90100,84200,31015,2695505850,863821000000,10115000,STK
006730,KR7006730006,서부T&D,KOSDAQ,우량기업부,13300,2,-710,-5.07,14100,14190,13090,818103,11111669800,863528075900,64926923,KSQ
327260,KR7327260006,RF머트리얼즈,KOSDAQ,벤처기업부,100800,2,-9600,-8.7,110100,117100,98000,255359,27133690050,856309608000,8495135,KSQ
004490,KR7004490009,세방전지,KOSPI,,61500,2,-900,-1.44,62000,62400,59700,117917,7214458100,852390000000,13860000,STK
285130,KR7285130001,SK케미칼,KOSPI,,48700,2,-2800,-5.44,51300,51400,48600,126055,6215583725,842449904200,17298766,STK
032190,KR7032190001,다우데이타,KOSDAQ,우량기업부,21900,2,-250,-1.13,22700,22800,21350,154360,3386053025,838770000000,38300000,KSQ
484870,KR7484870001,엠앤씨솔루션,KOSPI,,91400,2,-11200,-10.92,101500,104900,89700,46393,4352139350,836666460000,9153900,STK
002020,KR7002020006,코오롱,KOSPI,,64700,2,-5600,-7.97,70500,72300,64200,110093,7401013000,835126896000,12907680,STK
009240,KR7009240003,한샘,KOSPI,,35450,2,-1000,-2.74,37000,37150,34800,90150,3189288450,834277747600,23533928,STK
214320,KR7214320004,이노션,KOSPI,,20850,1,400,1.96,20100,22650,19720,1664605,35393334890,834000000000,40000000,STK
348340,KR7348340001,뉴로메카,KOSDAQ,기술성장기업부,67400,2,-5800,-7.92,72200,76900,65100,1040042,75117794750,833208977400,12362151,KSQ
003850,KR7003850005,보령,KOSPI,,9700,2,-180,-1.82,9960,10040,9530,209030,2051862610,832135907900,85787207,STK
044490,KR7044490001,태웅,KOSDAQ,우량기업부,41550,2,-4300,-9.38,46500,46500,40950,270416,11528284275,831306680550,20007381,KSQ
011930,KR7011930005,신성이엔지,KOSPI,,39950,3,0,0.0,49000,49000,39950,4733821,208933882550,822363359250,20584815,STK
365340,KR7365340009,성일하이텍,KOSDAQ,기술성장기업부,67000,2,-700,-1.03,73000,73000,65400,96537,6565960900,822270967000,12272701,KSQ
069260,KR7069260008,TKG휴켐스,KOSPI,,20100,1,2290,12.86,17540,20600,17140,1351349,26212930310,821659618800,40878588,STK
178920,KR7178920005,PI첨단소재,KOSPI,,27900,2,-2300,-7.62,30150,30150,27450,189000,5379222900,819320383800,29366322,STK
003160,KR7003160009,디아이,KOSPI,,28950,2,-3000,-9.39,32250,32250,28250,666052,19708333775,819285000000,28300000,STK
358570,KR7358570000,지아이이노베이션,KOSDAQ,기술성장기업부,12750,2,-600,-4.49,13580,13580,12310,442171,5660258840,819027487500,64237450,KSQ
348370,KR7348370008,엔켐,KOSDAQ,중견기업부,37050,2,-2350,-5.96,39850,41000,36350,221183,8498260000,811802290650,21910993,KSQ
079160,KR7079160008,CJ CGV,KOSPI,,4900,2,-70,-1.41,4970,5040,4825,617740,3024441345,811353686500,165582385,STK
037460,KR7037460003,삼지전자,KOSDAQ,우량기업부,49650,4,11450,29.97,38550,49650,37000,1666684,77460664500,810214617300,16318522,KSQ
077360,KR7077360006,덕산하이메탈,KOSDAQ,벤처기업부,17730,2,-670,-3.64,18480,18980,17340,1011173,18472385840,805598045460,45437002,KSQ
082270,KR7082270000,젬백스,KOSDAQ,벤처기업부,18180,2,-920,-4.82,18900,19000,17700,407228,7456597190,804814110540,44269203,KSQ
005880,KR7005880000,대한해운,KOSPI,,2490,2,-60,-2.35,2555,2595,2445,8702431,21933740054,803640876600,322747340,STK
003030,KR7003030004,세아제강지주,KOSPI,,193400,1,5300,2.82,187300,198800,183600,49502,9408359900,800996463800,4141657,STK
00104K,KR700104K010,CJ4우(전환),KOSPI,,189300,1,3800,2.05,185500,200000,182100,22186,4284816300,800078721600,4226512,STK
174900,KR7174900001,앱클론,KOSDAQ,벤처기업부,39250,2,-1700,-4.15,41250,41500,38700,320913,12719105475,783121063250,19952129,KSQ
003620,KR7003620002,KG모빌리티,KOSPI,,3865,2,-45,-1.15,3910,4010,3790,1377517,5407150871,782179034880,202374912,STK
336370,KR7336370002,솔루스첨단소재,KOSPI,,11110,2,-950,-7.88,11900,12220,10810,444171,5038611460,780114691840,70217344,STK
114090,KR7114090004,GKL,KOSPI,,12610,1,130,1.04,12460,12810,12360,556307,7015926300,779999998700,61855670,STK
000370,KR7000370007,한화손해보험,KOSPI,,6530,2,-320,-4.67,6870,7270,6420,1276503,8783290340,762305114950,116738915,STK
0011T0,KR70011T0008,채비,KOSDAQ,기술성장기업부,16270,2,-1530,-8.6,17800,17890,16030,1556951,25962702915,761196505600,46785280,KSQ
002960,KR7002960003,한국쉘석유,KOSPI,,580000,1,97000,20.08,481000,620000,474000,68820,38777345750,754000000000,1300000,STK
009520,KR7009520008,포스코엠텍,KOSDAQ GLOBAL,중견기업부,18100,2,-1380,-7.08,19370,19660,17780,331635,6205477270,753732924300,41642703,KSQ
317450,KR7317450005,명인제약,KOSPI,,51600,2,-1000,-1.9,53400,53800,51400,24587,1283787400,753360000000,14600000,STK
005090,KR7005090006,SGC에너지,KOSPI,,52000,1,600,1.17,52600,54400,50300,169109,8779418800,749285316000,14409333,STK
016380,KR7016380008,KG스틸,KOSPI,,7490,1,290,4.03,7210,7900,6840,4614010,34869401360,749066638530,100008897,STK
053610,KR7053610002,프로텍,KOSDAQ,우량기업부,82800,2,-5900,-6.65,90000,92800,79700,138126,11548003250,745200000000,9000000,KSQ
086900,KR7086900008,메디톡스,KOSDAQ,우량기업부,102100,2,-4200,-3.95,106400,106600,100600,37938,3900687800,745176543700,7298497,KSQ
059090,KR7059090001,미코,KOSDAQ,벤처기업부,22250,2,-1800,-7.48,24150,24650,21600,550248,12538876900,743523310500,33416778,KSQ
036810,KR7036810000,에프에스티,KOSDAQ,중견기업부,34200,2,-3400,-9.04,37400,37500,33500,275567,9684942550,740422783800,21649789,KSQ
007700,KR7007700008,F&F홀딩스,KOSPI,,18800,1,190,1.02,18890,19520,18450,29012,549314750,735350099600,39114367,STK
425420,KR7425420007,티에프이,KOSDAQ,우량기업부,59300,2,-3100,-4.97,62600,63500,58700,244849,15060178550,732187833300,12347181,KSQ
399720,KR7399720002,가온칩스,KOSDAQ,벤처기업부,61600,2,-5700,-8.47,67700,67700,60000,123788,7842074750,729272790400,11838844,KSQ
225570,KR7225570001,넥슨게임즈,KOSDAQ,중견기업부,11040,1,240,2.22,11010,11300,10770,262321,2874548560,727096320960,65860174,KSQ
336570,KR7336570007,원텍,KOSDAQ,우량기업부,8080,1,210,2.67,8090,8350,7780,2756984,22141806655,723811619680,89580646,KSQ
389470,KR7389470006,인벤티지랩,KOSDAQ,기술성장기업부,54500,1,200,0.37,55000,55200,51600,93669,4996534200,723613667500,13277315,KSQ
093050,KR7093050003,LF,KOSPI,,24700,2,-600,-2.37,25450,25800,24500,40227,1007522500,722228000000,29240000,STK
033640,KR7033640004,네패스,KOSDAQ,중견기업부,31250,1,100,0.32,31150,33150,30600,408964,13032366625,720600062500,23059202,KSQ
060250,KR7060250008,NHN KCP,KOSDAQ,우량기업부,17940,2,-1810,-9.16,20450,21000,17810,918353,17335624125,720481361340,40160611,KSQ
001680,KR7001680008,대상,KOSPI,,20750,2,-350,-1.66,20950,21100,20400,126139,2614797425,718946518750,34648025,STK
005180,KR7005180005,빙그레,KOSPI,,77500,1,3400,4.59,74200,78300,72200,316738,24216086050,718349902500,9269031,STK
102940,KR7102940004,코오롱생명과학,KOSDAQ,중견기업부,54600,2,-2600,-4.55,57800,57800,54000,53592,2977171650,714746923800,13090603,KSQ
014820,KR7014820005,동원시스템즈,KOSPI,,24600,2,-1000,-3.91,25750,26300,24300,82561,2065612475,713185537200,28991282,STK
078160,KR7078160009,메디포스트,KOSDAQ,벤처기업부,18110,1,500,2.84,18390,18980,17650,645534,11767545565,709995360330,39204603,KSQ
092190,KR7092190008,서울바이오시스,KOSDAQ,투자주의환기종목(소속부없음),15410,2,-1570,-9.25,16980,17670,15000,1542623,24655359890,706831782030,45868383,KSQ
252990,KR7252990007,샘씨엔에스,KOSDAQ,우량기업부,11720,2,-1080,-8.44,12960,13280,11500,921245,11167698730,705753659080,60217889,KSQ
005250,KR7005250006,녹십자홀딩스,KOSPI,,15000,2,-1800,-10.71,16070,16180,14700,542146,8358789245,705423150000,47028210,STK
249420,KR7249420001,일동제약,KOSPI,,22250,2,-850,-3.68,23500,23500,21850,339266,7614455400,703951107000,31638252,STK
017940,KR7017940008,E1,KOSPI,,102600,1,2200,2.19,100300,104400,99600,54702,5605472250,703836000000,6860000,STK
112040,KR7112040001,위메이드,KOSDAQ,중견기업부,20700,2,-1200,-5.48,22500,22500,20350,205272,4321300125,702733598100,33948483,KSQ
383800,KR7383800000,LX홀딩스,KOSPI,,9160,1,590,6.88,8750,9320,8280,1469041,13332280540,698731120400,76280690,STK
001060,KR7001060003,JW중외제약,KOSPI,,30000,2,-1300,-4.15,31300,31300,29750,56715,1729546700,698577900000,23285930,STK
001270,KR7001270008,부국증권,KOSPI,,66800,2,-6100,-8.37,73500,75400,66200,60380,4165670700,692708384800,10369886,STK
053800,KR7053800009,안랩,KOSDAQ,우량기업부,62000,2,-2500,-3.88,65400,65400,61300,66722,4176475000,689843372000,11126506,KSQ
033160,KR7033160003,엠케이전자,KOSDAQ,중견기업부,28450,2,-1200,-4.05,30400,30400,27400,880987,24910710100,688065440650,24185077,KSQ
024850,KR7024850000,HLB이노베이션,KOSDAQ,중견기업부,21550,2,-1550,-6.71,23200,23250,20900,316528,6909152700,683848261900,31733098,KSQ
328130,KR7328130000,루닛,KOSDAQ,기술성장기업부,18290,2,-220,-1.19,19000,19180,18000,311206,5760389555,680229206220,37191318,KSQ
001820,KR7001820000,삼화콘덴서,KOSPI,,65200,2,-1900,-2.83,69100,72900,63400,483191,33534314750,677754000000,10395000,STK
001500,KR7001500008,현대차증권,KOSPI,,10950,2,-410,-3.61,11720,12010,10800,466035,5282665660,677071831800,61833044,STK
089890,KR7089890008,코세스,KOSDAQ,우량기업부,40550,2,-1550,-3.68,42500,44050,40000,202948,8405386525,672520209100,16584962,KSQ
015750,KR7015750003,성우하이텍,KOSDAQ,우량기업부,8400,2,-320,-3.67,8790,8970,8170,1122562,9653439265,672000000000,80000000,KSQ
348210,KR7348210006,넥스틴,KOSDAQ GLOBAL,우량기업부,64100,2,-9900,-13.38,71900,72900,62200,160576,10556785650,671576020500,10477005,KSQ
033500,KR7033500000,동성화인텍,KOSDAQ,우량기업부,22350,2,-1600,-6.68,24550,24600,21750,820436,18440774600,670265190900,29989494,KSQ
293940,KR7293940003,신한알파리츠,KOSPI,,5540,2,-40,-0.72,5550,5640,5500,302552,1686599020,670008281420,120940123,STK
002350,KR7002350007,넥센타이어,KOSPI,,6820,2,-140,-2.01,6940,7030,6700,277554,1889828260,666094921140,97667877,STK
003280,KR7003280005,흥아해운,KOSPI,,2740,1,10,0.37,2730,3070,2630,83162591,239377517309,658764223260,240424899,STK
368770,KR7368770004,파이버프로,KOSDAQ,벤처기업부,19990,2,-2160,-9.75,22150,22350,19600,658148,13686407215,656755957750,32854225,KSQ
102710,KR7102710001,이엔에프테크놀로지,KOSDAQ,우량기업부,45900,2,-6300,-12.07,52500,52600,45300,445314,21296643525,655811672400,14287836,KSQ
019210,KR7019210004,와이지-원,KOSDAQ,우량기업부,17630,1,250,1.44,17390,18200,16950,1424235,25182870480,655725424640,37193728,KSQ
161000,KR7161000005,애경케미칼,KOSPI,,13430,2,-1230,-8.39,14630,14750,13200,492535,6881966365,653352161870,48648709,STK
372320,KR7372320002,큐로셀,KOSDAQ,기술성장기업부,42850,1,2250,5.54,45350,45350,41050,347372,14865071475,652430586300,15225918,KSQ
448900,KR7448900001,한국피아이엠,KOSDAQ,기술성장기업부,107000,2,-9300,-8.0,116300,120700,105000,182860,20973100700,649966899000,6074457,KSQ
452260,KR7452260003,한화갤러리아,KOSPI,,3350,1,10,0.3,3450,3700,3255,30648763,107591680227,649429693500,193859610,STK
475960,KR7475960001,토모큐브,KOSDAQ,기술성장기업부,48500,2,-3700,-7.09,53300,53300,47500,169970,8422007625,649088789000,13383274,KSQ
253590,KR7253590004,네오셈,KOSDAQ,우량기업부,14750,2,-1440,-8.89,16390,16600,14650,996777,15475824295,647070169000,43869164,KSQ
002840,KR7002840007,미원상사,KOSPI,,136000,2,-4900,-3.48,140900,143300,136000,4175,584374600,646000000000,4750000,STK
460860,KR7460860000,동국제강,KOSPI,,12960,2,-740,-5.4,13700,13980,12850,449162,5969401795,642919900320,49608017,STK
000400,KR7000400002,롯데손해보험,KOSPI,,2070,2,-20,-0.96,2115,2210,2040,990128,2115411690,642396182400,310336320,STK
000640,KR7000640003,동아쏘시오홀딩스,KOSPI,,95200,2,-1500,-1.55,97300,97700,94200,19356,1854678200,640936570400,6732527,STK
376300,KR7376300000,디어유,KOSDAQ,우량기업부,26900,2,-1150,-4.1,28500,28500,26350,94311,2577542375,638563121400,23738406,KSQ
486990,KR7486990005,노타,KOSDAQ,기술성장기업부,29900,2,-2250,-7.0,32400,32400,29700,146606,4504306775,638252277000,21346230,KSQ
001570,KR7001570001,금양,KOSPI,,9900,0,0,0.0,0,0,0,0,0,633275240400,63967196,STK
214430,KR7214430001,아이쓰리시스템,KOSDAQ,우량기업부,86200,2,-1700,-1.93,88900,88900,81500,84631,7112367300,629881933000,7307215,KSQ
278280,KR7278280003,천보,KOSDAQ,중견기업부,51700,2,-3300,-6.0,56100,57400,50800,129477,6846644900,629741156000,12180680,KSQ
058650,KR7058650003,세아홀딩스,KOSPI,,147000,2,-4000,-2.65,150400,153500,144100,4434,656483650,623608692000,4242236,STK
005389,KR7005383005,현대차3우B,KOSPI,,266500,2,-6000,-2.2,273500,290500,259500,55466,15358021250,620265958000,2327452,STK
017900,KR7017900002,광전자,KOSPI,,10700,2,-1170,-9.86,11700,11700,10090,2160888,23527403450,619998264100,57943763,STK
006380,KR7006380000,카프로,KOSPI,,3660,0,0,0.0,0,0,0,0,0,618539985360,168999996,STK
089010,KR7089010003,켐트로닉스,KOSDAQ,우량기업부,36800,2,-3000,-7.54,40850,40850,36000,387904,14692411350,617136993600,16770027,KSQ
039130,KR7039130000,하나투어,KOSPI,,39500,2,-650,-1.62,40500,40650,39500,98924,3942716150,611852314000,15489932,STK
460930,KR7460930001,현대힘스,KOSDAQ,우량기업부,17230,2,-910,-5.02,18240,18240,17010,251700,4429130915,611848861330,35510671,KSQ
272290,KR7272290008,이녹스첨단소재,KOSDAQ GLOBAL,우량기업부,30600,2,-2750,-8.25,33400,33750,29900,393529,12369387750,610087775400,19937509,KSQ
015860,KR7015860000,일진홀딩스,KOSPI,,12300,2,-1660,-11.89,13950,13960,12150,442569,5645301130,606974040900,49347483,STK
493280,KR7493280002,아이엠바이오로직스,KOSDAQ,기술성장기업부,41000,2,-3250,-7.34,44250,45000,40700,149144,6368399050,606965968000,14804048,KSQ
020000,KR7020000006,한섬,KOSPI,,26950,2,-1000,-3.58,28300,28750,26500,222602,6045991400,604697281650,22437747,STK
067160,KR7067160002,SOOP,KOSDAQ GLOBAL,우량기업부,52600,2,-2100,-3.84,55500,55500,52000,64303,3421448700,604624744200,11494767,KSQ
005810,KR7005810007,풍산홀딩스,KOSPI,,41900,2,-1600,-3.68,43500,43500,41200,86543,3643183800,604084534800,14417292,STK
041830,KR7041830001,인바디,KOSDAQ,우량기업부,44800,2,-1250,-2.71,45900,45900,43200,68444,3072532225,603943513600,13480882,KSQ
200710,KR7200710002,에이디테크놀로지,KOSDAQ,중견기업부,44850,2,-4150,-8.47,50300,50600,43800,216281,10005599375,603771013950,13462007,KSQ
041960,KR7041960006,코미팜,KOSDAQ,벤처기업부,8170,2,-460,-5.33,8680,8680,8110,455200,3816146500,603652664150,73886495,KSQ
002240,KR7002240000,고려제강,KOSPI,,22300,1,250,1.13,23000,23150,22150,75443,1697113975,602100000000,27000000,STK
453340,KR7453340002,현대그린푸드,KOSPI,,18380,2,-130,-0.7,18530,18900,18210,109220,2019580680,597385216080,32501916,STK
009900,KR7009900002,명신산업,KOSPI,,11300,2,-550,-4.64,12160,12170,11135,654796,7541474975,592912502900,52470133,STK
254490,KR7254490006,미래반도체,KOSDAQ,우량기업부,41000,2,-2000,-4.65,45000,47300,39000,1479756,64376731950,591958000000,14438000,KSQ
008060,KR7008060006,대덕,KOSPI,,18770,2,-650,-3.35,19230,20300,18360,232115,4426831250,587258829460,31287098,STK
104830,KR7104830005,원익머트리얼즈,KOSDAQ,우량기업부,46450,2,-2900,-5.88,50500,50500,45700,131125,6249188300,585641600000,12608000,KSQ
001530,KR7001530005,DI동일,KOSPI,,28250,2,-2300,-7.53,29700,30350,27950,136010,3919280525,585216293250,20715621,STK
125490,KR7125490003,한라캐스트,KOSDAQ,벤처기업부,16030,2,-290,-1.78,16350,17750,15690,3273087,55221238415,585132702560,36502352,KSQ
217590,KR7217590009,티엠씨,KOSPI,,24000,2,-2200,-8.4,26550,26600,23600,336968,8367194700,578261400000,24094225,STK
005420,KR7005420005,코스모화학,KOSPI,,14990,2,-1090,-6.78,16020,16260,14740,280158,4326564550,575739337720,38408228,STK
332570,KR7332570001,PS일렉트로닉스,KOSDAQ,우량기업부,12280,2,-940,-7.11,13500,14780,11850,7991331,106223882645,573617993640,46711563,KSQ
271940,KR7271940009,일진하이솔루스,KOSPI,,15780,2,-570,-3.49,16370,16680,15490,81837,1305720755,573022138200,36313190,STK
025980,KR7025980004,아난티,KOSDAQ,우량기업부,5870,2,-690,-10.52,6480,6480,5740,3361621,20173578475,571156811300,97300990,KSQ
019170,KR7019170000,신풍제약,KOSPI,,10890,2,-460,-4.05,11360,11370,10810,309356,3426820985,570837704580,52418522,STK
010820,KR7010820009,퍼스텍,KOSPI,,11700,2,-500,-4.1,12200,12200,11520,1307717,15466319240,570631674600,48771938,STK
008730,KR7008730004,율촌화학,KOSPI,,23000,2,-1150,-4.76,24000,24400,22800,96212,2271393600,570400000000,24800000,STK
001200,KR7001200005,유진투자증권,KOSPI,,5880,2,-350,-5.62,6300,6920,5770,8458423,54277285695,569574537840,96866418,STK
290550,KR7290550003,디케이티,KOSDAQ,우량기업부,28350,2,-4650,-14.09,33050,34950,26500,847675,25377753900,567034870500,20001230,KSQ
031430,KR7031430002,신세계인터내셔날,KOSPI,,16190,2,-710,-4.2,16950,17130,15260,226667,3697061970,566423340000,34986000,STK
389500,KR7389500000,에스비비테크,KOSDAQ,기술성장기업부,85000,2,-9200,-9.77,95200,104700,83300,547302,51168170450,565712995000,6655447,KSQ
383310,KR7383310000,에코프로에이치엔,KOSDAQ,우량기업부,26950,2,-2000,-6.91,28950,29300,26650,276244,7647350150,565274417400,20974932,KSQ
003000,KR7003000007,부광약품,KOSPI,,5700,2,-200,-3.39,5910,5990,5620,933811,5367268870,562388624700,98664671,STK
006910,KR7006910004,보성파워텍,KOSDAQ,우량기업부,11430,2,-810,-6.62,12240,12270,11150,2927528,34005923680,561553888320,49129824,KSQ
093320,KR7093320000,케이아이엔엑스,KOSDAQ,우량기업부,114700,2,-3900,-3.29,118700,120800,113000,9747,1125722650,559736000000,4880000,KSQ
060280,KR7060280005,큐렉소,KOSDAQ,중견기업부,13500,2,-330,-2.39,13840,14730,13300,816311,11478662375,557007165000,41259790,KSQ
003300,KR7003300001,한일홀딩스,KOSPI,,18060,1,180,1.01,18000,18790,17920,53692,985914100,556841885040,30832884,STK
452280,KR7452280001,한선엔지니어링,KOSDAQ,우량기업부,28900,1,4650,19.18,24400,29300,23600,2194591,60582047625,556221538000,19246420,KSQ
330860,KR7330860008,네패스아크,KOSDAQ,중견기업부,45550,2,-4750,-9.44,50300,51400,44150,441954,20901213100,554983249750,12184045,KSQ
101930,KR7101930006,인화정공,KOSDAQ,우량기업부,12020,2,-340,-2.75,12400,12500,11910,69581,846397000,554896208200,46164410,KSQ
016610,KR7016610008,DB증권,KOSPI,,13000,2,-880,-6.34,14120,14560,12810,293392,3977046600,551803057000,42446389,STK
003545,KR7003541000,대신증권우,KOSPI,,21900,2,-350,-1.57,22500,22750,21650,130669,2883124525,551697507300,25191667,STK
122640,KR7122640006,예스티,KOSDAQ,벤처기업부,25700,2,-1250,-4.64,27150,27450,24850,243295,6356594500,548690399700,21349821,KSQ
284740,KR7284740008,쿠쿠홈시스,KOSPI,,24450,2,-300,-1.21,24950,25600,23950,38594,954307025,548592718500,22437330,STK
354320,KR7354320004,알멕,KOSDAQ,기술성장기업부,85800,1,3500,4.25,84900,94300,83100,345634,31111389300,548380489800,6391381,KSQ
268280,KR7268280005,미원에스씨,KOSPI,,109600,1,800,0.74,111400,113100,108100,4395,482689500,548000000000,5000000,STK
092790,KR7092790005,넥스틸,KOSPI,,20700,1,2230,12.07,18370,21700,17320,4462831,90672834840,538241400000,26002000,STK
468530,KR7468530001,프로티나,KOSDAQ,기술성장기업부,48750,2,-2250,-4.41,51000,51000,47950,63341,3122693575,537966390000,11035208,KSQ
014830,KR7014830004,유니드,KOSPI,,79000,2,-2500,-3.07,81400,81400,78300,46082,3650512650,534640400000,6767600,STK
045100,KR7045100005,한양이엔지,KOSDAQ,우량기업부,30450,2,-3150,-9.38,34800,34850,30050,286337,9228304225,532875000000,17500000,KSQ
009410,KR7009410002,태영건설,KOSPI,,1781,2,-54,-2.94,1837,1860,1771,466332,841541449,530007928918,297590078,STK
042000,KR7042000000,카페24,KOSDAQ,우량기업부,21750,2,-1450,-6.25,23450,23600,21400,178674,3959768300,527503924500,24253054,KSQ
119850,KR7119850006,지엔씨에너지,KOSDAQ,우량기업부,32000,2,-2650,-7.65,34900,34900,31600,183051,6042918425,526365088000,16448909,KSQ
069540,KR7069540003,빛과전자,KOSDAQ,벤처기업부,5290,2,-480,-8.32,5980,5990,5070,4331189,23365560290,517899141310,97901539,KSQ
018290,KR7018290007,브이티,KOSDAQ,우량기업부,14820,2,-750,-4.82,15550,15610,14600,249144,3727938320,517838039160,34941838,KSQ
099190,KR7099190001,아이센스,KOSDAQ,중견기업부,17970,2,-410,-2.23,18380,18510,17640,133938,2412108255,516768842730,28757309,KSQ
041190,KR7041190000,우리기술투자,KOSDAQ,우량기업부,6130,2,-10,-0.16,6470,7000,6050,4180382,27466237715,514920000000,84000000,KSQ
211050,KR7211050000,인카금융서비스,KOSDAQ,우량기업부,10450,2,-110,-1.04,10430,10920,10250,164485,1734987150,514805215650,49263657,KSQ
094800,KR7094800000,맵스리얼티,KOSPI,,5540,2,-70,-1.25,5700,5810,5530,54084,305639810,514302193740,92834331,STK
078350,KR7078350006,한양디지텍,KOSDAQ,우량기업부,33700,2,-1850,-5.2,34800,37850,33100,573362,20518376250,513735673400,15244382,KSQ
130660,KR7130660004,한전산업,KOSPI,,15670,2,-830,-5.03,16700,16750,15510,387695,6193647795,510842000000,32600000,STK
377740,KR7377740006,바이오노트,KOSPI,,4975,2,-175,-3.4,5150,5150,4975,59951,302067880,506883088800,101886048,STK
138080,KR7138080007,오이솔루션,KOSDAQ,벤처기업부,40950,2,-5150,-11.17,46300,47200,39550,1160602,48708019425,506869190100,12377758,KSQ
035890,KR7035890003,서희건설,KOSDAQ,중견기업부,2200,2,-155,-6.58,2365,2440,2185,2213788,5014329773,505578605400,229808457,KSQ
393890,KR7393890009,더블유씨피,KOSDAQ GLOBAL,기술성장기업부,14890,2,-850,-5.4,15740,16140,14310,833569,12517688045,503924414160,33843144,KSQ
064260,KR7064260003,다날,KOSDAQ,중견기업부,6660,2,-510,-7.11,7450,7540,6550,2754380,19290760280,503798743620,75645457,KSQ
403550,KR7403550007,쏘카,KOSPI,,15300,2,-2700,-15.0,16900,16900,15020,327042,5199565185,502481100600,32841902,STK
340570,KR7340570001,티앤엘,KOSDAQ,우량기업부,61800,1,6800,12.36,55100,65200,53400,320506,19797495200,502310400000,8128000,KSQ
168360,KR7168360006,펨트론,KOSDAQ,벤처기업부,23100,2,-2600,-10.12,25100,25500,22800,227322,5452960250,501444797700,21707567,KSQ
381970,KR7381970003,케이카,KOSPI,,10250,1,100,0.99,10200,10400,9910,513014,5235178765,500413692000,48820848,STK
448730,KR7448730002,삼성FN리츠,KOSPI,,5470,2,-50,-0.91,5580,5700,5440,87101,487861070,498043500000,91050000,STK
317330,KR7317330009,덕산테코피아,KOSDAQ,중견기업부,24300,2,-2050,-7.78,26500,26750,24000,335001,8500965825,497580991200,20476584,KSQ
230360,KR7230360000,에코마케팅,KOSDAQ,우량기업부,16000,2,-10,-0.06,16000,16030,16000,64498,1032018350,495980128000,30998758,KSQ
004690,KR7004690004,삼천리,KOSPI,,136500,2,-300,-0.22,138800,140800,135100,19675,2700074200,495055060500,3626777,STK
034310,KR7034310003,NICE,KOSPI,,13460,1,230,1.74,13280,13640,13100,64633,863805160,494751333220,36757157,STK
005945,KR7005941000,NH투자증권우,KOSPI,,26150,2,-750,-2.79,27050,27450,25800,88234,2331065750,493475813200,18870968,STK
006405,KR7006401004,삼성SDI우,KOSPI,,305000,2,-6500,-2.09,311500,333000,299000,31295,9926094500,493458280000,1617896,STK
107640,KR7107640005,한중엔시에스,KOSDAQ,기술성장기업부,54300,2,-4700,-7.97,60000,61500,53000,200806,11359890750,492226567800,9064946,KSQ
078130,KR7078130002,국일제지,KOSDAQ,중견기업부,436,0,0,0.0,0,0,0,0,0,491548959756,1127405871,KSQ
025900,KR7025900002,동화기업,KOSDAQ GLOBAL,중견기업부,9690,2,-950,-8.93,10470,10480,9500,223873,2226037040,489900091650,50557285,KSQ
036620,KR7036620003,감성코퍼레이션,KOSDAQ,우량기업부,5400,2,-160,-2.88,5670,5720,5290,915122,4997276550,488720363400,90503771,KSQ
0120G0,KR70120G0001,삼양바이오팜,KOSPI,,65400,2,-3200,-4.66,68900,69000,64300,38388,2532790650,486305898000,7435870,STK
034950,KR7034950006,한국기업평가,KOSDAQ,우량기업부,106200,1,400,0.38,106700,110000,103800,3088,329799400,482202586800,4540514,KSQ
251970,KR7251970000,펌텍코리아,KOSDAQ,우량기업부,38850,2,-1100,-2.75,40000,40400,38050,79219,3086089575,481740000000,12400000,KSQ
287840,KR7287840003,인투셀,KOSDAQ,기술성장기업부,31900,2,-1400,-4.2,32800,33100,31000,105319,3369120500,479200524000,15021960,KSQ
084110,KR7084110006,휴온스글로벌,KOSDAQ,우량기업부,37850,2,-2800,-6.89,40650,41250,36800,183762,7066714250,479173884200,12659812,KSQ
027410,KR7027410000,BGF,KOSPI,,4975,3,0,0.0,4975,5140,4825,595446,2977024608,476191035225,95716791,STK
000070,KR7000070003,삼양홀딩스,KOSPI,,61100,2,-1800,-2.86,63900,63900,60900,21478,1326048900,474330970100,7763191,STK
025320,KR7025320003,시노펙스,KOSDAQ,우량기업부,5130,2,-190,-3.57,5370,5450,5010,596992,3079062705,472752600390,92154503,KSQ
000650,KR7000650002,천일고속,KOSPI,,330500,1,35500,12.03,303500,383500,271500,646797,220547548250,472357210000,1429220,STK
144960,KR7144960002,뉴파워프라즈마,KOSDAQ,우량기업부,10750,2,-880,-7.57,11600,11930,10750,904545,10313304750,469695708000,43692624,KSQ
000157,KR7000152009,두산2우B,KOSPI,,525000,2,-36000,-6.42,577000,594000,525000,1844,1035234000,468844950000,893038,STK
039440,KR7039440003,에스티아이,KOSDAQ,우량기업부,30200,2,-3850,-11.31,34000,36500,29700,425826,13505637525,468312819400,15507047,KSQ
425040,KR7425040003,티이엠씨,KOSDAQ,우량기업부,21950,2,-2100,-8.73,24050,24650,21000,1628049,36553879025,468173349900,21329082,KSQ
030520,KR7030520001,한글과컴퓨터,KOSDAQ GLOBAL,우량기업부,19340,2,-810,-4.02,20400,20450,18980,222484,4365891490,467636248960,24179744,KSQ
950210,KR8702070002,프레스티지바이오파마,KOSPI,,7780,2,-110,-1.39,8100,8100,7700,106468,830687645,467548085900,60096155,STK
356680,KR7356680009,엑스게이트,KOSDAQ,벤처기업부,16360,2,-2670,-14.03,18480,18560,15980,1399360,23821934205,466971529120,28543492,KSQ
488900,KR7488900002,비츠로넥스텍,KOSDAQ,기술성장기업부,16000,2,-850,-5.04,17010,17100,15660,98413,1616813530,463623088000,28976443,KSQ
145990,KR7145990008,삼양사,KOSPI,,44950,2,-950,-2.07,45350,46350,44800,8832,401749600,463589532550,10313449,STK
015360,KR7015360001,INVENI,KOSPI,,16990,1,40,0.24,16950,17190,16620,85766,1442255785,462977500000,27250000,STK
187660,KR7187660006,페니트리움바이오,KOSDAQ,중견기업부,8320,2,-380,-4.37,8710,8800,8100,1410716,11815291120,461479224960,55466253,KSQ
215200,KR7215200007,메가스터디교육,KOSDAQ GLOBAL,우량기업부,44450,2,-100,-0.22,45850,45900,43900,43888,1947732150,460733851200,10365216,KSQ
110990,KR7110990009,디아이티,KOSDAQ,우량기업부,24350,2,-1400,-5.44,27150,27600,23500,640640,16304393300,460215000000,18900000,KSQ
047920,KR7047920004,HLB제약,KOSDAQ,기술성장기업부,14030,2,-710,-4.82,14870,14980,13790,223939,3157850760,460174964680,32799356,KSQ
016590,KR7016590002,신대양제지,KOSPI,,11410,2,-420,-3.55,11830,11950,11410,17173,198264920,459798126200,40297820,STK
010690,KR7010690006,화신,KOSPI,,13160,2,-1540,-10.48,14850,15010,12800,1221373,16760472870,459552595600,34920410,STK
101160,KR7101160000,월덱스,KOSDAQ,우량기업부,27750,2,-3200,-10.34,31550,32350,27200,437760,12562223125,458180055750,16510993,KSQ
002030,KR7002030005,아세아,KOSPI,,221500,1,1000,0.45,219500,235500,210500,5012,1087694750,456035718000,2058852,STK
072710,KR7072710007,농심홀딩스,KOSPI,,98200,1,3300,3.48,94600,101100,94600,19825,1949548450,455430978000,4637790,STK
013030,KR7013030002,하이록코리아,KOSDAQ,우량기업부,38550,2,-950,-2.41,40200,40300,38000,76379,3001526125,453661951200,11768144,KSQ
455900,KR7455900001,엔젤로보틱스,KOSDAQ,기술성장기업부,29750,2,-200,-0.67,30700,31800,28800,351946,10834110325,453602147250,15247131,KSQ
117730,KR7117730002,티로보틱스,KOSDAQ,벤처기업부,20100,2,-850,-4.06,21350,22300,19520,472822,10038935630,453416664300,22558043,KSQ
090435,KR7090431008,아모레퍼시픽우,KOSPI,,42850,2,-2250,-4.99,44600,47150,42800,17841,773574475,452403015500,10557830,STK
306200,KR7306200007,세아제강,KOSPI,,159400,2,-3700,-2.27,166000,166000,157400,16293,2633370400,452106220000,2836300,STK
095660,KR7095660007,네오위즈,KOSDAQ,우량기업부,20700,2,-150,-0.72,21250,21350,20400,77020,1609498175,447874701300,21636459,KSQ
029530,KR7029530003,신도리코,KOSPI,,46000,2,-1350,-2.85,47000,47750,45550,17368,802141550,446923534000,9715729,STK
424870,KR7424870004,이뮨온시아,KOSDAQ,기술성장기업부,6000,1,240,4.17,6170,6280,5870,471424,2840586565,446182974000,74363829,KSQ
145720,KR7145720009,덴티움,KOSPI,,51700,2,-2200,-4.08,54300,54300,51100,66942,3504976550,445855164700,8623891,STK
067630,KR7067630004,HLB생명과학,KOSDAQ,투자주의환기종목(소속부없음),3650,2,-65,-1.75,3730,3790,3600,361740,1319724960,444997261700,121917058,KSQ
002710,KR7002710002,TCC스틸,KOSPI,,16800,2,-880,-4.98,17910,18160,16510,216973,3745202045,440390109600,26213697,STK
394280,KR7394280002,오픈엣지테크놀로지,KOSDAQ,기술성장기업부,16690,2,-1280,-7.12,18110,18200,16300,342054,5857561315,439723585700,26346530,KSQ
079370,KR7079370003,제우스,KOSDAQ,우량기업부,14140,2,-960,-6.36,15100,15530,13810,558502,8143147705,438580238600,31016990,KSQ
204620,KR7204620009,글로벌텍스프리,KOSDAQ,우량기업부,6240,1,40,0.65,6170,6540,6100,3164788,20226843100,438567979200,70283330,KSQ
192650,KR7192650000,드림텍,KOSPI,,6320,2,-180,-2.77,6520,6760,6210,589285,3788242660,435916937680,68974199,STK
389650,KR7389650003,넥스트바이오메디컬,KOSDAQ,기술성장기업부,53100,2,-2400,-4.32,55600,55900,51900,60589,3235731150,435626346600,8203886,KSQ
484590,KR7484590005,삼양컴텍,KOSDAQ,벤처기업부,10540,2,-530,-4.79,11250,11270,10470,193762,2093581225,434358143000,41210450,KSQ
234340,KR7234340008,헥토파이낸셜,KOSDAQ,우량기업부,31000,2,-5200,-14.36,37800,38650,30800,1186025,39649941775,433090336000,13970656,KSQ
114810,KR7114810005,한솔아이원스,KOSDAQ,우량기업부,15100,2,-900,-5.63,16070,16090,14860,406600,6241940195,431756927400,28593174,KSQ
126720,KR7126720002,수산인더스트리,KOSPI,,30200,2,-500,-1.63,31050,31350,29400,121519,3651757800,431437200000,14286000,STK
079940,KR7079940003,가비아,KOSDAQ,우량기업부,32100,2,-1800,-5.31,33400,34100,31600,42948,1414074700,430803956400,13420684,KSQ
376270,KR7376270005,HEM파마,KOSDAQ,기술성장기업부,59700,2,-5100,-7.87,65100,65100,58500,34373,2084994150,429015363900,7186187,KSQ
009160,KR7009160003,SIMPAC,KOSPI,,6560,1,60,0.92,6500,6650,6330,208178,1347838700,428833550080,65370968,STK
215600,KR7215600008,신라젠,KOSDAQ,중견기업부,3095,2,-130,-4.03,3225,3265,3060,1085234,3391153796,428823280580,138553564,KSQ
357120,KR7357120005,코람코라이프인프라리츠,KOSPI,,4400,2,-5,-0.11,4405,4520,4400,124722,555170366,428275557600,97335354,STK
012030,KR7012030003,DB,KOSPI,,2125,2,-140,-6.18,2265,2335,2095,2519831,5492887691,427494607625,201173933,STK
060980,KR7060980000,HL홀딩스,KOSPI,,47000,1,450,0.97,46900,48250,46150,61358,2891744675,426705809000,9078847,STK
452430,KR7452430002,사피엔반도체,KOSDAQ,기술성장기업부,51900,1,3050,6.24,48950,55900,47800,345612,18287720700,426516587400,8218046,KSQ
105630,KR7105630008,한세실업,KOSPI,,10650,1,200,1.91,10550,10880,10390,75461,802712390,426000000000,40000000,STK
006220,KR7006220008,제주은행,KOSPI,,11250,2,-650,-5.46,11910,12050,11200,196741,2278567000,425233766250,37798557,STK
105840,KR7105840003,우진,KOSPI,,21000,2,-1850,-8.1,23050,23200,20750,783823,16949803025,424151070000,20197670,STK
344820,KR7344820006,KCC글라스,KOSPI,,26500,2,-50,-0.19,26550,27250,26400,31865,852480425,423218568000,15970512,STK
230240,KR7230240004,에치에프알,KOSDAQ,중견기업부,31700,2,-1100,-3.35,33600,33900,30250,324285,10322331525,421895300000,13309000,KSQ
058430,KR7058430000,포스코스틸리온,KOSPI,,7020,2,-340,-4.62,7450,7670,6910,1569603,11403253440,421200000000,60000000,STK
080580,KR7080580004,오킨스전자,KOSDAQ,벤처기업부,19970,2,-4330,-17.82,24850,24850,19970,891587,19618415605,421186371350,21090955,KSQ
017810,KR7017810003,풀무원,KOSPI,,11020,2,-210,-1.87,11300,11460,10980,73765,824999280,420088372840,38120542,STK
206650,KR7206650004,유바이오로직스,KOSDAQ,우량기업부,11390,2,-460,-3.88,11790,11790,11240,372439,4255130590,418278466730,36723307,KSQ
482630,KR7482630001,삼양엔씨켐,KOSDAQ,중견기업부,19100,2,-1750,-8.39,21000,21350,18710,524047,10330460235,418066148000,21888280,KSQ
004710,KR7004710000,한솔테크닉스,KOSPI,,13270,2,-850,-6.02,14120,14150,12770,1462875,19341910980,416910450590,31417517,STK
243070,KR7243070000,휴온스,KOSDAQ,우량기업부,34800,2,-50,-0.14,35200,37600,33350,108454,3848049250,416892342000,11979665,KSQ
004700,KR7004700001,조광피혁,KOSPI,,62400,2,-500,-0.79,62700,63000,61200,2426,150699700,414906211200,6649138,STK
441270,KR7441270006,파인엠텍,KOSDAQ,벤처기업부,9940,2,-560,-5.33,10570,10660,9660,606158,6041963970,414808247280,41731212,KSQ
025860,KR7025860008,남해화학,KOSPI,,8310,2,-690,-7.67,9010,9030,8260,2300436,19649661095,412831185330,49678843,STK
029460,KR7029460003,케이씨,KOSPI,,37400,2,-2800,-6.97,40100,40600,36600,45019,1726200400,412168009000,11020535,STK
097520,KR7097520001,엠씨넥스,KOSPI,,23500,2,-300,-1.26,24300,24500,22700,123795,2911661050,408935250000,17401500,STK
170900,KR7170900005,동아에스티,KOSPI,,41950,2,-700,-1.64,42800,42800,41400,14840,621197250,408082007050,9727819,STK
078020,KR7078020005,LS증권,KOSDAQ,우량기업부,7320,2,-80,-1.08,7700,7990,7210,463755,3540553245,406122310800,55481190,KSQ
170920,KR7170920003,엘티씨,KOSDAQ,벤처기업부,38400,2,-6450,-14.38,48800,50000,37700,457572,20062656825,405662438400,10564126,KSQ
417310,KR7417310000,코람코더원리츠,KOSPI,,10010,2,-100,-0.99,10200,10200,9930,296003,2975524795,404404000000,40400000,STK
005610,KR7005610001,삼립,KOSPI,,46800,1,150,0.32,46000,47450,46000,6287,293792825,403837621200,8629009,STK
098070,KR7098070006,한텍,KOSDAQ,중견기업부,36250,2,-500,-1.36,37150,39050,36000,97586,3662250975,403141361250,11121141,KSQ
089590,KR7089590004,제주항공,KOSPI,,4980,2,-130,-2.54,5110,5150,4960,448538,2248227879,401592105300,80640985,STK
160980,KR7160980009,싸이맥스,KOSDAQ,우량기업부,36650,3,0,0.0,36650,38700,35500,194142,7154017150,400373505950,10924243,KSQ
241770,KR7241770007,메카로,KOSDAQ,우량기업부,39150,2,-1250,-3.09,41000,41000,38150,38478,1524857700,399041856000,10192640,KSQ
085910,KR7085910008,네오티스,KOSDAQ,중견기업부,28500,2,-3500,-10.94,32050,32500,28500,147844,4414694075,397142313000,13934818,KSQ
064820,KR7064820004,케이프,KOSDAQ,우량기업부,12810,2,-390,-2.95,13200,13320,12570,191140,2452971055,395319354150,30860215,KSQ
065680,KR7065680001,우주일렉트로,KOSDAQ,우량기업부,42700,2,-1550,-3.5,44550,45300,41250,32864,1428936000,394568111700,9240471,KSQ
101730,KR7101730000,위메이드맥스,KOSDAQ,중견기업부,4700,2,-100,-2.08,4860,4860,4600,122697,581509565,393875444200,83803286,KSQ
265520,KR7265520007,AP시스템,KOSDAQ,우량기업부,26150,2,-2000,-7.1,27850,28250,25850,156548,4203922450,393578969150,15050821,KSQ
078520,KR7078520004,에이블씨엔씨,KOSPI,,15080,2,-770,-4.86,15610,15800,14690,177607,2710496710,392293547880,26014161,STK
194370,KR7194370003,제이에스코퍼레이션,KOSPI,,13500,2,-100,-0.74,13790,13980,13210,117670,1593949830,391726233000,29016758,STK
419530,KR7419530001,SAMG엔터,KOSDAQ,기술성장기업부,38900,2,-600,-1.52,40300,41800,38150,166941,6732442775,390147044300,10029487,KSQ
002810,KR7002810000,삼영무역,KOSPI,,21100,2,-650,-2.99,21600,21750,21000,41154,869532825,389652602800,18466948,STK
355150,KR7355150004,코스텍시스,KOSDAQ,벤처기업부,49850,2,-5650,-10.18,54200,58500,46700,327194,16685807625,388697897500,7797350,KSQ
183190,KR7183190008,아세아시멘트,KOSPI,,10630,2,-300,-2.74,11040,11040,10600,84595,905511105,388063329640,36506428,STK
034830,KR7034830000,한국토지신탁,KOSPI,,1535,1,20,1.32,1515,1583,1498,1187623,1827268275,387570968050,252489230,STK
036170,KR7036170009,에이치엠넥스,KOSDAQ,중견기업부,6260,2,-820,-11.58,7000,7000,6080,2352463,15216502710,384148818760,61365626,KSQ
298830,KR7298830001,슈어소프트테크,KOSDAQ,우량기업부,7170,2,-530,-6.88,7750,8010,7050,1303006,9735165360,383297437830,53458499,KSQ
003720,KR7003720000,삼영,KOSPI,,11260,2,-1120,-9.05,12410,12460,11070,1720839,19730472300,382840000000,34000000,STK
086390,KR7086390002,유니테스트,KOSDAQ,중견기업부,17990,2,-3060,-14.54,20650,20700,17690,963795,18566110870,380202926740,21134126,KSQ
084010,KR7084010008,대한제강,KOSPI,,11040,2,-260,-2.3,11230,11390,10850,60161,665171300,379462419840,34371596,STK
0001A0,KR70001A0001,덕양에너젠,KOSDAQ,중견기업부,15300,2,-1150,-6.99,16820,17170,15110,391153,6250562470,379305283500,24791195,KSQ
092870,KR7092870005,엑시콘,KOSDAQ,우량기업부,28900,2,-3500,-10.8,32600,33350,28300,465224,14011465625,377168033300,13050797,KSQ
220100,KR7220100002,퓨쳐켐,KOSDAQ,기술성장기업부,16750,2,-990,-5.58,17850,17890,16440,102883,1750870475,375659285000,22427420,KSQ
009290,KR7009290008,광동제약,KOSPI,,7530,2,-310,-3.95,7870,7880,7420,361426,2743218340,374992554240,49799808,STK
036890,KR7036890002,진성티이씨,KOSDAQ,우량기업부,16950,2,-240,-1.4,17970,18350,16660,226867,3936911955,373452959850,22032623,KSQ
179900,KR7179900006,유티아이,KOSDAQ,투자주의환기종목(소속부없음),18850,2,-900,-4.56,20150,20200,18380,166080,3181071495,373049266200,19790412,KSQ
475400,KR7475400008,씨메스로보틱스,KOSDAQ,기술성장기업부,31700,2,-150,-0.47,32800,34200,31000,196599,6490444600,372667165400,11756062,KSQ
378340,KR7378340004,필에너지,KOSDAQ,중견기업부,17200,2,-1660,-8.8,18570,18730,16800,175318,3089101480,371956570400,21625382,KSQ
094360,KR7094360005,칩스앤미디어,KOSDAQ,벤처기업부,17400,2,-1010,-5.49,18500,18640,17100,157034,2811297280,371214627600,21334174,KSQ
0082N0,KR70082N0008,카나프테라퓨틱스,KOSDAQ,기술성장기업부,28050,2,-2100,-6.97,30150,30300,27450,117871,3385322150,370730679000,13216780,KSQ
025770,KR7025770009,한국정보통신,KOSDAQ,우량기업부,9900,2,-350,-3.41,10490,10500,9760,184737,1858818090,370698282900,37444271,KSQ
011760,KR7011760006,현대코퍼레이션,KOSPI,,27950,2,-500,-1.76,28500,28600,27650,72491,2034924350,369749599700,13228966,STK
042370,KR7042370007,비츠로테크,KOSDAQ,우량기업부,14100,2,-1210,-7.9,15300,15300,13850,892315,12851903985,369420352500,26200025,KSQ
180400,KR7180400004,DXVX,KOSDAQ,관리종목(소속부없음),3750,2,-105,-2.72,3825,4030,3710,121792,463630896,369110370000,98429432,KSQ
092220,KR7092220003,KEC,KOSPI,,1838,0,0,0.0,0,0,0,0,0,369002653158,200763141,STK
494120,KR7494120009,큐리오시스,KOSDAQ,기술성장기업부,48400,2,-2200,-4.35,50300,54400,47950,111096,5624096875,368637728800,7616482,KSQ
459510,KR7459510004,나우로보틱스,KOSDAQ,기술성장기업부,28400,1,500,1.79,29050,30650,27450,560700,16446937875,368586048800,12978382,KSQ
003800,KR7003800000,에이스침대,KOSDAQ,우량기업부,33100,2,-550,-1.63,33400,33950,32800,8194,272937700,367079000000,11090000,KSQ
005720,KR7005720008,넥센,KOSPI,,6970,2,-160,-2.24,7160,7230,6850,113626,788705335,366231519690,52543977,STK
219130,KR7219130002,타이거일렉,KOSDAQ,벤처기업부,58000,2,-1300,-2.19,59700,66000,56600,67266,4106790900,366228820000,6314290,KSQ
0008Z0,KR70008Z0005,에스엔시스,KOSDAQ,벤처기업부,38750,2,-4700,-10.82,44550,44550,38100,231236,9244603950,365666855000,9436564,KSQ
304360,KR7304360001,에스바이오메딕스,KOSDAQ,벤처기업부,29500,2,-1750,-5.6,31250,31300,28300,112497,3343333525,365361276000,12385128,KSQ
417840,KR7417840006,저스템,KOSDAQ,벤처기업부,16100,2,-1150,-6.67,17940,18790,15500,1986196,34275620210,364889289100,22663931,KSQ
089980,KR7089980007,상아프론테크,KOSDAQ,우량기업부,22800,2,-1200,-5.0,25500,25500,22550,116572,2766488025,364550043600,15989037,KSQ
241520,KR7241520006,DSC인베스트먼트,KOSDAQ,중견기업부,13680,2,-1010,-6.88,14730,15200,13450,866406,12255622435,363888000000,26600000,KSQ
001230,KR7001230002,동국홀딩스,KOSPI,,11400,0,0,0.0,0,0,0,0,0,362525506200,31800483,STK
001390,KR7001390004,KG케미칼,KOSPI,,5390,2,-170,-3.06,5600,5770,5350,527720,2910953220,362386031700,67233030,STK
200880,KR7200880003,서연이화,KOSPI,,13390,2,-510,-3.67,14220,14380,13130,152314,2109982295,361910771430,27028437,STK
091700,KR7091700005,파트론,KOSDAQ GLOBAL,우량기업부,7230,2,-100,-1.36,7330,7460,7160,301470,2195764410,361500000000,50000000,KSQ
091810,KR7091810002,트리니티항공,KOSPI,,875,2,-31,-3.42,905,905,868,1575279,1391077591,361348299375,412969485,STK
389260,KR7389260001,대명에너지,KOSDAQ,우량기업부,20150,2,-650,-3.13,22150,22150,19830,170227,3569151065,361013948750,17916325,KSQ
092230,KR7092230002,KPX홀딩스,KOSPI,,85200,1,600,0.71,84500,85200,82600,3089,258355600,359939839200,4224646,STK
450950,KR7450950001,아스테라시스,KOSDAQ,벤처기업부,9550,2,-450,-4.5,10050,10050,9470,89685,871051445,359343503600,37627592,KSQ
092460,KR7092460005,한라IMS,KOSDAQ,우량기업부,20900,1,200,0.97,21100,21100,19800,278375,5698046080,357592312000,17109680,KSQ
228760,KR7228760005,지노믹트리,KOSDAQ,기술성장기업부,14300,2,-260,-1.79,14580,14740,13960,138024,1974171240,355486588600,24859202,KSQ
007690,KR7007690001,국도화학,KOSPI,,38350,2,-1350,-3.4,39800,39950,38000,23519,913154550,355152907200,9260832,STK
042520,KR7042520007,한스바이오메드,KOSDAQ,벤처기업부,24900,2,-3000,-10.75,28800,28800,24300,508910,12914057700,355108038300,14261367,KSQ
018250,KR7018250001,애경산업,KOSPI,,13440,2,-140,-1.03,13700,13750,13330,38707,522135265,354949526400,26409935,STK
200670,KR7200670008,휴메딕스,KOSDAQ,우량기업부,31600,2,-2150,-6.37,34300,34350,30900,90962,2937383950,354865788000,11229930,KSQ
078150,KR7078150000,HB테크놀러지,KOSDAQ,우량기업부,3825,2,-215,-5.32,4100,4175,3730,4775743,18692096678,354638378700,92715916,KSQ
487580,KR7487580003,폴레드,KOSDAQ,벤처기업부,14000,5,-6000,-30.0,24750,26000,14000,36478083,683561138335,352560054000,25182861,KSQ
084990,KR7084990001,헬릭스미스,KOSDAQ,기술성장기업부,7600,2,-380,-4.76,7970,8020,7530,361984,2812648605,350305257200,46092797,KSQ
099430,KR7099430001,바이오플러스,KOSDAQ,우량기업부,5680,2,-80,-1.39,5760,5860,5500,515570,2956324290,350119300960,61640722,KSQ
073490,KR7073490005,LIG아큐버,KOSDAQ,우량기업부,46000,2,-1850,-3.87,47850,48850,44950,251282,11774992200,349776916000,7603846,KSQ
200470,KR7200470003,에이팩트,KOSDAQ,중견기업부,8230,2,-580,-6.58,9080,9120,8030,697890,5972350530,348640025390,42362093,KSQ
016800,KR7016800005,퍼시스,KOSPI,,30250,2,-450,-1.47,31200,31200,29900,1597,48343550,347875000000,11500000,STK
002900,KR7002900009,TYM,KOSPI,,8390,2,-220,-2.56,8610,8840,8170,391948,3299111650,347346000000,41400000,STK
046970,KR7046970000,우리로,KOSDAQ,벤처기업부,7920,2,-890,-10.1,8820,8850,7760,2000505,16300389040,347093992080,43824999,KSQ
078340,KR7078340007,컴투스,KOSDAQ GLOBAL,중견기업부,28700,2,-750,-2.55,29850,29850,28400,75381,2177401775,347020683100,12091313,KSQ
026890,KR7026890004,스틱인베스트먼트,KOSPI,,8950,2,-160,-1.76,9200,9370,8860,112901,1029595255,346998991150,38770837,STK
064290,KR7064290000,인텍플러스,KOSDAQ,중견기업부,26950,2,-2250,-7.71,29200,29400,26000,515106,14084395450,346683775900,12863962,KSQ
104700,KR7104700000,한국철강,KOSPI,,9510,2,-90,-0.94,9600,9750,9470,72549,694334385,346639500000,36450000,STK
108670,KR7108670001,LX하우시스,KOSPI,,38450,2,-350,-0.9,39700,39800,37700,75452,2912543100,344806911500,8967670,STK
069080,KR7069080000,웹젠,KOSDAQ GLOBAL,우량기업부,11130,2,-130,-1.15,11380,11400,10970,115483,1287173625,344657979750,30966575,KSQ
001940,KR7001940006,KISCO홀딩스,KOSPI,,24300,2,-150,-0.61,24550,25750,24200,13585,332387175,344486034000,14176380,STK
144510,KR7144510005,지씨셀,KOSDAQ,중견기업부,21750,2,-1250,-5.43,22850,23300,21600,65340,1458437925,343657482000,15800344,KSQ
005010,KR7005010004,휴스틸,KOSPI,,6090,1,50,0.83,6030,6410,5830,3023571,18467681335,342185376750,56188075,STK
200130,KR7200130003,콜마비앤에이치,KOSDAQ GLOBAL,우량기업부,11620,2,-160,-1.36,11870,12080,11460,141578,1662949315,341808783960,29415558,KSQ
418420,KR7418420006,라온텍,KOSDAQ,기술성장기업부,11130,2,-280,-2.45,11650,12500,10820,5130637,60175320010,341701384290,30700933,KSQ
126560,KR7126560002,현대퓨처넷,KOSPI,,3100,2,-60,-1.9,3160,3180,3095,112218,350926327,341629129500,110202945,STK
012860,KR7012860003,모베이스전자,KOSDAQ,우량기업부,4650,2,-550,-10.58,5150,5350,4580,7886552,38876415665,340535575050,73233457,KSQ
308430,KR7308430008,셀비온,KOSDAQ,기술성장기업부,26500,2,-1150,-4.16,27900,27900,25850,146525,3921873575,340035015000,12831510,KSQ
024720,KR7024720005,콜마홀딩스,KOSPI,,9850,2,-280,-2.76,10150,10230,9660,121578,1195221800,337818151150,34296259,STK
02826K,KR702826K016,삼성물산우B,KOSPI,,230000,2,-18500,-7.44,247000,250000,223000,12132,2853565750,337545700000,1467590,STK
286940,KR7286940002,롯데이노베이트,KOSPI,,22200,1,250,1.14,22350,23450,21650,118414,2692475675,335871947400,15129367,STK
036200,KR7036200004,유니셈,KOSDAQ,우량기업부,10950,2,-1040,-8.67,11950,12200,10810,567385,6528161940,335773241850,30664223,KSQ
002310,KR7002310001,아세아제지,KOSPI,,8500,1,20,0.24,8480,8510,8120,196858,1646024240,335320835000,39449510,STK
017860,KR7017860008,DS단석,KOSPI,,18870,2,-960,-4.84,20200,20500,18770,215137,4193413470,335114952930,17759139,STK
001750,KR7001750009,한양증권,KOSPI,,26300,2,-1100,-4.01,27950,28250,25200,33577,897764700,334760444200,12728534,STK
084690,KR7084690007,대상홀딩스,KOSPI,,9240,2,-340,-3.55,9670,9670,9150,88049,817977615,334603851120,36212538,STK
448280,KR7448280008,에코아이,KOSDAQ,중견기업부,11280,2,-60,-0.53,11310,11710,11050,54014,611939355,334239135120,29631129,KSQ
035810,KR7035810001,이지홀딩스,KOSDAQ,우량기업부,5160,2,-60,-1.15,5230,5280,5110,279493,1445949685,332903514600,64516185,KSQ
053030,KR7053030003,바이넥스,KOSDAQ,중견기업부,10180,3,0,0.0,10280,10480,9910,324359,3310200535,332725033840,32684188,KSQ
041920,KR7041920000,메디아나,KOSDAQ,우량기업부,17820,2,-480,-2.62,18150,18490,17110,123029,2164688030,331420333860,18598223,KSQ
128820,KR7128820008,대성산업,KOSPI,,7320,2,-770,-9.52,8000,8140,7220,3651308,27717560205,331123698960,45235478,STK
114190,KR7114190002,강원에너지,KOSDAQ,중견기업부,12650,2,-1460,-10.35,13920,13920,12500,185939,2451730940,330456430700,26123038,KSQ
065660,KR7065660003,안트로젠,KOSDAQ,기술성장기업부,33000,1,550,1.69,33800,35700,31050,59708,2009951600,330201300000,10006100,KSQ
046120,KR7046120002,오르비텍,KOSDAQ,중견기업부,9750,2,-820,-7.76,10580,10630,9400,554194,5503528810,330090471750,33855433,KSQ
136480,KR7136480001,하림,KOSDAQ,우량기업부,3095,2,-65,-2.06,3160,3170,3070,818053,2541413211,328719027690,106209702,KSQ
394800,KR7394800007,쓰리빌리언,KOSDAQ,기술성장기업부,10270,2,-390,-3.66,11010,11010,10000,195601,2045082225,326190358520,31761476,KSQ
478340,KR7478340003,나라스페이스테크놀로지,KOSDAQ,기술성장기업부,28200,2,-800,-2.76,29000,30550,27600,249607,7301964350,325247266200,11533591,KSQ
418550,KR7418550000,제이오,KOSDAQ,기술성장기업부,10150,2,-440,-4.15,10500,10800,9900,272966,2826091685,324979380950,32017673,KSQ
049070,KR7049070006,인탑스,KOSDAQ,우량기업부,18890,2,-420,-2.18,19540,20350,18390,259974,5061302390,324908000000,17200000,KSQ
900140,KYG5307W1015,엘브이엠씨홀딩스,KOSPI,,1659,2,-23,-1.37,1682,1739,1622,1064358,1776827414,320585876688,193240432,STK
243840,KR7243840006,신흥에스이씨,KOSDAQ,우량기업부,8300,2,-630,-7.05,8920,9050,8170,690084,5838860290,320033350500,38558235,KSQ
199820,KR7199820002,제일일렉트릭,KOSDAQ,우량기업부,14400,2,-1460,-9.21,15630,15810,14070,1035141,15335475990,319968000000,22220000,KSQ
084850,KR7084850007,아이티엠반도체,KOSDAQ GLOBAL,중견기업부,14080,2,-2240,-13.73,15930,16030,13950,155306,2283180655,319375710720,22682934,KSQ
272450,KR7272450008,진에어,KOSPI,,6110,2,-250,-3.93,6360,6400,6060,288166,1785739940,318942000000,52200000,STK
043150,KR7043150002,바텍,KOSDAQ,우량기업부,21350,2,-1000,-4.47,22550,22550,21150,72208,1558341425,317138365600,14854256,KSQ
001250,KR7001250000,GS글로벌,KOSPI,,3840,2,-165,-4.12,4005,4040,3775,2668883,10310463893,316929653760,82533764,STK
352480,KR7352480008,씨앤씨인터내셔널,KOSDAQ,우량기업부,23150,2,-650,-2.73,23800,24100,22850,33265,777117050,315532208150,13629901,KSQ
194700,KR7194700001,노바렉스,KOSDAQ,우량기업부,17260,1,2150,14.23,15640,18450,15590,1082604,18961281365,315078676480,18254848,KSQ
064850,KR7064850001,에프앤가이드,KOSDAQ,벤처기업부,27550,2,-1050,-3.67,28600,29350,25750,129873,3679116800,314354646600,11410332,KSQ
033270,KR7033270000,유나이티드제약,KOSPI,,19740,2,-110,-0.55,19880,19920,19500,51445,1007532960,314078698500,15910775,STK
236200,KR7236200002,슈프리마,KOSDAQ,우량기업부,44900,2,-2900,-6.07,47300,47700,44250,56150,2555374875,313146563900,6974311,KSQ
314930,KR7314930009,바이오다인,KOSDAQ,기술성장기업부,10500,2,-250,-2.33,10750,10800,10050,114511,1178887240,312523081500,29764103,KSQ
365270,KR7365270008,큐라클,KOSDAQ,기술성장기업부,14230,2,-920,-6.07,15240,15240,14010,353438,5150316010,311986574180,21924566,KSQ
017390,KR7017390006,서울가스,KOSPI,,63000,1,1400,2.27,61900,64000,58700,17844,1102412500,311850000000,4950000,STK
217730,KR7217730001,강스템바이오텍,KOSDAQ,기술성장기업부,3295,2,-140,-4.08,3390,3390,3200,960251,3183123794,309908420955,94054149,KSQ
051500,KR7051500007,CJ프레시웨이,KOSDAQ,우량기업부,26000,2,-850,-3.17,26900,26900,25500,46539,1211962050,308661236000,11871586,KSQ
389020,KR7389020009,자람테크놀로지,KOSDAQ,기술성장기업부,44700,2,-5150,-10.33,49950,50700,43650,166910,7673882750,308657165400,6905082,KSQ
151860,KR7151860004,KG에코솔루션,KOSDAQ,우량기업부,6470,1,30,0.47,6450,6750,6400,244700,1603927385,307991422940,47603002,KSQ
061970,KR7061970000,LB세미콘,KOSDAQ,중견기업부,5300,2,-420,-7.34,5710,5890,5250,1298409,7298598370,307839931800,58083006,KSQ
014940,KR7014940001,오리엔탈정공,KOSDAQ,우량기업부,6750,2,-360,-5.06,7140,7200,6690,281891,1942820985,307622211750,45573661,KSQ
091580,KR7091580001,상신이디피,KOSDAQ,우량기업부,23050,2,-1550,-6.3,25000,25325,22700,287412,6727261225,307215447950,13328219,KSQ
011500,KR7011500006,한농화성,KOSPI,,19630,2,-1720,-8.06,21650,21950,19310,261122,5310956530,306955134460,15637042,STK
203650,KR7203650007,드림시큐리티,KOSDAQ,중견기업부,3020,2,-245,-7.5,3265,3385,3000,4822646,15091485503,305313906400,101097320,KSQ
338840,KR7338840002,와이바이오로직스,KOSDAQ,기술성장기업부,19840,2,-860,-4.15,20700,20800,19420,102061,2025436080,304874951040,15366681,KSQ
232530,KR7232530006,이엠티,KONEX,일반기업부,11900,3,0,0.0,11000,12700,11000,19169,226156780,304810217600,25614304,KNX
474650,KR7474650009,링크솔루션,KOSDAQ,기술성장기업부,52900,2,-3300,-5.87,56200,60800,51500,158352,8975411850,304021960300,5747107,KSQ
318060,KR7318060001,그래피,KOSDAQ,기술성장기업부,27150,2,-1850,-6.38,29000,29600,26800,194672,5462875675,303351755550,11173177,KSQ
0015G0,KR70015G0009,그린광학,KOSDAQ,기술성장기업부,25900,2,-2300,-8.16,28200,28400,25400,221839,5943401325,303095811900,11702541,KSQ
138360,KR7138360003,앤로보틱스,KOSDAQ,벤처기업부,3935,1,20,0.51,4060,4980,3770,17126024,75586551534,302962426070,76991722,KSQ
058970,KR7058970005,엠로,KOSDAQ,기술성장기업부,24500,2,-1300,-5.04,26250,27000,24000,113669,2925343500,302888453000,12362794,KSQ
088800,KR7088800008,에이스테크,KOSDAQ,중견기업부,4005,2,-140,-3.38,4170,4270,3965,587224,2388521655,302403268170,75506434,KSQ
003920,KR7003920006,남양유업,KOSPI,,50400,2,-900,-1.75,52100,52100,49650,10268,517305325,302400000000,6000000,STK
108860,KR7108860008,셀바스AI,KOSDAQ,벤처기업부,11200,2,-570,-4.84,11850,11940,11000,295482,3375215540,301445648000,26914790,KSQ
462350,KR7462350000,이노스페이스,KOSDAQ,기술성장기업부,14400,2,-640,-4.26,15040,15650,14290,322517,4796169085,300508732800,20868662,KSQ
092730,KR7092730001,네오팜,KOSDAQ,우량기업부,18680,2,-750,-3.86,19210,19380,18610,50954,961060985,299402834520,16027989,KSQ
215000,KR7215000001,골프존,KOSDAQ GLOBAL,우량기업부,47550,2,-700,-1.45,48450,48700,47050,43747,2083745825,298395983250,6275415,KSQ
321550,KR7321550006,티움바이오,KOSDAQ,기술성장기업부,9930,2,-60,-0.6,10130,10130,9610,347355,3405304510,298282056750,30038475,KSQ
004430,KR7004430005,송원산업,KOSPI,,12390,1,30,0.24,12400,12800,12100,452060,5647382580,297360000000,24000000,STK
445090,KR7445090004,에이직랜드,KOSDAQ,벤처기업부,27200,2,-2600,-8.72,29950,30450,26750,114000,3219252900,297177897600,10925658,KSQ
123890,KR7123890006,한국자산신탁,KOSPI,,2425,1,20,0.83,2405,2480,2390,348998,848601043,296756770550,122373926,STK
060720,KR7060720000,KH바텍,KOSDAQ,중견기업부,12520,2,-820,-6.15,13260,13490,12300,405776,5211352880,296441573840,23677442,KSQ
394420,KR7394420004,리센스메디컬,KOSDAQ,기술성장기업부,27100,2,-1050,-3.73,26800,29800,24700,714888,19550384500,296336819800,10934938,KSQ
096760,KR7096760004,JW홀딩스,KOSPI,,4000,2,-5,-0.12,3995,4100,3945,180500,722688176,295699768000,73924942,STK
451760,KR7451760003,컨텍,KOSDAQ,기술성장기업부,18450,2,-560,-2.95,19050,19820,17950,437858,8256017410,295048783800,15991804,KSQ
036800,KR7036800001,나이스정보통신,KOSDAQ,우량기업부,29350,1,900,3.16,29850,30400,28500,77234,2275053725,293500000000,10000000,KSQ
000490,KR7000490003,대동,KOSPI,,10150,2,-380,-3.61,10530,10820,9980,777058,8103385175,292592679750,28826865,STK
054950,KR7054950001,제이브이엠,KOSDAQ,우량기업부,24200,2,-350,-1.43,24600,24600,23700,29451,709098675,292575386400,12089892,KSQ
000430,KR7000430009,대원강업,KOSPI,,4675,1,425,10.0,4365,4935,4365,2684771,12612016164,289850000000,62000000,STK
093520,KR7093520005,매커스,KOSDAQ,우량기업부,24350,2,-1550,-5.98,26100,26200,23900,52822,1312322300,289809730950,11901837,KSQ
037710,KR7037710001,광주신세계,KOSPI,,37950,2,-450,-1.17,38650,39400,37850,17979,688863050,289451177400,7627172,STK
382800,KR7382800001,지앤비에스 에코,KOSDAQ,우량기업부,9080,1,210,2.37,8810,10150,8630,3496417,33084581470,289025852280,31831041,KSQ
416180,KR7416180008,신성에스티,KOSDAQ,벤처기업부,31950,2,-1800,-5.33,33900,34350,31600,54361,1779054900,288820907100,9039778,KSQ
112290,KR7112290002,와이씨켐,KOSDAQ,기술성장기업부,14270,2,-540,-3.65,14800,16270,13760,1937006,29203600170,288554954300,20221090,KSQ
035600,KR7035600006,KG이니시스,KOSDAQ,우량기업부,10470,2,-170,-1.6,10780,10880,10330,105028,1104024095,288494923980,27554434,KSQ
190510,KR7190510008,나무가,KOSDAQ,우량기업부,20450,2,-1850,-8.3,22900,22900,20100,541812,11485589050,288044732650,14085317,KSQ
049630,KR7049630007,재영솔루텍,KOSDAQ,우량기업부,12300,2,-470,-3.68,12790,13300,12100,515670,6552199060,287567997600,23379512,KSQ
100120,KR7100120005,뷰웍스,KOSDAQ,우량기업부,32000,2,-950,-2.88,33300,34350,31350,136243,4448665500,287085152000,8971411,KSQ
472850,KR7472850007,폰드그룹,KOSDAQ,중견기업부,4975,2,-125,-2.45,5190,5190,4975,45696,229485365,286418968700,57571652,KSQ
037270,KR7037270006,YG PLUS,KOSPI,,4490,2,-145,-3.13,4635,4745,4460,512708,2363761068,285847363900,63663110,STK
054210,KR7054210000,이랜텍,KOSDAQ,우량기업부,11300,2,-150,-1.31,11490,12270,11170,590724,6915272655,285790673000,25291210,KSQ
095500,KR7095500005,미래나노텍,KOSDAQ,우량기업부,9200,2,-560,-5.74,9750,9860,8950,170779,1611731600,285291990800,31009999,KSQ
023410,KR7023410004,유진기업,KOSDAQ,중견기업부,3690,2,-85,-2.25,3775,3805,3645,181312,671615610,285277084470,77310863,KSQ
006805,KR7006801005,미래에셋증권우,KOSPI,,20200,2,-1150,-5.39,21800,22350,19920,232392,4847640165,284330150000,14075750,STK
003520,KR7003520004,영진약품,KOSPI,,1554,1,3,0.19,1551,1585,1520,460091,710796216,284215303974,182892731,STK
475560,KR7475560009,더본코리아,KOSPI,,19150,2,-90,-0.47,19280,19490,19020,21980,422841025,283955625500,14827970,STK
052710,KR7052710001,아모텍,KOSDAQ,중견기업부,19390,2,-1310,-6.33,20850,21250,19000,409667,8190957855,283386963510,14615109,KSQ
023760,KR7023760002,한국캐피탈,KOSDAQ,우량기업부,897,2,-34,-3.65,935,936,866,728539,657793002,283101789672,315609576,KSQ
051370,KR7051370005,인터플렉스,KOSDAQ,우량기업부,12100,2,-890,-6.85,12990,13380,11880,295163,3688764025,282262411200,23327472,KSQ
002320,KR7002320000,한진,KOSPI,,18170,2,-280,-1.52,18530,18660,18050,53255,975998485,281973252720,15518616,STK
051360,KR7051360006,토비스,KOSDAQ,우량기업부,18870,1,340,1.83,18600,19050,18000,81516,1506722525,281499697410,14917843,KSQ
334890,KR7334890001,이지스밸류플러스리츠,KOSPI,,4050,1,5,0.12,4105,4155,4020,178710,727519144,281267166150,69448683,STK
067390,KR7067390005,아스트,KOSDAQ,중견기업부,685,2,-13,-1.86,719,719,670,3138734,2165766948,280272941615,409157579,KSQ
004360,KR7004360004,세방,KOSPI,,14650,2,-160,-1.08,14810,15030,14420,125881,1851325050,280043583950,19115603,STK
000680,KR7000680009,LS네트웍스,KOSPI,,3550,2,-290,-7.55,3895,3980,3510,568230,2084709359,279750706800,78803016,STK
001460,KR7001460005,BYC,KOSPI,,44650,2,-2100,-4.49,46750,46750,43500,8443,384398450,278890597500,6246150,STK
092200,KR7092200005,디아이씨,KOSPI,,7170,2,-740,-9.36,7910,8380,7040,1673675,12810337845,278831039730,38888569,STK
003960,KR7003960002,사조대림,KOSPI,,30350,2,-300,-0.98,30450,30800,29950,7956,239946900,278141573450,9164467,STK
488280,KR7488280009,에스투더블유,KOSDAQ,기술성장기업부,25700,2,-3450,-11.84,28300,28350,24750,379145,10002487325,277649590200,10803486,KSQ
094480,KR7094480001,갤럭시아머니트리,KOSDAQ,우량기업부,7070,2,-420,-5.61,7720,7780,6950,579287,4215275390,277354954660,39229838,KSQ
272110,KR7272110008,케이엔제이,KOSDAQ,우량기업부,34550,2,-3250,-8.6,38100,38100,33700,186711,6661760025,277277397250,8025395,KSQ
088260,KR7088260005,이리츠코크렙,KOSPI,,4365,2,-35,-0.8,4410,4480,4305,152744,664133310,276486040350,63341590,STK
000050,KR7000050005,경방,KOSPI,,10060,1,340,3.5,9800,10450,9520,224625,2257461125,275797616200,27415270,STK
034120,KR7034120006,SBS,KOSPI,,14860,2,-150,-1.0,15000,15040,14860,57466,858197885,275671396680,18551238,STK
432720,KR7432720001,퀄리타스반도체,KOSDAQ,기술성장기업부,19430,2,-1920,-8.99,21600,21650,18990,953096,19136937235,275664523960,14187572,KSQ
294570,KR7294570007,쿠콘,KOSDAQ,우량기업부,27250,2,-450,-1.62,31150,31150,26900,153799,4455274750,274999697000,10091732,KSQ
035510,KR7035510007,신세계 I&C,KOSPI,,19660,1,60,0.31,19960,21600,19170,882760,18259458550,274864494000,13980900,STK
290690,KR7290690007,소룩스,KOSDAQ,중견기업부,5570,4,1280,29.84,5570,5570,5030,10424249,57313823290,274808449080,49337244,KSQ
019010,KR7019010008,베뉴지,KOSDAQ,중견기업부,5700,2,-270,-4.52,5950,6100,5550,216048,1264484380,274740000000,48200000,KSQ
136490,KR7136490000,선진,KOSPI,,11550,2,-50,-0.43,11910,12180,11260,422578,4934570130,274654426200,23779604,STK
003120,KR7003120003,일성아이에스,KOSPI,,20650,3,0,0.0,21450,21450,20150,4828,99031450,274645000000,13300000,STK
274090,KR7274090000,켄코아에어로스페이스,KOSDAQ,기술성장기업부,19990,2,-1010,-4.81,21600,22050,19500,399498,8311423100,274454264220,13729578,KSQ
101360,KR7101360006,에코앤드림,KOSDAQ,벤처기업부,15420,2,-1150,-6.94,16500,16980,15190,145469,2304384720,274261877880,17786114,KSQ
043370,KR7043370006,피에이치에이,KOSDAQ,우량기업부,13050,2,-310,-2.32,13500,13620,12810,86862,1144970280,274050000000,21000000,KSQ
005680,KR7005680004,삼영전자,KOSPI,,13700,2,-400,-2.84,14440,14440,13300,93956,1297161670,274000000000,20000000,STK
012210,KR7012210001,삼미금속,KOSDAQ,중견기업부,12340,2,-940,-7.08,13290,13360,12010,191121,2383706170,273849428080,22192012,KSQ
402490,KR7402490007,그린리소스,KOSDAQ,기술성장기업부,16400,2,-1750,-9.64,18150,18230,16080,774644,13128041810,273766249600,16693064,KSQ
115450,KR7115450009,HLB테라퓨틱스,KOSDAQ,중견기업부,3090,2,-95,-2.98,3185,3260,3035,528171,1633387823,273712536810,88580109,KSQ
357550,KR7357550003,석경에이티,KOSDAQ,기술성장기업부,50100,2,-3400,-6.36,53600,53600,49550,19380,984691750,273295500000,5455000,KSQ
003200,KR7003200003,일신방직,KOSPI,,11900,2,-350,-2.86,12250,12330,11650,40580,484938520,273224000000,22960000,STK
017890,KR7017890005,한국알콜,KOSDAQ,우량기업부,12840,2,-100,-0.77,13060,13200,12730,119196,1543690095,273151817040,21273506,KSQ
134380,KR7134380005,미원화학,KOSPI,,12400,2,-50,-0.4,12450,12450,12390,4302,53357210,272709232000,21992680,STK
0088M0,KR70088M0003,메쥬,KOSDAQ,기술성장기업부,27500,2,-2250,-7.56,29950,30300,27000,200685,5686296975,271748125000,9881750,KSQ
226320,KR7226320000,잇츠한불,KOSPI,,12370,1,130,1.06,12500,12710,12030,106019,1314998725,271265626550,21929315,STK
382900,KR7382900009,범한퓨얼셀,KOSDAQ,벤처기업부,30950,2,-650,-2.06,32300,33350,30000,109430,3471127550,271152950000,8761000,KSQ
004380,KR7004380002,삼익THK,KOSPI,,13090,1,240,1.87,12990,14280,12610,993717,13442802340,270963000000,20700000,STK
307180,KR7307180000,아이엘,KOSDAQ,벤처기업부,7800,2,-110,-1.39,8000,8510,7520,1400569,11218371435,270765089400,34713473,KSQ
251370,KR7251370003,와이엠티,KOSDAQ,벤처기업부,14760,2,-1050,-6.64,15790,15810,14570,316682,4799936040,269891869320,18285357,KSQ
241590,KR7241590009,화승엔터프라이즈,KOSPI,,4445,1,55,1.25,4390,4600,4330,146551,650849437,269319331820,60589276,STK
309710,KR7309710002,아이티켐,KOSDAQ,관리종목(소속부없음),21000,0,0,0.0,0,0,0,0,0,268443021000,12783001,KSQ
900290,HK0000307485,GRT,KOSDAQ,외국기업(소속부없음),3280,2,-105,-3.1,3405,3410,3230,412226,1357509346,268304000000,81800000,KSQ
067080,KR7067080002,대화제약,KOSDAQ,중견기업부,14400,2,-1560,-9.77,15550,15550,14160,222487,3301301385,268079760000,18616650,KSQ
267980,KR7267980001,매일유업,KOSDAQ,우량기업부,34900,2,-600,-1.69,35550,35800,34750,9440,331664150,267460966200,7663638,KSQ
001340,KR7001340009,PKC,KOSPI,,5950,2,-260,-4.19,6210,6220,5900,439695,2634679195,267264521650,44918407,STK
003070,KR7003070000,코오롱글로벌,KOSPI,,10500,2,-490,-4.46,10750,10990,10380,74569,790044780,266951569500,25423959,STK
484810,KR7484810007,티엑스알로보틱스,KOSDAQ,벤처기업부,17250,2,-240,-1.37,17520,18450,16820,200494,3580553195,266528283750,15450915,KSQ
439090,KR7439090002,마녀공장,KOSDAQ,우량기업부,16240,2,-1340,-7.62,17500,17500,15960,293731,4886361840,266226542400,16393260,KSQ
456010,KR7456010008,아이씨티케이,KOSDAQ,기술성장기업부,19100,2,-1250,-6.14,20400,21550,18670,662080,13169486990,265525411400,13901854,KSQ
182400,KR7182400002,엔케이젠바이오텍코리아,KOSDAQ,관리종목(소속부없음),3670,0,0,0.0,0,0,0,0,0,265496721770,72342431,KSQ
0007C0,KR70007C0003,아크릴,KOSDAQ,기술성장기업부,32950,2,-1800,-5.18,36550,38750,32500,544401,19755624750,264599175800,8030324,KSQ
001130,KR7001130004,대한제분,KOSPI,,156500,0,0,0.0,0,0,0,0,0,264485000000,1690000,STK
000320,KR7000320002,노루홀딩스,KOSPI,,19880,2,-520,-2.55,20600,21300,19700,25500,516006705,264228081880,13291151,STK
464080,KR7464080001,에스오에스랩,KOSDAQ,기술성장기업부,14690,2,-1230,-7.73,15990,16315,14400,585118,8951650625,263642091050,17947045,KSQ
005950,KR7005950001,이수화학,KOSPI,,10010,2,-250,-2.44,10270,11990,9700,5200930,56788437930,263204631690,26294169,STK
322310,KR7322310004,오로스테크놀로지,KOSDAQ,벤처기업부,27850,2,-2150,-7.17,30550,30550,27000,352339,10000782025,260858194700,9366542,KSQ
078070,KR7078070000,유비쿼스홀딩스,KOSDAQ,중견기업부,14800,2,-330,-2.18,15130,15190,14110,94050,1371063555,260550625600,17604772,KSQ
099440,KR7099440000,스맥,KOSDAQ,중견기업부,3815,2,-145,-3.66,3965,4140,3755,1295782,5144348073,260348548110,68243394,KSQ
005500,KR7005500004,삼진제약,KOSPI,,19510,2,-3740,-16.09,23750,23800,19330,1392317,28762059580,259873200000,13320000,STK
044450,KR7044450005,KSS해운,KOSPI,,11240,2,-280,-2.43,11350,11800,10920,247376,2837310780,259485291200,23085880,STK
024840,KR7024840001,KBI메탈,KOSDAQ,중견기업부,6920,2,-860,-11.05,7820,8000,6450,6606341,45990430685,258017576840,37285777,KSQ
045390,KR7045390002,대아티아이,KOSDAQ,우량기업부,3660,2,-435,-10.62,4065,4065,3605,2960647,11165356741,257932559820,70473377,KSQ
432320,KR7432320000,KB스타리츠,KOSPI,,1709,1,27,1.61,1695,1755,1600,889593,1510532133,257656163065,150764285,STK
000540,KR7000540005,흥국화재,KOSPI,,4005,2,-175,-4.19,4180,4325,3955,115374,474067000,257291793225,64242645,STK
054450,KR7054450002,텔레칩스,KOSDAQ,중견기업부,16970,2,-300,-1.74,17440,18200,16530,777414,13620669910,256997634010,15144233,KSQ
121800,KR7121800007,비덴트,KOSDAQ,관리종목(소속부없음),3320,0,0,0.0,0,0,0,0,0,256309348520,77201611,KSQ
018310,KR7018310003,삼목에스폼,KOSDAQ,우량기업부,17400,2,-260,-1.47,17560,17670,16900,40838,702418860,255780000000,14700000,KSQ
001780,KR7001780006,알루코,KOSPI,,2640,2,-260,-8.97,2905,2905,2615,3743513,10244265730,255631548480,96830132,STK
094820,KR7094820008,일진파워,KOSDAQ,우량기업부,16950,2,-1360,-7.43,18370,18700,16770,633474,11092037460,255584117550,15078709,KSQ
007160,KR7007160005,사조산업,KOSPI,,51100,3,0,0.0,51300,51700,50100,10438,532285100,255500000000,5000000,STK
053690,KR7053690004,한미글로벌,KOSPI,,23300,2,-1300,-5.28,25000,25100,22900,349306,8241470000,255310915000,10957550,STK
092070,KR7092070002,디엔에프,KOSDAQ,중견기업부,22050,2,-2500,-10.18,24650,25100,22000,169814,3899050975,255159468900,11571858,KSQ
005710,KR7005710009,대원산업,KOSDAQ,우량기업부,12730,2,-640,-4.79,13600,13600,12590,50080,651909700,255078648000,20037600,KSQ
018000,KR7018000000,유니슨,KOSDAQ,중견기업부,1025,2,-74,-6.73,1100,1111,1020,2720141,2843480056,254876495900,248659996,KSQ
008490,KR7008490005,서흥,KOSPI,,21950,1,2150,10.86,23000,24250,21600,254180,5734814025,253942030350,11569113,STK
481070,KR7481070001,에이유브랜즈,KOSDAQ,중견기업부,17790,1,490,2.83,17480,18200,17120,34855,614739980,253685400000,14260000,KSQ
950170,KR8392080006,JTC,KOSDAQ,외국기업(소속부없음),4900,1,25,0.51,4885,4970,4810,130211,635637655,253557105200,51746348,KSQ
126600,KR7126600006,BGF에코머티리얼즈,KOSDAQ,우량기업부,4035,1,155,3.99,3885,4455,3830,2937907,12117455651,253264437465,62766899,KSQ
377460,KR7377460001,큐에이드,KOSDAQ,관리종목(소속부없음),4080,0,0,0.0,0,0,0,0,0,253187202960,62055687,KSQ
013890,KR7013890009,지누스,KOSPI,,11460,1,90,0.79,11380,11650,11290,30917,353406190,251269816980,21925813,STK
0030R0,KR70030R0007,대신밸류리츠,KOSPI,,4200,2,-30,-0.71,4230,4300,4175,49534,208382943,251076000000,59780000,STK
255220,KR7255220006,SG,KOSDAQ,중견기업부,2290,2,-45,-1.93,2350,2365,2260,1556904,3593499878,250899961580,109563302,KSQ
098120,KR7098120009,마이크로컨텍솔,KOSDAQ,우량기업부,30150,2,-9550,-24.06,33000,33350,29450,1315224,41058859725,250629894900,8312766,KSQ
083310,KR7083310003,엘오티베큠,KOSDAQ,우량기업부,14050,2,-890,-5.96,15210,15220,13880,231544,3339551300,250230963650,17810033,KSQ
004560,KR7004560009,현대비앤지스틸,KOSPI,,16590,2,-410,-2.41,17100,18060,16120,311946,5344187175,250157474490,15078811,STK
001790,KR7001790005,대한제당,KOSPI,,2780,2,-45,-1.59,2810,2835,2735,574057,1595571202,249356492400,89696580,STK
061090,KR7061090007,세나테크놀로지,KOSDAQ,중견기업부,44550,2,-5050,-10.18,49500,49500,44050,151122,6946242725,248903077500,5587050,KSQ
361390,KR7361390008,제노코,KOSDAQ,벤처기업부,25450,2,-1350,-5.04,27000,27600,24950,152425,4022916875,247790896450,9736381,KSQ
122900,KR7122900004,아이마켓코리아,KOSPI,,7400,2,-90,-1.2,7500,7550,7380,73135,545225665,247373416000,33428840,STK
126700,KR7126700004,하이비젼시스템,KOSDAQ,우량기업부,16540,2,-920,-5.27,17510,17620,16370,202502,3401862040,247142532480,14942112,KSQ
084680,KR7084680008,이월드,KOSPI,,1742,1,19,1.1,1710,1798,1663,649742,1139939168,247026388206,141806193,STK
012200,KR7012200002,계양전기,KOSPI,,9010,2,-1310,-12.69,10320,10650,8860,4536923,43879114555,245277689290,27222829,STK
138610,KR7138610001,나이벡,KOSDAQ,기술성장기업부,21550,2,-1200,-5.27,23350,23650,20950,105267,2314319025,244975939150,11367793,KSQ
053300,KR7053300000,한국정보인증,KOSDAQ,우량기업부,5760,2,-130,-2.21,6010,6150,5660,357337,2093555315,244462239360,42441361,KSQ
206640,KR7206640005,바디텍메드,KOSDAQ,우량기업부,11130,2,-400,-3.47,11550,11560,11090,78627,882986040,243835160730,21907921,KSQ
030210,KR7030210009,다올투자증권,KOSPI,,4000,2,-245,-5.77,4250,4380,3935,454582,1872033573,243644424000,60911106,STK
199430,KR7199430000,케이엔알시스템,KOSDAQ,기술성장기업부,21800,2,-1250,-5.42,23600,24450,21200,104558,2405880825,242940137400,11144043,KSQ
036030,KR7036030005,케이티알파,KOSDAQ,우량기업부,4955,2,-95,-1.88,5060,5060,4930,65966,328870975,242890547265,49019283,KSQ
033920,KR7033920000,무학,KOSPI,,8520,2,-130,-1.5,8610,8790,8480,194287,1676766485,242820000000,28500000,STK
377190,KR7377190004,디앤디플랫폼리츠,KOSPI,,2745,2,-65,-2.31,2810,2845,2715,266119,735064040,242658000000,88400000,STK
226590,KR7226590008,엠디바이스,KOSDAQ,기술성장기업부,22600,2,-5650,-20.0,25500,25850,21700,813770,19367787600,242199318400,10716784,KSQ
372170,KR7372170001,윤성에프앤씨,KOSDAQ,우량기업부,30300,2,-2150,-6.63,32350,32850,30000,27298,853879875,241765154400,7979048,KSQ
004980,KR7004980009,성신양회,KOSPI,,9860,2,-400,-3.9,10270,10360,9810,212242,2116122900,241728479780,24516073,STK
108380,KR7108380007,대양전기공업,KOSDAQ,우량기업부,25250,2,-1650,-6.13,27150,27150,25050,48809,1258482050,241575158250,9567333,KSQ
004310,KR7004310009,현대약품,KOSPI,,7540,2,-330,-4.19,7870,7900,7400,384344,2917865285,241280000000,32000000,STK
001080,KR7001080001,만호제강,KOSPI,,5800,1,280,5.07,5520,5950,5360,118678,671094020,240700000000,41500000,STK
304100,KR7304100001,솔트룩스,KOSDAQ,기술성장기업부,19050,2,-1400,-6.85,20650,20900,18600,160153,3136072515,239912937750,12593855,KSQ
314130,KR7314130006,지놈앤컴퍼니,KOSDAQ,기술성장기업부,6630,2,-560,-7.79,7200,7210,6480,419614,2827807480,239733699270,36158929,KSQ
011560,KR7011560000,세보엠이씨,KOSDAQ,우량기업부,23150,1,1550,7.18,22000,23600,21900,155296,3545506900,239602500000,10350000,KSQ
176750,KR7176750008,듀켐바이오,KOSDAQ,기술성장기업부,8400,2,-510,-5.72,8840,8940,8320,77026,654992990,239305248000,28488720,KSQ
404990,KR7404990004,신한서부티엔디리츠,KOSPI,,3900,2,-15,-0.38,3940,3970,3860,195010,762237035,238807077600,61232584,STK
461300,KR7461300006,아이스크림미디어,KOSDAQ,벤처기업부,17910,1,690,4.01,17220,18270,17220,91812,1633717720,238631640030,13323933,KSQ
034810,KR7034810002,해성산업,KOSDAQ,중견기업부,7320,2,-80,-1.08,7410,7660,7230,71515,530676430,238316193240,32556857,KSQ
001630,KR7001630003,종근당홀딩스,KOSPI,,47500,1,800,1.71,46900,48400,46500,10084,478552050,237968397500,5009861,STK
003555,KR7003551009,LG우,KOSPI,,79000,1,3000,3.95,93400,98700,77900,225392,20024739600,237884721000,3011199,STK
214180,KR7214180002,헥토이노베이션,KOSDAQ,우량기업부,18300,2,-980,-5.08,19710,19940,18000,155535,2924055180,237778616100,12993367,KSQ
011690,KR7011690005,와이투솔루션,KOSPI,,6470,2,-790,-10.88,7400,7400,6390,1464533,9864101155,237477429180,36704394,STK
064550,KR7064550007,바이오니아,KOSDAQ,중견기업부,9170,2,-300,-3.17,9590,9590,9090,135687,1257350950,236680368470,25810291,KSQ
009470,KR7009470006,삼화전기,KOSPI,,35700,2,-3250,-8.34,39000,39600,35050,266512,9859976100,236113374000,6613820,STK
388050,KR7388050007,지투파워,KOSDAQ,우량기업부,12600,2,-900,-6.67,13700,13810,12400,837014,10837156120,235738906200,18709437,KSQ
012610,KR7012610002,경인양행,KOSPI,,5660,1,220,4.04,5600,6430,5520,3636863,21466651265,235548625900,41616365,STK
244920,KR7244920005,에이플러스에셋,KOSPI,,10410,2,-80,-0.76,10640,10930,10150,35888,373504810,235346084130,22607693,STK
068930,KR7068930007,디지털대성,KOSDAQ,우량기업부,8470,2,-70,-0.82,8550,8580,8180,65529,548796770,234410146740,27675342,KSQ
013120,KR7013120001,동원개발,KOSDAQ,우량기업부,2580,2,-60,-2.27,2665,2665,2575,87717,227366284,234284898000,90808100,KSQ
125020,KR7125020008,티씨머티리얼즈,KOSDAQ,중견기업부,6680,1,120,1.83,7340,7660,6500,4289394,30561001160,234057514000,35038550,KSQ
008350,KR7008350001,남선알미늄,KOSPI,,1812,2,-223,-10.96,2030,2030,1790,10395039,19602547379,233891311080,129079090,STK
086820,KR7086820008,바이오솔루션,KOSDAQ,기술성장기업부,9020,2,-430,-4.55,9410,9410,8850,260063,2356805905,233835246700,25924085,KSQ
348950,KR7348950007,제이알글로벌리츠,KOSPI,,1182,0,0,0.0,0,0,0,0,0,233298432000,197376000,STK
003350,KR7003350006,한국화장품제조,KOSPI,,10290,1,250,2.49,9830,10950,9590,1212943,12666249850,233171400000,22660000,STK
209640,KR7209640002,와이제이링크,KOSDAQ,중견기업부,8180,2,-460,-5.32,8640,8640,7910,853857,7010262210,232664934280,28443146,KSQ
036710,KR7036710002,심텍홀딩스,KOSDAQ,중견기업부,4400,2,-460,-9.47,4860,4875,4270,812418,3665085365,232442117600,52827754,KSQ
035150,KR7035150002,백산,KOSPI,,11600,2,-50,-0.43,11800,11850,11520,42917,498751930,232334555600,20028841,STK
211270,KR7211270004,AP위성,KOSDAQ,우량기업부,15400,2,-800,-4.94,16290,16570,15050,274263,4364702075,232267481600,15082304,KSQ
210980,KR7210980009,SK디앤디,KOSPI,,12470,3,0,0.0,12550,12550,12360,40219,500230265,232158753540,18617382,STK
405100,KR7405100009,큐알티,KOSDAQ,중견기업부,18870,2,-1630,-7.95,20600,20700,18480,139694,2722411995,231899109870,12289301,KSQ
009680,KR7009680000,모토닉,KOSPI,,10590,1,30,0.28,10550,10840,10510,44329,470451110,230153465460,21733094,STK
484120,KR7484120001,도우인시스,KOSDAQ,중견기업부,20950,2,-1050,-4.77,21900,22100,20350,30195,638516025,229557990900,10957422,KSQ
256840,KR7256840000,한국비엔씨,KOSDAQ,우량기업부,3355,2,-170,-4.82,3530,3550,3310,825899,2817594326,229464842530,68394886,KSQ
051905,KR7051901007,LG생활건강우,KOSPI,,109300,2,-5800,-5.04,115100,115200,108700,9700,1082184150,229121108700,2096259,STK
010580,KR7010580009,에스엠벡셀,KOSPI,,2055,2,-40,-1.91,2095,2120,2020,202499,418057475,228622366800,111251760,STK
000480,KR7000480004,CR홀딩스,KOSPI,,4875,1,25,0.52,4860,4965,4815,71189,346808215,228591138750,46890490,STK
298690,KR7298690009,에어부산,KOSPI,,1959,2,-27,-1.36,2000,2020,1893,309424,609791338,228497760000,116640000,STK
474170,KR7474170008,루미르,KOSDAQ,기술성장기업부,12790,2,-430,-3.25,13250,13690,12410,272550,3532335065,227888331840,17817696,KSQ
353810,KR7353810005,이지바이오,KOSDAQ,우량기업부,6880,2,-390,-5.36,7270,7270,6740,428825,2957474365,227603609600,33081920,KSQ
102120,KR7102120003,어보브반도체,KOSDAQ,벤처기업부,12790,2,-480,-3.62,13290,14130,12500,930458,12440575350,227415830870,17780753,KSQ
308080,KR7308080001,바이젠셀,KOSDAQ,기술성장기업부,11090,2,-910,-7.58,11700,11890,11080,552272,6312407985,227336793400,20499260,KSQ
025000,KR7025000001,KPX케미칼,KOSPI,,51900,2,-100,-0.19,52500,52800,51000,5604,289457400,227254997100,4378709,STK
024060,KR7024060006,흥구석유,KOSDAQ,중견기업부,15130,1,530,3.63,14500,15770,14330,4161418,62660792920,226950000000,15000000,KSQ
010955,KR7010951002,S-Oil우,KOSPI,,56400,2,-900,-1.57,57000,58500,55700,20158,1150157550,226836682800,4021927,STK
117580,KR7117580001,대성에너지,KOSPI,,8150,2,-140,-1.69,8280,8280,8090,230809,1884743075,224125000000,27500000,STK
457550,KR7457550002,우진엔텍,KOSDAQ,중견기업부,24050,2,-1100,-4.37,25400,25400,23350,159967,3876751325,224120939900,9318958,KSQ
402030,KR7402030001,코난테크놀로지,KOSDAQ,기술성장기업부,17900,2,-950,-5.04,18850,18860,17600,41670,756499040,224063035200,12517488,KSQ
194480,KR7194480000,데브시스터즈,KOSDAQ,벤처기업부,18300,2,-770,-4.04,19070,19120,18110,66930,1230952640,221963445000,12129150,KSQ
003220,KR7003220001,대원제약,KOSPI,,9840,2,-60,-0.61,9960,10040,9730,34247,338856485,220687416720,22427583,STK
013580,KR7013580006,계룡건설,KOSPI,,24700,2,-750,-2.95,25500,25800,24400,100167,2510010075,220593402900,8930907,STK
270660,KR7270660004,에브리봇,KOSDAQ,벤처기업부,17380,2,-250,-1.42,17690,18620,17120,105408,1897575465,220562332540,12690583,KSQ
487570,KR7487570004,HS효성,KOSPI,,59000,2,-1300,-2.16,60600,61700,58000,19808,1170507100,219829693000,3725927,STK
950140,KR8840110108,잉글우드랩,KOSDAQ,외국기업(소속부없음),11040,2,-410,-3.58,11590,11590,10970,66422,740743385,219341240640,19867866,KSQ
237880,KR7237880000,클리오,KOSDAQ,우량기업부,12120,2,-250,-2.02,12370,12650,12010,56010,688813975,219024798360,18071353,KSQ
042600,KR7042600007,새로닉스,KOSDAQ,중견기업부,17570,2,-2180,-11.04,19750,19980,17320,56662,1049091815,218282195180,12423574,KSQ
065710,KR7065710006,서호전기,KOSDAQ,우량기업부,42350,2,-1200,-2.76,43550,44000,42300,33284,1433582825,218102500000,5150000,KSQ
119610,KR7119610004,인터로조,KOSDAQ,우량기업부,19100,3,0,0.0,19190,19800,18730,77463,1486252395,218002567700,11413747,KSQ
005430,KR7005430004,한국공항,KOSPI,,68800,2,-3600,-4.97,72000,72000,68000,36358,2527326500,217845224000,3166355,STK
028100,KR7028100006,동아지질,KOSPI,,16250,2,-210,-1.28,16480,16830,15950,62757,1034530620,217579407500,13389502,STK
293580,KR7293580007,나우IB,KOSDAQ,중견기업부,2290,2,-120,-4.98,2435,2475,2255,1056918,2489106820,217389585500,94929950,KSQ
264850,KR7264850009,이랜시스,KOSDAQ,중견기업부,7170,2,-610,-7.84,7840,8180,7040,2396023,18466371210,217212368040,30294612,KSQ
095700,KR7095700001,제넥신,KOSDAQ,기술성장기업부,4760,2,-250,-4.99,5070,5070,4700,460464,2213511350,216772751440,45540494,KSQ
102260,KR7102260007,동성케미컬,KOSPI,,4275,1,60,1.42,4270,4405,4200,383465,1648766485,216612501525,50669591,STK
462860,KR7462860008,더즌,KOSDAQ,벤처기업부,3010,2,-280,-8.51,3375,3430,3000,618705,1946555259,216405533260,71895526,KSQ
058820,KR7058820002,CMG제약,KOSDAQ,중견기업부,1460,2,-49,-3.25,1516,1530,1438,1254121,1848115252,215849587180,147842183,KSQ
053210,KR7053210001,스카이라이프,KOSPI,,4540,2,-40,-0.87,4580,4670,4530,74446,341805155,215754215700,47522955,STK
052330,KR7052330008,코텍,KOSDAQ,우량기업부,12100,2,-250,-2.02,12370,12450,11860,66010,795557860,214915226900,17761589,KSQ
033530,KR7033530007,SJG세종,KOSPI,,7720,2,-100,-1.28,8040,8530,7600,512787,4167381700,214777818920,27820961,STK
003650,KR7003650009,미창석유,KOSPI,,123400,1,2000,1.65,122500,125700,120700,4438,545323850,214675524800,1739672,STK
452450,KR7452450000,피아이이,KOSDAQ,벤처기업부,5950,2,-400,-6.3,6350,6440,5850,476151,2908891885,214369575000,36028500,KSQ
216080,KR7216080002,제테마,KOSDAQ,벤처기업부,5740,2,-170,-2.88,5860,5920,5660,219501,1270538600,214027948260,37287099,KSQ
264660,KR7264660002,씨앤지하이테크,KOSDAQ,우량기업부,22000,2,-1550,-6.58,24250,24350,20400,182001,4110049675,213865784000,9721172,KSQ
221800,KR7221800006,지구홀딩스,KOSDAQ,기술성장기업부,13150,2,-730,-5.26,13950,14160,12990,187421,2505894625,213457033100,16232474,KSQ
016580,KR7016580003,환인제약,KOSPI,,11470,1,20,0.17,11510,11740,11330,60761,696676075,213342802900,18600070,STK
039840,KR7039840004,디오,KOSDAQ,중견기업부,15900,2,-330,-2.03,16230,16400,15750,46700,746459650,213311665200,13415828,KSQ
000390,KR7000390005,SP삼화,KOSPI,,7800,2,-400,-4.88,8100,8300,7630,394289,3113210570,212187058200,27203469,STK
036560,KR7036560001,KZ정밀,KOSDAQ,우량기업부,13420,2,-150,-1.11,13600,13710,13410,10834,146480710,211365000000,15750000,KSQ
339770,KR7339770000,교촌에프앤비,KOSPI,,4225,1,80,1.93,4150,4340,4140,172277,728230962,211102463000,49965080,STK
095570,KR7095570008,AJ네트웍스,KOSPI,,4655,2,-10,-0.21,4665,4745,4550,350064,1617665775,210651593145,45252759,STK
264450,KR7264450008,유비쿼스,KOSDAQ,우량기업부,14360,2,-260,-1.78,14620,15100,14090,187924,2742659245,210596479480,14665493,KSQ
260870,KR7260870001,SK시그넷,KONEX,일반기업부,9670,1,70,0.73,9600,9830,9450,10142,98107290,209594803490,21674747,KNX
102460,KR7102460003,이연제약,KOSPI,,11270,2,-130,-1.14,11400,11670,11170,84514,959167495,209473359970,18586811,STK
125210,KR7125210005,아모그린텍,KOSDAQ,우량기업부,12690,2,-380,-2.91,13270,13380,12330,307897,3955536820,209344265100,16496790,KSQ
002150,KR7002150001,도화엔지니어링,KOSPI,,6200,2,-100,-1.59,6270,6360,6110,129152,801487555,209064000000,33720000,STK
371950,KR7371950007,풍원정밀,KOSDAQ,기술성장기업부,9220,2,-540,-5.53,9760,10000,9200,103576,982024985,208948692560,22662548,KSQ
0011A0,KR70011A0009,액스비스,KOSDAQ,벤처기업부,22350,2,-500,-2.19,23500,24050,21800,181229,4191964325,208609089000,9333740,KSQ
285490,KR7285490009,노바텍,KOSDAQ,벤처기업부,19720,2,-980,-4.73,20750,20800,19470,134803,2699442850,208555387320,10575831,KSQ
007860,KR7007860000,서연,KOSPI,,8870,2,-330,-3.59,9200,9330,8800,151644,1370978585,208266216280,23479844,STK
039570,KR7039570007,HDC랩스,KOSPI,,7990,1,20,0.25,7970,8080,7890,28874,230086955,207401231990,25957601,STK
140670,KR7140670001,알에스오토메이션,KOSDAQ,중견기업부,16150,2,-800,-4.72,17200,18260,15770,846176,14589402385,207363416000,12839840,KSQ
083930,KR7083930008,아바코,KOSDAQ,우량기업부,14110,2,-1130,-7.41,15270,15270,13910,275019,3995040470,207095983390,14677249,KSQ
121440,KR7121440002,골프존홀딩스,KOSDAQ,우량기업부,4830,2,-70,-1.43,4895,4915,4730,102049,493007854,206901830940,42836818,KSQ
039860,KR7039860002,나노엔텍,KOSDAQ,중견기업부,5430,2,-160,-2.86,5620,5750,5340,470207,2607519385,206845277790,38093053,KSQ
403850,KR7403850001,더핑크퐁컴퍼니,KOSDAQ,중견기업부,14410,2,-710,-4.7,15300,15320,14300,46731,689216465,206798054100,14351010,KSQ
323350,KR7323350009,다원넥스뷰,KOSDAQ,기술성장기업부,25800,1,2150,9.09,23650,28100,22000,504019,12327899950,206677917600,8010772,KSQ
380540,KR7380540005,옵티코어,KOSDAQ,관리종목(소속부없음),4225,0,0,0.0,0,0,0,0,0,206658130575,48913167,KSQ
118990,KR7118990001,모트렉스,KOSDAQ,우량기업부,8420,2,-630,-6.96,9050,9100,8330,319144,2774794980,206604663820,24537371,KSQ
396270,KR7396270001,넥스트칩,KOSDAQ,벤처기업부,6270,2,-890,-12.43,7160,7360,5900,1297547,8696971020,206204192370,32887431,KSQ
489500,KR7489500009,엘케이켐,KOSDAQ,벤처기업부,32250,2,-850,-2.57,37450,38250,31400,195519,6847295950,206117425500,6391238,KSQ
232680,KR7232680009,라온로보틱스,KOSDAQ,기술성장기업부,15710,2,-590,-3.62,16310,17530,15250,496819,8196853780,206051558790,13115949,KSQ
163730,KR7163730005,핑거,KOSDAQ,벤처기업부,21900,2,-1800,-7.59,24900,25650,21650,391178,8918932275,206003839200,9406568,KSQ
079960,KR7079960001,동양이엔피,KOSDAQ,우량기업부,26200,2,-7450,-22.14,30900,30900,25800,461469,12674516025,205932000000,7860000,KSQ
003547,KR7003542008,대신증권2우B,KOSPI,,21000,2,-300,-1.41,21700,21750,20800,38829,820020625,205869993000,9803333,STK
146320,KR7146320007,비씨엔씨,KOSDAQ,벤처기업부,16080,2,-1610,-9.1,17690,17690,15650,84456,1394995350,205790601840,12797923,KSQ
101170,KR7101170009,우림피티에스,KOSDAQ,벤처기업부,15240,2,-990,-6.1,16380,17280,14800,725939,11742088590,205740000000,13500000,KSQ
000140,KR7000140004,하이트진로홀딩스,KOSPI,,8860,2,-160,-1.77,9030,9130,8830,31818,283344985,205611937900,23206765,STK
122990,KR7122990005,와이솔,KOSDAQ,중견기업부,7680,1,300,4.07,7480,8090,7480,451715,3536031120,204588142080,26639081,KSQ
380550,KR7380550004,뉴로핏,KOSDAQ,기술성장기업부,16900,2,-1790,-9.58,18690,19110,16800,377542,6647851730,204352011500,12091835,KSQ
03473K,KR703473K016,SK우,KOSPI,,360000,2,-21500,-5.64,381500,390000,351500,7465,2742380750,203808600000,566135,STK
025820,KR7025820002,이구산업,KOSPI,,6080,2,-460,-7.03,6500,6640,5850,4152935,25741336615,203327360000,33442000,STK
104480,KR7104480009,티케이케미칼,KOSDAQ,중견기업부,2235,2,-5,-0.22,2255,2310,2185,852606,1912188004,203151294990,90895434,KSQ
147830,KR7147830004,제룡산업,KOSDAQ,벤처기업부,10150,2,-940,-8.48,11090,11190,9920,1054473,10928582280,203000000000,20000000,KSQ
271980,KR7271980005,제일약품,KOSPI,,13800,2,-380,-2.68,14190,14340,13680,75742,1065973230,202927233600,14704872,STK
016880,KR7016880007,웅진,KOSPI,,2525,1,30,1.2,2500,2690,2375,864900,2210020273,201815877000,79927080,STK
123860,KR7123860009,아나패스,KOSDAQ,우량기업부,16640,2,-340,-2.0,16990,17090,16220,68896,1146238235,201733625600,12123415,KSQ
041020,KR7041020009,폴라리스오피스,KOSDAQ,벤처기업부,4020,2,-265,-6.18,4295,4300,3950,663579,2734404559,199728847860,49683793,KSQ
000860,KR7000860007,강남제비스코,KOSPI,,15350,3,0,0.0,15470,15550,14330,17238,259961920,199550000000,13000000,STK
445180,KR7445180003,퓨릿,KOSDAQ,우량기업부,11560,2,-750,-6.09,12300,12485,11080,317183,3735170260,198707013280,17189188,KSQ
001045,KR7001041003,CJ우,KOSPI,,87900,1,400,0.46,87500,90900,84900,7556,671579250,198673601700,2260223,STK
159010,KR7159010008,아스플로,KOSDAQ,벤처기업부,14860,2,-310,-2.04,15300,16690,14400,275036,4350097170,198154221540,13334739,KSQ
187870,KR7187870001,디바이스,KOSDAQ,우량기업부,28100,1,1250,4.66,26800,29700,25000,838323,23547305800,197728712900,7036609,KSQ
417010,KR7417010006,나노팀,KOSDAQ,벤처기업부,9800,2,-840,-7.89,10640,10800,9620,278965,2829937715,197692734400,20172728,KSQ
031440,KR7031440001,신세계푸드,KOSPI,,51000,2,-5700,-10.05,56400,56400,50300,21367,1118076150,197496480000,3872480,STK
044820,KR7044820009,코스맥스비티아이,KOSPI,,20550,2,-750,-3.52,22800,23900,20200,91600,1967069150,197360576550,9603921,STK
101530,KR7101530004,해태제과식품,KOSPI,,6740,1,40,0.6,6620,6880,6590,206831,1391896710,196247380280,29116822,STK
036190,KR7036190007,금화피에스시,KOSDAQ,우량기업부,32700,2,-2300,-6.57,35000,35100,32400,38593,1288459575,196200000000,6000000,KSQ
299030,KR7299030007,하나기술,KOSDAQ,벤처기업부,24500,2,-1100,-4.3,26350,26350,24500,50278,1261918700,195875295000,7994910,KSQ
073010,KR7073010001,케이에스피,KOSDAQ,우량기업부,4860,2,-270,-5.26,5130,5180,4750,592591,2897774620,195329475000,40191250,KSQ
357880,KR7357880004,SKAI,KOSDAQ,기술성장기업부,3760,2,-265,-6.58,4090,4095,3665,2157071,8228642135,195024616240,51868249,KSQ
293780,KR7293780003,압타바이오,KOSDAQ,기술성장기업부,6930,2,-110,-1.56,7040,7340,6800,131394,915888255,194687296650,28093405,KSQ
059120,KR7059120006,아진엑스텍,KOSDAQ,벤처기업부,10630,1,310,3.0,10500,11120,10050,1240706,13070372530,194636001580,18310066,KSQ
032620,KR7032620007,GC메디아이,KOSDAQ,우량기업부,3725,2,-85,-2.23,3830,3830,3710,132217,496317905,194434342775,52197139,KSQ
260970,KR7260970009,에스앤디,KOSDAQ,우량기업부,67000,1,9200,15.92,58700,68000,56600,273416,17459249700,193814518000,2892754,KSQ
289930,KR7289930000,웨이비스,KOSDAQ,기술성장기업부,14730,2,-1370,-8.51,16440,16440,14210,469616,7094872675,193684917300,13149010,KSQ
003610,KR7003610003,방림,KOSPI,,5350,3,0,0.0,5300,5440,5270,163437,876356790,193681545300,36202158,STK
100250,KR7100250000,진양홀딩스,KOSPI,,3030,3,0,0.0,3015,3315,2995,666304,2075761490,193617000000,63900000,STK
458650,KR7458650009,성우,KOSDAQ,벤처기업부,12820,2,-380,-2.88,13210,13940,12670,127937,1708140025,192885489400,15045670,KSQ
377450,KR7377450002,리파인,KOSDAQ,우량기업부,11130,2,-120,-1.07,11050,11450,10920,34675,384402515,192882900000,17330000,KSQ
289080,KR7289080004,SV인베스트먼트,KOSDAQ,중견기업부,3540,2,-235,-6.23,3775,3855,3450,1131060,4064511550,192279779880,54316322,KSQ
234690,KR7234690006,녹십자웰빙,KOSDAQ,우량기업부,10690,2,-540,-4.81,11230,11350,10550,222843,2433563125,192027570100,17963290,KSQ
259630,KR7259630002,엠플러스,KOSDAQ,우량기업부,15800,1,460,3.0,15300,16500,14780,581646,9141614000,191334587200,12109784,KSQ
080160,KR7080160005,모두투어,KOSDAQ,우량기업부,10100,2,-240,-2.32,10340,10510,10100,125546,1287407610,190890000000,18900000,KSQ
037030,KR7037030004,파워넷,KOSDAQ,우량기업부,7480,2,-530,-6.62,7850,8140,7270,2071386,15689631420,190837180160,25512992,KSQ
084670,KR7084670009,동양고속,KOSPI,,65800,1,9600,17.08,66100,73000,52500,4251994,281005818950,190528440200,2895569,STK
234080,KR7234080000,JW생명과학,KOSPI,,12030,2,-370,-2.98,12400,12450,12000,89196,1079761355,190489684620,15834554,STK
039560,KR7039560008,다산네트웍스,KOSDAQ,중견기업부,4470,2,-165,-3.56,4635,4800,4355,721367,3276041101,190353908490,42584767,KSQ
040160,KR7040160004,누리플렉스,KOSDAQ,중견기업부,15770,2,-1960,-11.05,17840,18180,15400,105110,1739751960,190115786950,12055535,KSQ
060150,KR7060150000,인선이엔티,KOSDAQ,중견기업부,4080,2,-55,-1.33,4155,4175,4050,150304,617060921,189979536960,46563612,KSQ
006060,KR7006060008,화승인더,KOSPI,,3420,1,155,4.75,3290,3500,3145,898234,3038026555,189194400000,55320000,STK
007570,KR7007570005,일양약품,KOSPI,,9880,2,-20,-0.2,9900,10210,9820,95355,953597185,188566360320,19085664,STK
101970,KR7101970002,우양에이치씨,KOSDAQ,중견기업부,12730,2,-410,-3.12,13030,13210,12500,16086,207417780,188276814570,14790009,KSQ
473980,KR7473980001,노머스,KOSDAQ,기술성장기업부,17010,2,-190,-1.1,17220,17570,16230,70981,1206855555,188119067220,11059322,KSQ
002100,KR7002100006,경농,KOSPI,,9630,2,-160,-1.63,9790,9860,9610,109226,1057531390,188002397250,19522575,STK
071200,KR7071200000,인피니트헬스케어,KOSDAQ,중견기업부,7700,1,980,14.58,7060,8300,7060,787954,6160749795,187852726600,24396458,KSQ
016790,KR7016790008,현대사료,KOSDAQ,관리종목(소속부없음),994,0,0,0.0,0,0,0,0,0,187340898626,188471729,KSQ
143160,KR7143160000,아이디스,KOSDAQ,우량기업부,17450,1,260,1.51,17200,17660,17070,21669,374852760,187001005500,10716390,KSQ
018470,KR7018470005,조일알미늄,KOSPI,,1463,2,-85,-5.49,1552,1552,1455,3333626,4976540856,185262207823,126631721,STK
003460,KR7003460003,유화증권,KOSPI,,3265,2,-130,-3.83,3415,3505,3255,149248,500871173,185133384975,56702415,STK
166480,KR7166480004,코아스템켐온,KOSDAQ,벤처기업부,3500,2,-245,-6.54,3750,3805,3380,1063357,3784749292,185046316000,52870376,KSQ
0004V0,KR70004V0003,엔비알모션,KOSDAQ,기술성장기업부,17750,2,-180,-1.0,18360,19300,17150,746297,13709977535,184679307000,10404468,KSQ
066620,KR7066620006,국보디자인,KOSDAQ,우량기업부,24600,1,150,0.61,24650,25150,24250,11444,281364975,184500000000,7500000,KSQ
051980,KR7051980001,중앙첨단소재,KOSDAQ,중견기업부,1658,2,-137,-7.63,1794,1827,1648,1773071,3101138607,184190053522,111091709,KSQ
179290,KR7179290002,엠아이텍,KOSDAQ,우량기업부,5660,2,-310,-5.19,5970,5970,5660,324429,1867453115,183189737480,32365678,KSQ
004090,KR7004090007,한국석유,KOSPI,,14420,1,50,0.35,14380,14800,14100,509903,7368273415,183049210400,12694120,STK
123410,KR7123410003,코리아에프티,KOSDAQ,우량기업부,6570,2,-290,-4.23,6810,6940,6410,194875,1300641670,182915790480,27841064,KSQ
203400,KR7203400007,에이비온,KOSDAQ,기술성장기업부,2030,2,-115,-5.36,2145,2215,2005,833022,1722720420,182905647120,90101304,KSQ
005960,KR7005960000,동부건설,KOSPI,,7960,2,-350,-4.21,8350,8370,7870,87398,702910605,182655437480,22946663,STK
446540,KR7446540007,메가터치,KOSDAQ,중견기업부,7030,2,-480,-6.39,7510,7740,6820,433286,3174680370,182525155470,25963749,KSQ
015230,KR7015230006,대창단조,KOSPI,,6710,2,-250,-3.59,7010,7050,6650,88568,605743700,182133690200,27143620,STK
187790,KR7187790001,나노,KOSDAQ,벤처기업부,5900,1,40,0.68,5790,6120,5500,964141,5675248105,181960897000,30840830,KSQ
115310,KR7115310005,인포바인,KOSDAQ,벤처기업부,11370,2,-440,-3.73,11690,11690,11140,19496,220556100,181515398550,15964415,KSQ
267320,KR7267320000,나인테크,KOSDAQ,벤처기업부,3160,2,-200,-5.95,3350,3380,3115,1233565,4000316739,181432332200,57415295,KSQ
000520,KR7000520007,삼일제약,KOSPI,,8350,2,-260,-3.02,8610,8660,8200,334568,2820321675,181126621850,21691811,STK
047310,KR7047310008,파워로직스,KOSDAQ,우량기업부,4945,2,-365,-6.87,5370,5430,4850,509525,2622254715,181040183475,36610755,KSQ
460850,KR7460850001,동국씨엠,KOSPI,,6050,2,-140,-2.26,6200,6280,6020,216818,1326077380,180886868800,29898656,STK
357580,KR7357580000,아모센스,KOSDAQ,기술성장기업부,15400,2,-1500,-8.88,16900,16900,15160,379878,5970337360,180450531800,11717567,KSQ
017510,KR7017510009,세명전기,KOSDAQ,벤처기업부,11830,2,-1560,-11.65,13270,13320,11600,1154786,14129465415,180360180000,15246000,KSQ
081000,KR7081000002,일진다이아,KOSPI,,12670,2,-610,-4.59,13380,13410,12570,55714,717113035,179951693250,14202975,STK
007610,KR7007610009,선도전기,KOSPI,,9990,2,-1740,-14.83,11520,11520,9730,3124515,32855063650,179820000000,18000000,STK
119830,KR7119830008,아이텍,KOSDAQ,중견기업부,6820,2,-350,-4.88,7100,7150,6630,278462,1918453365,179700336860,26349023,KSQ
220260,KR7220260004,켐트로스,KOSDAQ,벤처기업부,5570,2,-480,-7.93,6070,6200,5440,582805,3391827720,178641346350,32072055,KSQ
002170,KR7002170009,SYTS,KOSPI,,59500,2,-400,-0.67,59500,60200,58500,1917,113332000,178500000000,3000000,STK
007330,KR7007330004,푸른저축은행,KOSDAQ,투자주의환기종목(소속부없음),11800,2,-140,-1.17,11990,12820,11690,56826,685957540,177977040000,15082800,KSQ
097955,KR7097951008,CJ제일제당 우,KOSPI,,134000,2,-1900,-1.4,135700,136200,130300,7953,1069240200,177876022000,1327433,STK
123330,KR7123330003,제닉,KOSDAQ,우량기업부,22300,2,-2150,-8.79,22950,24250,21550,371104,8391784750,177701564000,7968680,KSQ
039830,KR7039830005,오로라,KOSDAQ,우량기업부,16480,2,-620,-3.63,17110,17200,16050,175632,2902457390,177372427200,10762890,KSQ
003480,KR7003480001,한진중공업홀딩스,KOSPI,,6000,1,380,6.76,5670,6280,5580,366398,2182695990,177178872000,29529812,STK
017550,KR7017550005,수산세보틱스,KOSPI,,2835,2,-115,-3.9,3055,3065,2775,2408718,6978786881,176901533550,62399130,STK
192440,KR7192440006,슈피겐코리아,KOSDAQ,우량기업부,28450,2,-400,-1.39,29000,29000,28100,13373,381263975,176855527350,6216363,KSQ
024800,KR7024800005,유성티엔에스,KOSDAQ,우량기업부,4770,2,-95,-1.95,4830,4895,4740,77093,370504300,176737143240,37051812,KSQ
462520,KR7462520008,조선내화,KOSPI,,14870,1,200,1.36,14670,14960,14530,25934,384086705,176286348160,11855168,STK
011785,KR7011781002,금호석유화학우,KOSPI,,58300,2,-1600,-2.67,59900,60500,58100,8398,497662600,176269233800,3023486,STK
140610,KR7140610007,엔솔바이오사이언스,KONEX,일반기업부,13010,1,10,0.08,13000,13140,12520,28649,369690940,176233720200,13546020,KNX
307750,KR7307750000,국전,KOSDAQ,중견기업부,3260,2,-180,-5.23,3520,3520,3210,349218,1154044912,175995298880,53986288,KSQ
046440,KR7046440004,KG파이낸셜,KOSDAQ,우량기업부,4625,2,-50,-1.07,4690,4725,4545,155232,714834252,175799959250,38010802,KSQ
016450,KR7016450009,한세예스24홀딩스,KOSPI,,4380,1,20,0.46,4360,4500,4345,36941,162509050,175200000000,40000000,STK
092130,KR7092130004,이크레더블,KOSDAQ,중견기업부,14540,1,140,0.97,14550,14840,14350,13706,198630070,175113944000,12043600,KSQ
129920,KR7129920005,대성하이텍,KOSDAQ,벤처기업부,10760,1,220,2.09,10830,11910,10450,679591,7657100555,174835968960,16248696,KSQ
297890,KR7297890006,HB솔루션,KOSDAQ,우량기업부,2390,2,-155,-6.09,2580,2580,2355,684085,1668014498,174806784460,73140914,KSQ
474610,KR7474610003,RF시스템즈,KOSDAQ,벤처기업부,12210,1,560,4.81,11650,12700,11600,600619,7396290000,174696382080,14307648,KSQ
143240,KR7143240000,사람인,KOSDAQ,우량기업부,16270,3,0,0.0,16370,16760,16150,7960,129898980,174621533370,10732731,KSQ
049430,KR7049430002,코메론,KOSDAQ,우량기업부,19270,1,120,0.63,19150,19560,18780,33289,633951990,174354960000,9048000,KSQ
037560,KR7037560000,LG헬로비전,KOSPI,,2250,1,55,2.51,2205,2420,2165,938726,2153775330,174255446250,77446865,STK
038390,KR7038390001,레드캡투어,KOSDAQ,우량기업부,10420,2,-140,-1.33,10650,10770,10350,44740,472225490,174230965240,16720822,KSQ
400760,KR7400760005,NH올원리츠,KOSPI,,3170,1,50,1.6,3120,3220,3085,138879,437369517,174125801750,54929275,STK
000300,KR7000300004,DH오토넥스,KOSPI,,4200,0,0,0.0,0,0,0,0,0,174035631000,41437055,STK
054920,KR7054920004,한컴위드,KOSDAQ,중견기업부,6150,2,-370,-5.67,6650,6780,6050,949194,6019935920,173535048150,28217081,KSQ
086980,KR7086980000,쇼박스,KOSDAQ,중견기업부,2770,2,-250,-8.28,3030,3200,2760,3759632,11364086997,173507260000,62638000,KSQ
204610,KR7204610000,티쓰리,KOSDAQ,벤처기업부,3150,1,90,2.94,3095,3270,3035,603798,1921921292,173255418000,55001720,KSQ
297090,KR7297090003,씨에스베어링,KOSDAQ,투자주의환기종목(소속부없음),6340,2,-500,-7.31,6850,6850,6250,237586,1549726715,172891800000,27270000,KSQ
322180,KR7322180001,LS티라유텍,KOSDAQ,벤처기업부,8250,2,-300,-3.51,8550,9080,8070,704504,6065558850,172606368000,20921984,KSQ
213500,KR7213500002,한솔제지,KOSPI,,7250,2,-170,-2.29,7430,7460,7210,108468,792023195,172554176000,23800576,STK
053080,KR7053080008,케이엔솔,KOSDAQ,중견기업부,13260,2,-960,-6.75,14220,14300,13060,373574,5048536505,172377440820,12999807,KSQ
115500,KR7115500001,케이씨에스,KOSDAQ,중견기업부,14360,2,-2810,-16.37,17230,17240,14050,815622,12306794800,172320000000,12000000,KSQ
037070,KR7037070000,파세코,KOSDAQ,중견기업부,8610,2,-30,-0.35,8790,8980,8570,125633,1104964835,172200000000,20000000,KSQ
282880,KR7282880004,코윈테크,KOSDAQ,우량기업부,14700,2,-800,-5.16,15500,15590,14540,101289,1524824260,171903005400,11694082,KSQ
082800,KR7082800004,비보존 제약,KOSDAQ,중견기업부,2830,2,-220,-7.21,2970,3030,2800,692501,2011061706,171836654780,60719666,KSQ
056090,KR7056090004,시지메드텍,KOSDAQ,벤처기업부,1662,2,-36,-2.12,1698,1750,1630,1784864,3004156946,171616517832,103259036,KSQ
002990,KR7002990000,금호건설,KOSPI,,4585,2,-70,-1.5,4665,4840,4545,234652,1096399561,170836980790,37259974,STK
008830,KR7008830002,대동기어,KOSDAQ,중견기업부,18980,2,-1120,-5.57,20150,20500,18650,247001,4810704290,170583129600,8987520,KSQ
149950,KR7149950008,아바텍,KOSDAQ,우량기업부,12470,2,-640,-4.88,13110,13790,12190,111391,1434297620,170436256410,13667703,KSQ
077500,KR7077500007,유니퀘스트,KOSPI,,7860,1,10,0.13,7850,9110,7680,7790232,66872321330,169776801720,21600102,STK
071840,KR7071840003,롯데하이마트,KOSPI,,7190,3,0,0.0,7090,7330,7040,47700,342004655,169739449280,23607712,STK
158430,KR7158430009,아톤,KOSDAQ,벤처기업부,6930,2,-440,-5.97,7430,7650,6790,807022,5753156585,169660897560,24482092,KSQ
000020,KR7000020008,동화약품,KOSPI,,6070,1,40,0.66,6040,6090,5800,224308,1345811390,169544022900,27931470,STK
011040,KR7011040003,경동제약,KOSDAQ,중견기업부,5490,3,0,0.0,5520,5580,5470,46247,254731640,168920525340,30768766,KSQ
106190,KR7106190002,하이텍팜,KOSDAQ,우량기업부,15880,2,-270,-1.67,16080,16360,15410,78563,1226574135,168854787240,10633173,KSQ
452190,KR7452190002,한빛레이저,KOSDAQ,벤처기업부,7050,2,-690,-8.91,7740,7740,6950,832185,6074869760,168639926850,23920557,KSQ
086890,KR7086890001,이수앱지스,KOSDAQ,중견기업부,4135,2,-170,-3.95,4315,4370,4000,313456,1283171969,168584901050,40770230,KSQ
095190,KR7095190005,신화프리텍,KOSDAQ,중견기업부,2580,1,220,9.32,2360,2640,2320,1363251,3418551072,168371991960,65260462,KSQ
950250,KR8826050005,테라뷰,KOSDAQ,기술성장기업부,4740,2,-490,-9.37,5230,5280,4595,1173020,5649959530,168354044940,35517731,KSQ
469610,KR7469610000,이노테크,KOSDAQ,중견기업부,18840,2,-1160,-5.8,20100,20200,18660,116851,2249219880,168333516000,8934900,KSQ
005160,KR7005160007,동국산업,KOSDAQ,중견기업부,3100,2,-75,-2.36,3175,3220,3100,147910,465354207,168157894200,54244482,KSQ
242040,KR7242040004,나무기술,KOSDAQ,기술성장기업부,4845,1,270,5.9,4710,5410,4625,6694039,33924775281,167667349080,34606264,KSQ
293480,KR7293480000,하나제약,KOSPI,,9430,2,-450,-4.55,9790,9870,9380,85277,809536240,167598880780,17772946,STK
083500,KR7083500009,에프엔에스테크,KOSDAQ,우량기업부,19500,2,-1800,-8.45,21300,21850,18840,371526,7590605260,167226579000,8575722,KSQ
214420,KR7214420002,토니모리,KOSPI,,6920,2,-320,-4.42,7280,7280,6880,188161,1325213490,166459209080,24054799,STK
396300,KR7396300006,세아메카닉스,KOSDAQ,우량기업부,6280,1,510,8.84,5810,7340,5680,11701797,77819270580,166354060000,26489500,KSQ
023910,KR7023910003,대한약품,KOSDAQ,우량기업부,27700,2,-750,-2.64,28550,28550,27650,24180,674266050,166200000000,6000000,KSQ
048870,KR7048870000,시너지이노베이션,KOSDAQ,중견기업부,1885,2,-85,-4.31,1970,1975,1880,433555,829523877,166081625255,88106963,KSQ
003100,KR7003100005,선광,KOSDAQ,우량기업부,25100,2,-350,-1.38,25800,26150,24600,38554,974028150,165660000000,6600000,KSQ
004960,KR7004960001,한신공영,KOSPI,,14310,2,-390,-2.65,14800,15500,14220,89471,1309966045,165576745620,11570702,STK
300080,KR7300080009,플리토,KOSDAQ,기술성장기업부,10010,2,-760,-7.06,10770,10910,9810,113552,1165312070,165219564510,16505451,KSQ
340450,KR7340450006,지씨지놈,KOSDAQ,기술성장기업부,6980,2,-190,-2.65,7190,7230,6780,191704,1347164705,165082535140,23650793,KSQ
042420,KR7042420000,네오위즈홀딩스,KOSDAQ,우량기업부,20250,2,-600,-2.88,20650,20900,20100,9674,197676680,164881230750,8142283,KSQ
002780,KR7002780005,진흥기업,KOSPI,,1133,2,-47,-3.98,1180,1185,1063,3000971,3436777598,164819487085,145471745,STK
412350,KR7412350001,레이저쎌,KOSDAQ,기술성장기업부,11410,2,-180,-1.55,11930,12700,10810,2320192,26994661280,164706567620,14435282,KSQ
008970,KR7008970006,KBI동양철관,KOSPI,,1583,2,-27,-1.68,1620,1697,1570,2223668,3578998590,164263013781,103766907,STK
365330,KR7365330000,에스와이스틸텍,KOSDAQ,우량기업부,3270,2,-170,-4.94,3470,3495,3230,700081,2334011851,164059170000,50171000,KSQ
334970,KR7334970001,프레스티지바이오로직스,KOSDAQ,기술성장기업부,2110,1,10,0.48,2110,2160,2020,148720,309168350,164058064070,77752637,KSQ
240550,KR7240550004,동방메디컬,KOSDAQ,중견기업부,7820,2,-40,-0.51,7880,8120,7660,494865,3898686910,163703410800,20933940,KSQ
317400,KR7317400000,자이에스앤디,KOSPI,,4215,2,-155,-3.55,4370,4395,4150,211950,890850875,163468321800,38782520,STK
475230,KR7475230009,엔알비,KOSDAQ,벤처기업부,14980,2,-1920,-11.36,16920,17200,14810,248019,3858754735,163262271340,10898683,KSQ
088130,KR7088130000,동아엘텍,KOSDAQ,우량기업부,9330,2,-1070,-10.29,10400,10480,9100,599445,5761144705,163137979620,17485314,KSQ
054800,KR7054800008,아이디스홀딩스,KOSDAQ,중견기업부,15710,2,-280,-1.75,16300,16320,15670,10079,160970245,162563246760,10347756,KSQ
013990,KR7013990007,아가방컴퍼니,KOSDAQ,우량기업부,4940,2,-230,-4.45,5170,5170,4910,545829,2728949325,162464427840,32887536,KSQ
223250,KR7223250002,드림씨아이에스,KOSDAQ,벤처기업부,6570,2,-360,-5.19,6800,7060,6570,460076,3134812490,161624917080,24600444,KSQ
090350,KR7090350000,노루페인트,KOSPI,,8070,2,-150,-1.82,8230,8280,8010,131495,1065743875,161400000000,20000000,STK
001520,KR7001520006,동양,KOSPI,,676,2,-28,-3.98,710,711,666,965838,657786672,161350426588,238684063,STK
00279K,KR700279K010,아모레퍼시픽홀딩스3우C,KOSPI,,22700,2,-300,-1.3,23000,23200,22400,14110,323520950,160992940000,7092200,STK
172670,KR7172670002,에이엘티,KOSDAQ,벤처기업부,17960,2,-1470,-7.57,19390,19390,17000,236505,4335952365,160926251640,8960259,KSQ
222040,KR7222040008,코스맥스엔비티,KOSDAQ,중견기업부,7800,2,-230,-2.86,7960,8165,7600,307398,2411611965,160898400000,20628000,KSQ
013520,KR7013520002,화승코퍼레이션,KOSPI,,3210,2,-125,-3.75,3335,3545,3210,461884,1567375884,160664518920,50051252,STK
001360,KR7001360007,삼성제약,KOSPI,,1701,2,-67,-3.79,1769,1792,1685,1209517,2082858244,160169696379,94162079,STK
114840,KR7114840002,아이패밀리에스씨,KOSDAQ,우량기업부,9240,2,-150,-1.6,9480,9600,9100,82366,762600915,160035876000,17319900,KSQ
290740,KR7290740000,액트로,KOSDAQ,벤처기업부,15900,2,-370,-2.27,16400,16880,15550,114656,1858657260,160033674900,10065011,KSQ
049960,KR7049960008,쎌바이오텍,KOSDAQ,벤처기업부,17000,2,-210,-1.22,17200,17480,16410,39301,663984295,159800000000,9400000,KSQ
338220,KR7338220007,뷰노,KOSDAQ,기술성장기업부,11410,2,-630,-5.23,12220,12240,11290,122900,1430876070,159760800430,14001823,KSQ
032940,KR7032940009,원익,KOSDAQ,우량기업부,8780,2,-510,-5.49,9350,9470,8680,129445,1168523455,159736559400,18193230,KSQ
066410,KR7066410002,버킷스튜디오,KOSDAQ,투자주의환기종목(소속부없음),1153,0,0,0.0,0,0,0,0,0,159637252154,138453818,KSQ
000970,KR7000970004,한국주철관,KOSPI,,7000,1,30,0.43,6970,7090,6940,76162,534041090,159603500000,22800500,STK
217270,KR7217270008,넵튠,KOSDAQ,중견기업부,3410,2,-65,-1.87,3450,3515,3330,103252,351581452,159368542630,46735643,KSQ
046070,KR7046070009,코다코,KOSDAQ,관리종목(소속부없음),10280,0,0,0.0,0,0,0,0,0,159196994920,15486089,KSQ
067280,KR7067280008,멀티캠퍼스,KOSDAQ,우량기업부,26850,1,350,1.32,26550,27150,26400,13899,370791325,159134016150,5926779,KSQ
068790,KR7068790005,DMS,KOSDAQ,우량기업부,7030,2,-540,-7.13,7600,7600,6900,378927,2693683975,158668674720,22570224,KSQ
037350,KR7037350006,성도이엔지,KOSDAQ,우량기업부,10410,2,-490,-4.5,11290,11650,10230,513346,5566464575,158336100000,15210000,KSQ
038290,KR7038290003,마크로젠,KOSDAQ,중견기업부,14560,2,-500,-3.32,15100,15100,14490,60716,897591220,157850784000,10841400,KSQ
453450,KR7453450009,그리드위즈,KOSDAQ,중견기업부,19870,2,-1880,-8.64,21650,21750,19870,166378,3412313135,157822442500,7942750,KSQ
009070,KR7009070004,KCTC,KOSPI,,5260,2,-210,-3.84,5500,5500,5180,171670,911664650,157800000000,30000000,STK
062970,KR7062970009,한국첨단소재,KOSDAQ,중견기업부,2755,2,-245,-8.17,3000,3060,2700,3964869,11236415729,157279131570,57088614,KSQ
210540,KR7210540001,디와이파워,KOSPI,,14230,3,0,0.0,14690,14850,13690,108911,1556632070,157123504840,11041708,STK
023600,KR7023600000,삼보판지,KOSDAQ,우량기업부,9810,1,130,1.34,9680,10070,9655,118102,1171062935,157041423000,16008300,KSQ
093190,KR7093190007,빅솔론,KOSDAQ,우량기업부,8120,2,-280,-3.33,8400,8400,8090,35962,293086575,156219908600,19238905,KSQ
272550,KR7272550005,삼양패키징,KOSPI,,10350,2,-290,-2.73,10640,10700,10260,72856,757918180,155958002100,15068406,STK
072870,KR7072870009,메가스터디,KOSDAQ,우량기업부,13050,1,110,0.85,12940,13330,12760,51580,676282595,155568514950,11920959,KSQ
003830,KR7003830007,대한화섬,KOSPI,,117100,2,-1300,-1.1,121100,121100,116900,376,44158100,155508800000,1328000,STK
010100,KR7010100006,한국무브넥스,KOSPI,,5100,1,140,2.82,5050,5540,5000,2229359,11808369545,155297142000,30450420,STK
192410,KR7192410009,오늘이엔엠,KOSDAQ,중견기업부,6650,2,-370,-5.27,7200,7200,6620,297431,2037314150,155149726900,23330786,KSQ
069510,KR7069510006,에스텍,KOSDAQ,우량기업부,14220,2,-720,-4.82,14940,15070,14170,34497,498878895,155140200000,10910000,KSQ
321370,KR7321370009,센서뷰,KOSDAQ,기술성장기업부,3000,2,-140,-4.46,3205,3315,2950,2150889,6774258143,154994718000,51664906,KSQ
041440,KR7041440009,현대에버다임,KOSDAQ,우량기업부,8620,2,-540,-5.9,9300,9400,8610,556031,4938819595,154435437280,17915944,KSQ
142210,KR7142210004,유니트론텍,KOSDAQ,우량기업부,7440,2,-60,-0.8,7600,7980,7200,745553,5668436870,154390438320,20751403,KSQ
002230,KR7002230001,피에스텍,KOSDAQ,우량기업부,8250,2,-350,-4.07,8620,8850,8170,263874,2233319745,154318890000,18705320,KSQ
108230,KR7108230004,톱텍,KOSDAQ,우량기업부,4055,2,-160,-3.8,4215,4245,4000,135107,551009942,154184258475,38023245,KSQ
089470,KR7089470009,HDC현대EP,KOSPI,,4820,2,-175,-3.5,5020,5100,4710,174360,853722829,153758000000,31900000,STK
000700,KR7000700005,유수홀딩스,KOSPI,,5900,1,20,0.34,5930,6080,5880,48732,289418440,153646690800,26041812,STK
333430,KR7333430007,일승,KOSDAQ,중견기업부,5000,2,-270,-5.12,5300,5350,4960,196384,1008647600,153633735000,30726747,KSQ
009580,KR7009580002,무림P&P,KOSPI,,2455,2,-85,-3.35,2525,2540,2415,486739,1193444335,153114235420,62368324,STK
014280,KR7014280002,금강공업,KOSPI,,5220,3,0,0.0,5240,5640,5070,508461,2724140290,153099243540,29329357,STK
086670,KR7086670007,비엠티,KOSDAQ,우량기업부,15380,2,-420,-2.66,15770,15890,15210,108661,1686750445,152660111300,9925885,KSQ
004150,KR7004150009,한솔홀딩스,KOSPI,,3700,2,-100,-2.63,3820,3925,3575,683877,2535419700,151798494000,41026620,STK
027710,KR7027710003,팜스토리,KOSDAQ,우량기업부,1355,2,-28,-2.02,1383,1390,1337,1170041,1584251861,150969493000,111416600,KSQ
217820,KR7217820000,원익피앤이,KOSDAQ,중견기업부,3175,2,-175,-5.22,3350,3380,3125,262877,857562553,150668224825,47454559,KSQ
136540,KR7136540002,윈스테크넷,KOSDAQ,우량기업부,12240,2,-30,-0.24,12270,12480,12020,62266,762965890,150304091040,12279746,KSQ
021080,KR7021080007,에이티넘인베스트,KOSDAQ,우량기업부,3130,2,-225,-6.71,3370,3410,3070,620816,1979525195,150240000000,48000000,KSQ
388790,KR7388790008,라이콤,KOSDAQ,벤처기업부,4900,2,-560,-10.26,5460,5530,4655,749489,3776863032,150009384000,30614160,KSQ
408920,KR7408920007,메쎄이상,KOSDAQ,우량기업부,3460,2,-20,-0.57,3445,3595,3350,73523,253129555,149584294300,43232455,KSQ
115440,KR7115440000,우리넷,KOSDAQ,우량기업부,13840,2,-1480,-9.66,15040,15320,13520,636499,9025932395,149393001280,10794292,KSQ
093640,KR7093640001,케이알엠,KOSDAQ,벤처기업부,4570,2,-500,-9.86,5070,5080,4570,146401,699115098,149326788220,32675446,KSQ
323990,KR7323990002,박셀바이오,KOSDAQ,기술성장기업부,6420,2,-160,-2.43,6580,6690,6320,197905,1272852500,149312154900,23257345,KSQ
078890,KR7078890001,가온그룹,KOSDAQ,중견기업부,8100,2,-430,-5.04,8510,8620,7950,778401,6383870150,149242038300,18424943,KSQ
148150,KR7148150006,세경하이테크,KOSDAQ,우량기업부,4195,2,-190,-4.33,4360,4390,4155,219366,932767726,149102121510,35542818,KSQ
004970,KR7004970000,신라교역,KOSPI,,9300,2,-80,-0.85,9380,9450,9100,19919,183030480,148800000000,16000000,STK
381620,KR7381620004,제닉스로보틱스,KOSDAQ,중견기업부,11320,2,-1280,-10.16,12470,13270,11050,1027765,12658475130,148494854400,13117920,KSQ
067990,KR7067990002,도이치모터스,KOSDAQ,우량기업부,5080,2,-230,-4.33,5310,5310,5010,322971,1658900175,148242274000,29181550,KSQ
235980,KR7235980000,메드팩토,KOSDAQ,기술성장기업부,4325,2,-225,-4.95,4570,4575,4265,188551,827066603,148239898325,34275121,KSQ
008040,KR7008040008,사조동아원,KOSPI,,1049,2,-2,-0.19,1043,1067,1028,292633,304187257,148060685400,141144600,STK
417500,KR7417500006,제이아이테크,KOSDAQ,우량기업부,4515,2,-915,-16.85,5490,5560,4500,2156084,10669336495,148023119160,32784744,KSQ
105330,KR7105330005,케이엔더블유,KOSDAQ,중견기업부,9240,2,-760,-7.6,10100,10150,9030,109475,1039126375,148020364800,16019520,KSQ
212560,KR7212560007,네오오토,KOSDAQ,우량기업부,12500,1,200,1.63,12430,14100,12000,823592,10804949090,147653012500,11812241,KSQ
298000,KR7298000001,효성화학,KOSPI,,38900,0,0,0.0,0,0,0,0,0,147501447900,3791811,STK
094280,KR7094280005,효성ITX,KOSPI,,12700,2,-60,-0.47,12760,12880,12600,25848,329335325,146789140000,11558200,STK
214390,KR7214390007,경보제약,KOSPI,,6140,2,-260,-4.06,6350,6450,6080,117560,730386900,146788120400,23906860,STK
126730,KR7126730001,코칩,KOSDAQ,벤처기업부,16720,2,-1220,-6.8,18490,18570,16420,114271,1993132935,146636506720,8770126,KSQ
33626K,KR733626K013,두산퓨얼셀1우,KOSPI,,10920,2,-780,-6.67,11730,11950,10760,82438,929353375,145937064000,13364200,STK
013310,KR7013310008,아진산업,KOSDAQ,우량기업부,3760,2,-130,-3.34,3900,4055,3730,1432341,5580798378,145912748320,38806582,KSQ
215100,KR7215100009,로보로보,KOSDAQ,벤처기업부,7160,1,290,4.22,7050,8600,7020,6991916,55891232340,145694930640,20348454,KSQ
217950,KR7217950005,파마리서치바이오,KONEX,일반기업부,34750,3,0,0.0,34750,35000,34150,3620,126054550,145367590000,4183240,KNX
041520,KR7041520008,이엘씨,KOSDAQ,투자주의환기종목(소속부없음),11850,2,-630,-5.05,12250,12600,11470,82927,992409400,144436450500,12188730,KSQ
262260,KR7262260003,에이프로,KOSDAQ,우량기업부,9970,2,-1000,-9.12,10990,11330,9630,149695,1569281895,144247475440,14468152,KSQ
012800,KR7012800009,대창,KOSPI,,1580,2,-210,-11.73,1790,1790,1550,7013568,11587308845,144001988420,91140499,STK
047560,KR7047560008,이스트소프트,KOSDAQ,중견기업부,12260,2,-680,-5.26,13100,13240,12130,67889,860723980,143910111320,11738182,KSQ
040300,KR7040300006,YTN,KOSDAQ,중견기업부,3010,2,-95,-3.06,3090,3165,3010,157126,480725080,143507709800,47676980,KSQ
336680,KR7336680004,탑런토탈솔루션,KOSDAQ,중견기업부,3660,2,-15,-0.41,3675,3775,3580,68931,253232858,143272742280,39145558,KSQ
282720,KR7282720002,금양그린파워,KOSDAQ,중견기업부,11820,2,-1160,-8.94,12990,13130,11700,192792,2341367360,143252490000,12119500,KSQ
054540,KR7054540000,삼영엠텍,KOSDAQ,우량기업부,10980,2,-840,-7.11,11900,12060,10790,310221,3497917545,142740000000,13000000,KSQ
366030,KR7366030005,공구우먼,KOSDAQ,중견기업부,6300,2,-70,-1.1,6420,6440,6220,113435,719101595,142719255000,22653850,KSQ
005990,KR7005990007,매일홀딩스,KOSDAQ,우량기업부,10710,2,-140,-1.29,10850,11120,10210,3801,40380530,142424835840,13298304,KSQ
015890,KR7015890007,태경산업,KOSPI,,4870,2,-10,-0.2,4885,4910,4780,89773,433569950,142344012500,29228750,STK
021820,KR7021820006,세원정공,KOSPI,,14230,2,-350,-2.4,14580,15310,14010,16012,231935260,142300000000,10000000,STK
024090,KR7024090003,디씨엠,KOSPI,,12480,1,200,1.63,12290,12630,12290,30973,385648810,142272000000,11400000,STK
107600,KR7107600009,새빗켐,KOSDAQ,벤처기업부,25100,2,-2100,-7.72,27250,27850,25000,39651,1036264625,141587945400,5640954,KSQ
015590,KR7015590003,DKME,KOSPI,,2985,5,-1275,-29.93,4260,4260,2985,6399689,21220159438,141477979380,47396308,STK
071280,KR7071280002,로체시스템즈,KOSDAQ,우량기업부,9240,2,-280,-2.94,9550,9740,9130,141506,1332605935,141340611720,15296603,KSQ
052420,KR7052420007,오성첨단소재,KOSDAQ,우량기업부,1448,0,0,0.0,0,0,0,0,0,141064299008,97420096,KSQ
049720,KR7049720006,고려신용정보,KOSDAQ,우량기업부,9860,2,-100,-1.0,9960,10000,9840,64748,641824685,140998000000,14300000,KSQ
085670,KR7085670008,뉴프렉스,KOSDAQ,우량기업부,5750,2,-480,-7.7,6230,6290,5630,436146,2559404110,140879375750,24500761,KSQ
079430,KR7079430005,현대리바트,KOSPI,,7000,2,-190,-2.64,7220,7230,6920,113558,802973060,140799414000,20114202,STK
063570,KR7063570006,NICE인프라,KOSDAQ,우량기업부,4120,1,5,0.12,4115,4200,4065,93588,384650938,140688639360,34147728,KSQ
070960,KR7070960000,모나용평,KOSPI,,2920,1,15,0.52,2905,2980,2845,113374,327761722,140549332360,48133333,STK
078000,KR7078000007,텔코웨어,KOSPI,,15200,2,-250,-1.62,15330,15440,15000,11055,168066450,140449170400,9240077,STK
007540,KR7007540008,샘표,KOSPI,,48750,2,-1450,-2.89,51000,51000,48250,12651,625061550,140195250000,2875800,STK
002620,KR7002620003,제일파마홀딩스,KOSPI,,8760,1,80,0.92,8670,8790,8510,26331,228163880,139926589800,15973355,STK
322510,KR7322510009,제이엘케이,KOSDAQ,기술성장기업부,5430,2,-490,-8.28,5920,5920,5320,328120,1828086165,139691593560,25725892,KSQ
234030,KR7234030005,싸이닉솔루션,KOSDAQ,중견기업부,5910,2,-590,-9.08,6500,6510,5770,271633,1662882765,139505550000,23605000,KSQ
047820,KR7047820006,초록뱀미디어,KOSDAQ,중견기업부,5700,3,0,0.0,5700,5870,5600,138332,794645680,139387401000,24453930,KSQ
053700,KR7053700001,삼보모터스,KOSDAQ,우량기업부,5460,2,-210,-3.7,5740,5900,5370,364170,2042130745,138922973280,25443768,KSQ
021320,KR7021320007,KCC건설,KOSDAQ,우량기업부,6490,2,-260,-3.85,6750,6780,6410,34347,224941650,138886000000,21400000,KSQ
012320,KR7012320008,경동인베스트,KOSPI,,58700,2,-1900,-3.14,61000,61000,57500,16485,977434100,138826850100,2365023,STK
049080,KR7049080005,기가레인,KOSDAQ,벤처기업부,1635,2,-249,-13.22,1887,1920,1610,5139815,8812145881,138784272345,84883347,KSQ
080420,KR7080420003,모다이노칩,KOSDAQ,중견기업부,1733,2,-22,-1.25,1839,1839,1683,9825,17211189,138157570926,79721622,KSQ
009270,KR7009270000,신원,KOSPI,,1202,2,-50,-3.99,1257,1280,1195,1124712,1371924965,137954012386,114770393,STK
104460,KR7104460001,디와이피엔에프,KOSDAQ,우량기업부,13110,2,-430,-3.18,13550,13580,13050,56302,749905730,137892304110,10518101,KSQ
019180,KR7019180009,티에이치엔,KOSPI,,7640,2,-390,-4.86,8210,8220,7440,398734,3115051975,137520000000,18000000,STK
016740,KR7016740003,두올,KOSPI,,4795,3,0,0.0,4730,4855,4675,244640,1163451824,137491945080,28674024,STK
002460,KR7002460004,HS화성,KOSPI,,13540,1,20,0.15,13420,14000,12830,11281,147850090,137431000000,10150000,STK
141000,KR7141000000,비아트론,KOSDAQ,벤처기업부,11310,2,-460,-3.91,11770,11980,11000,176372,2000570545,137017370100,12114710,KSQ
027970,KR7027970003,한국제지,KOSPI,,720,1,10,1.41,710,724,710,105744,75783931,136928330640,190178237,STK
131030,KR7131030009,옵투스제약,KOSDAQ,우량기업부,7750,2,-340,-4.2,8090,8120,7600,186362,1454663210,136761072500,17646590,KSQ
107590,KR7107590002,미원홀딩스,KOSPI,,58900,1,200,0.34,58700,59000,58300,814,47641200,136648000000,2320000,STK
214680,KR7214680001,디알텍,KOSDAQ,벤처기업부,1635,2,-44,-2.62,1678,1699,1610,421396,693866918,136484986560,83477056,KSQ
250060,KR7250060001,모비스,KOSDAQ,기술성장기업부,4240,2,-245,-5.46,4490,4560,4175,685737,2984485799,136406371360,32171314,KSQ
006620,KR7006620009,동구바이오제약,KOSDAQ,우량기업부,4775,2,-165,-3.34,4970,4970,4760,114933,553520112,135920336800,28464992,KSQ
065450,KR7065450009,빅텍,KOSDAQ,벤처기업부,4605,2,-70,-1.5,4675,4690,4505,636270,2916526942,135828172815,29495803,KSQ
263860,KR7263860009,지니언스,KOSDAQ,벤처기업부,14930,2,-420,-2.74,16300,17600,14880,424879,7008961165,135558428000,9079600,KSQ
263720,KR7263720005,디앤씨미디어,KOSDAQ,우량기업부,10900,2,-320,-2.85,11070,11200,10770,32081,350871095,135297241900,12412591,KSQ
011280,KR7011280005,태림포장,KOSPI,,1910,3,0,0.0,1910,1947,1871,168007,318511781,135239345400,70805940,STK
123040,KR7123040008,엠에스오토텍,KOSDAQ,중견기업부,2155,2,-120,-5.27,2275,2300,2115,298184,653350117,134963984345,62628299,KSQ
456070,KR7456070002,이엔셀,KOSDAQ,기술성장기업부,12230,2,-820,-6.28,13050,13100,12100,109062,1358584550,134881208910,11028717,KSQ
123690,KR7123690000,한국화장품,KOSPI,,8360,2,-130,-1.53,8500,8850,8250,290483,2469726260,134328480000,16068000,STK
122450,KR7122450000,KX,KOSDAQ,중견기업부,2995,2,-55,-1.8,3085,3085,2990,159936,485059378,134235402830,44819834,KSQ
0007J0,KR70007J0006,인벤테라,KOSDAQ,기술성장기업부,17060,2,-2800,-14.1,19530,19770,17000,249161,4530850230,134189080840,7865714,KSQ
067900,KR7067900001,와이엔텍,KOSDAQ,우량기업부,7370,1,20,0.27,7360,7480,7100,147611,1077121280,134131486830,18199659,KSQ
005860,KR7005860002,한일사료,KOSDAQ,우량기업부,3400,2,-115,-3.27,3560,3560,3400,718106,2479064160,133972529000,39403685,KSQ
009780,KR7009780008,엠에스씨,KOSDAQ,우량기업부,7610,1,440,6.14,7170,7990,7080,322614,2475034760,133936000000,17600000,KSQ
225190,KR7225190008,LK삼양,KOSDAQ,중견기업부,1900,2,-16,-0.84,1920,2055,1864,1317727,2565608704,133890036000,70468440,KSQ
089600,KR7089600001,KT나스미디어,KOSDAQ,우량기업부,11550,1,10,0.09,11530,11700,11440,27474,317705530,133612282650,11568163,KSQ
005800,KR7005800008,신영와코루,KOSPI,,14840,2,-160,-1.07,15000,15150,14460,7218,106194920,133560000000,9000000,STK
396470,KR7396470007,워트,KOSDAQ,중견기업부,8280,2,-460,-5.26,8770,8910,8030,373105,3161881840,133473600000,16120000,KSQ
020120,KR7020120002,키다리스튜디오,KOSPI,,3600,2,-140,-3.74,3740,3755,3600,147173,539529185,133429557600,37063766,STK
310200,KR7310200001,애니플러스,KOSDAQ,중견기업부,2555,2,-75,-2.85,2630,2650,2525,201592,521439345,133276045980,52162836,KSQ
475580,KR7475580007,에이럭스,KOSDAQ,벤처기업부,9780,2,-320,-3.17,10130,10270,9600,266371,2619022905,133251522000,13624900,KSQ
090850,KR7090850009,현대이지웰,KOSDAQ,우량기업부,5610,2,-130,-2.26,5740,5740,5510,84452,471984150,133217085210,23746361,KSQ
156100,KR7156100000,엘앤케이바이오,KOSDAQ,벤처기업부,5960,2,-220,-3.56,6180,6260,5730,194380,1145774650,133212871880,22351153,KSQ
002390,KR7002390003,한독,KOSPI,,9670,1,40,0.42,9630,9680,9350,24246,231004785,133093364110,13763533,STK
307930,KR7307930008,컴퍼니케이,KOSDAQ,중견기업부,8520,2,-750,-8.09,9190,9300,8520,154808,1369624815,132997200000,15610000,KSQ
350520,KR7350520003,이지스레지던스리츠,KOSPI,,3605,2,-10,-0.28,3655,3700,3590,72194,262163130,132902658210,36866202,STK
045970,KR7045970001,코아시아,KOSDAQ,중견기업부,5030,2,-430,-7.88,5470,5840,4970,297316,1633036580,132363826280,26314876,KSQ
049950,KR7049950009,미래컴퍼니,KOSDAQ,중견기업부,14990,2,-710,-4.52,15690,15990,14750,53842,833805845,132180081160,8817884,KSQ
269620,KR7269620001,시스웍,KOSDAQ,관리종목(소속부없음),889,0,0,0.0,0,0,0,0,0,132090012299,148582691,KSQ
255440,KR7255440000,야스,KOSDAQ,벤처기업부,10110,2,-220,-2.13,10440,11000,10050,98959,1024168000,132016380000,13058000,KSQ
389030,KR7389030008,지니너스,KOSDAQ,기술성장기업부,3935,2,-5,-0.13,3940,4175,3820,598534,2391126657,131922626075,33525445,KSQ
025620,KR7025620006,차AI헬스케어,KOSPI,,7240,2,-200,-2.69,7440,7600,7100,16513,119212010,131796764520,18203973,STK
016710,KR7016710006,대성홀딩스,KOSPI,,8190,2,-200,-2.38,8310,8390,8130,18298,150763100,131772669210,16089459,STK
182360,KR7182360008,큐브엔터,KOSDAQ,우량기업부,8470,2,-250,-2.87,8720,8900,8360,25854,221771530,131707221030,15549849,KSQ
363280,KR7363280009,티와이홀딩스,KOSPI,,2605,2,-50,-1.88,2680,2680,2565,65582,170352152,131368243140,50429268,STK
086960,KR7086960002,MDS테크,KOSDAQ,우량기업부,3195,2,-240,-6.99,3400,3525,3060,3425459,11271820064,131240912760,41076968,KSQ
267290,KR7267290005,경동도시가스,KOSPI,,22250,1,150,0.68,22300,22750,21900,11951,266586850,131172783500,5895406,STK
256940,KR7256940008,킵스파마,KOSDAQ,벤처기업부,6530,2,-60,-0.91,6740,6750,6330,124827,813798280,131110299910,20078147,KSQ
042510,KR7042510008,라온시큐어,KOSDAQ,벤처기업부,11600,2,-200,-1.69,11880,12730,11310,290197,3479731060,129980018400,11205174,KSQ
004080,KR7004080008,신흥,KOSPI,,13800,3,0,0.0,13790,13890,13610,11722,160705830,129720000000,9400000,STK
306620,KR7306620006,지아이에스,KOSDAQ,벤처기업부,2700,2,-280,-9.4,3015,3150,2625,1210120,3411126039,129443896800,47942184,KSQ
083420,KR7083420000,그린케미칼,KOSPI,,5390,2,-210,-3.75,5600,5650,5350,111265,609431065,129360000000,24000000,STK
360070,KR7360070007,탑머티리얼,KOSDAQ,중견기업부,15800,2,-320,-1.99,16010,16890,15700,60936,970675675,129342639400,8186243,KSQ
033340,KR7033340001,좋은사람들,KOSDAQ,중견기업부,1328,2,-142,-9.66,1465,1469,1307,2180392,2947799427,128750341024,96950558,KSQ
205100,KR7205100001,엑셈,KOSDAQ,벤처기업부,1817,2,-51,-2.73,1879,1885,1796,410301,752421255,128437230591,70686423,KSQ
139990,KR7139990006,아주스틸,KOSPI,,3305,2,-160,-4.62,3600,3600,3300,143099,482865264,128086643270,38755414,STK
032580,KR7032580003,피델릭스,KOSDAQ,중견기업부,3865,3,0,0.0,4040,4775,3825,10382819,43909640097,128055427360,33132064,KSQ
004250,KR7004250007,NPC,KOSPI,,3480,2,-40,-1.14,3520,3545,3455,56482,196959090,127785600000,36720000,STK
417970,KR7417970001,모델솔루션,KOSDAQ,우량기업부,19870,2,-330,-1.63,20300,21400,19330,142886,2897285340,127102429000,6396700,KSQ
339950,KR7339950008,아이비김영,KOSDAQ,우량기업부,2825,1,125,4.63,2700,2835,2700,312081,867701682,126974300375,44946655,KSQ
100590,KR7100590009,머큐리,KOSDAQ,중견기업부,7400,2,-1010,-12.01,8370,8450,7270,1743512,13241713200,126832633000,17139545,KSQ
109610,KR7109610006,에스와이,KOSDAQ,중견기업부,2585,2,-85,-3.18,2710,2710,2585,354612,929227276,126425629000,48907400,KSQ
002220,KR7002220002,한일철강,KOSPI,,4730,2,-50,-1.05,4800,4900,4500,180362,846197489,126278985800,26697460,STK
001540,KR7001540004,안국약품,KOSDAQ,우량기업부,9680,2,-520,-5.1,10700,10870,9360,2490621,25223311370,126250625600,13042420,KSQ
011700,KR7011700002,한신기계,KOSPI,,3885,2,-195,-4.78,4080,4120,3820,806612,3173478146,126053296635,32446151,STK
025950,KR7025950007,동신건설,KOSDAQ,우량기업부,15000,2,-20,-0.13,15100,15300,14890,28059,421979270,126000000000,8400000,KSQ
014710,KR7014710008,사조씨푸드,KOSPI,,7310,2,-150,-2.01,7460,7460,7030,27402,198163455,125867549330,17218543,STK
047770,KR7047770003,코데즈컴바인,KOSDAQ,중견기업부,3325,2,-415,-11.1,3700,3705,3255,2229954,7566720053,125826651650,37842602,KSQ
036690,KR7036690006,코맥스,KOSDAQ,관리종목(소속부없음),2885,0,0,0.0,0,0,0,0,0,125692107675,43567455,KSQ
052260,KR7052260007,현대바이오랜드,KOSDAQ,우량기업부,4185,2,-85,-1.99,4215,4265,4155,99508,417438910,125550000000,30000000,KSQ
464490,KR7464490002,쿼드메디슨,KOSDAQ,기술성장기업부,10890,2,-530,-4.64,11420,11540,10560,188525,2052461555,125040210570,11482113,KSQ
013570,KR7013570007,디와이,KOSPI,,4750,2,-50,-1.04,4890,4925,4660,249736,1194415141,125018256750,26319633,STK
493330,KR7493330005,지에프아이,KOSDAQ,벤처기업부,16240,2,-1080,-6.24,17300,17470,15850,100760,1670565040,124758051040,7682146,KSQ
443670,KR7443670005,에스피소프트,KOSDAQ,중견기업부,5040,2,-270,-5.08,5390,5560,5010,361154,1915611860,124696615680,24741392,KSQ
226400,KR7226400000,오스테오닉,KOSDAQ,기술성장기업부,6030,1,300,5.24,6070,6350,5840,590159,3632529555,124589454030,20661601,KSQ
014530,KR7014530000,극동유화,KOSPI,,3565,2,-40,-1.11,3585,3630,3500,300449,1069180420,124309482300,34869420,STK
136150,KR7136150000,원일티엔아이,KOSDAQ,벤처기업부,14810,2,-810,-5.19,15770,15770,14690,46565,703760235,124123054300,8381030,KSQ
014580,KR7014580005,태경비케이,KOSPI,,4495,2,-45,-0.99,4540,4610,4445,262390,1183396411,123986034500,27583100,STK
090470,KR7090470006,제이스로보틱스,KOSDAQ,벤처기업부,7090,2,-80,-1.12,7180,7290,6800,116526,822931235,123909051460,17476594,KSQ
072950,KR7072950009,빛샘전자,KOSDAQ,벤처기업부,15320,2,-2380,-13.45,17700,18320,14870,1338898,21340552370,123365985200,8052610,KSQ
038110,KR7038110003,에코플라스틱,KOSDAQ,우량기업부,2995,2,-115,-3.7,3115,3155,2965,866185,2638143392,123302263150,41169370,KSQ
408470,KR7408470003,한패스,KOSDAQ,중견기업부,11650,2,-860,-6.87,12590,12800,11580,130808,1576566170,123163800000,10572000,KSQ
054050,KR7054050000,NH농우바이오,KOSDAQ,우량기업부,7680,2,-100,-1.29,7780,7780,7610,62907,483309230,123114708480,16030561,KSQ
109740,KR7109740001,디에스케이,KOSDAQ,벤처기업부,4780,2,-60,-1.24,4840,4965,4370,80441,381767030,122895664200,25710390,KSQ
035000,KR7035000009,HS애드,KOSPI,,7580,2,-50,-0.66,7700,7720,7540,131870,1008531945,122853941520,16207644,STK
309960,KR7309960003,LB인베스트먼트,KOSDAQ,중견기업부,5290,2,-160,-2.94,5470,5610,5140,73604,393458615,122819194310,23217239,KSQ
413630,KR7413630005,씨피시스템,KOSDAQ,벤처기업부,3370,2,-215,-6.0,3585,3730,3345,372521,1321146110,122791429620,36436626,KSQ
023800,KR7023800006,인지컨트롤스,KOSPI,,7750,2,-250,-3.13,8000,8130,7650,157695,1246750655,122521276750,15809197,STK
0015S0,KR70015S0005,페스카로,KOSDAQ,기술성장기업부,12390,2,-900,-6.77,13260,13690,12160,112131,1423872410,122248784700,9866730,KSQ
036220,KR7036220002,오상헬스케어,KOSDAQ,우량기업부,8540,2,-640,-6.97,9180,9180,8540,132786,1160546260,122202412640,14309416,KSQ
382840,KR7382840007,원준,KOSDAQ,중견기업부,8000,2,-560,-6.54,8590,8860,7950,148160,1226962335,122172648000,15271581,KSQ
029480,KR7029480001,광무,KOSDAQ,중견기업부,2040,2,-60,-2.86,2100,2160,2005,278693,584569281,121827029280,59719132,KSQ
001290,KR7001290006,상상인증권,KOSPI,,1120,2,-75,-6.28,1207,1251,1107,894993,1049624081,121337574400,108337120,STK
217330,KR7217330000,싸이토젠,KOSDAQ,기술성장기업부,5230,1,80,1.55,5170,5500,5070,367722,1956672590,120967530810,23129547,KSQ
007210,KR7007210008,벽산,KOSPI,,1850,2,-42,-2.22,1895,1900,1837,381900,712074616,120916000000,65360000,STK
039980,KR7039980008,폴라리스AI,KOSDAQ,중견기업부,8300,2,-840,-9.19,9150,9410,8150,958217,8509703595,120812766500,14555755,KSQ
086710,KR7086710001,선진뷰티사이언스,KOSDAQ,우량기업부,9900,2,-580,-5.53,10470,10470,9860,67038,672806300,120812472000,12203280,KSQ
066430,KR7066430000,아이로보틱스,KOSDAQ,중견기업부,3080,4,710,29.96,2400,3080,2325,4328276,12634511419,120592706080,39153476,KSQ
149980,KR7149980005,하이로닉,KOSDAQ,중견기업부,5680,2,-290,-4.86,5970,5980,5490,128320,729107040,120383981840,21194363,KSQ
044990,KR7044990000,에이치엔에스하이텍,KOSDAQ,기술성장기업부,15630,2,-450,-2.8,16160,16500,15100,94745,1481650525,120123192750,7685425,KSQ
036010,KR7036010007,아비코전자,KOSDAQ,중견기업부,9030,2,-660,-6.81,9690,9900,8890,255190,2364880300,120035194020,13292934,KSQ
049520,KR7049520000,유아이엘,KOSDAQ,우량기업부,3890,2,-30,-0.77,3920,3935,3835,121801,472144095,119977811250,30842625,KSQ
001020,KR7001020007,페이퍼코리아,KOSPI,,674,0,0,0.0,0,0,0,0,0,119960752962,177983313,STK
317770,KR7317770006,엑스페릭스,KOSDAQ,벤처기업부,3285,2,-215,-6.14,3510,3590,3235,550025,1833721800,119858300325,36486545,KSQ
067830,KR7067830000,세이브존I&C,KOSPI,,2920,2,-145,-4.73,3020,3040,2910,141688,418202925,119839413400,41040895,STK
073560,KR7073560005,우리손에프앤지,KOSDAQ,우량기업부,1730,2,-2,-0.12,1733,1755,1695,168055,289313664,119781122390,69237643,KSQ
096250,KR7096250006,와이즈넛,KOSDAQ,기술성장기업부,9130,2,-420,-4.4,9470,9500,9070,72465,669388020,119651790720,13105344,KSQ
950130,KR8840090003,엑세스바이오,KOSDAQ,외국기업(소속부없음),3395,2,-430,-11.24,3720,3790,3265,763536,2672303476,119415166430,35173834,KSQ
002450,KR7002450005,삼익악기,KOSPI,,1318,2,-15,-1.13,1335,1344,1284,494549,646338686,119319745970,90530915,STK
100130,KR7100130004,동국S&C,KOSDAQ,중견기업부,2085,2,-45,-2.11,2130,2170,2030,386439,806660440,119143155000,57143000,KSQ
066310,KR7066310004,큐에스아이,KOSDAQ,벤처기업부,12850,2,-680,-5.03,13540,13750,12700,349311,4560814550,119140329850,9271621,KSQ
091120,KR7091120006,이엠텍,KOSDAQ,중견기업부,6940,2,-650,-8.56,7590,7600,6900,130053,926877510,118902575840,17132936,KSQ
048770,KR7048770002,TPC로보틱스,KOSDAQ,벤처기업부,7570,2,-1800,-19.21,9760,10690,6970,3002433,25181540480,118833791870,15697991,KSQ
120030,KR7120030002,조선선재,KOSPI,,94400,2,-300,-0.32,94700,94800,93000,2738,256606850,118722254400,1257651,STK
246710,KR7246710008,티앤알바이오팹,KOSDAQ,기술성장기업부,2490,2,-235,-8.62,2730,2745,2450,667473,1679072074,118684614960,47664504,KSQ
067000,KR7067000000,조이시티,KOSDAQ,중견기업부,1696,2,-123,-6.76,1826,1857,1673,607236,1052986312,118556244416,69903446,KSQ
023900,KR7023900004,풍국주정,KOSDAQ,우량기업부,9400,2,-160,-1.67,9670,9670,9300,82407,777451005,118440000000,12600000,KSQ
228670,KR7228670006,레이,KOSDAQ,벤처기업부,7570,2,-450,-5.61,7990,8410,7550,165676,1311032205,118394958970,15640021,KSQ
000440,KR7000440008,중앙에너비스,KOSDAQ,중견기업부,19000,1,50,0.26,18950,19500,18600,96536,1832458785,118315470000,6227130,KSQ
227840,KR7227840006,현대코퍼레이션홀딩스,KOSPI,,13000,1,20,0.15,12960,13260,12760,55020,712122235,118310868000,9100836,STK
460940,KR7460940000,피앤에스로보틱스,KOSDAQ,기술성장기업부,8780,2,-290,-3.2,9100,10250,8670,1415329,13651585250,118137358400,13455280,KSQ
038540,KR7038540001,상상인,KOSDAQ,중견기업부,2135,1,55,2.64,2115,2145,2065,110050,230723944,118125948255,55328313,KSQ
052860,KR7052860004,아이앤씨,KOSDAQ,벤처기업부,6600,2,-410,-5.85,7010,7190,6330,164240,1103094170,117894836400,17862854,KSQ
092040,KR7092040005,아미코젠,KOSDAQ,기술성장기업부,1663,2,-31,-1.83,1694,1745,1648,594202,1003654205,117499908581,70655387,KSQ
357230,KR7357230002,에이치피오,KOSDAQ,우량기업부,2840,2,-120,-4.05,2960,2960,2840,408893,1174637388,117273471840,41293476,KSQ
035080,KR7035080001,그래디언트,KOSDAQ,중견기업부,10250,2,-350,-3.3,10610,10640,10200,45898,476399625,117170661000,11431284,KSQ
311320,KR7311320006,지오엘리먼트,KOSDAQ,기술성장기업부,9280,2,-950,-9.29,10210,10210,9200,179866,1724254925,117063116800,12614560,KSQ
225530,KR7225530005,HC보광산업,KOSDAQ,우량기업부,3220,1,225,7.51,3045,3300,3020,123170,389791021,117010700940,36338727,KSQ
331740,KR7331740001,아우토크립트,KOSDAQ,기술성장기업부,11980,2,-920,-7.13,12700,12930,11600,125516,1537431695,116801298180,9749691,KSQ
248170,KR7248170003,샘표식품,KOSPI,,25550,2,-300,-1.16,26150,26150,25200,27180,696161425,116719707300,4568286,STK
004140,KR7004140000,동방,KOSPI,,2430,2,-80,-3.19,2525,2525,2320,774749,1894109061,116571391380,47971766,STK
076610,KR7076610005,해성옵틱스,KOSDAQ,벤처기업부,2190,2,-240,-9.88,2380,2480,2130,2940727,6645545710,116454213600,53175440,KSQ
041590,KR7041590001,플래스크,KOSDAQ,관리종목(소속부없음),2370,0,0,0.0,0,0,0,0,0,116064014460,48972158,KSQ
337930,KR7337930002,젝시믹스,KOSDAQ,우량기업부,3910,3,0,0.0,3875,4135,3840,308810,1235916922,116035017250,29676475,KSQ
018120,KR7018120006,진로발효,KOSDAQ,우량기업부,17520,1,80,0.46,17550,17590,17300,6996,121755930,116002022400,6621120,KSQ
131370,KR7131370009,알서포트,KOSDAQ,벤처기업부,2175,2,-55,-2.47,2230,2280,2145,205016,448793904,115855905525,53267083,KSQ
079810,KR7079810008,APS이노베이션,KOSDAQ,우량기업부,5370,2,-300,-5.29,5800,5900,5170,403044,2213566210,115605864780,21528094,KSQ
476040,KR7476040001,오가노이드사이언스,KOSDAQ,기술성장기업부,17530,2,-1410,-7.44,19000,19100,17100,73184,1300479065,115448372800,6585760,KSQ
051160,KR7051160000,지어소프트,KOSDAQ,중견기업부,7450,2,-350,-4.49,7720,7900,7370,103878,783444975,115284503500,15474430,KSQ
034590,KR7034590000,인천도시가스,KOSPI,,26250,2,-350,-1.32,26800,26800,26250,4494,118565800,114837292500,4374754,STK
267850,KR7267850006,아시아나IDT,KOSPI,,10300,2,-480,-4.45,10660,10760,10120,66042,692796495,114330000000,11100000,STK
432470,KR7432470003,케이엔에스,KOSDAQ,벤처기업부,12990,2,-310,-2.33,13300,13980,12790,90343,1210508545,113942512440,8771556,KSQ
063170,KR7063170005,서울옥션,KOSDAQ,중견기업부,6410,2,-140,-2.14,6630,6980,6300,157229,1034074255,113933051470,17774267,KSQ
024880,KR7024880007,케이피에프,KOSDAQ,우량기업부,5650,2,-90,-1.57,5750,5810,5510,211113,1189509340,113919560100,20162754,KSQ
096240,KR7096240007,크레버스,KOSDAQ,우량기업부,10590,1,370,3.62,10230,12000,10020,102062,1086585495,113717326200,10738180,KSQ
036580,KR7036580009,팜스코,KOSPI,,3095,2,-165,-5.06,3235,3305,3070,175122,554603580,113672983585,36727943,STK
095720,KR7095720009,웅진씽크빅,KOSPI,,1998,2,-312,-13.51,2150,2225,1958,483079,983538367,113540515830,56827085,STK
273640,KR7273640003,와이엠텍,KOSDAQ,벤처기업부,10340,2,-820,-7.35,11130,11280,10050,179216,1906921165,113388440000,10966000,KSQ
330730,KR7330730003,스톤브릿지벤처스,KOSDAQ,벤처기업부,6220,2,-180,-2.81,6520,6520,6135,124557,784780685,113314902600,18217830,KSQ
042500,KR7042500009,링네트,KOSDAQ,우량기업부,5070,2,-110,-2.12,5260,5325,4990,732522,3749366200,113016100080,22291144,KSQ
229500,KR7229500004,노브메타파마,KONEX,일반기업부,8800,1,50,0.57,8010,9000,7800,4373,35843570,113005675200,12841554,KNX
261780,KR7261780001,차백신연구소,KOSDAQ,기술성장기업부,4195,1,485,13.07,4450,4775,3625,34346676,150480044018,112900018220,26912996,KSQ
059270,KR7059270009,해성에어로보틱스,KOSDAQ,기술성장기업부,10090,1,250,2.54,9930,11100,9830,1262653,13194666630,112657866910,11165299,KSQ
089230,KR7089230007,THE E&M,KOSDAQ,중견기업부,3010,2,-465,-13.38,3470,3645,2790,1429139,4392916378,112638275540,37421354,KSQ
059210,KR7059210005,메타바이오메드,KOSDAQ,우량기업부,4140,2,-150,-3.5,4300,4330,4070,379487,1579587888,112489782300,27171445,KSQ
348350,KR7348350000,위드텍,KOSDAQ,벤처기업부,11250,3,0,0.0,11280,11760,10600,141202,1596157425,112259250000,9978600,KSQ
100700,KR7100700004,세운메디칼,KOSDAQ,우량기업부,2555,2,-10,-0.39,2575,2625,2515,188557,481732150,111909000000,43800000,KSQ
101330,KR7101330009,모베이스,KOSDAQ,중견기업부,4825,2,-265,-5.21,5090,5170,4700,751563,3733441671,111684414925,23147029,KSQ
424960,KR7424960003,스마트레이더시스템,KOSDAQ,기술성장기업부,6770,2,-340,-4.78,7110,7160,6570,369479,2505425880,111604194700,16485110,KSQ
014790,KR7014790000,HL D&I,KOSPI,,2945,2,-110,-3.6,3055,3070,2920,83958,250587621,111493579945,37858601,STK
014160,KR7014160006,대영포장,KOSPI,,1027,2,-34,-3.2,1065,1077,1027,1230101,1287771685,111321201823,108394549,STK
032300,KR7032300006,한국파마,KOSDAQ,중견기업부,10200,2,-420,-3.95,10800,10800,10200,43836,453211770,111248350200,10906701,KSQ
253840,KR7253840003,수젠텍,KOSDAQ,중견기업부,6640,2,-310,-4.46,6770,7440,6380,3944203,27197395065,111174848000,16743200,KSQ
278650,KR7278650007,HLB바이오스텝,KOSDAQ,중견기업부,1272,0,0,0.0,0,0,0,0,0,110870043648,87161984,KSQ
078140,KR7078140001,대봉엘에스,KOSDAQ,우량기업부,10000,2,-230,-2.25,10230,10260,10000,21270,214680310,110865790000,11086579,KSQ
265740,KR7265740001,엔에프씨,KOSDAQ,벤처기업부,6170,2,-430,-6.52,6590,6630,6130,325633,2042956485,110218412000,17863600,KSQ
228850,KR7228850004,레이언스,KOSDAQ,우량기업부,6630,2,-150,-2.21,6780,6850,6410,46390,308447880,109998422820,16591014,KSQ
011810,KR7011810009,STX,KOSPI,,3530,0,0,0.0,0,0,0,0,0,109493282310,31017927,STK
317830,KR7317830008,에스피시스템스,KOSDAQ,벤처기업부,10120,2,-370,-3.53,10340,11020,9710,370005,3893484770,109031038160,10773818,KSQ
094940,KR7094940004,푸른기술,KOSDAQ,벤처기업부,13000,1,950,7.88,12120,14050,12090,1835996,24209493830,108698018000,8361386,KSQ
058850,KR7058850009,KTcs,KOSPI,,2620,2,-15,-0.57,2635,2665,2605,327342,860300410,108479659000,41404450,STK
117670,KR7117670000,알파칩스,KOSDAQ,벤처기업부,16280,2,-1930,-10.6,18210,18210,15500,39051,662148720,108453159760,6661742,KSQ
006140,KR7006140008,피제이전자,KOSDAQ,우량기업부,7270,2,-350,-4.59,7690,8060,7180,355673,2721154375,108068550000,14865000,KSQ
298540,KR7298540006,더네이쳐홀딩스,KOSDAQ,우량기업부,7460,1,40,0.54,7350,7560,7100,59596,435664725,108068439560,14486386,KSQ
451220,KR7451220008,아이엠티,KOSDAQ,기술성장기업부,13720,2,-1050,-7.11,14770,15090,13350,148697,2075272540,108039662920,7874611,KSQ
007110,KR7007110000,일신석재,KOSPI,,1394,2,-71,-4.85,1465,1465,1388,2283857,3248310978,107974514340,77456610,STK
264900,KR7264900002,크라운제과,KOSPI,,8610,3,0,0.0,8610,8700,8260,41655,355037135,107830348500,12523850,STK
370090,KR7370090003,퓨런티어,KOSDAQ,기술성장기업부,12590,2,-900,-6.67,13490,13790,12410,128004,1660592760,107730489700,8556830,KSQ
251120,KR7251120002,바이오에프디엔씨,KOSDAQ,기술성장기업부,12380,2,-660,-5.06,13020,13190,12140,76272,952832080,107652766000,8695700,KSQ
007820,KR7007820004,엠엑스로보틱스,KOSDAQ,중견기업부,5360,1,40,0.75,5430,6000,5290,1458752,8294974450,107381950560,20033946,KSQ
054620,KR7054620000,APS,KOSDAQ,중견기업부,5830,2,-160,-2.67,5980,6170,5650,284023,1659382360,107238308430,18394221,KSQ
033290,KR7033290008,로젠,KOSDAQ,우량기업부,1902,2,-29,-1.5,1936,1948,1900,33665,64639628,106809284502,56156301,KSQ
004590,KR7004590006,한국가구,KOSDAQ,중견기업부,7110,1,60,0.85,7220,7590,6920,347892,2522305990,106650000000,15000000,KSQ
023450,KR7023450000,동남합성,KOSPI,,30450,1,500,1.67,31150,31150,29950,2072,62464550,106575000000,3500000,STK
094840,KR7094840006,슈프리마에이치큐,KOSDAQ,벤처기업부,10860,2,-500,-4.4,11360,11500,10600,76349,838890200,106494343740,9806109,KSQ
005740,KR7005740006,크라운해태홀딩스,KOSPI,,7150,2,-190,-2.59,7350,7360,6930,48682,350622880,106158531050,14847347,STK
331920,KR7331920009,셀레믹스,KOSDAQ,기술성장기업부,13000,2,-240,-1.81,13250,14000,13000,102897,1389444615,106133924000,8164148,KSQ
290720,KR7290720002,푸드나무,KOSDAQ,중견기업부,3015,2,-110,-3.52,3150,3290,2980,20577,63698870,105893258130,35122142,KSQ
074430,KR7074430000,아미노로직스,KOSDAQ,중견기업부,1204,2,-57,-4.52,1261,1261,1190,384696,468169823,105743520176,87826844,KSQ
053580,KR7053580007,웹케시,KOSDAQ,우량기업부,8160,1,40,0.49,8220,8700,8020,173963,1439437520,105708197760,12954436,KSQ
099750,KR7099750002,이지케어텍,KOSDAQ,벤처기업부,7720,2,-310,-3.86,8100,8100,7720,25227,198106580,105448815560,13659173,KSQ
052900,KR7052900008,KX하이텍,KOSDAQ,우량기업부,1516,2,-270,-15.12,1709,1870,1450,11777392,20022282373,105333547712,69481232,KSQ
063080,KR7063080006,컴투스홀딩스,KOSDAQ,중견기업부,15970,2,-300,-1.84,16270,17890,15730,114216,1875403865,105325216240,6595192,KSQ
008260,KR7008260002,NI스틸,KOSPI,,3680,2,-55,-1.47,3760,3810,3620,238742,888348550,105248430560,28600117,STK
321260,KR7321260002,프로이천,KOSDAQ,벤처기업부,3715,2,-555,-13.0,4195,4200,3525,2220885,8619670003,104733592060,28192084,KSQ
039340,KR7039340005,한국경제TV,KOSDAQ,우량기업부,4760,2,-35,-0.73,4795,4795,4595,31147,145232440,104720000000,22000000,KSQ
088390,KR7088390000,이녹스,KOSDAQ,중견기업부,11150,2,-980,-8.08,12130,12140,10920,45002,520532125,104652160600,9385844,KSQ
066700,KR7066700006,테라젠이텍스,KOSDAQ,중견기업부,2815,2,-125,-4.25,2900,2940,2790,211296,600334043,104583938440,37152376,KSQ
238090,KR7238090005,앤디포스,KOSDAQ,벤처기업부,3425,1,255,8.04,3170,3435,3000,285408,928391970,104429757000,30490440,KSQ
003310,KR7003310000,대주산업,KOSDAQ,우량기업부,2950,2,-105,-3.44,3020,3070,2900,866147,2577043738,104407432500,35392350,KSQ
005870,KR7005870001,휴니드,KOSPI,,7390,2,-810,-9.88,8000,8080,7250,714281,5374106895,104317350850,14116015,STK
009300,KR7009300005,삼아제약,KOSDAQ,우량기업부,16340,1,20,0.12,16320,16440,16000,10889,176094570,104085800000,6370000,KSQ
389140,KR7389140005,포바이포,KOSDAQ,벤처기업부,7280,2,-510,-6.55,7800,7880,7190,181885,1365500080,103883670800,14269735,KSQ
377480,KR7377480009,마음AI,KOSDAQ,기술성장기업부,14590,2,-1260,-7.95,15870,16210,14400,147159,2251613855,103738912250,7110275,KSQ
382480,KR7382480002,지아이텍,KOSDAQ,벤처기업부,2635,2,-210,-7.38,2880,2950,2570,1545059,4301451680,103706063900,39357140,KSQ
007460,KR7007460009,에이프로젠,KOSPI,,4710,2,-970,-17.08,5550,5820,4540,1574261,8029462203,103401776280,21953668,STK
019550,KR7019550003,SBI인베스트먼트,KOSDAQ,중견기업부,638,0,0,0.0,0,0,0,0,0,103398474850,162066575,KSQ
330350,KR7330350000,위더스제약,KOSDAQ,우량기업부,7830,2,-350,-4.28,8180,8180,7750,95133,752626640,103372748370,13202139,KSQ
032560,KR7032560005,황금에스티,KOSPI,,6080,1,180,3.05,5900,6380,5780,184118,1121115570,103360000000,17000000,STK
036630,KR7036630002,세종텔레콤,KOSDAQ,우량기업부,10330,1,190,1.87,10110,10390,9860,23209,237493970,103300000000,10000000,KSQ
205470,KR7205470008,휴마시스,KOSDAQ,중견기업부,3990,2,-265,-6.23,4140,4200,3960,243404,979702606,103241253990,25875001,KSQ
053260,KR7053260006,금강철강,KOSDAQ,우량기업부,5510,2,-50,-0.9,5560,5910,5330,438081,2451245240,103147200000,18720000,KSQ
078935,KR7078931003,GS우,KOSPI,,57700,1,900,1.58,56900,61100,55500,27654,1643337750,102984460200,1784826,STK
002200,KR7002200004,한국수출포장,KOSPI,,2710,3,0,0.0,2705,2720,2630,171687,457301010,102980000000,38000000,STK
294630,KR7294630009,서남,KOSDAQ,기술성장기업부,3905,2,-280,-6.69,4180,4180,3850,620281,2468877176,102960475695,26366319,KSQ
006840,KR7006840003,AK홀딩스,KOSPI,,7760,2,-160,-2.02,7850,7920,7760,7719,60226000,102801073360,13247561,STK
101670,KR7101670008,하이드로리튬,KOSDAQ,중견기업부,1809,2,-105,-5.49,1914,1937,1807,1087749,2017077756,102709931283,56777187,KSQ
036420,KR7036420008,콘텐트리중앙,KOSPI,,5330,2,-120,-2.2,5450,5500,5280,58227,311236265,102668101640,19262308,STK
040910,KR7040910002,아이씨디,KOSDAQ,중견기업부,5510,2,-340,-5.81,5960,5960,5480,99826,561492535,102344255250,18574275,KSQ
064800,KR7064800006,포니링크,KOSDAQ,중견기업부,799,0,0,0.0,0,0,0,0,0,102118031102,127807298,KSQ
212710,KR7212710008,아이에스티이,KOSDAQ,기술성장기업부,10610,2,-70,-0.66,10680,10940,10200,192219,2020993550,102099796580,9622978,KSQ
37550L,KR737550K029,DL이앤씨2우(전환),KOSPI,,48300,2,-1700,-3.4,50800,50900,47750,29632,1449982525,102007233300,2111951,STK
001275,KR7001271006,부국증권우,KOSPI,,34000,2,-500,-1.45,34950,34950,34000,4093,140198950,102000000000,3000000,STK
489460,KR7489460006,바이오비쥬,KOSDAQ,벤처기업부,6770,2,-70,-1.02,6800,7060,6570,93602,635204690,101850791100,15044430,KSQ
411080,KR7411080005,샌즈랩,KOSDAQ,기술성장기업부,6670,2,-540,-7.49,7210,7310,6540,228871,1562858265,101835145460,15267638,KSQ
205500,KR7205500002,넥써쓰,KOSDAQ,중견기업부,1586,2,-81,-4.86,1633,1633,1500,340879,531678396,101681789014,64112099,KSQ
019680,KR7019680008,대교,KOSPI,,1199,2,-110,-8.4,1303,1303,1189,388566,478228170,101558717150,84702850,STK
063160,KR7063160006,종근당바이오,KOSPI,,18510,2,-290,-1.54,18870,18870,18510,20548,383251110,101545156620,5485962,STK
463020,KR7463020008,뉴엔AI,KOSDAQ,기술성장기업부,11430,2,-1100,-8.78,12530,12530,11380,90790,1073838045,101489256000,8879200,KSQ
352090,KR7352090005,스톰테크,KOSDAQ,우량기업부,3775,2,-60,-1.56,3835,3860,3750,59257,224393306,101445567450,26872998,KSQ
251630,KR7251630000,브이원텍,KOSDAQ,벤처기업부,6360,2,-450,-6.61,6810,6960,6240,304430,1991523530,101396754960,15942886,KSQ
035610,KR7035610005,솔본,KOSDAQ,투자주의환기종목(소속부없음),3705,1,55,1.51,3685,3755,3630,82796,304682000,101316918885,27345997,KSQ
011370,KR7011370004,서한,KOSDAQ,우량기업부,1003,2,-12,-1.18,1019,1022,996,346963,349221643,101197549595,100894865,KSQ
008700,KR7008700007,아남전자,KOSPI,,1312,2,-46,-3.39,1348,1359,1311,709859,947085710,101187763840,77124820,STK
017370,KR7017370008,우신시스템,KOSPI,,5520,2,-220,-3.83,5750,5840,5510,53189,299872700,101093578080,18314054,STK
119650,KR7119650000,KC코트렐,KOSPI,,918,0,0,0.0,0,0,0,0,0,100782913662,109785309,STK
004100,KR7004100004,태양금속,KOSPI,,2740,1,25,0.92,2750,2810,2670,577082,1584992967,100558000000,36700000,STK
006660,KR7006660005,삼성공조,KOSPI,,12360,2,-490,-3.81,12850,13310,12250,124247,1586591515,100441241040,8126314,STK
030960,KR7030960009,양지사,KOSDAQ,중견기업부,6260,2,-320,-4.86,6600,6600,6250,33493,212920650,100034800000,15980000,KSQ
081150,KR7081150005,티플랙스,KOSDAQ,중견기업부,4115,2,-675,-14.09,4895,4965,4085,3679927,16777902900,99864474230,24268402,KSQ
246720,KR7246720007,아스타,KOSDAQ,관리종목(소속부없음),6070,0,0,0.0,0,0,0,0,0,99434491000,16381300,KSQ
277880,KR7277880001,티에스아이,KOSDAQ,우량기업부,5010,2,-310,-5.83,5300,5430,4970,131386,676754765,99414492120,19843212,KSQ
950190,KR8344390008,고스트스튜디오,KOSDAQ,외국기업(소속부없음),7630,2,-20,-0.26,7650,7700,7470,19583,148119920,99320160170,13017059,KSQ
303810,KR7303810006,동국생명과학,KOSDAQ,중견기업부,3100,2,-30,-0.96,3135,3200,3090,196027,611106098,99150834000,31984140,KSQ
084650,KR7084650001,랩지노믹스,KOSDAQ,중견기업부,1328,2,-82,-5.82,1406,1423,1327,2580850,3500794821,98590706720,74239990,KSQ
002700,KR7002700003,신일전자,KOSPI,,1404,2,-9,-0.64,1414,1434,1384,1028826,1446531787,98346719484,70047521,STK
0015N0,KR70015N0000,아로마티카,KOSDAQ,벤처기업부,7730,2,-420,-5.15,8150,8210,7490,226012,1744950185,98287336500,12715050,KSQ
025560,KR7025560004,미래산업,KOSPI,,19210,2,-2490,-11.47,21500,21500,18630,279048,5524083500,97794805880,5090828,STK
079980,KR7079980009,휴비스,KOSPI,,2830,2,-75,-2.58,2910,2925,2810,283945,815201566,97635000000,34500000,STK
048530,KR7048530000,인트론바이오,KOSDAQ,기술성장기업부,3160,2,-120,-3.66,3280,3300,3120,240551,762680844,97617955280,30891758,KSQ
173130,KR7173130006,오파스넷,KOSDAQ,중견기업부,7470,3,0,0.0,7500,7670,7280,174513,1301248990,97457153310,13046473,KSQ
208370,KR7208370007,셀바스헬스케어,KOSDAQ,벤처기업부,3785,2,-120,-3.07,3905,4190,3730,217412,846809215,97428034740,25740564,KSQ
010280,KR7010280006,아이티센엔텍,KOSDAQ,우량기업부,7480,1,560,8.09,7790,7950,7020,553669,4180213115,97425182360,13024757,KSQ
048550,KR7048550008,SM C&C,KOSDAQ,중견기업부,1007,3,0,0.0,1008,1230,982,915107,985967192,97391622340,96714620,KSQ
024740,KR7024740003,한일단조,KOSDAQ,우량기업부,2960,2,-60,-1.99,2995,3025,2910,382164,1127534279,97375265040,32897049,KSQ
065440,KR7065440000,이루온,KOSDAQ,벤처기업부,3570,2,-550,-13.35,4110,4115,3500,2716197,10069559993,97371821400,27275020,KSQ
066790,KR7066790007,씨씨에스,KOSDAQ,관리종목(소속부없음),1493,0,0,0.0,0,0,0,0,0,97271994227,65152039,KSQ
362320,KR7362320004,청담글로벌,KOSDAQ,중견기업부,4595,2,-150,-3.16,4700,4745,4550,93488,432325225,97190177550,21151290,KSQ
026150,KR7026150003,특수건설,KOSDAQ,중견기업부,5530,2,-250,-4.33,5840,5840,5500,111599,623629520,97031210430,17546331,KSQ
058860,KR7058860008,KTis,KOSPI,,2785,2,-25,-0.89,2810,2840,2770,177297,496253855,96923570000,34802000,STK
448710,KR7448710004,코츠테크놀로지,KOSDAQ,벤처기업부,18310,2,-1360,-6.91,19670,19710,18010,120732,2262282165,96773696520,5285292,KSQ
043610,KR7043610005,KT지니뮤직,KOSDAQ,중견기업부,1665,2,-5,-0.3,1665,1701,1664,123672,207253589,96762204270,58115438,KSQ
004840,KR7004840005,DRB동일,KOSPI,,5010,1,10,0.2,5000,5110,4920,16930,84162704,96554543640,19272364,STK
068240,KR7068240001,다원시스,KOSDAQ,관리종목(소속부없음),2530,0,0,0.0,0,0,0,0,0,96553495610,38163437,KSQ
031820,KR7031820004,아이티센씨티에스,KOSPI,,7960,1,210,2.71,8320,8440,7780,311621,2504860685,96356962160,12105146,STK
058630,KR7058630005,엠게임,KOSDAQ,우량기업부,5010,2,-260,-4.93,5320,5530,4915,319187,1611113240,96204895740,19202574,KSQ
163560,KR7163560006,동일고무벨트,KOSPI,,6900,2,-100,-1.43,7090,7090,6730,32487,223720740,95910000000,13900000,STK
418470,KR7418470001,KT밀리의서재,KOSDAQ,우량기업부,11190,2,-470,-4.03,11680,11780,11050,167720,1888440395,95851178910,8565789,KSQ
120240,KR7120240007,대정화금,KOSDAQ,우량기업부,13320,2,-180,-1.33,13580,13670,13250,29827,402006325,95776008120,7190391,KSQ
019540,KR7019540004,일지테크,KOSDAQ,우량기업부,7080,1,240,3.51,6940,7440,6730,262914,1868162480,95675580000,13513500,KSQ
091440,KR7091440008,한울소재과학,KOSDAQ,투자주의환기종목(소속부없음),2945,2,-85,-2.81,3065,3090,2885,288614,851840075,95627215745,32471041,KSQ
419050,KR7419050000,삼기에너지솔루션즈,KOSDAQ,중견기업부,1671,2,-111,-6.23,1783,1820,1650,455069,782036994,95574917040,57196240,KSQ
007980,KR7007980006,TP,KOSPI,,2035,1,35,1.75,2035,2090,1993,773965,1572853789,95436107250,46897350,STK
010660,KR7010660009,화천기계,KOSPI,,4330,2,-140,-3.13,4475,4500,4210,373728,1628147265,95260000000,22000000,STK
347890,KR7347890006,엠엑스온,KOSDAQ,벤처기업부,5610,3,0,0.0,5610,5680,5380,45431,253133800,95163574440,16963204,KSQ
041930,KR7041930009,SY동아,KOSDAQ,우량기업부,6250,2,-180,-2.8,6480,6500,6200,56012,353763085,95000000000,15200000,KSQ
082850,KR7082850009,우리바이오,KOSDAQ,중견기업부,1958,2,-77,-3.78,2035,2055,1954,312472,619680879,94877979724,48456578,KSQ
072020,KR7072020001,중앙백신,KOSDAQ,벤처기업부,10000,2,-130,-1.28,10200,10230,9940,43776,438064920,94586870000,9458687,KSQ
003580,KR7003580008,HLB글로벌,KOSPI,,1864,2,-90,-4.61,1954,1974,1790,268487,507364578,94436773320,50663505,STK
014970,KR7014970008,삼륭물산,KOSDAQ,중견기업부,6370,2,-330,-4.93,6750,6750,6300,89326,571506800,94435250000,14825000,KSQ
014440,KR7014440002,영보화학,KOSPI,,4720,2,-5,-0.11,4740,4750,4650,80430,378389195,94400000000,20000000,STK
066590,KR7066590001,스모트로닉,KOSDAQ,중견기업부,2440,2,-40,-1.61,2480,2590,2385,235508,574668431,94374166280,38677937,KSQ
041910,KR7041910001,폴라리스AI파마,KOSDAQ,우량기업부,7100,2,-440,-5.84,7550,7620,7010,337816,2469927565,94311785000,13283350,KSQ
000230,KR7000230003,일동홀딩스,KOSPI,,8170,2,-350,-4.11,8690,8690,8100,54830,454550825,94285068000,11540400,STK
452200,KR7452200009,민테크,KOSDAQ,기술성장기업부,3890,2,-610,-13.56,4500,4500,3890,658022,2686742100,94265592000,24232800,KSQ
067290,KR7067290007,JW신약,KOSDAQ,중견기업부,1682,2,-73,-4.16,1798,1798,1674,430076,734825467,94254407246,56037103,KSQ
060590,KR7060590007,씨티씨바이오,KOSDAQ,중견기업부,3895,2,-105,-2.63,4040,4150,3875,169417,673425781,94185072900,24181020,KSQ
265560,KR7265560003,영화테크,KOSDAQ,우량기업부,8810,2,-490,-5.27,9340,9480,8680,95394,866023575,94180485800,10690180,KSQ
002210,KR7002210003,동성제약,KOSPI,,973,0,0,0.0,0,0,0,0,0,94010780311,96619507,STK
093920,KR7093920007,서원인텍,KOSDAQ,우량기업부,5050,2,-50,-0.98,5180,5180,5000,34998,176260345,93930000000,18600000,KSQ
025550,KR7025550005,한국선재,KOSDAQ,중견기업부,3680,2,-55,-1.47,3710,3825,3560,698631,2556460126,93891534720,25514004,KSQ
142280,KR7142280007,녹십자엠에스,KOSDAQ,중견기업부,4315,2,-385,-8.19,4570,4670,4160,2242019,9869700024,93816410690,21741926,KSQ
175140,KR7175140003,휴먼테크놀로지,KOSDAQ,투자주의환기종목(소속부없음),3735,2,-70,-1.84,3810,3820,3620,83570,307725917,93166784955,24944253,KSQ
222110,KR7222110009,팬젠,KOSDAQ,기술성장기업부,6890,1,720,11.67,6170,7080,6120,431493,2899094575,93114967010,13514509,KSQ
056360,KR7056360001,코위버,KOSDAQ,벤처기업부,9500,2,-1200,-11.21,10680,10710,9330,484925,4784059365,93069600000,9796800,KSQ
023000,KR7023000003,삼원강재,KOSPI,,2325,2,-10,-0.43,2335,2355,2300,48730,113219738,93000000000,40000000,STK
054670,KR7054670005,대한뉴팜,KOSDAQ,우량기업부,6470,2,-80,-1.22,6580,6630,6420,59488,385928510,92876332400,14354920,KSQ
201490,KR7201490000,미투온,KOSDAQ,중견기업부,2840,2,-170,-5.65,3100,3150,2815,423727,1254349690,92566420400,32593810,KSQ
439580,KR7439580002,블루엠텍,KOSDAQ,기술성장기업부,2730,2,-140,-4.88,2870,2920,2705,284033,787450372,92401073310,33846547,KSQ
058400,KR7058400003,KNN,KOSDAQ,우량기업부,697,2,-6,-0.85,698,708,695,193475,135099398,92303514840,132429720,KSQ
191420,KR7191420009,테고사이언스,KOSDAQ,벤처기업부,11370,2,-630,-5.25,11910,11910,11180,27481,314652240,92197442580,8108834,KSQ
170030,KR7170030001,현대공업,KOSDAQ,우량기업부,6010,2,-130,-2.12,6200,6300,5950,456396,2804222790,92193400000,15340000,KSQ
413390,KR7413390006,엠오티,KOSDAQ,중견기업부,7950,2,-570,-6.69,8530,8690,7900,122345,1006769790,92062431000,11580180,KSQ
095270,KR7095270005,웨이브일렉트로,KOSDAQ,벤처기업부,6400,2,-280,-4.19,6820,6850,6200,842649,5434781125,91983398400,14372406,KSQ
388870,KR7388870008,파로스아이바이오,KOSDAQ,기술성장기업부,7100,2,-300,-4.05,7500,7540,6990,137618,984026090,91916117200,12945932,KSQ
140070,KR7140070004,서플러스글로벌,KOSDAQ,벤처기업부,2485,2,-45,-1.78,2530,2555,2390,343343,845021620,91915180000,36988000,KSQ
234300,KR7234300002,에스트래픽,KOSDAQ,우량기업부,3375,2,-50,-1.46,3425,3485,3280,128262,432365655,91826257500,27207780,KSQ
040420,KR7040420002,정상제이엘에스,KOSDAQ,우량기업부,5850,3,0,0.0,5830,5900,5810,36149,211500245,91713679200,15677552,KSQ
067170,KR7067170001,오텍,KOSDAQ,중견기업부,3770,2,-410,-9.81,4090,4100,3435,1471532,5415653203,91625371240,24303812,KSQ
105740,KR7105740005,디케이락,KOSDAQ,우량기업부,9000,2,-380,-4.05,9420,9550,8920,179401,1651787355,91516617000,10168513,KSQ
391710,KR7391710001,코닉오토메이션,KOSDAQ,벤처기업부,2145,2,-25,-1.15,2185,2365,2060,610090,1366958017,91420908150,42620470,KSQ
006890,KR7006890008,태경케미컬,KOSPI,,7860,2,-270,-3.32,8130,8370,7840,104279,834285125,91176000000,11600000,STK
263600,KR7263600009,덕우전자,KOSDAQ,중견기업부,5720,2,-440,-7.14,6150,6300,5670,151626,896271340,91121373200,15930310,KSQ
463480,KR7463480004,모티브링크,KOSDAQ,중견기업부,7350,2,-390,-5.04,7750,7960,7180,136195,1031898000,91069131300,12390358,KSQ
104040,KR7104040001,디에스엠,KOSDAQ,벤처기업부,677,0,0,0.0,0,0,0,0,0,90763918202,134067826,KSQ
038460,KR7038460002,바이오스마트,KOSDAQ,우량기업부,3585,1,5,0.14,3780,3780,3525,483057,1769299341,90609233070,25274542,KSQ
168330,KR7168330009,내츄럴엔도텍,KOSDAQ,투자주의환기종목(소속부없음),2850,1,455,19.0,2405,3100,2350,1471440,4125593839,90501465000,31754900,KSQ
096775,KR7096771001,SK이노베이션우,KOSPI,,72400,2,-1600,-2.16,74100,77500,71400,8066,599303700,90386042400,1248426,STK
131400,KR7131400004,이브이첨단소재,KOSDAQ,벤처기업부,1516,2,-97,-6.01,1610,1639,1505,725367,1120528553,90341293112,59591882,KSQ
137950,KR7137950002,제이씨케미칼,KOSDAQ,우량기업부,4055,2,-160,-3.8,4215,4215,3990,240664,977712038,90295985770,22267814,KSQ
096350,KR7096350004,대창솔루션,KOSDAQ,벤처기업부,2450,2,-115,-4.48,2580,2700,2400,641158,1592506414,90294166900,36854762,KSQ
004650,KR7004650008,창해에탄올,KOSDAQ,우량기업부,9810,2,-190,-1.9,10000,10280,9800,66963,663344745,90162581850,9190885,KSQ
004890,KR7004890000,동일산업,KOSPI,,37150,2,-150,-0.4,37900,37900,36750,1738,64717200,90096737250,2425215,STK
065530,KR7065530008,와이어블,KOSDAQ,우량기업부,1883,2,-86,-4.37,1979,1979,1870,541165,1029426930,90080383197,47838759,KSQ
011150,KR7011150000,CJ씨푸드,KOSPI,,2500,2,-40,-1.57,2540,2555,2480,190194,477693166,89826932500,35930773,STK
012700,KR7012700001,리드코프,KOSDAQ,우량기업부,3425,2,-35,-1.01,3460,3495,3390,97517,334020406,89717368100,26194852,KSQ
046940,KR7046940003,우원개발,KOSDAQ,우량기업부,4960,2,-200,-3.88,5190,5240,4785,356181,1798266875,89648776000,18074350,KSQ
348150,KR7348150004,고바이오랩,KOSDAQ,기술성장기업부,4615,2,-95,-2.02,4800,4950,4525,164462,769654030,89618172735,19418889,KSQ
299660,KR7299660001,셀리드,KOSDAQ,기술성장기업부,3030,2,-195,-6.05,3220,3220,2980,768060,2363852752,89394020310,29502977,KSQ
054040,KR7054040001,한국컴퓨터,KOSDAQ,우량기업부,5560,2,-20,-0.36,5590,5780,5470,179743,1014912160,89356372400,16071290,KSQ
241690,KR7241690007,유니테크노,KOSDAQ,우량기업부,3650,2,-135,-3.57,3785,3825,3610,103440,385398304,89318076900,24470706,KSQ
044340,KR7044340008,위닉스,KOSDAQ,중견기업부,4995,2,-105,-2.06,5100,5160,4900,65392,327883825,89277757875,17873425,KSQ
203690,KR7203690003,아크솔루션스,KOSDAQ,관리종목(소속부없음),4425,0,0,0.0,0,0,0,0,0,89196141000,20157320,KSQ
039610,KR7039610001,화성밸브,KOSDAQ,우량기업부,8560,2,-110,-1.27,8670,8820,8410,138459,1187594530,89113024000,10410400,KSQ
088280,KR7088280003,쏘닉스,KOSDAQ,기술성장기업부,5120,2,-490,-8.73,5680,5680,4990,749741,3896383445,88609228800,17306490,KSQ
002720,KR7002720001,국제약품,KOSPI,,4170,2,-180,-4.14,4355,4370,4170,133691,565848258,88236499440,21159832,STK
217500,KR7217500008,러셀,KOSDAQ,벤처기업부,2765,2,-185,-6.27,3010,3275,2760,2107005,6396726760,87960180000,31812000,KSQ
009180,KR7009180001,한솔로지스틱스,KOSPI,,3120,1,15,0.48,3105,3185,3045,180163,558985225,87846174000,28155825,STK
020710,KR7020710000,시공테크,KOSDAQ,우량기업부,4380,2,-105,-2.34,4480,4520,4290,320085,1402159087,87810108600,20047970,KSQ
000590,KR7000590000,CS홀딩스,KOSPI,,76000,2,-1800,-2.31,77700,77700,75300,870,66135300,87740632000,1154482,STK
067570,KR7067570002,엔브이에이치코리아,KOSDAQ,중견기업부,2080,3,0,0.0,2105,2130,2060,150912,315982421,87713600000,42170000,KSQ
124560,KR7124560004,태웅로직스,KOSDAQ,우량기업부,2265,2,-85,-3.62,2365,2365,2245,205588,468300284,87702636915,38720811,KSQ
081180,KR7081180002,쎄크,KOSDAQ,기술성장기업부,9930,2,-1310,-11.65,11240,11240,9510,478932,4849691740,87637562550,8825535,KSQ
061040,KR7061040002,알에프텍,KOSDAQ,중견기업부,1937,0,0,0.0,0,0,0,0,0,87632039755,45241115,KSQ
013360,KR7013360003,일성건설,KOSPI,,1621,2,-56,-3.34,1700,1700,1602,239083,389912969,87574330480,54024880,STK
024830,KR7024830002,세원물산,KOSDAQ,관리종목(소속부없음),10470,2,-220,-2.06,10790,10790,10300,1314,13669160,87424500000,8350000,KSQ
302430,KR7302430004,이노메트리,KOSDAQ,벤처기업부,8880,2,-360,-3.9,9250,9600,8760,105047,955220515,87318887040,9833208,KSQ
011000,KR7011000007,진원생명과학,KOSPI,,960,2,-54,-5.33,1014,1052,950,2630454,2609565938,87247590720,90882907,STK
002600,KR7002600005,조흥,KOSPI,,145400,2,-600,-0.41,145000,145500,144100,211,30547900,87240000000,600000,STK
010960,KR7010960003,삼호개발,KOSPI,,3615,2,-95,-2.56,3710,3710,3520,126518,456197913,87193800000,24120000,STK
039010,KR7039010004,현대에이치티,KOSDAQ,우량기업부,10100,2,-310,-2.98,10420,10460,9810,64764,652946270,87112500000,8625000,KSQ
083790,KR7083790006,CG인바이츠,KOSDAQ,벤처기업부,1129,2,-61,-5.13,1199,1199,1115,159217,180952186,86813531478,76894182,KSQ
227950,KR7227950003,엔투텍,KOSDAQ,벤처기업부,503,0,0,0.0,0,0,0,0,0,86788146641,172541047,KSQ
475430,KR7475430005,키스트론,KOSDAQ,중견기업부,4860,2,-370,-7.07,5240,5300,4775,686930,3394072652,86741814600,17848110,KSQ
085310,KR7085310001,엔케이,KOSPI,,1169,0,0,0.0,0,0,0,0,0,86717288567,74180743,STK
084730,KR7084730001,팅크웨어,KOSDAQ,중견기업부,7800,2,-260,-3.23,8060,8060,7600,32032,249355310,86653507200,11109424,KSQ
302550,KR7302550009,리메드,KOSDAQ,기술성장기업부,2800,2,-70,-2.44,2885,2885,2770,75386,211357102,86540020000,30907150,KSQ
111380,KR7111380002,동인기연,KOSPI,,14110,1,790,5.93,13330,14660,13290,85060,1205594635,86466080000,6128000,STK
067370,KR7067370007,선바이오,KOSDAQ,기술성장기업부,7090,2,-190,-2.61,7200,7240,6730,42920,297275720,86452304950,12193555,KSQ
000105,KR7000101006,유한양행우,KOSPI,,73200,2,-1900,-2.53,75100,75400,72700,3522,260426900,86444808000,1180940,STK
110790,KR7110790003,크리스에프앤씨,KOSDAQ,우량기업부,3685,2,-70,-1.86,3755,3755,3555,59477,217014913,86343087600,23430960,KSQ
217190,KR7217190008,제너셈,KOSDAQ,벤처기업부,6550,2,-950,-12.67,7500,7500,6390,476534,3241848940,86157134550,13153761,KSQ
130580,KR7130580004,나이스디앤비,KOSDAQ,우량기업부,5570,1,190,3.53,5380,5690,5360,28491,157859405,85778000000,15400000,KSQ
311690,KR7311690002,CJ 바이오사이언스,KOSDAQ,기술성장기업부,6550,2,-310,-4.52,6860,6880,6450,62884,413693445,85578776100,13065462,KSQ
017650,KR7017650003,대림제지,KOSDAQ,우량기업부,9740,1,40,0.41,9700,9750,9600,69028,668261080,85565900000,8785000,KSQ
005750,KR7005750005,대림바스,KOSPI,,5130,2,-190,-3.57,5320,5320,5080,59382,306409160,85528591200,16672240,STK
049480,KR7049480007,오픈베이스,KOSDAQ,우량기업부,2715,2,-90,-3.21,2825,2825,2675,706478,1927062010,85311769845,31422383,KSQ
347860,KR7347860009,알체라,KOSDAQ,중견기업부,2065,2,-100,-4.62,2190,2225,2030,530969,1120869972,85286467945,41300953,KSQ
000180,KR7000180000,성창기업지주,KOSPI,,6110,2,-210,-3.32,6330,6400,6100,25093,155627650,85236455200,13950320,STK
033230,KR7033230004,인성정보,KOSDAQ,중견기업부,1687,2,-51,-2.93,1730,1766,1674,621241,1063214673,85219446060,50515380,KSQ
232830,KR7232830000,아이티센피엔에스,KOSDAQ,벤처기업부,5140,2,-10,-0.19,5430,5450,5000,222910,1161458535,84983351640,16533726,KSQ
065510,KR7065510000,휴비츠,KOSDAQ,우량기업부,7360,2,-120,-1.6,7620,7620,7280,68605,505733760,84535951680,11485863,KSQ
071670,KR7071670004,에이테크솔루션,KOSDAQ,중견기업부,8450,2,-590,-6.53,9050,9110,8360,73701,640570575,84500000000,10000000,KSQ
315640,KR7315640003,딥노이드,KOSDAQ,기술성장기업부,2875,2,-170,-5.58,3045,3110,2870,352830,1048694354,84445167000,29372232,KSQ
055490,KR7055490007,테이팩스,KOSPI,,17680,1,80,0.45,18270,18270,16500,100338,1752445425,84327412000,4769650,STK
013870,KR7013870001,지엠비코리아,KOSPI,,4420,2,-95,-2.1,4515,4600,4360,56447,251849280,84299477600,19072280,STK
001260,KR7001260009,남광토건,KOSPI,,8570,2,-330,-3.71,9160,9160,8510,38092,332693745,84265142040,9832572,STK
048430,KR7048430003,유라테크,KOSDAQ,우량기업부,7310,2,-90,-1.22,7450,7800,7300,65449,488470470,84211200000,11520000,KSQ
338100,KR7338100001,NH프라임리츠,KOSPI,,4510,2,-90,-1.96,4600,4680,4510,119578,545883615,84156600000,18660000,STK
036090,KR7036090009,위지트,KOSDAQ,중견기업부,710,0,0,0.0,0,0,0,0,0,84058521640,118392284,KSQ
109070,KR7109070003,주성코퍼레이션,KOSPI,,1591,2,-142,-8.19,1751,1751,1561,729559,1184649470,84021075930,52810230,STK
171120,KR7171120009,라이온켐텍,KOSDAQ,우량기업부,2340,2,-60,-2.5,2415,2415,2290,486151,1130735001,84010118400,35901760,KSQ
950220,KR8840140006,네오이뮨텍,KOSDAQ,기술성장기업부,501,0,0,0.0,0,0,0,0,0,83987339400,167639400,KSQ
451250,KR7451250005,삐아,KOSDAQ,벤처기업부,8210,2,-30,-0.36,8350,8830,8130,70797,595121405,83954450170,10225877,KSQ
049180,KR7049180003,셀루메드,KOSDAQ,투자주의환기종목(소속부없음),1009,0,0,0.0,0,0,0,0,0,83948814126,83200014,KSQ
038680,KR7038680005,에스넷,KOSDAQ,우량기업부,4215,2,-165,-3.77,4455,4540,4155,430978,1858614917,83931786030,19912642,KSQ
183490,KR7183490002,엔지켐생명과학,KOSDAQ,관리종목(소속부없음),990,0,0,0.0,0,0,0,0,0,83793832650,84640235,KSQ
453860,KR7453860009,에이에스텍,KOSDAQ,벤처기업부,13000,2,-300,-2.26,13300,13470,12680,31336,403962390,83777499000,6444423,KSQ
013700,KR7013700000,까뮤이앤씨,KOSPI,,1400,1,155,12.45,1245,1486,1210,3065955,4291814338,83651162000,59750830,STK
299170,KR7299170001,더블유에스아이,KOSDAQ,중견기업부,2015,2,-80,-3.82,2095,2145,1996,848789,1757412367,83645245320,41511288,KSQ
35320K,KR735320K011,대덕전자1우,KOSPI,,39900,2,-4050,-9.22,44400,45900,37650,77343,3169994150,83611208100,2095519,STK
215790,KR7215790007,이노인스트루먼트,KOSDAQ,중견기업부,2075,2,-235,-10.17,2185,2240,1960,4690292,9927474710,83587534175,40283149,KSQ
048910,KR7048910004,대원미디어,KOSDAQ,우량기업부,6610,2,-330,-4.76,6960,6960,6530,304684,2029409865,83146833060,12578946,KSQ
037760,KR7037760006,쎄니트,KOSDAQ,중견기업부,2455,1,55,2.29,2380,2475,2350,62220,152314915,83059821055,33832921,KSQ
459100,KR7459100004,위츠,KOSDAQ,중견기업부,6150,2,-440,-6.68,6590,6650,6000,109541,691716275,82816515000,13466100,KSQ
290660,KR7290660000,다이나믹솔루션,KOSDAQ,기술성장기업부,984,1,68,7.42,960,1008,917,2546409,2463078043,82780458288,84126482,KSQ
071090,KR7071090005,하이스틸,KOSPI,,4090,1,25,0.62,4070,4215,3930,635366,2602482948,82583116390,20191471,STK
001560,KR7001560002,제일연마,KOSPI,,10850,3,0,0.0,10850,11370,10850,7036,77142365,82460000000,7600000,STK
382150,KR7382150001,온코크로스,KOSDAQ,기술성장기업부,6760,2,-330,-4.65,7300,7300,6600,82226,566781780,82444669320,12195957,KSQ
155650,KR7155650005,와이엠씨,KOSDAQ,우량기업부,4340,2,-155,-3.45,4415,4485,4250,186931,818351386,82348713720,18974358,KSQ
128660,KR7128660008,피제이메탈,KOSDAQ,우량기업부,3310,2,-30,-0.9,3360,3440,3260,275637,914742752,82099151390,24803369,KSQ
461030,KR7461030009,아이엠비디엑스,KOSDAQ,기술성장기업부,5720,2,-440,-7.14,6140,6190,5620,108303,634784535,81993437240,14334517,KSQ
060310,KR7060310000,3S,KOSDAQ,벤처기업부,1544,2,-150,-8.85,1694,1720,1529,1559127,2479736760,81923157760,53059040,KSQ
018500,KR7018500009,동원금속,KOSPI,,1751,2,-37,-2.07,1804,1835,1740,347046,617369222,81867887683,46754933,STK
004720,KR7004720009,팜젠사이언스,KOSPI,,3725,2,-115,-2.99,3840,3845,3680,91475,340732915,81780519950,21954502,STK
192250,KR7192250009,케이사인,KOSDAQ,벤처기업부,11550,2,-560,-4.62,12160,12210,11420,65565,766856760,81625293750,7067125,KSQ
036640,KR7036640001,HRS,KOSDAQ,우량기업부,4990,2,-60,-1.19,5040,5120,4985,98471,495942235,81610452000,16354800,KSQ
175250,KR7175250000,아이큐어,KOSDAQ,관리종목(소속부없음),2170,0,0,0.0,0,0,0,0,0,81501658560,37558368,KSQ
100220,KR7100220003,비상교육,KOSPI,,6270,1,40,0.64,6240,6350,6100,62900,390579895,81489566070,12996741,STK
004440,KR7004440004,삼일씨엔에스,KOSPI,,6400,2,-170,-2.59,6580,6590,6250,42999,274800185,81484460800,12731947,STK
092300,KR7092300003,현우산업,KOSDAQ,우량기업부,4275,2,-140,-3.17,4490,4972,4120,1867685,8534297242,81438476400,19049936,KSQ
002800,KR7002800001,신신제약,KOSDAQ,우량기업부,5360,2,-140,-2.55,5500,5530,5350,62699,340040600,81313880000,15170500,KSQ
216050,KR7216050005,인크로스,KOSDAQ,중견기업부,6330,2,-50,-0.78,6410,6440,6210,93294,588846330,81297595260,12843222,KSQ
007590,KR7007590003,동방아그로,KOSPI,,5970,3,0,0.0,6020,6090,5940,12474,74793775,81296934690,13617577,STK
033320,KR7033320003,제이씨현시스템,KOSDAQ,벤처기업부,4250,2,-125,-2.86,4375,4405,4150,210370,897338735,81236336000,19114432,KSQ
011320,KR7011320009,유니크,KOSDAQ,우량기업부,4200,2,-190,-4.33,4335,4375,4160,97197,413120035,81146919000,19320695,KSQ
032850,KR7032850000,비트컴퓨터,KOSDAQ,벤처기업부,4880,2,-130,-2.59,5020,5080,4810,238814,1170699529,81121669840,16623293,KSQ
347000,KR7347000002,센코,KOSDAQ,기술성장기업부,2145,2,-120,-5.3,2255,2255,2110,504984,1101867535,81104264670,37810846,KSQ
412540,KR7412540007,제일엠앤에스,KOSDAQ,관리종목(소속부없음),3935,0,0,0.0,0,0,0,0,0,81063616775,20600665,KSQ
145170,KR7145170007,노브랜드,KOSDAQ,중견기업부,4785,2,-315,-6.18,5120,5470,4755,896090,4580258150,80906717925,16908405,KSQ
134580,KR7134580000,탑코미디어,KOSDAQ,중견기업부,1639,2,-41,-2.44,1700,1785,1590,101587,167552580,80793110211,49294149,KSQ
053280,KR7053280004,예스24,KOSDAQ,중견기업부,3220,2,-30,-0.92,3260,3285,3120,44073,141711426,80500000000,25000000,KSQ
046210,KR7046210001,HLB파나진,KOSDAQ,벤처기업부,1765,2,-68,-3.71,1833,1849,1740,149431,266004535,80356849400,45527960,KSQ
443250,KR7443250006,레뷰코퍼레이션,KOSDAQ,벤처기업부,7210,1,160,2.27,7030,7250,6940,54529,387677660,80303249600,11137760,KSQ
023810,KR7023810005,인팩,KOSPI,,8030,3,0,0.0,8040,8190,7700,40752,322385980,80300000000,10000000,STK
208140,KR7208140004,정다운,KOSDAQ,우량기업부,2455,2,-10,-0.41,2465,2485,2430,89461,219173130,80239823930,32684246,KSQ
478560,KR7478560006,블랙야크아이앤씨,KOSDAQ,벤처기업부,3105,2,-160,-4.9,3240,3255,3040,169615,527322052,80203075290,25830298,KSQ
037440,KR7037440005,희림,KOSDAQ,우량기업부,5760,2,-340,-5.57,6200,6330,5590,804607,4729630165,80193456000,13922475,KSQ
102370,KR7102370004,케이옥션,KOSDAQ,기술성장기업부,2940,1,15,0.51,2960,3000,2855,97501,285001930,80053877400,27229210,KSQ
111710,KR7111710000,남화산업,KOSDAQ,중견기업부,3880,2,-5,-0.13,3865,3885,3845,782,3022090,79881440000,20588000,KSQ
001470,KR7001470004,삼부토건,KOSPI,,347,0,0,0.0,0,0,0,0,0,79699592928,229681824,STK
126880,KR7126880004,제이엔케이글로벌,KOSDAQ,우량기업부,3430,2,-70,-2.0,3560,3580,3380,183749,635502312,79592817290,23204903,KSQ
222160,KR7222160004,NPX,KOSDAQ,관리종목(소속부없음),8040,0,0,0.0,0,0,0,0,0,79551289560,9894439,KSQ
123010,KR7123010001,알엔티엑스,KOSDAQ,기술성장기업부,2365,2,-185,-7.25,2550,2590,2260,1870115,4458728554,79516661455,33622267,KSQ
241790,KR7241790005,티이엠씨씨엔에스,KOSDAQ,우량기업부,7940,2,-610,-7.13,8770,8770,7700,150848,1212649505,79420913960,10002634,KSQ
214330,KR7214330003,금호에이치티,KOSPI,,3640,2,-130,-3.45,3750,3800,3590,50237,183595949,79368929640,21804651,STK
003010,KR7003010006,혜인,KOSPI,,6230,2,-250,-3.86,6520,6590,6170,285154,1790884015,79200413810,12712747,STK
215360,KR7215360009,우리산업,KOSDAQ,우량기업부,8670,2,-260,-2.91,9090,9270,8590,75355,676186825,79175853210,9132163,KSQ
291650,KR7291650000,압타머사이언스,KOSDAQ,기술성장기업부,1291,2,-4,-0.31,1295,1343,1221,178695,228523031,78801661422,61039242,KSQ
014470,KR7014470009,부방,KOSDAQ,벤처기업부,1308,1,24,1.87,1285,1318,1270,134981,173719079,78548356080,60052260,KSQ
006090,KR7006090005,사조오양,KOSPI,,8290,1,60,0.73,8230,8330,8170,2975,24619710,78114506310,9422739,STK
095910,KR7095910006,에스에너지,KOSDAQ,중견기업부,2090,2,-395,-15.9,2480,2480,2050,3437202,7714360394,77950539810,37296909,KSQ
320000,KR7320000003,한울반도체,KOSDAQ,중견기업부,11670,2,-1830,-13.56,13500,13560,11510,328996,3988244365,77825012700,6668810,KSQ
068290,KR7068290006,삼성출판사,KOSPI,,7780,2,-20,-0.26,7800,8000,7630,29443,228554715,77800000000,10000000,STK
016090,KR7016090003,대현,KOSPI,,1756,2,-1,-0.06,1760,1786,1732,190998,334377451,77759736360,44282310,STK
019990,KR7019990001,에너토크,KOSDAQ,중견기업부,7970,2,-800,-9.12,8810,8960,7820,310672,2547246780,77756021360,9756088,KSQ
187420,KR7187420005,HLB제넥스,KOSDAQ,기술성장기업부,2395,2,-25,-1.03,2435,2505,2340,118095,282350845,77693802395,32440001,KSQ
012690,KR7012690004,모나리자,KOSPI,,2120,2,-100,-4.5,2225,2225,2100,350419,746569011,77531060600,36571255,STK
009200,KR7009200007,무림페이퍼,KOSPI,,1863,2,-8,-0.43,1871,1895,1863,214769,402446592,77518144530,41609310,STK
123420,KR7123420002,위메이드플레이,KOSDAQ,우량기업부,7330,2,-90,-1.21,7500,7690,7110,35671,263988820,77348608220,10552334,KSQ
480370,KR7480370006,씨케이솔루션,KOSPI,,2375,2,-125,-5.0,2500,2650,2330,373727,928767424,77143344000,32481408,STK
007280,KR7007280001,한국특강,KOSPI,,2535,2,-45,-1.74,2620,2705,2525,27879,71891960,77080870425,30406655,STK
014950,KR7014950000,삼익제약,KOSDAQ,벤처기업부,7700,2,-450,-5.52,8300,8300,7520,69202,538698780,77058427600,10007588,KSQ
000850,KR7000850008,화천기공,KOSPI,,35000,1,300,0.86,34800,35500,34200,15417,535518400,77000000000,2200000,STK
223310,KR7223310004,사토시홀딩스,KOSDAQ,중견기업부,14790,4,3410,29.96,14790,14790,14790,172877,2556850830,76976655180,5204642,KSQ
060560,KR7060560000,HC홈센타,KOSDAQ,중견기업부,3030,2,-50,-1.62,3080,3355,3030,44630,140196565,76925643030,25388001,KSQ
109080,KR7109080002,옵티시스,KOSDAQ,벤처기업부,13640,2,-810,-5.61,14500,14740,13430,117670,1650478065,76875040000,5636000,KSQ
120115,KR7120111000,코오롱인더우,KOSPI,,27650,2,-700,-2.47,28350,28650,27150,12219,339124750,76531329000,2767860,STK
080010,KR7080010002,이상네트웍스,KOSDAQ,중견기업부,7760,1,140,1.84,7620,8150,7500,17629,135817540,76320150960,9835071,KSQ
263800,KR7263800005,데이타솔루션,KOSDAQ,중견기업부,4700,2,-235,-4.76,4985,5040,4650,152899,736114265,76259286000,16225380,KSQ
066980,KR7066980004,한성크린텍,KOSDAQ,벤처기업부,1468,2,-146,-9.05,1613,1630,1449,851896,1292361549,76240763500,51935125,KSQ
033130,KR7033130006,디지틀조선,KOSDAQ,중견기업부,2050,2,-40,-1.91,2090,2115,1992,425222,863406873,76086297350,37115267,KSQ
017480,KR7017480005,삼현철강,KOSDAQ,우량기업부,4825,2,-5,-0.1,4830,4925,4785,91375,442713792,75766444250,15702890,KSQ
305090,KR7305090003,마이크로디지탈,KOSDAQ,기술성장기업부,4065,2,-235,-5.47,4350,4390,3920,238835,992742839,75588898575,18595055,KSQ
027830,KR7027830009,대성창투,KOSDAQ,중견기업부,1399,2,-39,-2.71,1440,1440,1390,268603,378136967,75546000000,54000000,KSQ
006880,KR7006880009,신송홀딩스,KOSPI,,6380,2,-90,-1.39,6510,6520,6300,67691,432874550,75468114040,11828858,STK
053450,KR7053450003,세코닉스,KOSDAQ,우량기업부,5100,2,-180,-3.41,5300,5400,4970,162377,827915320,75443295300,14792803,KSQ
032540,KR7032540007,TJ미디어,KOSDAQ,우량기업부,3600,3,0,0.0,3600,3615,3535,11309,40235460,75230686800,20897413,KSQ
189330,KR7189330004,씨이랩,KOSDAQ,기술성장기업부,8010,2,-1130,-12.36,9280,9510,7910,772069,6700001110,75152094840,9382284,KSQ
016250,KR7016250003,SGC E&C,KOSDAQ,중견기업부,14900,2,-450,-2.93,15350,15590,14770,17835,268785180,75051091400,5036986,KSQ
043710,KR7043710003,코스리거글로벌,KOSDAQ,중견기업부,4325,1,140,3.35,4185,4480,4185,18843,81686740,74876571150,17312502,KSQ
045660,KR7045660008,에이텍,KOSDAQ,우량기업부,9060,2,-140,-1.52,9200,9220,8930,71964,652207090,74835600000,8260000,KSQ
290670,KR7290670009,대보마그네틱,KOSDAQ,중견기업부,9520,2,-660,-6.48,10100,10170,9440,66884,650189625,74804923200,7857660,KSQ
214260,KR7214260002,라파스,KOSDAQ,기술성장기업부,8370,2,-260,-3.01,8630,8920,8100,37224,311699620,74681015310,8922463,KSQ
069730,KR7069730000,DSR제강,KOSPI,,5180,3,0,0.0,5180,5250,5020,42724,218889750,74592000000,14400000,STK
163280,KR7163280001,에어레인,KOSDAQ,기술성장기업부,5480,3,0,0.0,5500,5650,5360,162431,884664860,74544867440,13603078,KSQ
900250,KYG2115T1076,크리스탈신소재,KOSDAQ,외국기업(소속부없음),520,2,-1,-0.19,529,541,508,1230004,640951805,74495202080,143260004,KSQ
479960,KR7479960007,위너스일렉,KOSDAQ,중견기업부,10870,2,-170,-1.54,10950,11090,10440,51094,545251020,74470370000,6851000,KSQ
234100,KR7234100006,폴라리스세원,KOSDAQ,우량기업부,1020,0,0,0.0,0,0,0,0,0,74468346660,73008183,KSQ
010040,KR7010040004,한국내화,KOSPI,,1812,1,21,1.17,1796,1865,1790,43552,78520167,74413516344,41067062,STK
417790,KR7417790003,트루엔,KOSDAQ,벤처기업부,7100,2,-350,-4.7,7450,7450,6990,75818,547207425,74325576100,10468391,KSQ
040610,KR7040610008,SG&G,KOSDAQ,중견기업부,2175,0,0,0.0,0,0,0,0,0,74139651300,34087196,KSQ
452400,KR7452400005,이닉스,KOSDAQ,우량기업부,8160,2,-340,-4.0,8500,8510,8100,27135,224558500,74022852480,9071428,KSQ
004060,KR7004060000,SG세계물산,KOSPI,,3655,2,-195,-5.06,3870,3870,3600,435927,1622434625,73986322880,20242496,STK
009770,KR7009770009,삼정펄프,KOSPI,,29450,2,-50,-0.17,29650,29775,29100,1251,36950850,73624145950,2499971,STK
024910,KR7024910002,경창산업,KOSDAQ,중견기업부,2055,2,-115,-5.3,2190,2285,2045,1046172,2277947094,73608055275,35819005,KSQ
204840,KR7204840003,지엘팜텍,KOSDAQ,기술성장기업부,948,2,-30,-3.07,978,978,946,317905,304929619,73516457688,77549006,KSQ
424980,KR7424980001,마이크로투나노,KOSDAQ,기술성장기업부,12370,2,-490,-3.81,12860,14690,12120,120503,1609256100,73216669300,5918890,KSQ
089850,KR7089850002,유비벨록스,KOSDAQ,우량기업부,4965,2,-85,-1.68,5050,5160,4860,48093,240170920,73135438035,14730199,KSQ
104620,KR7104620000,노랑풍선,KOSDAQ,중견기업부,4350,2,-190,-4.19,4595,4700,4300,160337,707849650,73125901200,16810552,KSQ
333620,KR7333620003,엔시스,KOSDAQ,벤처기업부,6920,2,-520,-6.99,7430,7440,6870,89824,637046215,73049900480,10556344,KSQ
027050,KR7027050004,코리아나,KOSDAQ,중견기업부,1820,2,-23,-1.25,1843,1945,1795,359901,661828439,72800000000,40000000,KSQ
153710,KR7153710009,옵티팜,KOSDAQ,기술성장기업부,4960,1,5,0.1,5050,5050,4880,36815,181997070,72762991680,14669958,KSQ
189860,KR7189860000,서전기전,KOSDAQ,벤처기업부,7500,2,-600,-7.41,8100,8110,7330,389157,2972964430,72740850000,9698780,KSQ
340360,KR7340360007,다보링크,KOSDAQ,투자주의환기종목(소속부없음),1396,2,-26,-1.83,1422,1436,1339,319112,440133349,72679629712,52062772,KSQ
900260,HK0000295359,로스웰,KOSDAQ,외국기업(소속부없음),1576,2,-2,-0.13,1578,1592,1569,45859,72809887,72542816656,46029706,KSQ
214270,KR7214270001,FSN,KOSDAQ,중견기업부,1601,2,-37,-2.26,1697,1697,1516,627912,978156705,72452590585,45254585,KSQ
348080,KR7348080003,큐라티스,KOSDAQ,중견기업부,627,2,-30,-4.57,657,658,585,661084,405818917,72387012687,115449781,KSQ
373200,KR7373200005,엑스플러스,KOSDAQ,벤처기업부,643,0,0,0.0,0,0,0,0,0,72325014869,112480583,KSQ
180060,KR7180060006,탑선,KONEX,일반기업부,7710,2,-550,-6.66,8000,8200,7510,4384,33738590,72070504860,9347666,KNX
122310,KR7122310006,제노레이,KOSDAQ,우량기업부,4950,1,35,0.71,4915,5170,4830,71914,360477815,72041527800,14553844,KSQ
002795,KR7002791002,아모레퍼시픽홀딩스우,KOSPI,,11280,2,-190,-1.66,11470,11490,11150,17090,192356650,71979620160,6381172,STK
234920,KR7234920007,자이글,KOSDAQ,관리종목(소속부없음),5310,0,0,0.0,0,0,0,0,0,71849132100,13530910,KSQ
042110,KR7042110007,에스씨디,KOSDAQ,우량기업부,1485,1,17,1.16,1474,1516,1443,458635,673495682,71769402540,48329564,KSQ
111110,KR7111110003,호전실업,KOSPI,,7650,1,130,1.73,7530,7770,7520,59496,454674230,71726400000,9376000,STK
041460,KR7041460007,한국전자인증,KOSDAQ,중견기업부,3775,2,-70,-1.82,3855,3880,3715,125248,476796800,71725000000,19000000,KSQ
099220,KR7099220006,SDN,KOSDAQ,중견기업부,1104,2,-107,-8.84,1208,1208,1096,1049158,1183826470,71698562400,64944350,KSQ
001620,KR7001620004,케이비아이동국실업,KOSPI,,642,0,0,0.0,0,0,0,0,0,71450125902,111293031,STK
207760,KR7207760000,미스터블루,KOSDAQ,중견기업부,860,2,-37,-4.12,879,897,859,286644,250851646,71448613380,83079783,KSQ
408900,KR7408900009,스튜디오미르,KOSDAQ,중견기업부,2180,2,-90,-3.96,2270,2275,2150,155235,342854080,71401385220,32752929,KSQ
003780,KR7003780004,진양산업,KOSPI,,5490,2,-130,-2.31,5650,5750,5450,210958,1174024560,71370000000,13000000,STK
184230,KR7184230001,SGA솔루션즈,KOSDAQ,벤처기업부,754,0,0,0.0,0,0,0,0,0,71207681584,94439896,KSQ
094850,KR7094850005,참좋은여행,KOSDAQ,우량기업부,5080,2,-130,-2.5,5300,5300,5080,39256,203570240,71120000000,14000000,KSQ
352910,KR7352910004,오비고,KOSDAQ,기술성장기업부,5620,2,-180,-3.1,5800,5970,5600,66472,384915710,71024447240,12637802,KSQ
360350,KR7360350003,코셈,KOSDAQ,기술성장기업부,12390,1,320,2.65,12080,13240,11870,97515,1203303840,70969548300,5727970,KSQ
040350,KR7040350001,크레오에스지,KOSDAQ,벤처기업부,3635,1,120,3.41,3450,3735,3360,103465,366236907,70957133820,19520532,KSQ
332370,KR7332370006,아이디피,KOSDAQ,벤처기업부,5340,1,60,1.14,5300,5480,5220,20492,109842010,70881696840,13273726,KSQ
446840,KR7446840001,지슨,KOSDAQ,기술성장기업부,1284,2,-16,-1.23,1280,1355,1240,125247,159211819,70726678572,55083083,KSQ
072470,KR7072470008,우리산업홀딩스,KOSDAQ,중견기업부,3735,2,-75,-1.97,3755,3910,3560,127174,481791867,70544218635,18887341,KSQ
003925,KR7003921004,남양유업우,KOSPI,,35250,2,-1050,-2.89,36300,36950,35100,10073,363452000,70500000000,2000000,STK
061250,KR7061250007,화일약품,KOSDAQ,우량기업부,8370,2,-50,-0.59,8270,8600,8230,21775,183241960,70455178080,8417584,KSQ
159580,KR7159580000,제로투세븐,KOSDAQ,중견기업부,3515,2,-115,-3.17,3590,3630,3445,64378,225937330,70414715540,20032636,KSQ
012790,KR7012790002,신일제약,KOSDAQ,우량기업부,5850,2,-80,-1.35,5950,5960,5810,69469,408480585,70120527750,11986415,KSQ
155660,KR7155660004,DSR,KOSPI,,4380,1,195,4.66,4200,4415,4125,77986,335298967,70080000000,16000000,STK
039240,KR7039240007,경남스틸,KOSDAQ,우량기업부,2595,2,-70,-2.63,2665,2670,2510,165476,432313389,70012072380,26979604,KSQ
043650,KR7043650001,국순당,KOSDAQ,중견기업부,3920,2,-135,-3.33,4015,4055,3920,46483,184185260,70004551680,17858304,KSQ
127980,KR7127980001,화인써키트,KOSDAQ,중견기업부,5910,2,-420,-6.64,6330,6360,5640,82704,489205930,69978442440,11840684,KSQ
317690,KR7317690006,퀀타매트릭스,KOSDAQ,기술성장기업부,3470,2,-125,-3.48,3595,3630,3460,157743,553592950,69868550630,20135029,KSQ
039420,KR7039420005,케이엘넷,KOSDAQ,중견기업부,3035,2,-20,-0.65,3060,3090,3005,62738,190704460,69644126790,22946994,KSQ
347740,KR7347740003,피엔케이피부임상연구센타,KOSDAQ,벤처기업부,2320,2,-55,-2.32,2375,2440,2195,192844,444292248,69624536320,30010576,KSQ
049550,KR7049550007,잉크테크,KOSDAQ,우량기업부,3550,2,-10,-0.28,3560,3705,3525,49711,179052080,69602283350,19606277,KSQ
073640,KR7073640005,테라사이언스,KOSDAQ,관리종목(소속부없음),654,0,0,0.0,0,0,0,0,0,69571715580,106378770,KSQ
162300,KR7162300008,신스틸,KOSDAQ,우량기업부,1674,2,-43,-2.5,1715,1715,1600,152987,254294686,69423093468,41471382,KSQ
053050,KR7053050001,지에스이,KOSDAQ,우량기업부,2315,2,-10,-0.43,2310,2327,2275,255684,587436222,69421287055,29987597,KSQ
036000,KR7036000008,예림당,KOSDAQ,중견기업부,3010,2,-120,-3.83,3215,3215,3000,112173,341341890,69333173770,23034277,KSQ
435570,KR7435570007,에르코스,KOSDAQ,벤처기업부,9090,2,-210,-2.26,9820,9820,8980,37055,338998350,69238375470,7616983,KSQ
004540,KR7004540001,깨끗한나라,KOSPI,,1858,2,-30,-1.59,1890,1935,1858,127663,242275226,69193207594,37240693,STK
456570,KR7456570001,아이엠지티,KONEX,일반기업부,13140,2,-50,-0.38,13490,13490,12010,1110,14268560,69179524560,5264804,KNX
021050,KR7021050000,서원,KOSPI,,1457,2,-163,-10.06,1620,1620,1435,1602994,2413266605,69170477630,47474590,STK
010470,KR7010470003,오리콤,KOSDAQ,우량기업부,5770,1,60,1.05,5740,5880,5650,32282,186496010,69096038500,11975050,KSQ
000725,KR7000721001,현대건설우,KOSPI,,65500,2,-5000,-7.09,70500,70500,65000,17812,1194754700,69082391500,1054693,STK
109860,KR7109860007,동일금속,KOSDAQ,우량기업부,7570,2,-40,-0.53,7610,7650,7520,5993,45528640,68887000000,9100000,KSQ
005670,KR7005670005,푸드웰,KOSDAQ,우량기업부,6880,1,60,0.88,6780,7300,6660,101281,694034865,68800000000,10000000,KSQ
067920,KR7067920009,이글루,KOSDAQ,우량기업부,6250,3,0,0.0,6330,6450,6070,103214,642618695,68725743750,10996119,KSQ
064240,KR7064240005,홈캐스트,KOSDAQ,벤처기업부,1978,2,-37,-1.84,2015,2040,1931,269379,528033944,68625228478,34694251,KSQ
001465,KR7001461003,BYC우,KOSPI,,31750,2,-1050,-3.2,32700,32700,31350,1757,56588650,68384737500,2153850,STK
256630,KR7256630005,포인트엔지니어링,KOSDAQ,벤처기업부,1175,0,0,0.0,0,0,0,0,0,68146559600,57997072,KSQ
099410,KR7099410003,동방선기,KOSDAQ,벤처기업부,4865,2,-255,-4.98,5140,5250,4750,354516,1767225615,68110000000,14000000,KSQ
136410,KR7136410008,아셈스,KOSDAQ,벤처기업부,6180,2,-310,-4.78,6560,6560,6120,76832,478713400,68098075080,11019106,KSQ
001550,KR7001550003,조비,KOSPI,,13110,2,-390,-2.89,13510,13690,13030,86103,1141639820,68070253290,5192239,STK
288620,KR7288620008,에스프리즘,KOSDAQ,벤처기업부,9750,2,-660,-6.34,10410,10680,9750,77348,776992120,68048331000,6979316,KSQ
396690,KR7396690000,미래에셋글로벌리츠,KOSPI,,1716,1,5,0.29,1779,1779,1705,163022,279855139,67963793040,39605940,STK
036120,KR7036120004,서울평가정보,KOSDAQ,중견기업부,1933,1,38,2.01,1900,1952,1872,156689,300422203,67935285000,35145000,KSQ
000220,KR7000220004,유유제약,KOSPI,,3980,2,-70,-1.73,4055,4080,3945,100758,401870760,67788756980,17032351,STK
047400,KR7047400007,유니온머티리얼,KOSPI,,1613,2,-200,-11.03,1796,1800,1598,1817729,3017739477,67746000000,42000000,STK
054930,KR7054930003,유신,KOSDAQ,우량기업부,22550,2,-850,-3.63,23550,23550,22550,20209,461652525,67650000000,3000000,KSQ
222420,KR7222420002,쎄노텍,KOSDAQ,벤처기업부,1397,2,-163,-10.45,1580,1580,1350,925005,1341172700,67640676631,48418523,KSQ
129260,KR7129260006,인터지스,KOSPI,,2270,2,-30,-1.3,2295,2325,2270,77804,178131397,67527673980,29747874,STK
101140,KR7101140002,인바이오젠,KOSPI,,6690,2,-240,-3.46,6930,6950,6540,10953,73094665,67195805040,10044216,STK
024900,KR7024900003,디와이덕양,KOSPI,,2060,2,-55,-2.6,2115,2165,2035,156880,328099589,67083858800,32564980,STK
378800,KR7378800007,샤페론,KOSDAQ,기술성장기업부,1447,2,-132,-8.36,1579,1582,1420,1351943,2010175035,66913665857,46243031,KSQ
039020,KR7039020003,이건홀딩스,KOSDAQ,중견기업부,2960,2,-50,-1.66,3010,3065,2955,109609,328407095,66850738640,22584709,KSQ
331380,KR7331380006,포커스에이아이,KOSDAQ,투자주의환기종목(소속부없음),2060,2,-50,-2.37,2170,2195,1950,337412,701559289,66767667340,32411489,KSQ
006980,KR7006980007,우성,KOSPI,,21550,2,-900,-4.01,22450,22500,21500,9465,207327225,66589500000,3090000,STK
010240,KR7010240000,흥국,KOSDAQ,우량기업부,5680,1,140,2.53,5680,5850,5540,106904,609050340,66490080000,11706000,KSQ
378850,KR7378850002,화승알앤에이,KOSPI,,3500,2,-250,-6.67,3750,3760,3440,366035,1311546278,66477680500,18993623,STK
0013V0,KR70013V0002,삼진식품,KOSDAQ,중견기업부,6700,2,-150,-2.19,6870,7350,6590,329215,2298252285,66454995200,9918656,KSQ
033170,KR7033170002,시그네틱스,KOSDAQ,중견기업부,775,2,-47,-5.72,821,855,769,764689,614772962,66439447225,85728319,KSQ
246690,KR7246690002,TS인베스트먼트,KOSDAQ,중견기업부,1421,2,-131,-8.44,1550,1573,1405,771384,1128597101,66429887069,46748689,KSQ
384470,KR7384470001,코어라인소프트,KOSDAQ,기술성장기업부,3700,2,-70,-1.86,3775,3795,3475,152415,552172508,66402760400,17946692,KSQ
126640,KR7126640002,화신정공,KOSDAQ,우량기업부,1893,2,-28,-1.46,1911,2045,1820,2526801,4873562687,66360837630,35055910,KSQ
317850,KR7317850006,대모,KOSDAQ,벤처기업부,7950,2,-380,-4.56,8340,8430,7900,173292,1405419160,66179139000,8324420,KSQ
294140,KR7294140009,레몬,KOSDAQ,관리종목(소속부없음),2950,2,-130,-4.22,3080,3080,2925,86976,258095310,66123713100,22414818,KSQ
457370,KR7457370005,한켐,KOSDAQ,중견기업부,8200,2,-480,-5.53,8890,8890,8100,58915,496874155,66109498800,8062134,KSQ
036670,KR7036670008,삼양케이씨아이,KOSDAQ,우량기업부,5850,2,-30,-0.51,5880,5940,5700,87975,507989930,65929500000,11270000,KSQ
198080,KR7198080004,캐프,KOSDAQ,우량기업부,3060,2,-220,-6.71,3290,3445,3000,320427,1015235956,65897666100,21535185,KSQ
199550,KR7199550005,레이저옵텍,KOSDAQ,벤처기업부,4435,2,-185,-4.0,4620,4695,4370,177012,792314255,65841083085,14845791,KSQ
011390,KR7011390002,부산산업,KOSPI,,62000,2,-5500,-8.15,67000,67400,62000,17230,1100524300,65472000000,1056000,STK
007370,KR7007370000,진양제약,KOSDAQ,우량기업부,4630,2,-65,-1.38,4660,4715,4590,31989,148152335,65443137810,14134587,KSQ
317530,KR7317530004,에피소드컴퍼니,KOSDAQ,기술성장기업부,3730,1,45,1.22,3900,3900,3515,18258,68056241,65255909860,17494882,KSQ
307870,KR7307870006,비투엔,KOSDAQ,벤처기업부,877,2,-97,-9.96,974,990,852,1024678,919583275,65160472945,74299285,KSQ
097800,KR7097800007,윈팩,KOSDAQ,중견기업부,477,0,0,0.0,0,0,0,0,0,65086759233,136450229,KSQ
250030,KR7250030004,진코스텍,KONEX,일반기업부,22500,2,-3150,-12.28,26000,26000,22050,10862,261592000,65068492500,2891933,KNX
033310,KR7033310004,엠투엔,KOSDAQ,중견기업부,1625,2,-49,-2.93,1674,1674,1614,166352,272289482,64955241000,39972456,KSQ
092780,KR7092780006,DYP,KOSPI,,4925,2,-175,-3.43,5230,5260,4875,80428,402391320,64854665500,13168460,STK
444530,KR7444530000,심플랫폼,KOSDAQ,기술성장기업부,10100,2,-350,-3.35,10450,10450,9550,64002,632131690,64828304400,6418644,KSQ
229000,KR7229000005,젠큐릭스,KOSDAQ,기술성장기업부,2765,2,-325,-10.52,3070,3070,2765,1216658,3463783105,64778876225,23428165,KSQ
260930,KR7260930003,씨티케이,KOSDAQ,중견기업부,3345,2,-155,-4.43,3500,3555,3325,72206,244300135,64697621895,19341591,KSQ
460470,KR7460470008,아이빔테크놀로지,KOSDAQ,기술성장기업부,4265,1,240,5.96,4200,4445,4010,308353,1320965815,64484113050,15119370,KSQ
004830,KR7004830006,덕성,KOSPI,,4110,2,-160,-3.75,4275,4285,4080,199134,826930359,64444800000,15680000,STK
100030,KR7100030006,인지소프트,KOSDAQ,중견기업부,19580,2,-230,-1.16,20050,20100,18800,21408,417471280,64295120120,3283714,KSQ
373160,KR7373160001,데이원컴퍼니,KOSDAQ,기술성장기업부,4655,1,15,0.32,4640,4710,4555,51017,237484970,64273768195,13807469,KSQ
000910,KR7000910000,유니온,KOSPI,,4115,2,-270,-6.16,4385,4400,4100,281922,1189131834,64241812185,15611619,STK
372910,KR7372910000,한컴라이프케어,KOSPI,,2320,2,-20,-0.85,2355,2405,2300,87468,203870923,64204621920,27674406,STK
007815,KR7007811003,코리아써우,KOSPI,,21600,2,-1600,-6.9,23500,23550,21500,2016,45304600,64037304000,2964690,STK
104540,KR7104540000,코렌텍,KOSDAQ,기술성장기업부,4995,2,-175,-3.38,5170,5170,4980,64665,326643966,63864771300,12785740,KSQ
450330,KR7450330006,하스,KOSDAQ,기술성장기업부,7800,1,710,10.01,7150,7920,6980,232071,1763323680,63857375400,8186843,KSQ
092440,KR7092440007,기신정기,KOSPI,,2185,2,-25,-1.13,2200,2210,2170,38061,82935040,63802000000,29200000,STK
060570,KR7060570009,드림어스컴퍼니,KOSDAQ,중견기업부,860,2,-64,-6.93,924,953,860,323415,285222221,63727352780,74101573,KSQ
143540,KR7143540003,영우디에스피,KOSDAQ,벤처기업부,1428,1,6,0.42,1422,1520,1350,757943,1094290405,63688650060,44599895,KSQ
296160,KR7296160005,프로젠,KONEX,일반기업부,4140,2,-405,-8.91,4400,4570,4140,13959,60244845,63652827060,15375079,KNX
038060,KR7038060000,루멘스,KOSDAQ,중견기업부,1319,2,-51,-3.72,1415,1419,1255,722682,936130622,63447948011,48103069,KSQ
219550,KR7219550001,디와이디,KOSDAQ,관리종목(소속부없음),1640,2,-19,-1.15,1710,1748,1604,134054,220001438,63422501480,38672257,KSQ
198440,KR7198440000,강동씨앤엘,KOSDAQ,중견기업부,1040,2,-6,-0.57,1050,1099,1030,71804,74811243,63369171840,60931896,KSQ
037230,KR7037230000,한국팩키지,KOSDAQ,우량기업부,2125,2,-10,-0.47,2135,2175,2075,188963,397560354,63325694875,29800327,KSQ
088910,KR7088910005,동우팜투테이블,KOSDAQ,우량기업부,2450,3,0,0.0,2460,2525,2400,252190,623245415,63287821800,25831764,KSQ
072990,KR7072990005,에이치시티,KOSDAQ,우량기업부,4365,2,-185,-4.07,4515,4570,4310,127901,564189602,63284669190,14498206,KSQ
089790,KR7089790000,제이티,KOSDAQ,벤처기업부,6130,2,-210,-3.31,6710,7000,6050,666564,4391465765,63234094690,10315513,KSQ
058730,KR7058730003,다스코,KOSPI,,3150,2,-150,-4.55,3300,3430,3130,92939,297807980,62836896150,19948221,STK
261520,KR7261520001,이지스,KOSDAQ,기술성장기업부,6110,2,-500,-7.56,6550,6740,6070,163161,1019942910,62797358000,10277800,KSQ
263690,KR7263690000,디알젬,KOSDAQ,우량기업부,5540,2,-150,-2.64,6180,6180,5470,163596,946886650,62743879400,11325610,KSQ
052220,KR7052220001,iMBC,KOSDAQ,중견기업부,2725,2,-60,-2.15,2785,2810,2705,165361,453875359,62675000000,23000000,KSQ
185490,KR7185490000,아이진,KOSDAQ,벤처기업부,1449,2,-31,-2.09,1480,1504,1418,301974,434867806,62639957016,43229784,KSQ
094970,KR7094970001,제이엠티,KOSDAQ,벤처기업부,3740,2,-355,-8.67,4105,4275,3695,446209,1738014350,62638417600,16748240,KSQ
001840,KR7001840008,이화공영,KOSDAQ,관리종목(소속부없음),2215,0,0,0.0,0,0,0,0,0,62588831935,28256809,KSQ
053270,KR7053270005,구영테크,KOSDAQ,우량기업부,2280,2,-55,-2.36,2335,2395,2260,423888,989928698,62495723400,27410405,KSQ
004410,KR7004410007,서울식품,KOSPI,,158,0,0,0.0,0,0,0,0,0,62338921488,394550136,STK
065500,KR7065500001,오리엔트정공,KOSDAQ,중견기업부,1875,2,-49,-2.55,1922,1959,1860,225585,430987225,62330460000,33242912,KSQ
351330,KR7351330006,이삭엔지니어링,KOSDAQ,벤처기업부,7520,2,-250,-3.22,7660,8420,7390,187287,1507270210,62329670400,8288520,KSQ
196450,KR7196450001,코아시아씨엠,KOSDAQ,중견기업부,1375,2,-107,-7.22,1500,1699,1331,5388112,8077839630,62314425250,45319582,KSQ
294090,KR7294090006,이오플로우,KOSDAQ,관리종목(소속부없음),1490,0,0,0.0,0,0,0,0,0,62295566450,41809105,KSQ
246960,KR7246960009,SCL사이언스,KOSDAQ,기술성장기업부,1830,2,-58,-3.07,1949,1949,1828,98645,182537548,62251196010,34017047,KSQ
147760,KR7147760003,피엠티,KOSDAQ,벤처기업부,5750,2,-720,-11.13,6470,6620,5340,148553,905473680,62214229500,10819866,KSQ
053350,KR7053350005,이니텍,KOSDAQ,중견기업부,2825,1,25,0.89,2795,2870,2700,113540,314576045,62209508625,22021065,KSQ
002760,KR7002760007,보락,KOSPI,,1038,2,-35,-3.26,1070,1070,1027,800307,832771907,62176200000,59900000,STK
037330,KR7037330008,인지디스플레,KOSDAQ,우량기업부,1415,2,-33,-2.28,1448,1460,1405,50916,72462495,62097591960,43885224,KSQ
004780,KR7004780003,대륙제관,KOSDAQ,우량기업부,3900,2,-60,-1.52,3975,3975,3890,16643,65162360,62022476100,15903199,KSQ
170790,KR7170790000,파이오링크,KOSDAQ,우량기업부,9690,2,-290,-2.91,10180,10220,9540,80289,781279360,61990176150,6397335,KSQ
196300,KR7196300008,HLB펩,KOSDAQ,관리종목(소속부없음),6600,1,10,0.15,6590,6610,6300,14656,94051310,61884497400,9376439,KSQ
008370,KR7008370009,원풍,KOSDAQ,우량기업부,5150,1,30,0.59,5120,5190,5120,6216,31957450,61800000000,12000000,KSQ
299900,KR7299900001,위지윅스튜디오,KOSDAQ,중견기업부,361,2,-18,-4.75,395,396,361,432492,162513967,61748647124,171048884,KSQ
460870,KR7460870009,에스엠씨지,KOSDAQ,벤처기업부,3075,2,-130,-4.06,3205,3295,3050,208451,656884152,61725409800,20073304,KSQ
458350,KR7458350006,에스팀,KOSDAQ,중견기업부,7100,2,-590,-7.67,7820,7820,7030,107270,779045985,61650720000,8683200,KSQ
005305,KR7005301007,롯데칠성우,KOSPI,,79500,2,-100,-0.13,79500,80100,77300,2446,191373600,61637145000,775310,STK
082210,KR7082210006,옵트론텍,KOSDAQ,중견기업부,1762,1,37,2.14,1880,1880,1731,293561,531794182,61605387460,34963330,KSQ
015710,KR7015710007,코콤,KOSDAQ,우량기업부,3510,2,-65,-1.82,3610,3610,3500,58194,205517957,61532055000,17530500,KSQ
002140,KR7002140002,고려산업,KOSPI,,2465,2,-60,-2.38,2525,2545,2415,309237,760627764,61475682625,24939425,STK
177900,KR7177900008,쓰리에이로직스,KOSDAQ,기술성장기업부,6370,2,-700,-9.9,7330,7330,6100,304031,2033402760,61327812000,9627600,KSQ
303360,KR7303360002,프로티아,KOSDAQ,기술성장기업부,4760,2,-35,-0.73,4795,4915,4730,23067,111768220,61307443400,12879715,KSQ
054300,KR7054300009,팬스타엔터프라이즈,KOSDAQ,벤처기업부,1056,2,-71,-6.3,1130,1138,1050,590087,635219881,61111717920,57870945,KSQ
010770,KR7010770006,평화홀딩스,KOSPI,,4165,1,75,1.83,4085,4180,4040,114958,474310425,60915065890,14625466,STK
009835,KR7009831009,한화솔루션우,KOSPI,,23650,2,-3400,-12.57,27050,27050,23400,35757,874923550,60907003850,2575349,STK
014910,KR7014910004,성문전자,KOSPI,,2785,2,-580,-17.24,3190,3630,2765,9010342,29497764503,60872460745,21857257,STK
072130,KR7072130008,유엔젤,KOSPI,,4785,1,25,0.53,4760,4900,4690,96944,459870295,60747747390,12695454,STK
053620,KR7053620001,태양,KOSDAQ,우량기업부,7060,1,100,1.44,7010,7270,6930,29451,209870240,60716000000,8600000,KSQ
042940,KR7042940007,상지건설,KOSDAQ,중견기업부,8820,2,-550,-5.87,9370,9490,8820,160959,1450748865,60229239840,6828712,KSQ
238120,KR7238120000,얼라인드,KOSDAQ,기술성장기업부,4185,2,-40,-0.95,4385,4385,4120,32651,136782570,60175679760,14378896,KSQ
950200,KR8840150005,소마젠,KOSDAQ,외국기업(소속부없음),3105,2,-135,-4.17,3240,3250,3060,120559,376413475,59727944565,19236053,KSQ
004770,KR7004770004,써니전자,KOSPI,,1680,2,-43,-2.5,1723,1730,1672,364796,619551560,59652495840,35507438,STK
063440,KR7063440002,SM Life Design,KOSDAQ,중견기업부,1314,2,-23,-1.72,1321,1347,1300,183275,241823757,59549644296,45319364,KSQ
393210,KR7393210000,토마토시스템,KOSDAQ,기술성장기업부,3805,2,-60,-1.55,3865,3975,3745,111525,431204914,59413339920,15614544,KSQ
050960,KR7050960004,수산아이앤티,KOSDAQ,벤처기업부,8790,2,-360,-3.93,8930,9060,8790,19871,175725330,59341290000,6751000,KSQ
317870,KR7317870004,엔바이오니아,KOSDAQ,기술성장기업부,6710,1,120,1.82,6590,6850,6430,27843,184116160,59329115450,8841895,KSQ
420570,KR7420570004,제이투케이바이오,KOSDAQ,벤처기업부,10130,1,740,7.88,9060,11850,8870,1679161,18189928430,59235002790,5847483,KSQ
038010,KR7038010005,제일테크노스,KOSDAQ,우량기업부,6570,1,10,0.15,6590,6640,6450,22388,146075895,59130000000,9000000,KSQ
068330,KR7068330000,일신바이오,KOSDAQ,중견기업부,1336,2,-50,-3.61,1390,1398,1329,232115,314812356,59072763040,44216140,KSQ
009190,KR7009190000,대양금속,KOSPI,,1364,2,-31,-2.22,1397,1399,1345,378750,516641694,58914740500,43192625,STK
465480,KR7465480002,인스피언,KOSDAQ,벤처기업부,5810,2,-420,-6.74,6220,6300,5800,141648,845972570,58900455320,10137772,KSQ
226330,KR7226330009,신테카바이오,KOSDAQ,기술성장기업부,2425,2,-225,-8.49,2635,2700,2420,379669,944239442,58826801875,24258475,KSQ
261200,KR7261200000,덴티스,KOSDAQ,중견기업부,3720,2,-170,-4.37,3850,4000,3660,73336,279225345,58812084000,15809700,KSQ
419080,KR7419080007,엔젯,KOSDAQ,기술성장기업부,5500,2,-40,-0.72,5500,5720,5280,83871,457844985,58768253500,10685137,KSQ
072770,KR7072770001,멤레이비티,KOSDAQ,중견기업부,707,0,0,0.0,0,0,0,0,0,58698106572,83024196,KSQ
318160,KR7318160009,셀바이오휴먼텍,KOSDAQ,벤처기업부,6280,2,-1690,-21.2,7400,7450,6130,654952,4356555095,58662742280,9341201,KSQ
045340,KR7045340007,토탈소프트,KOSDAQ,벤처기업부,6850,2,-250,-3.52,7020,7100,6800,73229,509945350,58622574000,8558040,KSQ
137080,KR7137080008,나래나노텍,KOSDAQ,중견기업부,5290,1,60,1.15,5230,5970,5190,94475,537642680,58504342380,11059422,KSQ
189980,KR7189980006,흥국에프엔비,KOSDAQ,우량기업부,1457,2,-38,-2.54,1495,1495,1457,214517,314581075,58480813939,40137827,KSQ
376930,KR7376930004,노을,KOSDAQ,기술성장기업부,1139,2,-36,-3.06,1177,1197,1115,521271,598652756,58420816897,51291323,KSQ
065130,KR7065130007,탑엔지니어링,KOSDAQ,중견기업부,3650,1,85,2.38,3565,3855,3560,436402,1611086392,58414600000,16004000,KSQ
000890,KR7000890004,보해양조,KOSPI,,422,0,0,0.0,0,0,0,0,0,58286694438,138120129,STK
004450,KR7004450003,삼화왕관,KOSPI,,27050,2,-150,-0.55,27350,27350,26950,2348,63528300,58275951950,2154379,STK
099520,KR7099520009,DGI,KOSDAQ,관리종목(소속부없음),1284,0,0,0.0,0,0,0,0,0,58141862016,45281824,KSQ
024950,KR7024950008,삼천리자전거,KOSDAQ,중견기업부,4685,2,-180,-3.7,4865,4920,4575,102916,483156668,58094000000,12400000,KSQ
065170,KR7065170003,비엘팜텍,KOSDAQ,투자주의환기종목(소속부없음),2080,2,-60,-2.8,2170,2225,2020,871477,1828395794,58060689440,27913793,KSQ
123700,KR7123700007,SJM,KOSPI,,3715,2,-25,-0.67,3705,3760,3685,22392,83172855,57972196070,15604898,STK
033560,KR7033560004,블루콤,KOSDAQ,중견기업부,3390,1,10,0.3,3380,3500,3340,48457,163795570,57969000000,17100000,KSQ
219420,KR7219420007,링크제니시스,KOSDAQ,기술성장기업부,5030,1,20,0.4,5010,5450,4940,372422,1957742575,57691620210,11469507,KSQ
003465,KR7003461001,유화증권우,KOSPI,,3300,2,-50,-1.49,3350,3350,3300,18451,61076210,57672202500,17476425,STK
003475,KR7003471000,유안타증권우,KOSPI,,4460,2,-90,-1.98,4600,4710,4405,152591,693727196,57588465520,12912212,STK
173940,KR7173940008,에프엔씨엔터,KOSDAQ,중견기업부,3735,2,-125,-3.24,3900,3900,3515,46143,167206461,57492137880,15392808,KSQ
245620,KR7245620000,EDGC,KOSDAQ,관리종목(소속부없음),415,0,0,0.0,0,0,0,0,0,57474989665,138493951,KSQ
075180,KR7075180000,새론오토모티브,KOSPI,,2990,2,-10,-0.33,3000,3000,2965,3231,9643915,57408000000,19200000,STK
239890,KR7239890007,피엔에이치테크,KOSDAQ,기술성장기업부,5770,2,-150,-2.53,6030,6100,5530,104107,603691600,57329306350,9935755,KSQ
150900,KR7150900009,파수AI,KOSDAQ,벤처기업부,4880,2,-105,-2.11,4885,5190,4650,463717,2299026390,57115139360,11703922,KSQ
053980,KR7053980009,오상자이엘,KOSDAQ,우량기업부,3000,2,-80,-2.6,3100,3100,3000,178721,542260749,56948349000,18982783,KSQ
041650,KR7041650003,상신브레이크,KOSPI,,2645,2,-40,-1.49,2685,2695,2610,45460,120478930,56791985250,21471450,STK
321820,KR7321820003,아티스트컴퍼니,KOSDAQ,기술성장기업부,3640,2,-50,-1.36,3740,3915,3530,108540,395649055,56752608640,15591376,KSQ
002630,KR7002630002,오리엔트바이오,KOSPI,,478,2,-15,-3.04,490,496,472,571185,273500986,56682676390,118583005,STK
066670,KR7066670001,디티씨,KOSDAQ,중견기업부,3020,2,-90,-2.89,3110,3200,3010,84124,256608870,56449592360,18691918,KSQ
052790,KR7052790003,액토즈소프트,KOSDAQ,중견기업부,5150,2,-80,-1.53,5230,5250,5050,25476,130581145,56261417050,10924547,KSQ
017180,KR7017180001,명문제약,KOSPI,,1656,2,-36,-2.13,1692,1704,1645,58421,96870109,56226919824,33953454,STK
049470,KR7049470008,비트플래닛,KOSDAQ,중견기업부,2380,2,-980,-29.17,3500,3700,2360,679564,1953263041,56036859620,23544899,KSQ
37550K,KR737550K011,DL이앤씨우,KOSPI,,26450,2,-750,-2.76,27700,27700,25850,25029,665302525,55912258250,2113885,STK
043910,KR7043910009,자연과환경,KOSDAQ,벤처기업부,493,0,0,0.0,0,0,0,0,0,55901988301,113391457,KSQ
114450,KR7114450000,그린생명과학,KOSDAQ,벤처기업부,2795,2,-250,-8.21,3055,3100,2745,1791949,5242940036,55900000000,20000000,KSQ
004920,KR7004920005,씨아이테크,KOSPI,,1070,2,-33,-2.99,1106,1110,1065,281978,305438622,55832463040,52179872,STK
153460,KR7153460001,네이블,KOSDAQ,중견기업부,8550,2,-350,-3.93,8960,9030,8460,30979,267921725,55831619700,6530014,KSQ
273060,KR7273060004,와이즈버즈,KOSDAQ,중견기업부,1105,2,-92,-7.69,1210,1210,1105,309315,357858624,55757838110,50459582,KSQ
105550,KR7105550008,엣지파운드리,KOSDAQ,중견기업부,712,2,-111,-13.49,823,824,710,1417793,1051263678,55754620312,78307051,KSQ
340930,KR7340930007,유일에너테크,KOSDAQ,관리종목(소속부없음),806,0,0,0.0,0,0,0,0,0,55513882710,68875785,KSQ
466410,KR7466410008,사이냅소프트,KOSDAQ,벤처기업부,11000,2,-90,-0.81,11190,11210,10560,53359,578470940,55407253000,5037023,KSQ
006370,KR7006370001,대구백화점,KOSPI,,5120,1,170,3.43,4910,5180,4820,47593,238571308,55406648320,10821611,STK
033830,KR7033830001,티비씨,KOSDAQ,중견기업부,554,1,4,0.73,567,567,548,79301,44130833,55400000000,100000000,KSQ
025530,KR7025530007,SJM홀딩스,KOSPI,,3705,2,-45,-1.2,3750,3785,3700,22680,84531850,55330499640,14934008,STK
440290,KR7440290005,HB인베스트먼트,KOSDAQ,중견기업부,2010,2,-50,-2.43,2060,2075,2005,173322,352340375,55287924300,27506430,KSQ
023350,KR7023350002,한국종합기술,KOSPI,,5040,3,0,0.0,5050,5210,4905,67076,335039652,55188000000,10950000,STK
471820,KR7471820001,셀로맥스사이언스,KOSDAQ,벤처기업부,4880,2,-140,-2.79,4985,5050,4855,60289,297444922,55158049520,11302879,KSQ
014190,KR7014190003,원익큐브,KOSDAQ,우량기업부,1558,2,-17,-1.08,1610,1629,1534,322374,506014571,55153053548,35399906,KSQ
038070,KR7038070009,서린바이오,KOSDAQ,중견기업부,5930,2,-150,-2.47,6130,6130,5900,58115,345793640,55153008680,9300676,KSQ
006490,KR7006490007,인스코비,KOSPI,,378,2,-25,-6.2,405,408,375,1157328,446416719,55144952226,145886117,STK
413640,KR7413640004,비아이매트릭스,KOSDAQ,벤처기업부,7640,2,-250,-3.17,7890,7920,7540,44675,343139390,55061021600,7206940,KSQ
070300,KR7070300009,엑스큐어,KOSDAQ,벤처기업부,2355,1,25,1.07,2360,2360,2160,261457,596735212,54888168690,23307078,KSQ
217480,KR7217480003,에스디생명공학,KOSDAQ,투자주의환기종목(소속부없음),499,0,0,0.0,0,0,0,0,0,54756837359,109733141,KSQ
357250,KR7357250000,미래에셋맵스리츠,KOSPI,,2190,2,-10,-0.45,2205,2205,2160,56282,122853050,54739279950,24995105,STK
218150,KR7218150001,미래생명자원,KOSDAQ,벤처기업부,2680,2,-160,-5.63,2825,2850,2680,245982,674223430,54714349360,20415802,KSQ
419120,KR7419120001,산돌,KOSDAQ,중견기업부,3715,2,-25,-0.67,3740,3790,3640,90158,331819809,54678714830,14718362,KSQ
277070,KR7277070009,린드먼아시아,KOSDAQ,중견기업부,3990,2,-95,-2.33,4085,4085,3930,8337,33096034,54631080000,13692000,KSQ
090410,KR7090410002,덕신이피씨,KOSDAQ,우량기업부,1183,2,-27,-2.23,1201,1219,1180,250965,298309169,54517484385,46084095,KSQ
007680,KR7007680002,대원,KOSDAQ,중견기업부,4050,2,-65,-1.58,4110,4110,4045,7798,31815540,54458219700,13446474,KSQ
171010,KR7171010002,램테크놀러지,KOSDAQ,벤처기업부,3805,2,-185,-4.64,4000,4265,3720,820174,3278044666,54406751360,14298752,KSQ
309930,KR7309930006,조이웍스앤코,KOSDAQ,중견기업부,2210,0,0,0.0,0,0,0,0,0,54116376080,24487048,KSQ
237820,KR7237820006,플레이디,KOSDAQ,중견기업부,4210,2,-25,-0.59,4235,4265,4160,18325,76841592,54002259400,12827140,KSQ
289220,KR7289220006,자이언트스텝,KOSDAQ,기술성장기업부,2405,2,-145,-5.69,2510,2625,2390,108807,269415511,53660891505,22312221,KSQ
035460,KR7035460005,기산텔레콤,KOSDAQ,벤처기업부,3600,2,-125,-3.36,3725,3742,3545,575714,2077401323,53652024000,14903340,KSQ
28513K,KR728513K010,SK케미칼우,KOSPI,,25350,2,-600,-2.31,25900,25900,25000,9865,250350150,53626125150,2115429,STK
215090,KR7215090002,솔디펜스,KOSDAQ,벤처기업부,2310,2,-125,-5.13,2430,2430,2250,300227,706389486,53489576910,23155661,KSQ
127710,KR7127710002,아시아경제,KOSDAQ,중견기업부,1212,2,-83,-6.41,1295,1307,1212,44713,55388710,53387642520,44049210,KSQ
073110,KR7073110009,엘엠에스,KOSDAQ,벤처기업부,5980,1,50,0.84,5890,6000,5840,19110,113415870,53196614900,8895755,KSQ
002410,KR7002410009,범양건영,KOSPI,,1935,0,0,0.0,0,0,0,0,0,53173451700,27479820,STK
407400,KR7407400001,꿈비,KOSDAQ,벤처기업부,3630,2,-190,-4.97,3790,3800,3500,170555,623827032,53123358420,14634534,KSQ
104200,KR7104200001,NHN벅스,KOSDAQ,중견기업부,3580,2,-65,-1.78,3630,3690,3560,76414,275753045,53082629000,14827550,KSQ
003060,KR7003060001,에이프로젠바이오로직스,KOSPI,,4010,2,-1090,-21.37,5100,5250,3920,1145256,5002505293,53041027890,13227189,STK
189690,KR7189690001,포시에스,KOSDAQ,벤처기업부,1939,2,-19,-0.97,1958,1958,1929,45256,87890281,52977297891,27321969,KSQ
004910,KR7004910006,조광페인트,KOSPI,,4135,2,-45,-1.08,4180,4200,4125,22102,91811015,52928000000,12800000,STK
105760,KR7105760003,포스뱅크,KOSDAQ,우량기업부,5200,2,-60,-1.14,5260,5260,5090,56340,290609500,52922412400,10177387,KSQ
051390,KR7051390003,YW,KOSDAQ,중견기업부,4660,2,-10,-0.21,4670,4700,4575,31542,146049390,52916014880,11355368,KSQ
314140,KR7314140005,알피바이오,KOSDAQ,우량기업부,6090,1,10,0.16,6080,6100,5910,17649,105681795,52778138490,8666361,KSQ
051490,KR7051490001,나라엠앤디,KOSDAQ,우량기업부,3715,1,5,0.13,3715,4005,3650,313942,1215628423,52753000000,14200000,KSQ
093240,KR7093240000,형지엘리트,KOSPI,,859,3,0,0.0,860,888,850,1046910,908668719,52734232481,61390259,STK
190650,KR7190650002,코리아에셋투자증권,KOSDAQ,우량기업부,8250,2,-150,-1.79,8410,8540,8100,16684,138642620,52701000000,6388000,KSQ
090080,KR7090080003,평화산업,KOSPI,,959,2,-16,-1.64,996,996,950,437812,423514801,52651266381,54902259,STK
459550,KR7459550000,알트,KOSDAQ,중견기업부,2100,2,-110,-4.98,2210,2265,2055,387273,820495287,52642314900,25067769,KSQ
100660,KR7100660000,서암기계공업,KOSDAQ,중견기업부,4175,2,-35,-0.83,4210,4350,4145,77713,330688205,52605000000,12600000,KSQ
0010V0,KR70010V0005,제이피아이헬스케어,KOSDAQ,벤처기업부,10300,2,-470,-4.36,10700,10770,10170,38048,394596855,52585620000,5105400,KSQ
078590,KR7078590007,휴림에이텍,KOSDAQ,중견기업부,525,0,0,0.0,0,0,0,0,0,52457053425,99918197,KSQ
016600,KR7016600009,큐캐피탈,KOSDAQ,중견기업부,293,0,0,0.0,0,0,0,0,0,52226403816,178247112,KSQ
089150,KR7089150007,케이씨티,KOSDAQ,벤처기업부,3045,2,-160,-4.99,3210,3325,3040,187518,589678939,52221750000,17150000,KSQ
043340,KR7043340009,에쎈테크,KOSDAQ,중견기업부,549,0,0,0.0,0,0,0,0,0,52155000000,95000000,KSQ
027740,KR7027740000,마니커,KOSPI,,821,0,0,0.0,0,0,0,0,0,52142718188,63511228,STK
050110,KR7050110006,캠시스,KOSDAQ,중견기업부,1777,2,-86,-4.62,1834,1877,1763,621430,1124329728,51932510471,29224823,KSQ
037950,KR7037950003,엘컴텍,KOSDAQ,중견기업부,3060,2,-195,-5.99,3255,3340,3055,118240,367118660,51681879180,16889503,KSQ
263020,KR7263020000,디케이앤디,KOSDAQ,벤처기업부,3735,1,60,1.63,3720,3925,3660,792599,2997420170,51678005310,13836146,KSQ
096610,KR7096610001,알에프세미,KOSDAQ,투자주의환기종목(소속부없음),2965,0,0,0.0,0,0,0,0,0,51550708615,17386411,KSQ
009320,KR7009320003,아진전자부품,KOSPI,,1045,2,-20,-1.88,1065,1081,1031,270210,282672629,51518259650,49299770,STK
466910,KR7466910007,엔에이치스팩30호,KOSDAQ,SPAC(소속부없음),5640,0,0,0.0,0,0,0,0,0,51324000000,9100000,KSQ
429270,KR7429270002,시지트로닉스,KOSDAQ,기술성장기업부,7950,2,-600,-7.02,8550,8800,7750,277772,2274091970,51271386450,6449231,KSQ
452160,KR7452160005,제이엔비,KOSDAQ,중견기업부,5330,2,-170,-3.09,5370,5460,5270,34355,183289345,51261418910,9617527,KSQ
361570,KR7361570005,알비더블유,KOSDAQ,중견기업부,1780,2,-48,-2.63,1838,1838,1773,37431,67788074,51163057980,28743291,KSQ
011330,KR7011330008,유니켐,KOSPI,,567,2,-15,-2.58,582,582,562,344492,195803626,51136503579,90187837,STK
066130,KR7066130006,하츠,KOSDAQ,우량기업부,3990,2,-85,-2.09,4080,4125,3970,29145,117666311,51072000000,12800000,KSQ
086040,KR7086040003,바이오톡스텍,KOSDAQ,벤처기업부,3200,2,-110,-3.32,3215,3275,3135,105774,336921355,51066390400,15958247,KSQ
020760,KR7020760005,일진디스플,KOSPI,,902,0,0,0.0,0,0,0,0,0,50984432422,56523761,STK
012280,KR7012280004,영화금속,KOSPI,,985,2,-29,-2.86,1019,1021,985,326494,326437945,50889537425,51664505,STK
452300,KR7452300007,캡스톤파트너스,KOSDAQ,중견기업부,3590,2,-315,-8.07,3830,3920,3590,270623,998825490,50868522950,14169505,KSQ
206560,KR7206560005,덱스터,KOSDAQ,기술성장기업부,2000,2,-95,-4.53,2095,2115,1997,144580,294951414,50823472000,25411736,KSQ
369370,KR7369370002,블리츠웨이엔터테인먼트,KOSDAQ,벤처기업부,1016,2,-14,-1.36,1031,1061,1008,82773,84745061,50669861576,49871911,KSQ
106240,KR7106240005,파인테크닉스,KOSDAQ,벤처기업부,2215,2,-15,-0.67,2215,2230,2090,194306,414094458,50653344305,22868327,KSQ
260660,KR7260660006,알리코제약,KOSDAQ,중견기업부,3295,2,-70,-2.08,3355,3400,3225,58385,191468090,50502534195,15327021,KSQ
393970,KR7393970009,대진첨단소재,KOSDAQ,관리종목(소속부없음),2825,0,0,0.0,0,0,0,0,0,50428566500,17850820,KSQ
056700,KR7056700008,신화인터텍,KOSDAQ,중견기업부,1730,2,-27,-1.54,1742,1774,1681,208852,356529531,50403707430,29135091,KSQ
355390,KR7355390006,크라우드웍스,KOSDAQ,기술성장기업부,3225,2,-135,-4.02,3360,3365,3115,187638,600360798,50236079775,15577079,KSQ
069410,KR7069410009,엔텔스,KOSDAQ,벤처기업부,4895,2,-35,-0.71,4940,4940,4750,67901,328286475,50148413480,10244824,KSQ
286750,KR7286750005,나노실리칸첨단소재,KOSDAQ,투자주의환기종목(소속부없음),1565,2,-115,-6.85,1680,1684,1501,209133,329427613,50125161205,32028857,KSQ
057540,KR7057540007,옴니시스템,KOSDAQ,중견기업부,841,2,-16,-1.87,856,880,833,702055,597555559,49950579388,59394268,KSQ
008420,KR7008420002,문배철강,KOSPI,,2435,2,-80,-3.18,2515,2560,2350,354801,875729758,49926034675,20503505,STK
122350,KR7122350002,삼기,KOSDAQ,중견기업부,1301,2,-39,-2.91,1340,1398,1291,196786,264473137,49879595828,38339428,KSQ
122690,KR7122690001,서진오토모티브,KOSDAQ,중견기업부,2160,2,-90,-4.0,2250,2325,2100,137739,302592150,49850998560,23079166,KSQ
006125,KR7006121008,SK디스커버리우,KOSPI,,40350,2,-200,-0.49,41950,42500,40100,4347,178459350,49699296750,1231705,STK
097870,KR7097870000,효성오앤비,KOSDAQ,중견기업부,5850,2,-230,-3.78,6080,6120,5850,111259,665013030,49666500000,8490000,KSQ
364950,KR7364950006,에이아이코리아,KOSDAQ,벤처기업부,5960,2,-230,-3.72,6250,6250,5850,60990,369012780,49446812200,8296445,KSQ
073570,KR7073570004,리튬포어스,KOSDAQ,관리종목(소속부없음),821,0,0,0.0,0,0,0,0,0,49413232261,60186641,KSQ
451700,KR7451700009,엔에이치스팩29호,KOSDAQ,SPAC(소속부없음),3440,2,-390,-10.18,3875,3875,3305,1160934,4103658959,49364000000,14350000,KSQ
087260,KR7087260006,모바일어플라이언스,KOSDAQ,벤처기업부,1514,2,-324,-17.63,1965,1965,1470,6863945,11085105988,49285031554,32552861,KSQ
088340,KR7088340005,유라클,KOSDAQ,벤처기업부,11290,2,-10,-0.09,11670,12200,10750,91766,1048234000,49273714720,4364368,KSQ
053160,KR7053160008,프리엠스,KOSDAQ,중견기업부,8210,2,-150,-1.79,8380,8420,7960,30920,253073770,49260000000,6000000,KSQ
352700,KR7352700009,씨앤투스,KOSDAQ,벤처기업부,1871,2,-19,-1.01,1935,1935,1863,33494,62765001,49164078029,26276899,KSQ
464500,KR7464500008,아이언디바이스,KOSDAQ,기술성장기업부,3510,2,-185,-5.01,3730,3830,3440,284581,1041671736,49116353130,13993263,KSQ
060850,KR7060850005,영림원소프트랩,KOSDAQ,벤처기업부,6040,2,-170,-2.74,6210,6210,5960,39120,236951120,49111240000,8131000,KSQ
001210,KR7001210004,금호전기,KOSPI,,792,2,-36,-4.35,828,835,787,780336,626179283,49009025736,61880083,STK
103840,KR7103840005,우양,KOSDAQ,중견기업부,2990,2,-60,-1.97,3050,3090,2965,107523,324173945,48935619720,16366428,KSQ
031310,KR7031310006,아이즈비전,KOSDAQ,중견기업부,1643,2,-87,-5.03,1757,1757,1628,631946,1051315825,48873747593,29746651,KSQ
179530,KR7179530001,애드바이오텍,KOSDAQ,기술성장기업부,2480,2,-5,-0.2,2490,2560,2400,114443,283995050,48805482400,19679630,KSQ
311390,KR7311390009,네오크레마,KOSDAQ,벤처기업부,3850,2,-210,-5.17,4040,4125,3810,100323,395407880,48717087650,12653789,KSQ
119500,KR7119500007,포메탈,KOSDAQ,중견기업부,4105,2,-160,-3.75,4265,4395,4095,177249,755508560,48632887360,11847232,KSQ
290520,KR7290520006,신도기연,KOSDAQ,벤처기업부,3050,1,160,5.54,2890,3515,2750,1266787,4058510299,48584554100,15929362,KSQ
052460,KR7052460003,아이크래프트,KOSDAQ,벤처기업부,3315,2,-130,-3.77,3445,3645,3290,475208,1627935276,48425307840,14607936,KSQ
007530,KR7007530009,와이엠,KOSDAQ,중견기업부,2175,2,-25,-1.14,2240,2240,2150,20588,44991980,48402952425,22254231,KSQ
257990,KR7257990002,나우코스,KONEX,일반기업부,8200,0,0,0.0,0,0,0,0,0,48309414400,5891392,KNX
096630,KR7096630009,에스코넥,KOSDAQ,우량기업부,3040,2,-300,-8.98,3295,3360,3005,251584,797007812,48264021920,15876323,KSQ
0010F0,KR70010F0005,보원케미칼,KOSDAQ,벤처기업부,4330,2,-770,-15.1,5190,5200,4270,659148,3050394649,48251792330,11143601,KSQ
133820,KR7133820001,화인베스틸,KOSPI,,1300,2,-45,-3.35,1368,1368,1250,167953,218974598,48248852600,37114502,STK
446440,KR7446440000,에피바이오텍,KONEX,일반기업부,20900,3,0,0.0,19500,20900,17810,179,3345840,48213771100,2306879,KNX
026940,KR7026940007,부국철강,KOSPI,,2405,2,-60,-2.43,2475,2495,2350,352922,854797982,48100000000,20000000,STK
406820,KR7406820001,뷰티스킨,KOSDAQ,벤처기업부,3400,2,-700,-17.07,4100,4100,3400,416020,1552556850,48062933800,14136157,KSQ
297570,KR7297570004,알로이스,KOSDAQ,벤처기업부,1387,2,-39,-2.73,1458,1473,1371,160207,226998607,48019629366,34621218,KSQ
476080,KR7476080007,M83,KOSDAQ,중견기업부,5940,2,-260,-4.19,6090,6240,5800,45879,274607470,47977380000,8077000,KSQ
221840,KR7221840002,하이즈항공,KOSDAQ,중견기업부,2565,2,-205,-7.4,2700,2730,2495,130201,342090120,47966938965,18700561,KSQ
003080,KR7003080009,SB성보,KOSPI,,2390,2,-15,-0.62,2405,2435,2380,18339,43811803,47847800000,20020000,STK
082660,KR7082660002,코스나인,KOSDAQ,관리종목(소속부없음),480,0,0,0.0,0,0,0,0,0,47827617120,99640869,KSQ
432430,KR7432430007,와이랩,KOSDAQ,기술성장기업부,2895,2,-195,-6.31,3090,3195,2835,141103,410929176,47791586400,16508320,KSQ
000950,KR7000950006,전방,KOSPI,,28400,2,-1500,-5.02,29900,29900,28250,3888,111828800,47712000000,1680000,STK
365590,KR7365590009,하이딥,KOSDAQ,기술성장기업부,1541,2,-126,-7.56,1667,1667,1501,132421,206526544,47704154502,30956622,KSQ
351320,KR7351320007,넥사다이내믹스,KOSDAQ,중견기업부,1606,1,114,7.64,1495,1630,1495,653641,1025717621,47696019052,29698642,KSQ
128540,KR7128540002,에코캡,KOSDAQ,우량기업부,1786,2,-79,-4.24,1890,1907,1750,218853,396397223,47669161560,26690460,KSQ
418250,KR7418250007,시큐레터,KOSDAQ,관리종목(소속부없음),6550,0,0,0.0,0,0,0,0,0,47629012750,7271605,KSQ
011420,KR7011420007,갤럭시아에스엠,KOSPI,,1728,2,-34,-1.93,1760,1810,1723,119085,210517832,47605784832,27549644,STK
049800,KR7049800006,우진플라임,KOSPI,,2380,2,-145,-5.74,2560,2570,2315,139987,341597719,47600000000,20000000,STK
002290,KR7002290005,삼일기업공사,KOSDAQ,우량기업부,3830,1,5,0.13,3825,3900,3770,47729,182293035,47492000000,12400000,KSQ
002920,KR7002920007,유성기업,KOSPI,,1828,1,20,1.11,1808,1843,1796,62070,112746775,47432030000,25947500,STK
044960,KR7044960003,이글벳,KOSDAQ,중견기업부,3750,2,-150,-3.85,3885,3900,3750,96632,367920625,47407061250,12641883,KSQ
307280,KR7307280008,원바이오젠,KOSDAQ,벤처기업부,6680,2,-380,-5.38,7060,7090,6660,43137,296310600,47392108360,7094627,KSQ
250000,KR7250000007,보라티알,KOSDAQ,우량기업부,7010,2,-50,-0.71,7000,7070,6930,10146,70846095,47322638330,6750733,KSQ
340440,KR7340440007,세림B&G,KOSDAQ,벤처기업부,1660,2,-40,-2.35,1700,1741,1633,1388765,2332968811,47108084240,28378364,KSQ
033540,KR7033540006,파라텍,KOSDAQ,중견기업부,901,2,-41,-4.35,942,957,897,406034,367853921,47073944231,52246331,KSQ
219750,KR7219750007,한국비티비,KOSDAQ,중견기업부,719,2,-3,-0.42,722,722,700,28237,20051467,47041930315,65426885,KSQ
376290,KR7376290003,씨유테크,KOSDAQ,벤처기업부,2660,2,-95,-3.45,2755,2755,2655,19703,52789640,46968950000,17657500,KSQ
023440,KR7023440001,제이스코홀딩스,KOSDAQ,관리종목(소속부없음),521,0,0,0.0,0,0,0,0,0,46964378481,90142761,KSQ
066360,KR7066360009,체리부로,KOSDAQ,우량기업부,975,2,-35,-3.47,1010,1018,950,516634,511212883,46753214625,47952015,KSQ
064480,KR7064480007,브리지텍,KOSDAQ,벤처기업부,3910,2,-35,-0.89,3950,4210,3815,94189,370706082,46734275000,11952500,KSQ
263770,KR7263770000,유에스티,KOSDAQ,우량기업부,1969,2,-8,-0.4,1978,1978,1921,19791,38508188,46665638668,23700172,KSQ
025880,KR7025880006,케이씨피드,KOSDAQ,우량기업부,2780,2,-55,-1.94,2795,2825,2720,280490,773454530,46470085240,16715858,KSQ
430690,KR7430690008,한싹,KOSDAQ,벤처기업부,4265,2,-335,-7.28,4575,4655,4200,175388,759035478,46468569655,10895327,KSQ
069460,KR7069460004,대호에이엘,KOSPI,,532,0,0,0.0,0,0,0,0,0,46322278464,87071952,STK
403490,KR7403490006,우듬지팜,KOSDAQ,벤처기업부,1008,2,-32,-3.08,1040,1050,998,198793,201162822,46299923712,45932464,KSQ
065650,KR7065650004,하이퍼코퍼레이션,KOSDAQ,중견기업부,2110,0,0,0.0,0,0,0,0,0,46192067250,21891975,KSQ
263810,KR7263810004,상신전자,KOSDAQ,중견기업부,2900,2,-115,-3.81,3020,3025,2855,139442,406576560,46181992500,15924825,KSQ
087600,KR7087600003,픽셀플러스,KOSDAQ,벤처기업부,5650,2,-90,-1.57,5770,5920,5510,15589,87160630,46141052700,8166558,KSQ
215380,KR7215380007,우정바이오,KOSDAQ,벤처기업부,2740,2,-105,-3.69,2920,2920,2730,207111,578344674,46113038240,16829576,KSQ
335810,KR7335810008,프리시젼바이오,KOSDAQ,기술성장기업부,2100,3,0,0.0,2305,2305,2052,47618,99892567,46093962600,21949506,KSQ
053950,KR7053950002,경남제약,KOSDAQ,중견기업부,2940,2,-135,-4.39,3075,3100,2900,124951,371048785,45950644740,15629471,KSQ
300120,KR7300120003,라온피플,KOSDAQ,벤처기업부,923,2,-24,-2.53,948,1005,902,500033,472041275,45692206768,49504016,KSQ
014990,KR7014990006,인디에프,KOSPI,,608,2,-30,-4.7,638,640,603,447340,275904950,45668700960,75112995,STK
046310,KR7046310009,백금T&A,KOSDAQ,우량기업부,2780,2,-25,-0.89,2805,2855,2745,230360,647477340,45643821980,16418641,KSQ
032790,KR7032790008,엠젠솔루션,KOSDAQ,벤처기업부,887,0,0,0.0,0,0,0,0,0,45556508044,51360212,KSQ
129890,KR7129890000,앱코,KOSDAQ,벤처기업부,1000,2,-17,-1.67,1030,1030,989,446128,447931121,45545602000,45545602,KSQ
066910,KR7066910001,손오공,KOSDAQ,중견기업부,680,0,0,0.0,0,0,0,0,0,45514551520,66933164,KSQ
019770,KR7019770007,서연탑메탈,KOSDAQ,우량기업부,3905,1,45,1.17,3910,4020,3830,80708,315589415,45493250000,11650000,KSQ
186230,KR7186230009,그린플러스,KOSDAQ,벤처기업부,4160,2,-135,-3.14,4260,4275,4120,39172,164609483,45427982080,10920188,KSQ
080530,KR7080530009,코디,KOSDAQ,중견기업부,815,0,0,0.0,0,0,0,0,0,45241363125,55510875,KSQ
336060,KR7336060009,웨이버스,KOSDAQ,벤처기업부,939,1,23,2.51,916,980,909,352761,330392894,45217732800,48155200,KSQ
332290,KR7332290006,누보,KOSDAQ,벤처기업부,1133,2,-64,-5.35,1197,1197,1133,421004,485895739,45211689732,39904404,KSQ
475460,KR7475460002,미트박스,KOSDAQ,벤처기업부,8050,1,10,0.12,8020,8250,7930,34690,280843550,45184851250,5613025,KSQ
434480,KR7434480000,모니터랩,KOSDAQ,기술성장기업부,3665,2,-270,-6.86,3935,3960,3545,332019,1214210095,45117249500,12310300,KSQ
005030,KR7005030002,부산주공,KOSPI,,486,0,0,0.0,0,0,0,0,0,45092532168,92782988,STK
464280,KR7464280007,티디에스팜,KOSDAQ,중견기업부,8140,2,-310,-3.67,8450,8470,8140,46727,386324550,45014200000,5530000,KSQ
131760,KR7131760001,파인텍,KOSDAQ,벤처기업부,1036,0,0,0.0,0,0,0,0,0,44995119988,43431583,KSQ
079000,KR7079000006,와토스코리아,KOSDAQ,중견기업부,6240,2,-160,-2.5,6470,6470,6030,25295,156703390,44928000000,7200000,KSQ
290090,KR7290090000,트윔,KOSDAQ,벤처기업부,6030,2,-310,-4.89,6380,6500,5910,9960,61213860,44864816040,7440268,KSQ
044480,KR7044480002,빌리언스,KOSDAQ,중견기업부,1349,2,-46,-3.3,1408,1422,1312,456198,624219920,44855485684,33250916,KSQ
074610,KR7074610007,이엔플러스,KOSPI,,5110,0,0,0.0,0,0,0,0,0,44815400070,8770137,STK
023960,KR7023960008,에쓰씨엔지니어링,KOSPI,,1177,2,-33,-2.73,1210,1214,1174,229632,273160141,44768342575,38035975,STK
101240,KR7101240000,씨큐브,KOSDAQ,우량기업부,3940,2,-35,-0.88,3975,4020,3900,89427,352153429,44746784880,11357052,KSQ
081580,KR7081580003,성우전자,KOSDAQ,중견기업부,2885,1,75,2.67,2810,3060,2810,346622,1007520887,44740992555,15508143,KSQ
007120,KR7007120009,미래아이앤지,KOSPI,,1549,2,-3,-0.19,1589,1589,1504,186382,287851929,44732963792,28878608,STK
306040,KR7306040007,에스제이그룹,KOSDAQ,중견기업부,4530,2,-135,-2.89,4665,4700,4375,183283,823234268,44692200840,9865828,KSQ
254120,KR7254120009,자비스,KOSDAQ,기술성장기업부,1453,2,-126,-7.98,1591,1602,1453,1079680,1624896674,44685954310,30754270,KSQ
091590,KR7091590000,남화토건,KOSDAQ,중견기업부,3805,2,-70,-1.81,3875,3955,3710,17916,68184915,44670700000,11740000,KSQ
050860,KR7050860006,아세아텍,KOSDAQ,우량기업부,1985,2,-10,-0.5,2030,2055,1971,37389,74144758,44662500000,22500000,KSQ
263700,KR7263700007,케어랩스,KOSDAQ,중견기업부,2300,2,-90,-3.77,2390,2390,2265,62649,144213590,44652660000,19414200,KSQ
160550,KR7160550000,NEW,KOSDAQ,중견기업부,1592,2,-13,-0.81,1631,1631,1591,73378,117463653,44426520752,27906106,KSQ
140520,KR7140520008,대창스틸,KOSDAQ,중견기업부,2100,2,-50,-2.33,2150,2160,2090,99155,209946400,44329410300,21109243,KSQ
256150,KR7256150004,한독크린텍,KOSDAQ,벤처기업부,5280,1,40,0.76,5410,5410,5150,10805,56192850,44325600000,8395000,KSQ
026040,KR7026040006,제이에스티나,KOSDAQ,중견기업부,2685,2,-35,-1.29,2730,2730,2540,959840,2506832539,44312676150,16503790,KSQ
000215,KR7000211003,DL우,KOSPI,,26200,2,-450,-1.69,27150,27150,25750,10524,275164300,44176213000,1686115,STK
288330,KR7288330004,파라택시스코리아,KOSDAQ,관리종목(소속부없음),416,0,0,0.0,0,0,0,0,0,44129674368,106080948,KSQ
006345,KR7006341002,대원전선우,KOSPI,,16830,2,-3870,-18.7,20700,20750,15530,1494385,26095049535,44114796000,2621200,STK
008870,KR7008870008,금비,KOSPI,,44000,2,-500,-1.12,44500,45000,43700,1799,79247625,44000000000,1000000,STK
200580,KR7200580009,메디쎄이,KONEX,일반기업부,11790,1,100,0.86,11680,12000,11230,6702,77630360,43930471410,3726079,KNX
199480,KR7199480005,뱅크웨어글로벌,KOSDAQ,기술성장기업부,4300,2,-185,-4.12,4550,4575,4210,62607,274172465,43845328400,10196588,KSQ
032960,KR7032960007,동일기연,KOSDAQ,관리종목(소속부없음),12450,2,-280,-2.2,12550,12880,12450,1546,19520150,43806507750,3518595,KSQ
002870,KR7002870004,신풍,KOSPI,,1250,1,8,0.64,1244,1320,1199,1296217,1641920319,43698375000,34958700,STK
083550,KR7083550004,케이엠,KOSDAQ,중견기업부,3210,2,-110,-3.31,3320,3395,3200,43234,140643391,43515289650,13556165,KSQ
481850,KR7481850006,신한글로벌액티브리츠,KOSPI,,1000,1,1,0.1,1011,1018,993,74572,74614859,43477664000,43477664,STK
006920,KR7006920003,모헨즈,KOSDAQ,중견기업부,3980,2,-130,-3.16,4110,4430,3910,229702,928038738,43461600000,10920000,KSQ
013000,KR7013000005,세우글로벌,KOSPI,,1513,2,-13,-0.85,1548,1562,1480,184825,279842550,43430711903,28705031,STK
200780,KR7200780005,비씨월드제약,KOSDAQ,중견기업부,4065,3,0,0.0,4110,4110,3995,22164,89829745,43355911965,10665661,KSQ
051630,KR7051630002,진양화학,KOSPI,,2045,2,-60,-2.85,2150,2155,2010,277794,575343416,43354000000,21200000,STK
363260,KR7363260001,모비데이즈,KOSDAQ,벤처기업부,1347,2,-66,-4.67,1412,1420,1344,311236,425973212,43324596843,32163769,KSQ
049830,KR7049830003,승일,KOSDAQ,관리종목(소속부없음),7060,2,-120,-1.67,7150,7240,7040,1110,7859080,43292710720,6132112,KSQ
178780,KR7178780003,일월지엠엘,KOSDAQ,벤처기업부,2310,2,-45,-1.91,2355,2355,2300,17880,41645570,43056540450,18639195,KSQ
351870,KR7351870001,차이커뮤니케이션,KOSDAQ,중견기업부,3855,2,-145,-3.63,3940,4080,3695,27402,106247280,43024274910,11160642,KSQ
290120,KR7290120005,DH오토리드,KOSDAQ,중견기업부,2715,2,-40,-1.45,2755,2765,2665,89809,242634635,42962836035,15824249,KSQ
258790,KR7258790005,소프트캠프,KOSDAQ,벤처기업부,1718,0,0,0.0,0,0,0,0,0,42935025912,24991284,KSQ
469750,KR7469750004,아이비젼웍스,KOSDAQ,벤처기업부,1245,2,-76,-5.75,1325,1325,1213,574261,733408372,42898318845,34456481,KSQ
204020,KR7204020002,그리티,KOSDAQ,우량기업부,2205,2,-150,-6.37,2330,2390,2180,216853,495931671,42889084560,19450832,KSQ
009140,KR7009140005,경인전자,KOSPI,,27300,2,-650,-2.33,28400,28400,25650,18432,494831700,42882758100,1570797,STK
220180,KR7220180004,핸디소프트,KOSDAQ,벤처기업부,1791,2,-69,-3.71,1860,1860,1790,11653,21083212,42860138022,23930842,KSQ
046390,KR7046390001,삼화네트웍스,KOSDAQ,중견기업부,991,0,0,0.0,0,0,0,0,0,42784376603,43172933,KSQ
080520,KR7080520000,오디텍,KOSDAQ,벤처기업부,3770,2,-250,-6.22,4105,4105,3765,78559,302945166,42685512090,11322417,KSQ
012160,KR7012160008,영흥,KOSPI,,421,2,-28,-6.24,445,457,421,200300,87302377,42651666612,101310372,STK
024120,KR7024120008,KB오토시스,KOSDAQ,중견기업부,3705,2,-65,-1.72,3770,3790,3670,48976,181854395,42607500000,11500000,KSQ
239610,KR7239610009,에이치엘사이언스,KOSDAQ,벤처기업부,7900,2,-120,-1.5,8060,8060,7700,2347,18441600,42597708500,5392115,KSQ
224110,KR7224110007,에이텍모빌리티,KOSDAQ,벤처기업부,8380,2,-70,-0.83,8450,8670,8370,38955,328516690,42573634680,5080386,KSQ
388610,KR7388610008,지에프씨생명과학,KOSDAQ,기술성장기업부,8000,2,-470,-5.55,8470,8470,7960,36352,295583695,42429672000,5303709,KSQ
376180,KR7376180006,피코그램,KOSDAQ,벤처기업부,2285,2,-110,-4.59,2395,2425,2265,138473,319802287,42411971830,18561038,KSQ
054780,KR7054780002,키이스트,KOSDAQ,중견기업부,2155,2,-30,-1.37,2160,2190,2095,63710,135746005,42362543915,19657793,KSQ
011230,KR7011230000,삼화전자,KOSPI,,2210,2,-75,-3.28,2350,2350,2185,61539,136260719,42356384850,19165785,STK
203450,KR7203450002,유니온바이오메트릭스,KOSDAQ,벤처기업부,3000,2,-65,-2.12,3065,3080,2960,24458,72999545,42237021000,14079007,KSQ
084870,KR7084870005,TBH글로벌,KOSPI,,2025,1,15,0.75,2010,2040,1992,38045,76322002,42235058475,20856819,STK
440320,KR7440320000,오픈놀,KOSDAQ,기술성장기업부,4295,1,130,3.12,4115,4385,3965,335049,1421739669,42219850000,9830000,KSQ
011300,KR7011300001,우성머티리얼스,KOSPI,,2660,2,-290,-9.83,3015,3015,2610,82317,225541084,42177973460,15856381,STK
258610,KR7258610005,케일럼,KOSDAQ,중견기업부,1155,2,-49,-4.07,1204,1234,1155,60126,70975029,42140247765,36485063,KSQ
037370,KR7037370004,EG,KOSDAQ,벤처기업부,4885,2,-175,-3.46,5150,5150,4855,37627,184832995,42132988220,8624972,KSQ
000760,KR7000760009,이화산업,KOSPI,,15030,2,-310,-2.02,15360,15730,14890,1852,28152430,42084000000,2800000,STK
057030,KR7057030009,YBM넷,KOSDAQ,중견기업부,2570,3,0,0.0,2570,2600,2490,31878,80985488,41923631290,16312697,KSQ
241840,KR7241840008,에이스토리,KOSDAQ,중견기업부,4390,2,-130,-2.88,4520,4575,4300,26044,114968544,41880573660,9539994,KSQ
014570,KR7014570006,고려제약,KOSDAQ,중견기업부,3795,2,-40,-1.04,3835,3850,3775,14251,54292252,41745000000,11000000,KSQ
058110,KR7058110008,멕아이씨에스,KOSDAQ,기술성장기업부,2600,2,-105,-3.88,2705,2705,2440,161180,416023244,41731378000,16050530,KSQ
450520,KR7450520002,인스웨이브,KOSDAQ,벤처기업부,2835,2,-90,-3.08,2975,2975,2825,86715,249849829,41687478630,14704578,KSQ
020180,KR7020180006,대신정보통신,KOSDAQ,중견기업부,1084,2,-36,-3.21,1121,1130,1076,857901,940218687,41656943860,38428915,KSQ
221980,KR7221980006,케이디켐,KOSDAQ,우량기업부,10310,3,0,0.0,10310,10310,10190,1546,15863605,41598788000,4034800,KSQ
002880,KR7002880003,디와이에이,KOSPI,,888,2,-7,-0.78,895,915,888,162294,145336674,41535307560,46773995,STK
066900,KR7066900002,디에이피,KOSDAQ,관리종목(소속부없음),1822,2,-13,-0.71,1830,1830,1791,13420,24257278,41440484466,22744503,KSQ
195500,KR7195500004,마니커에프앤지,KOSDAQ,중견기업부,2590,2,-10,-0.38,2630,2630,2535,68844,176750170,41383020000,15978000,KSQ
019490,KR7019490002,엑시큐어하이트론,KOSPI,,541,0,0,0.0,0,0,0,0,0,41349858070,76432270,STK
001380,KR7001380005,SG글로벌,KOSPI,,1835,1,47,2.63,1788,1875,1756,223458,406956782,41254600285,22482071,STK
153490,KR7153490008,우리이앤엘하루틴,KOSDAQ,우량기업부,800,2,-4,-0.5,804,810,770,123119,96776566,41184000000,51480000,KSQ
052600,KR7052600004,한네트,KOSDAQ,중견기업부,3560,2,-135,-3.65,3680,3695,3535,116153,417460595,41166772000,11563700,KSQ
123570,KR7123570004,이엠넷,KOSDAQ,중견기업부,1846,2,-97,-4.99,1947,1950,1846,82164,154876918,41121639988,22276078,KSQ
032860,KR7032860009,더라미,KOSDAQ,중견기업부,1017,2,-2,-0.2,1079,1079,963,140613,140220997,41082592671,40395863,KSQ
308170,KR7308170000,씨티알모빌리티,KOSPI,,4760,2,-235,-4.7,4955,4990,4720,38022,184179235,40983600000,8610000,STK
298060,KR7298060005,풍전약품,KOSDAQ,관리종목(소속부없음),927,0,0,0.0,0,0,0,0,0,40976344152,44203176,KSQ
003535,KR7003531001,한화투자증권우,KOSPI,,8500,2,-130,-1.51,8880,8960,8170,57355,490590230,40800000000,4800000,STK
271830,KR7271830002,팸텍,KOSDAQ,벤처기업부,1383,2,-42,-2.95,1411,1456,1361,170836,239831156,40784949366,29490202,KSQ
347770,KR7347770000,핌스,KOSDAQ,중견기업부,1782,1,32,1.83,1750,1850,1750,101416,180100945,40731248844,22857042,KSQ
145270,KR7145270005,케이탑리츠,KOSPI,,845,1,8,0.96,838,850,835,53339,44912880,40611354030,48060774,STK
073540,KR7073540007,에프알텍,KOSDAQ,벤처기업부,3550,2,-180,-4.83,3725,3730,3500,115170,412072120,40470000000,11400000,KSQ
017040,KR7017040007,광명전기,KOSPI,,932,0,0,0.0,0,0,0,0,0,40390657180,43337615,STK
064520,KR7064520000,테크엘,KOSDAQ,중견기업부,1807,2,-18,-0.99,1806,1824,1750,18546,33185883,40388369034,22351062,KSQ
109820,KR7109820001,진매트릭스,KOSDAQ,기술성장기업부,1979,2,-46,-2.27,2025,2045,1931,139943,275293564,40359013560,20393640,KSQ
005320,KR7005320007,온타이드,KOSPI,,588,0,0,0.0,0,0,0,0,0,40204905720,68375690,STK
022220,KR7022220008,티케이지애강,KOSDAQ,중견기업부,776,2,-2,-0.26,777,825,760,32116,24952761,40192593304,51794579,KSQ
140430,KR7140430000,카티스,KOSDAQ,중견기업부,752,0,0,0.0,0,0,0,0,0,40192549328,53447539,KSQ
133750,KR7133750000,메가엠디,KOSDAQ,중견기업부,1717,2,-11,-0.64,1755,1755,1700,48542,83122685,40189951209,23407077,KSQ
228340,KR7228340006,동양파일,KOSDAQ,중견기업부,2005,1,35,1.78,1970,2020,1907,55305,108999928,40100000000,20000000,KSQ
318410,KR7318410008,비비씨,KOSDAQ,중견기업부,7210,2,-100,-1.37,7300,7320,7060,18842,134999480,40053302030,5555243,KSQ
148250,KR7148250004,알엔투테크놀로지,KOSDAQ,벤처기업부,2930,2,-100,-3.3,3050,3180,2885,129773,385341675,39879362720,13610704,KSQ
002360,KR7002360006,SH에너지화학,KOSPI,,358,0,0,0.0,0,0,0,0,0,39785875340,111133730,STK
462510,KR7462510009,라메디텍,KOSDAQ,기술성장기업부,4510,2,-1500,-24.96,5410,5700,4510,1066179,5465067957,39701372150,8802965,KSQ
064090,KR7064090004,인크레더블버즈,KOSDAQ,관리종목(소속부없음),798,0,0,0.0,0,0,0,0,0,39694710510,49742745,KSQ
200350,KR7200350007,아티스트스튜디오,KOSDAQ,기술성장기업부,3970,2,-65,-1.61,4030,4300,3905,76577,305787807,39684219250,9996025,KSQ
356890,KR7356890004,싸이버원,KOSDAQ,벤처기업부,3310,2,-180,-5.16,3525,3580,3180,184593,622469190,39567160750,11953825,KSQ
340810,KR7340810001,시선AI,KOSDAQ,기술성장기업부,2890,2,-55,-1.87,3085,3085,2850,163992,477535499,39433980640,13644976,KSQ
277410,KR7277410007,인산가,KOSDAQ,벤처기업부,1023,2,-25,-2.39,1049,1058,1021,127792,132106319,39294969615,38411505,KSQ
075970,KR7075970004,동국알앤에스,KOSDAQ,중견기업부,2135,2,-120,-5.32,2260,2265,2130,150795,329085627,39284000000,18400000,KSQ
206400,KR7206400004,베노티앤알,KOSDAQ,중견기업부,1047,1,14,1.36,1026,1055,950,214531,215136041,39273135426,37510158,KSQ
387570,KR7387570005,파인메딕스,KOSDAQ,기술성장기업부,6950,2,-60,-0.86,7280,7280,6750,15462,105667000,39100005000,5625900,KSQ
045060,KR7045060001,오공,KOSDAQ,우량기업부,2305,2,-35,-1.5,2335,2340,2275,34007,78228400,39051250070,16941974,KSQ
122830,KR7122830003,원포유,KONEX,일반기업부,1192,2,-27,-2.21,1297,1300,1087,25255,28960835,39040366120,32751985,KNX
363250,KR7363250002,진시스템,KOSDAQ,기술성장기업부,4585,2,-340,-6.9,5180,5180,4505,57307,265552055,39010931470,8508382,KSQ
025440,KR7025440009,DH오토웨어,KOSDAQ,투자주의환기종목(소속부없음),798,2,-15,-1.85,814,850,793,230036,186236685,38927416752,48781224,KSQ
373170,KR7373170000,엠아이큐브솔루션,KOSDAQ,벤처기업부,2565,2,-115,-4.29,2640,2680,2250,124924,312825790,38766871350,15113790,KSQ
016670,KR7016670002,디모아,KOSDAQ,중견기업부,3800,3,0,0.0,3700,3860,3700,21581,81940630,38738089200,10194234,KSQ
114630,KR7114630007,폴라리스우노,KOSDAQ,우량기업부,2200,2,-60,-2.65,2255,2255,2175,70507,155080590,38696919800,17589509,KSQ
068050,KR7068050004,팬엔터테인먼트,KOSDAQ,중견기업부,1397,2,-1,-0.07,1398,1435,1373,67374,93949215,38688624172,27694076,KSQ
007720,KR7007720006,소노스퀘어,KOSDAQ,중견기업부,381,2,-9,-2.31,386,389,362,517371,191165876,38404971450,100800450,KSQ
008250,KR7008250003,이건산업,KOSPI,,3505,2,-100,-2.77,3685,3685,3505,35103,124487342,38388985675,10952635,STK
169330,KR7169330008,엠브레인,KOSDAQ,중견기업부,2095,1,80,3.97,2040,2095,2015,73594,151397779,38373943210,18316918,KSQ
059100,KR7059100008,아이컴포넌트,KOSDAQ,벤처기업부,5420,2,-130,-2.34,5550,5650,5340,55871,305787870,38324061200,7070860,KSQ
417860,KR7417860004,오브젠,KOSDAQ,벤처기업부,8150,2,-570,-6.54,8720,8740,8020,67702,556024720,38279783900,4696906,KSQ
006050,KR7006050009,국영지앤엠,KOSDAQ,중견기업부,1095,2,-32,-2.84,1127,1129,1075,372867,409919459,38210291085,34895243,KSQ
270870,KR7270870009,뉴트리,KOSDAQ,중견기업부,4145,1,35,0.85,4080,4235,3870,27618,112989287,38134928480,9200224,KSQ
056730,KR7056730005,CNT85,KOSDAQ,중견기업부,514,0,0,0.0,0,0,0,0,0,38093149604,74111186,KSQ
200230,KR7200230001,텔콘RF제약,KOSDAQ,중견기업부,532,2,-15,-2.74,559,559,528,473728,253378879,38050519556,71523533,KSQ
131100,KR7131100000,티엔엔터테인먼트,KOSDAQ,중견기업부,1175,2,-30,-2.49,1205,1205,1134,145928,169289884,37889900700,32246724,KSQ
318020,KR7318020005,포인트모바일,KOSDAQ,벤처기업부,3080,2,-120,-3.75,3200,3220,3080,49937,156733749,37887917760,12301272,KSQ
354200,KR7354200008,엔젠바이오,KOSDAQ,기술성장기업부,1413,1,163,13.04,1250,1618,1202,7305481,10821919521,37882176750,26809750,KSQ
238490,KR7238490007,힘스,KOSDAQ,벤처기업부,3345,1,135,4.21,3210,3840,3210,231525,800782455,37839429420,11312236,KSQ
075130,KR7075130005,플랜티넷,KOSDAQ,벤처기업부,2275,2,-35,-1.52,2310,2310,2225,31968,72044755,37815778000,16622320,KSQ
025750,KR7025750001,한솔홈데코,KOSPI,,2345,2,-115,-4.67,2475,2480,2315,105058,246513437,37785053005,16113029,STK
195990,KR7195990007,에이비프로바이오,KOSDAQ,관리종목(소속부없음),1159,2,-53,-4.37,1200,1234,1157,179432,211539129,37755291932,32575748,KSQ
038870,KR7038870002,에코심플렉스,KOSDAQ,중견기업부,2690,3,0,0.0,2635,2735,2630,46867,124754795,37700212810,14014949,KSQ
475660,KR7475660007,에스켐,KOSDAQ,기술성장기업부,4745,2,-150,-3.06,5000,5000,4710,26948,128815040,37627067075,7929835,KSQ
359090,KR7359090008,씨엔알리서치,KOSDAQ,중견기업부,653,2,-14,-2.1,667,675,610,188624,121130860,37528378201,57470717,KSQ
065950,KR7065950008,웰크론,KOSDAQ,중견기업부,1328,2,-26,-1.92,1354,1377,1303,74595,100693339,37491169056,28231302,KSQ
006200,KR7006200000,한국전자홀딩스,KOSPI,,801,0,0,0.0,0,0,0,0,0,37489311936,46803136,STK
208860,KR7208860007,다산디엠씨,KOSDAQ,벤처기업부,1101,2,-35,-3.08,1136,1164,1094,61044,68436536,37378920273,33949973,KSQ
024890,KR7024890006,대원화성,KOSPI,,906,0,0,0.0,0,0,0,0,0,37371731712,41249152,STK
317240,KR7317240000,TS트릴리온,KOSDAQ,벤처기업부,1280,2,-16,-1.23,1368,1460,1271,427015,577145342,37346190080,29176711,KSQ
900340,HK0000449303,윙입푸드,KOSDAQ,외국기업(소속부없음),742,0,0,0.0,0,0,0,0,0,37345548576,50330928,KSQ
424760,KR7424760007,벨로크,KOSDAQ,벤처기업부,1887,0,0,0.0,0,0,0,0,0,37321684179,19778317,KSQ
002025,KR7002021004,코오롱우,KOSPI,,32050,2,-550,-1.69,32500,32500,31000,6304,199808225,37192005850,1160437,STK
398120,KR7398120006,에스지헬스케어,KOSDAQ,벤처기업부,3145,2,-235,-6.95,3395,3395,3100,86659,277097610,37169217095,11818511,KSQ
039290,KR7039290002,인포뱅크,KOSDAQ,중견기업부,4265,2,-150,-3.4,4415,4500,4265,23337,102755535,37079816170,8693978,KSQ
177830,KR7177830007,파버나인,KOSDAQ,벤처기업부,2740,2,-25,-0.9,2745,2765,2700,28763,78168980,36973425740,13493951,KSQ
060540,KR7060540002,에스에이티,KOSDAQ,중견기업부,1413,1,25,1.8,1388,1465,1388,410763,586523100,36926361378,26133306,KSQ
045300,KR7045300001,성우테크론,KOSDAQ,중견기업부,3500,2,-50,-1.41,3535,3695,3350,178432,622640395,36914542000,10547012,KSQ
262840,KR7262840002,아이퀘스트,KOSDAQ,벤처기업부,3480,2,-150,-4.13,3635,3640,3470,62165,220160435,36772992960,10566952,KSQ
033200,KR7033200007,모아텍,KOSDAQ,투자주의환기종목(소속부없음),3995,2,-120,-2.92,4115,4290,3930,37789,152469187,36772093355,9204529,KSQ
094860,KR7094860004,네오리진,KOSDAQ,중견기업부,1462,1,18,1.25,1444,1479,1423,286682,416252532,36710840468,25110014,KSQ
33637K,KR733637K010,솔루스첨단소재1우,KOSPI,,2170,2,-50,-2.25,2220,2240,2090,17985,38453042,36692022220,16908766,STK
010640,KR7010640001,진양폴리,KOSPI,,2195,2,-50,-2.23,2270,2275,2160,48045,106076939,36656500000,16700000,STK
050120,KR7050120005,ES큐브,KOSDAQ,중견기업부,2700,2,-135,-4.76,2835,2900,2645,26576,74309120,36623032200,13564086,KSQ
043200,KR7043200005,파루,KOSDAQ,벤처기업부,875,2,-58,-6.22,975,975,863,437584,389062615,36578775625,41804315,KSQ
317120,KR7317120004,라닉스,KOSDAQ,기술성장기업부,2395,2,-60,-2.44,2455,2475,2330,364613,873216207,36547700000,15260000,KSQ
134790,KR7134790005,시디즈,KOSPI,,18270,2,-300,-1.62,18580,18580,18110,1925,35227375,36540000000,2000000,STK
004365,KR7004361002,세방우,KOSPI,,9900,2,-270,-2.65,10170,10250,9900,1970,19707560,36523575000,3689250,STK
012620,KR7012620001,원일특강,KOSDAQ,우량기업부,8290,2,-290,-3.38,8660,8660,8220,6567,54763070,36476000000,4400000,KSQ
33626L,KR733626K021,두산퓨얼셀2우B,KOSPI,,12200,2,-310,-2.48,12500,12510,11690,22804,277435475,36432860000,2986300,STK
257370,KR7257370007,피엔티엠에스,KOSDAQ,벤처기업부,2910,2,-105,-3.48,3030,3115,2900,75173,222001030,36389145510,12504861,KSQ
001000,KR7001000009,신라섬유,KOSDAQ,중견기업부,1496,1,10,0.67,1486,1558,1470,62701,95359979,36319199840,24277540,KSQ
288980,KR7288980006,모아데이타,KOSDAQ,기술성장기업부,998,1,2,0.2,1048,1059,938,577606,579292129,36308616242,36381379,KSQ
196490,KR7196490007,디에이테크놀로지,KOSDAQ,투자주의환기종목(소속부없음),6090,0,0,0.0,0,0,0,0,0,36245518050,5951645,KSQ
019175,KR7019171008,신풍제약우,KOSPI,,18200,2,-820,-4.31,18910,18910,18200,4159,76519230,36240386000,1991230,STK
069640,KR7069640001,한세엠케이,KOSPI,,1613,4,372,29.98,1249,1613,1245,1464793,2221720312,36136443863,22403251,STK
462980,KR7462980004,아이지넷,KOSDAQ,기술성장기업부,1979,2,-81,-3.93,2060,2125,1974,93698,187405867,36085950823,18234437,KSQ
455180,KR7455180000,케이지에이,KOSDAQ,벤처기업부,2580,2,-90,-3.37,2670,2675,2405,102068,260080460,36012455280,13958316,KSQ
284620,KR7284620002,카이노스메드,KOSDAQ,투자주의환기종목(소속부없음),1087,0,0,0.0,0,0,0,0,0,35965517911,33086953,KSQ
039740,KR7039740006,한국정보공학,KOSDAQ,벤처기업부,4485,1,190,4.42,4295,4535,4135,110138,482250047,35962510545,8018397,KSQ
035200,KR7035200005,프럼파스트,KOSDAQ,벤처기업부,3690,2,-30,-0.81,3700,3775,3625,98235,361651625,35905877100,9730590,KSQ
009810,KR7009810003,플레이그램,KOSPI,,1178,0,0,0.0,0,0,0,0,0,35784695000,30377500,STK
118000,KR7118000009,메타케어,KOSPI,,208,0,0,0.0,0,0,0,0,0,35729691712,171777364,STK
068940,KR7068940006,셀피글로벌,KOSDAQ,관리종목(소속부없음),778,0,0,0.0,0,0,0,0,0,35720093048,45912716,KSQ
005820,KR7005820006,원림,KOSPI,,15510,2,-670,-4.14,16330,16330,15510,3728,58642840,35641514700,2297970,STK
187270,KR7187270004,신화콘텍,KOSDAQ,벤처기업부,3500,2,-190,-5.15,3815,3820,3460,62225,222895270,35503457500,10143845,KSQ
021880,KR7021880000,메이슨캐피탈,KOSDAQ,중견기업부,167,2,-48,-22.33,230,250,167,24973850,5019105382,35434796136,212184408,KSQ
263920,KR7263920001,휴엠앤씨,KOSDAQ,중견기업부,3610,2,-160,-4.24,3770,3770,3605,15050,54857715,35410583860,9809026,KSQ
038880,KR7038880001,아이에이,KOSDAQ,투자주의환기종목(소속부없음),942,2,-34,-3.48,977,990,940,274946,261705266,35392934214,37572117,KSQ
027580,KR7027580000,상보,KOSDAQ,중견기업부,598,0,0,0.0,0,0,0,0,0,35390404842,59181279,KSQ
130500,KR7130500002,GH신소재,KOSDAQ,중견기업부,2430,2,-20,-0.82,2430,2450,2380,42949,103737890,35344476360,14545052,KSQ
263050,KR7263050007,유틸렉스,KOSDAQ,관리종목(소속부없음),959,0,0,0.0,0,0,0,0,0,35324626904,36834856,KSQ
464580,KR7464580000,닷밀,KOSDAQ,기술성장기업부,1919,2,-31,-1.59,1955,1958,1850,37178,70428576,35321284791,18406089,KSQ
021650,KR7021650007,한국큐빅,KOSDAQ,중견기업부,2160,2,-10,-0.46,2170,2170,2120,12407,26651630,35317216080,16350563,KSQ
071850,KR7071850002,캐스텍코리아,KOSDAQ,투자주의환기종목(소속부없음),1450,2,-37,-2.49,1499,1499,1448,10508,15357260,35178360100,24260938,KSQ
038950,KR7038950002,파인디지털,KOSDAQ,중견기업부,3440,2,-110,-3.1,3550,3625,3435,7467,26436270,35125031600,10210765,KSQ
019570,KR7019570001,플루토스,KOSDAQ,중견기업부,429,2,-10,-2.28,438,439,410,902591,382247174,35113668018,81850042,KSQ
159910,KR7159910009,에코글로우,KOSDAQ,중견기업부,3350,2,-75,-2.19,3600,3940,3280,50484,180138666,35064774950,10467097,KSQ
086060,KR7086060001,진바이오텍,KOSDAQ,중견기업부,4065,2,-10,-0.25,4050,4190,4000,28077,113495138,35002036155,8610587,KSQ
342870,KR7342870003,오아,KOSDAQ,중견기업부,6420,2,-220,-3.31,6690,6780,6300,8128,52509060,34990264740,5450197,KSQ
318000,KR7318000007,KBG,KOSDAQ,벤처기업부,3995,2,-120,-2.92,4090,4175,3945,40365,163517430,34917190885,8740223,KSQ
013810,KR7013810007,스페코,KOSDAQ,중견기업부,2380,2,-80,-3.25,2540,2540,2360,109594,263219824,34880018600,14655470,KSQ
290270,KR7290270008,휴네시온,KOSDAQ,벤처기업부,3615,2,-150,-3.98,3795,3795,3590,175617,642933720,34731734280,9607672,KSQ
099390,KR7099390007,브레인즈컴퍼니,KOSDAQ,벤처기업부,4220,1,5,0.12,4230,4235,4045,33112,137149590,34638954260,8208283,KSQ
063760,KR7063760003,이엘피,KOSDAQ,벤처기업부,3700,2,-5,-0.13,3705,3705,3520,133129,477619637,34502981000,9325130,KSQ
225220,KR7225220003,제놀루션,KOSDAQ,벤처기업부,1794,1,60,3.46,1720,1800,1712,88081,155034306,34426897674,19190021,KSQ
162120,KR7162120000,루켄테크놀러지스,KONEX,일반기업부,3080,2,-10,-0.32,3100,3100,3010,393,1205860,34362334160,11156602,KNX
296640,KR7296640006,이노에이엑스,KOSDAQ,벤처기업부,6630,2,-40,-0.6,6670,6870,6400,24154,158544320,34331810760,5178252,KSQ
353590,KR7353590003,오토앤,KOSDAQ,중견기업부,2665,2,-165,-5.83,2830,2980,2600,56998,154329610,34313394050,12875570,KSQ
333050,KR7333050003,이노테나,KOSDAQ,벤처기업부,1393,0,0,0.0,0,0,0,0,0,34286363118,24613326,KSQ
057680,KR7057680001,티사이언티픽,KOSDAQ,벤처기업부,2400,2,-130,-5.14,2530,2545,2370,54833,133193262,34199280000,14249700,KSQ
065370,KR7065370009,위세아이텍,KOSDAQ,벤처기업부,4630,2,-5,-0.11,4635,4815,4450,39847,181888020,34187707020,7383954,KSQ
013720,KR7013720008,THE CUBE&,KOSDAQ,중견기업부,560,2,-20,-3.45,580,590,554,323822,183221772,34063760080,60828143,KSQ
001070,KR7001070002,대한방직,KOSPI,,6410,2,-240,-3.61,6700,6700,6260,21637,140707380,33973000000,5300000,STK
054220,KR7054220009,비츠로시스,KOSDAQ,벤처기업부,548,0,0,0.0,0,0,0,0,0,33950288388,61953081,KSQ
310870,KR7310870001,디와이씨,KOSDAQ,벤처기업부,1640,1,214,15.01,1470,1853,1405,8561015,14758165587,33927124440,20687271,KSQ
290560,KR7290560002,파라택시스이더리움,KOSDAQ,벤처기업부,1515,2,-52,-3.32,1567,1599,1510,61743,95470200,33879535950,22362730,KSQ
109960,KR7109960005,앱토크롬,KOSDAQ,투자주의환기종목(소속부없음),153,0,0,0.0,0,0,0,0,0,33780758157,220789269,KSQ
239340,KR7239340003,이스트에이드,KOSDAQ,중견기업부,1252,2,-18,-1.42,1254,1309,1191,82419,100999486,33778501768,26979634,KSQ
097780,KR7097780001,에코볼트,KOSDAQ,중견기업부,664,0,0,0.0,0,0,0,0,0,33686528072,50732723,KSQ
006740,KR7006740005,블루산업개발,KOSPI,,589,0,0,0.0,0,0,0,0,0,33558621332,56975588,STK
198940,KR7198940009,한주라이트메탈,KOSDAQ,중견기업부,861,0,0,0.0,0,0,0,0,0,33512684058,38922978,KSQ
045510,KR7045510005,정원엔시스,KOSDAQ,중견기업부,1039,2,-19,-1.8,1058,1073,1036,325447,342560139,33465454388,32209292,KSQ
112190,KR7112190004,KC산업,KONEX,일반기업부,1230,2,-47,-3.68,1332,1332,1230,3717,4623902,33462013470,27204889,KNX
027040,KR7027040005,서울전자통신,KOSDAQ,중견기업부,480,0,0,0.0,0,0,0,0,0,33402646560,69588847,KSQ
900310,HK0000341732,컬러레이,KOSDAQ,외국기업(소속부없음),520,0,0,0.0,0,0,0,0,0,33301671000,64041675,KSQ
090370,KR7090370008,메타랩스,KOSPI,,1335,2,-51,-3.68,1418,1436,1316,41918,56574315,33247759815,24904689,STK
115480,KR7115480006,씨유메디칼,KOSDAQ,중견기업부,548,0,0,0.0,0,0,0,0,0,33222257784,60624558,KSQ
243870,KR7243870003,아이티센코어,KONEX,일반기업부,11480,2,-400,-3.37,12140,12140,10510,917,10699710,33207403880,2892631,KNX
001810,KR7001810001,무림SP,KOSDAQ,중견기업부,1500,2,-2,-0.13,1480,1520,1440,47912,69940892,33206250000,22137500,KSQ
131220,KR7131220006,대한과학,KOSDAQ,벤처기업부,4440,2,-115,-2.52,4555,4555,4420,17824,79710185,33097935600,7454490,KSQ
237750,KR7237750005,피앤씨테크,KOSDAQ,벤처기업부,5080,2,-20,-0.39,5110,5260,4850,88587,443086992,33002728000,6496600,KSQ
495810,KR7495810004,유비씨,KONEX,일반기업부,13120,0,0,0.0,0,0,0,0,0,32800000000,2500000,KNX
900070,KYG3931T1076,글로벌에스엠,KOSDAQ,외국기업(소속부없음),610,0,0,0.0,0,0,0,0,0,32783820480,53743968,KSQ
148780,KR7148780000,비큐AI,KOSDAQ,기술성장기업부,1042,2,-57,-5.19,1150,1150,1037,186643,198033820,32766445450,31445725,KSQ
000040,KR7000040006,KR모터스,KOSPI,,378,2,-20,-5.03,398,400,378,382447,148429380,32649819552,86375184,STK
023790,KR7023790009,동일스틸럭스,KOSDAQ,중견기업부,1249,0,0,0.0,0,0,0,0,0,32648381633,26139617,KSQ
115160,KR7115160004,휴맥스,KOSDAQ,중견기업부,7570,1,100,1.34,7470,7800,7300,52561,396502150,32642914940,4312142,KSQ
376980,KR7376980009,원티드랩,KOSDAQ,기술성장기업부,3340,2,-140,-4.02,3500,3525,3315,89927,306093682,32619755960,9766394,KSQ
009460,KR7009460007,한창제지,KOSPI,,544,0,0,0.0,0,0,0,0,0,32459112384,59667486,STK
438700,KR7438700007,버넥트,KOSDAQ,기술성장기업부,2905,2,-150,-4.91,3055,3070,2900,54863,162078100,32375905450,11144890,KSQ
088790,KR7088790001,진도,KOSPI,,2600,1,160,6.56,2440,2705,2420,125613,324163195,32364134400,12447744,STK
383930,KR7383930005,디티앤씨알오,KOSDAQ,중견기업부,2525,2,-5,-0.2,2535,2640,2410,272387,687170615,32279923200,12784128,KSQ
096690,KR7096690003,에이루트,KOSDAQ,중견기업부,1337,0,0,0.0,0,0,0,0,0,32271239861,24137053,KSQ
187220,KR7187220009,디티앤씨,KOSDAQ,중견기업부,2800,2,-30,-1.06,2805,2880,2735,93207,261128025,32269812400,11524933,KSQ
017000,KR7017000001,신원종합개발,KOSDAQ,우량기업부,2760,2,-120,-4.17,2880,2945,2750,67927,189333209,32203754520,11668027,KSQ
405920,KR7405920000,나라셀라,KOSDAQ,중견기업부,2500,2,-85,-3.29,2635,2635,2415,9957,24534680,32195190000,12878076,KSQ
092600,KR7092600006,앤씨앤,KOSDAQ,벤처기업부,6410,4,1475,29.89,5830,6410,5200,997759,6156947925,32157066230,5016703,KSQ
367000,KR7367000007,플래티어,KOSDAQ,벤처기업부,3830,3,0,0.0,3830,3925,3700,5480,20682635,32126832810,8388207,KSQ
303530,KR7303530000,이노뎁,KOSDAQ,벤처기업부,4375,2,-270,-5.81,4645,4645,4375,29672,132572880,32109433125,7339299,KSQ
079170,KR7079170007,한창산업,KOSDAQ,우량기업부,6160,2,-230,-3.6,6400,6400,6150,28778,179562690,32032000000,5200000,KSQ
002690,KR7002690006,동일제강,KOSPI,,1573,2,-4,-0.25,1580,1594,1537,103129,161139004,31932466280,20300360,STK
016100,KR7016100000,리더스코스메틱,KOSDAQ,중견기업부,1670,1,11,0.66,1645,1682,1587,24686,40112121,31898492980,19100894,KSQ
051380,KR7051380004,피씨디렉트,KOSDAQ,중견기업부,2070,2,-160,-7.17,2230,2235,2055,94924,202469470,31753949040,15340072,KSQ
024070,KR7024070005,WISCOM,KOSPI,,2070,2,-130,-5.91,2190,2270,1977,166810,349705506,31725726660,15326438,STK
033050,KR7033050006,제이엠아이,KOSDAQ,중견기업부,973,2,-4,-0.41,986,1002,973,38167,37758867,31699699766,32579342,KSQ
047080,KR7047080007,한빛소프트,KOSDAQ,중견기업부,1277,2,-1,-0.08,1273,1349,1201,467999,592388002,31698156274,24822362,KSQ
252500,KR7252500004,세화피앤씨,KOSDAQ,중견기업부,764,2,-6,-0.78,774,786,763,100483,77956447,31695601960,41486390,KSQ
462310,KR7462310004,뉴키즈온,KOSDAQ,중견기업부,3860,2,-105,-2.65,3935,3935,3720,23924,91781887,31594567060,8185121,KSQ
048470,KR7048470009,대동스틸,KOSDAQ,중견기업부,3250,2,-100,-2.99,3350,3420,3215,97858,322967510,31362500000,9650000,KSQ
089140,KR7089140008,넥스턴앤롤코리아,KOSDAQ,벤처기업부,2045,2,-90,-4.22,2135,2200,2045,91563,191838525,31321698530,15316234,KSQ
014130,KR7014130009,한익스프레스,KOSPI,,2610,2,-20,-0.76,2630,2630,2545,27105,70104525,31320000000,12000000,STK
258830,KR7258830009,세종메디칼,KOSDAQ,관리종목(소속부없음),412,0,0,0.0,0,0,0,0,0,31223976612,75786351,KSQ
431190,KR7431190008,케이쓰리아이,KOSDAQ,기술성장기업부,4170,2,-75,-1.77,4255,4300,4150,30471,128882345,31218463140,7486442,KSQ
291230,KR7291230001,엔피,KOSDAQ,중견기업부,702,2,-22,-3.04,724,737,702,130218,92903804,30955234050,44095775,KSQ
018680,KR7018680009,서울제약,KOSDAQ,벤처기업부,2650,1,5,0.19,2675,2675,2580,10809,28471575,30897195350,11659319,KSQ
002420,KR7002420008,세기상사,KOSPI,,5170,1,10,0.19,5160,5270,5080,17395,89843520,30864631160,5969948,STK
274400,KR7274400001,이노시뮬레이션,KOSDAQ,기술성장기업부,3395,2,-130,-3.69,3500,3545,3350,37002,126251990,30848643735,9086493,KSQ
008470,KR7008470007,부스타,KOSDAQ,벤처기업부,3660,2,-35,-0.95,3740,3780,3650,7793,28833385,30761568000,8404800,KSQ
065770,KR7065770000,CS,KOSDAQ,벤처기업부,1584,0,0,0.0,0,0,0,0,0,30747229920,19411130,KSQ
142760,KR7142760008,모아라이프플러스,KOSDAQ,기술성장기업부,727,2,-76,-9.46,827,827,717,306473,225768433,30655394460,42166980,KSQ
090150,KR7090150004,아이윈,KOSDAQ,중견기업부,732,2,-37,-4.81,790,790,720,263525,195622681,30652714476,41875293,KSQ
003680,KR7003680006,한성기업,KOSPI,,4935,2,-95,-1.89,5050,5050,4860,54391,268571920,30643956525,6209515,STK
357430,KR7357430008,마스턴프리미어리츠,KOSPI,,999,2,-93,-8.52,1094,1094,988,221823,228658080,30474801693,30505307,STK
354390,KR7354390007,바스칸바이오제약,KONEX,일반기업부,4325,2,-605,-12.27,4800,4890,4195,11886,50579890,30353918275,7018247,KNX
246250,KR7246250005,에스엘에스바이오,KOSDAQ,관리종목(소속부없음),1969,0,0,0.0,0,0,0,0,0,30220617614,15348206,KSQ
227610,KR7227610003,아우딘퓨쳐스,KOSDAQ,벤처기업부,794,0,0,0.0,0,0,0,0,0,30209513324,38047246,KSQ
032750,KR7032750002,삼진,KOSDAQ,우량기업부,3345,2,-10,-0.3,3355,3375,3315,29979,99991694,30209103090,9031122,KSQ
138070,KR7138070008,신진에스엠,KOSDAQ,중견기업부,1722,2,-23,-1.32,1745,1778,1690,28669,49076341,30140517288,17503204,KSQ
146060,KR7146060009,율촌,KOSDAQ,중견기업부,1255,2,-36,-2.79,1292,1414,1245,125819,163431626,30139571725,24015595,KSQ
377220,KR7377220009,프롬바이오,KOSDAQ,기술성장기업부,1061,2,-52,-4.67,1113,1113,1060,244840,262445361,30036910000,28310000,KSQ
227420,KR7227420007,도부,KONEX,일반기업부,787,2,-10,-1.25,910,910,787,3,2607,29941029370,38044510,KNX
208710,KR7208710004,포톤,KOSDAQ,중견기업부,2265,2,-110,-4.63,2420,2420,2265,133840,311432853,29852998980,13180132,KSQ
101000,KR7101000008,KS인더스트리,KOSDAQ,중견기업부,753,2,-31,-3.95,784,785,740,183946,140819923,29850386844,39641948,KSQ
131090,KR7131090003,시큐브,KOSDAQ,벤처기업부,3895,2,-110,-2.75,4005,4040,3885,32696,129184550,29828770795,7658221,KSQ
335870,KR7335870002,윙스풋,KOSDAQ,중견기업부,1778,2,-30,-1.66,1807,1807,1745,34618,61169072,29782340994,16750473,KSQ
276730,KR7276730009,한울앤제주,KOSDAQ,투자주의환기종목(소속부없음),13410,2,-310,-2.26,13720,14190,13110,18597,253626290,29702935440,2214984,KSQ
023150,KR7023150006,MH에탄올,KOSPI,,4010,2,-110,-2.67,4160,4160,4005,17010,68734939,29587889260,7378526,STK
053290,KR7053290003,NE능률,KOSDAQ,중견기업부,1785,2,-80,-4.29,1865,1919,1770,29094,52834508,29499457995,16526307,KSQ
210120,KR7210120002,캔버스엔,KOSDAQ,중견기업부,1216,2,-102,-7.74,1288,1315,1100,862688,1032027944,29472773248,24237478,KSQ
432980,KR7432980001,엠에프씨,KOSDAQ,기술성장기업부,3430,2,-15,-0.44,3500,3500,3340,8560,29111961,29469675060,8591742,KSQ
068100,KR7068100007,케이웨더,KOSDAQ,기술성장기업부,2470,2,-15,-0.6,2515,2600,2425,43550,109261657,29461013920,11927536,KSQ
148930,KR7148930001,에이치와이티씨,KOSDAQ,중견기업부,2890,2,-120,-3.99,3020,3025,2865,38894,114094885,29406365570,10175213,KSQ
015260,KR7015260003,에이엔피,KOSPI,,624,2,-27,-4.15,662,681,621,247572,158126477,29400941856,47116894,STK
337840,KR7337840003,유엑스엔,KONEX,일반기업부,6190,2,-160,-2.52,6760,6760,6000,3227,19996660,29387247840,4747536,KNX
006570,KR7006570006,대림통상,KOSPI,,1929,2,-14,-0.72,1943,1998,1918,33234,64397416,29369025000,15225000,STK
019660,KR7019660000,글로본,KOSDAQ,중견기업부,2100,2,-20,-0.94,2105,2150,2075,21142,44486935,29283099300,13944333,KSQ
038620,KR7038620001,위즈코프,KOSDAQ,벤처기업부,1932,2,-73,-3.64,2005,2010,1927,92136,181415004,29261865276,15145893,KSQ
270520,KR7270520000,앱튼,KOSDAQ,투자주의환기종목(소속부없음),1487,2,-158,-9.6,1574,1597,1487,282754,431527240,29232805118,19658914,KSQ
038530,KR7038530002,케이바이오랩스,KOSDAQ,중견기업부,1261,2,-126,-9.08,1385,1385,1261,585012,764462269,29183157809,23142869,KSQ
446070,KR7446070005,유니드비티플러스,KOSPI,,2750,2,-35,-1.26,2795,2810,2520,58819,158430062,29180841250,10611215,STK
080470,KR7080470008,성창오토텍,KOSDAQ,벤처기업부,3995,2,-35,-0.87,4030,4065,3980,23558,94645135,29163500000,7300000,KSQ
005360,KR7005360003,모나미,KOSPI,,1540,2,-17,-1.09,1544,1574,1538,65590,101450501,29101852780,18897307,STK
130740,KR7130740004,티피씨글로벌,KOSDAQ,중견기업부,2580,4,595,29.97,2020,2580,2020,2625417,6406878100,29093831820,11276679,KSQ
091340,KR7091340000,S&K폴리텍,KOSDAQ,중견기업부,2485,2,-25,-1.0,2510,2565,2470,71318,178847160,29083746685,11703721,KSQ
030720,KR7030720007,동원수산,KOSPI,,6240,2,-160,-2.5,6420,6460,6090,59334,372434910,29039743200,4653805,STK
224060,KR7224060004,더코디,KOSDAQ,투자주의환기종목(소속부없음),5620,2,-230,-3.93,5850,6300,5470,41513,237200890,29003257640,5160722,KSQ
002820,KR7002820009,SUN&L,KOSPI,,2300,2,-40,-1.71,2400,2400,2300,14157,33150302,28998374700,12607989,STK
031510,KR7031510001,오스템,KOSDAQ,중견기업부,1035,1,28,2.78,1007,1035,1007,65684,67304790,28980000000,28000000,KSQ
233990,KR7233990001,질경이,KONEX,일반기업부,1795,1,74,4.3,1799,1799,1729,958,1670298,28950718530,16128534,KNX
102950,KR7102950003,아하,KONEX,일반기업부,2205,2,-25,-1.12,2220,2350,2115,3010,6581230,28933796115,13121903,KNX
900110,HK0000057197,딥커머스,KOSDAQ,외국기업(소속부없음),774,2,-10,-1.28,784,784,750,134541,102804531,28541052630,36874745,KSQ
091970,KR7091970004,나노캠텍,KOSDAQ,중견기업부,757,0,0,0.0,0,0,0,0,0,28519144571,37673903,KSQ
318010,KR7318010006,팜스빌,KOSDAQ,벤처기업부,3580,3,0,0.0,3545,3850,3540,60124,217754435,28387030040,7929338,KSQ
123840,KR7123840001,뉴온,KOSDAQ,투자주의환기종목(소속부없음),4450,2,-210,-4.51,4660,4675,4450,8209,37264715,28326163500,6365430,KSQ
052300,KR7052300001,오션인더블유,KOSDAQ,중견기업부,1741,0,0,0.0,0,0,0,0,0,28281026848,16244128,KSQ
024940,KR7024940009,PN풍년,KOSDAQ,벤처기업부,2820,2,-35,-1.23,2905,2905,2800,91122,258701930,28200000000,10000000,KSQ
304840,KR7304840002,피플바이오,KOSDAQ,벤처기업부,1196,2,-32,-2.61,1228,1232,1181,66786,80276949,28075665852,23474637,KSQ
049120,KR7049120009,파인디앤씨,KOSDAQ,벤처기업부,2640,2,-125,-4.52,2765,2780,2605,33267,88383890,27988390320,10601663,KSQ
236810,KR7236810008,엔비티,KOSDAQ,기술성장기업부,1648,2,-127,-7.15,1775,1775,1605,89542,149917619,27975502048,16975426,KSQ
067730,KR7067730002,로지시스,KOSDAQ,중견기업부,2890,2,-90,-3.02,3040,3100,2860,128946,377236380,27957634580,9673922,KSQ
032680,KR7032680001,소프트센,KOSDAQ,중견기업부,268,0,0,0.0,0,0,0,0,0,27946881344,104279408,KSQ
397810,KR7397810003,애드포러스,KOSDAQ,벤처기업부,5410,2,-270,-4.75,5600,5650,5410,16169,88953160,27919765700,5160770,KSQ
900300,HK0000312568,오가닉티코스메틱,KOSDAQ,외국기업(소속부없음),111,2,-11,-9.02,124,125,111,22640342,2619490718,27861541236,251004876,KSQ
377030,KR7377030002,비트맥스,KOSDAQ,관리종목(소속부없음),2605,2,-285,-9.86,2890,3030,2540,108037,288121083,27858807800,10694360,KSQ
008775,KR7008771008,호텔신라우,KOSPI,,37050,2,-2950,-7.38,40000,40000,36800,6097,234176050,27857116950,751879,STK
434190,KR7434190005,탈로스,KONEX,일반기업부,3775,2,-120,-3.08,3595,3800,3595,392,1420325,27819613350,7369434,KNX
058450,KR7058450008,한주에이알티,KOSDAQ,투자주의환기종목(소속부없음),5540,2,-330,-5.62,5800,6030,5320,75914,430182220,27774080880,5013372,KSQ
010400,KR7010400000,우진아이엔에스,KOSPI,,3640,2,-430,-10.57,4070,4195,3605,140138,537588585,27744080000,7622000,STK
044380,KR7044380004,주연테크,KOSPI,,430,0,0,0.0,0,0,0,0,0,27727080260,64481582,STK
417180,KR7417180007,핑거스토리,KOSDAQ,중견기업부,1579,0,0,0.0,0,0,0,0,0,27709275717,17548623,KSQ
131180,KR7131180002,딜리,KOSDAQ,벤처기업부,941,0,0,0.0,0,0,0,0,0,27618350000,29350000,KSQ
311060,KR7311060008,엘에이티,KONEX,일반기업부,3490,1,20,0.58,3470,3490,3470,200,694060,27473747660,7872134,KNX
002355,KR7002351005,넥센타이어1우B,KOSPI,,4225,2,-40,-0.94,4330,4330,4210,5206,22098595,27462500000,6500000,STK
377330,KR7377330006,이지트로닉스,KOSDAQ,기술성장기업부,3360,2,-165,-4.68,3525,3550,3350,14128,48106395,27350245440,8139954,KSQ
060230,KR7060230000,제이케이시냅스,KOSDAQ,중견기업부,489,1,18,3.82,462,598,459,15105587,8009980320,27316466655,55861895,KSQ
044780,KR7044780005,에이치케이,KOSDAQ,벤처기업부,1476,2,-67,-4.34,1543,1564,1467,351812,529327268,27314541612,18505787,KSQ
103230,KR7103230009,에스앤더블류,KOSDAQ,중견기업부,3790,3,0,0.0,3730,3800,3535,46275,169323335,27288000000,7200000,KSQ
043220,KR7043220003,티에스넥스젠,KOSDAQ,관리종목(소속부없음),1710,0,0,0.0,0,0,0,0,0,27227331360,15922416,KSQ
226340,KR7226340008,본느,KOSDAQ,중견기업부,647,0,0,0.0,0,0,0,0,0,27143215740,41952420,KSQ
464680,KR7464680008,KB제27호스팩,KOSDAQ,관리종목(소속부없음),2100,3,0,0.0,2095,2100,2095,130110,273040486,27100500000,12905000,KSQ
301300,KR7301300000,바이브컴퍼니,KOSDAQ,기술성장기업부,2060,2,-65,-3.06,2125,2205,2060,57247,120702723,27098706720,13154712,KSQ
007770,KR7007770001,한일화학,KOSDAQ,중견기업부,7720,2,-20,-0.26,7740,7760,7700,3419,26396815,27097200000,3510000,KSQ
123750,KR7123750002,알톤,KOSDAQ,중견기업부,1960,2,-27,-1.36,1987,2010,1916,61858,120784663,27085747640,13819259,KSQ
039310,KR7039310008,세중,KOSDAQ,중견기업부,1494,1,78,5.51,1417,1517,1368,238995,350378421,27073770498,18121667,KSQ
121890,KR7121890008,에스디시스템,KOSDAQ,중견기업부,2035,2,-185,-8.33,2220,2220,2000,134524,279461651,27048092610,13291446,KSQ
004870,KR7004870002,티웨이홀딩스,KOSPI,,239,3,0,0.0,239,243,236,253346,60370126,27046075066,113163494,STK
115610,KR7115610008,이미지스,KOSDAQ,벤처기업부,2285,2,-305,-11.78,2570,2570,2240,268633,640242172,27005887165,11818769,KSQ
179720,KR7179720008,머니무브,KONEX,일반기업부,9800,2,-1190,-10.83,9600,9800,9350,50,471600,26950176400,2750018,KNX
033250,KR7033250002,체시스,KOSPI,,4205,2,-135,-3.11,4340,4510,4175,22683,97428065,26912000000,6400000,STK
032080,KR7032080004,아즈텍WB,KOSDAQ,중견기업부,1252,2,-5,-0.4,1258,1258,1200,35779,44126281,26906768308,21491029,KSQ
368600,KR7368600003,아이씨에이치,KOSDAQ,기술성장기업부,1050,2,-23,-2.14,1073,1083,1010,234725,243383382,26815263300,25538346,KSQ
267790,KR7267790004,배럴,KOSDAQ,중견기업부,3480,2,-20,-0.57,3500,3500,3445,23457,81260740,26758795320,7689309,KSQ
285800,KR7285800009,진영,KOSDAQ,벤처기업부,1524,2,-80,-4.99,1688,1688,1507,272329,420839502,26635359480,17477270,KSQ
060380,KR7060380003,동양에스텍,KOSDAQ,중견기업부,1350,2,-57,-4.05,1395,1401,1343,150985,206650545,26595000000,19700000,KSQ
331520,KR7331520007,밸로프,KOSDAQ,중견기업부,2605,2,-170,-6.13,2750,2770,2605,183065,492372075,26500347190,10172878,KSQ
115530,KR7115530008,씨엔플러스,KOSDAQ,중견기업부,336,0,0,0.0,0,0,0,0,0,26491522848,78843818,KSQ
193250,KR7193250008,링크드,KOSDAQ,중견기업부,396,0,0,0.0,0,0,0,0,0,26470488132,66844667,KSQ
005110,KR7005110002,한창,KOSPI,,1254,0,0,0.0,0,0,0,0,0,26467434378,21106407,STK
034940,KR7034940007,조아제약,KOSDAQ,중견기업부,850,2,-25,-2.86,875,889,850,91522,78793553,26332852950,30979827,KSQ
016920,KR7016920001,카스,KOSDAQ,중견기업부,993,2,-27,-2.65,1020,1020,980,95343,94726026,26308083234,26493538,KSQ
270210,KR7270210008,에스알바이오텍,KONEX,일반기업부,15800,2,-700,-4.24,16000,17000,15800,90,1438940,26298357400,1664453,KNX
372800,KR7372800003,아이티아이즈,KOSDAQ,벤처기업부,3735,1,20,0.54,3735,3850,3610,26549,98300730,26283900915,7037189,KSQ
143210,KR7143210003,핸즈코퍼레이션,KOSPI,,1199,0,0,0.0,0,0,0,0,0,26229020653,21875747,STK
021040,KR7021040001,대호특수강,KOSDAQ,중견기업부,1200,2,-47,-3.77,1260,1278,1200,127425,156076637,26045728800,21704774,KSQ
003495,KR7003491008,대한항공우,KOSPI,,23350,2,-450,-1.89,23800,24000,23100,7150,167555850,25937039900,1110794,STK
418620,KR7418620001,E8,KOSDAQ,기술성장기업부,1306,2,-108,-7.64,1414,1470,1270,245087,333444989,25924722962,19850477,KSQ
069140,KR7069140002,누리플랜,KOSDAQ,벤처기업부,1716,2,-61,-3.43,1777,1777,1705,90417,156494980,25904399664,15095804,KSQ
465770,KR7465770006,STX그린로지스,KOSPI,,3610,2,-315,-8.03,3925,4090,3560,343408,1313581913,25887425520,7171032,STK
004270,KR7004270005,남성,KOSPI,,7130,2,-160,-2.19,7300,7320,7100,11328,81218890,25819270080,3621216,STK
078860,KR7078860004,아이오케이이엔엠,KOSDAQ,투자주의환기종목(소속부없음),4340,2,-340,-7.26,4720,4720,4340,22280,99634635,25763216500,5936225,KSQ
405000,KR7405000001,플라즈맵,KOSDAQ,벤처기업부,6710,2,-220,-3.17,6760,6900,6710,4534,30504570,25755959240,3838444,KSQ
037400,KR7037400009,우리엔터프라이즈,KOSDAQ,중견기업부,980,2,-2,-0.2,980,983,971,72710,71043037,25698879080,26223346,KSQ
139670,KR7139670004,키네마스터,KOSDAQ,중견기업부,1819,2,-81,-4.26,1886,1988,1800,30185,55526020,25682115390,14118810,KSQ
011090,KR7011090008,에넥스,KOSPI,,428,0,0,0.0,0,0,0,0,0,25676422348,59991641,STK
054090,KR7054090006,삼진엘앤디,KOSDAQ,중견기업부,1025,2,-75,-6.82,1100,1112,1017,398076,417133485,25583212800,24959232,KSQ
054940,KR7054940002,엑사이엔씨,KOSDAQ,중견기업부,770,2,-11,-1.41,784,795,759,322179,249879559,25543631960,33173548,KSQ
059180,KR7059180000,엔더블유시,KONEX,일반기업부,4800,2,-80,-1.64,4880,4880,4800,500,2420000,25507632000,5314090,KNX
020400,KR7020400008,대동금속,KOSDAQ,중견기업부,3995,2,-140,-3.39,4145,4230,3875,109341,440424960,25481436340,6378332,KSQ
457600,KR7457600005,벡트,KOSDAQ,벤처기업부,1858,2,-92,-4.72,1950,1950,1836,39523,74677331,25468535000,13707500,KSQ
101400,KR7101400000,엔시트론,KOSDAQ,중견기업부,2165,2,-330,-13.23,2495,2740,2135,266040,643196446,25420971020,11741788,KSQ
216400,KR7216400002,인바이츠바이오코아,KONEX,일반기업부,3295,2,-140,-4.08,3100,3400,3100,739,2399245,25408782925,7711315,KNX
208350,KR7208350009,지란지교시큐리티,KOSDAQ,벤처기업부,3135,2,-70,-2.18,3205,3250,3105,58818,187097870,25398421950,8101570,KSQ
093380,KR7093380004,풍강,KOSDAQ,중견기업부,2570,2,-25,-0.96,2630,2630,2565,30768,79943445,25389834410,9879313,KSQ
322970,KR7322970005,무진메디,KONEX,일반기업부,2525,2,-275,-9.82,2880,2880,2520,8792,23140650,25381244450,10051978,KNX
206950,KR7206950008,볼빅,KONEX,일반기업부,1799,1,116,6.89,1927,1927,1500,468,702726,25324999735,14077265,KNX
238200,KR7238200000,비피도,KOSDAQ,벤처기업부,3095,2,-35,-1.12,3130,3130,3050,23073,71294005,25317100000,8180000,KSQ
188040,KR7188040000,바이오포트,KOSDAQ,벤처기업부,5410,2,-310,-5.42,5720,5720,5370,28950,157828760,25315056280,4679308,KSQ
085810,KR7085810000,알티캐스트,KOSDAQ,중견기업부,1922,2,-148,-7.15,2070,2100,1917,48976,97086147,25195893932,13109206,KSQ
088290,KR7088290002,이원컴포텍,KOSDAQ,관리종목(소속부없음),630,0,0,0.0,0,0,0,0,0,25124629320,39880364,KSQ
362990,KR7362990004,드림인사이트,KOSDAQ,벤처기업부,1494,2,-68,-4.35,1570,1580,1472,72436,109476883,25100057556,16800574,KSQ
389680,KR7389680000,유디엠텍,KOSDAQ,기술성장기업부,3000,2,-580,-16.2,3560,3565,2840,925125,2874749480,24955479000,8318493,KSQ
042040,KR7042040006,케이피엠테크,KOSDAQ,중견기업부,1008,2,-30,-2.89,1040,1040,1007,91307,92687138,24907036896,24709362,KSQ
415380,KR7415380005,스튜디오삼익,KOSDAQ,중견기업부,2175,3,0,0.0,2175,2235,2130,59920,130483820,24888470625,11442975,KSQ
197140,KR7197140007,디지캡,KOSDAQ,벤처기업부,1906,1,24,1.28,1902,1907,1883,10916,20685144,24803071524,13013154,KSQ
043360,KR7043360007,디지아이,KOSDAQ,벤처기업부,2750,2,-10,-0.36,2760,2800,2675,16019,43607115,24750000000,9000000,KSQ
403360,KR7403360001,라피치,KONEX,일반기업부,6890,3,0,0.0,6600,6890,6600,11,73890,24706279130,3585817,KNX
036480,KR7036480002,대성미생물,KOSDAQ,중견기업부,6480,2,-320,-4.71,6800,6800,6480,37175,245963600,24624000000,3800000,KSQ
352940,KR7352940001,인바이오,KOSDAQ,벤처기업부,2260,2,-35,-1.53,2275,2355,2235,14315,32719655,24561069800,10867730,KSQ
207490,KR7207490004,에이펙스인텍,KONEX,일반기업부,6800,0,0,0.0,0,0,0,0,0,24480000000,3600000,KNX
053060,KR7053060000,세동,KOSDAQ,중견기업부,1383,2,-22,-1.57,1392,1417,1355,222856,307827871,24420210477,17657419,KSQ
196700,KR7196700009,웹스,KOSDAQ,벤처기업부,1694,2,-106,-5.89,1800,1810,1621,144586,246239689,24332859936,14364144,KSQ
225590,KR7225590009,패션플랫폼,KOSDAQ,우량기업부,950,0,0,0.0,0,0,0,0,0,24326537900,25606882,KSQ
079650,KR7079650008,서산,KOSDAQ,중견기업부,1211,2,-24,-1.94,1270,1270,1181,35648,42788775,24220000000,20000000,KSQ
222980,KR7222980005,한국맥널티,KOSDAQ,벤처기업부,2190,1,60,2.82,2130,2240,2130,30078,65854760,24158947770,11031483,KSQ
109670,KR7109670000,씨싸이트,KOSDAQ,중견기업부,4120,2,-330,-7.42,4415,4450,4120,19347,81943685,24046800240,5836602,KSQ
002070,KR7002070001,비비안,KOSPI,,10000,2,-790,-7.32,10790,10790,9850,19869,201054850,24043440000,2404344,STK
900270,HK0000214814,헝셩그룹,KOSDAQ,외국기업(소속부없음),984,2,-26,-2.57,1009,1011,980,144486,143310611,24014228736,24404704,KSQ
083640,KR7083640003,인콘,KOSDAQ,벤처기업부,1542,2,-122,-7.33,1729,1729,1530,222549,352875986,23968955940,15544070,KSQ
208640,KR7208640003,썸에이지,KOSDAQ,중견기업부,172,2,-6,-3.37,180,182,171,1402998,244927182,23949323688,139240254,KSQ
303030,KR7303030001,지니틱스,KOSDAQ,벤처기업부,2605,2,-345,-11.69,2950,2960,2555,82356,224752082,23855224980,9157476,KSQ
076340,KR7076340009,지에이이노더스,KONEX,일반기업부,4895,2,-715,-12.75,0,0,0,0,0,23845796700,4871460,KNX
070590,KR7070590005,인티큐브,KOSDAQ,중견기업부,1700,2,-14,-0.82,1714,1719,1647,49351,82912073,23595185700,13879521,KSQ
191410,KR7191410000,육일씨엔에쓰,KOSDAQ,중견기업부,2105,1,35,1.69,2070,2150,2050,99922,208008775,23584956775,11204255,KSQ
373110,KR7373110006,엑셀세라퓨틱스,KOSDAQ,기술성장기업부,1363,2,-67,-4.69,1430,1430,1325,160690,220060896,23572259022,17294394,KSQ
067010,KR7067010009,이씨에스,KOSDAQ,벤처기업부,2160,2,-20,-0.92,2190,2240,2135,47729,103637000,23519160000,10888500,KSQ
023770,KR7023770001,플레이위드,KOSDAQ,중견기업부,2610,2,-25,-0.95,2660,2730,2590,18779,50085635,23350351950,8946495,KSQ
328380,KR7328380001,솔트웨어,KOSDAQ,벤처기업부,3405,2,-175,-4.89,3550,3790,3400,41663,147713271,23332949775,6852555,KSQ
009310,KR7009310004,참엔지니어링,KOSPI,,5330,0,0,0.0,0,0,0,0,0,23329484620,4377014,STK
065150,KR7065150005,대산F&B,KOSDAQ,관리종목(소속부없음),145,0,0,0.0,0,0,0,0,0,23110448725,159382405,KSQ
025890,KR7025890005,한국주강,KOSPI,,2060,2,-80,-3.74,2140,2145,2040,37009,77077735,22957908960,11144616,STK
900100,USU652221081,애머릿지,KOSDAQ,외국기업(소속부없음),435,2,-43,-9.0,485,487,430,612375,275938921,22950818370,52760502,KSQ
279600,KR7279600001,미디어젠,KOSDAQ,벤처기업부,4885,1,10,0.21,4875,5100,4875,3404,17037140,22885155185,4684781,KSQ
115570,KR7115570004,스타플렉스,KOSDAQ,중견기업부,2845,1,5,0.18,2840,2845,2775,18977,53264907,22715925260,7984508,KSQ
101680,KR7101680007,한국정밀기계,KOSDAQ,중견기업부,2700,1,85,3.25,2640,2890,2635,122788,336441857,22690800000,8404000,KSQ
355690,KR7355690009,에이텀,KOSDAQ,기술성장기업부,4185,2,-15,-0.36,4200,4300,4055,182008,757883978,22619841300,5404980,KSQ
154030,KR7154030001,아시아종묘,KOSDAQ,벤처기업부,1875,2,-9,-0.48,1884,1884,1781,63017,116679964,22616000625,12061867,KSQ
00499K,KR700499K014,롯데지주우,KOSPI,,28050,1,50,0.18,28000,28300,27450,1410,39487200,22597164150,805603,STK
336040,KR7336040001,타스컴,KONEX,일반기업부,3900,2,-100,-2.5,3900,4000,3900,11,43000,22580723100,5789929,KNX
403810,KR7403810005,아이엘로보틱스,KONEX,일반기업부,2260,2,-45,-1.95,2500,2500,2260,5761,13352115,22458401960,9937346,KNX
001420,KR7001420009,태원물산,KOSPI,,2955,2,-65,-2.15,3120,3120,2895,12551,37061169,22458000000,7600000,STK
137940,KR7137940003,넥스트아이,KOSDAQ,중견기업부,263,0,0,0.0,0,0,0,0,0,22452044896,85368992,KSQ
289010,KR7289010001,아이스크림에듀,KOSDAQ,중견기업부,1600,1,45,2.89,1555,1619,1553,128042,203670354,22312409600,13945256,KSQ
001685,KR7001681006,대상우,KOSPI,,16050,2,-60,-0.37,16110,16290,16000,7769,124927280,21992079150,1370223,STK
017250,KR7017250002,인터엠,KOSDAQ,중견기업부,1042,2,-25,-2.34,1067,1085,1042,41171,43383501,21929376614,21045467,KSQ
348030,KR7348030008,모비릭스,KOSDAQ,중견기업부,2280,2,-55,-2.36,2380,2390,2270,30985,72095675,21896664000,9603800,KSQ
353190,KR7353190002,휴럼,KOSDAQ,중견기업부,2770,2,-160,-5.46,2930,2950,2730,32617,92666440,21815644680,7875684,KSQ
278990,KR7278990007,EMB,KONEX,일반기업부,2700,2,-285,-9.55,2700,2700,2700,11,29700,21774897900,8064777,KNX
312610,KR7312610009,에이에프더블류,KOSDAQ,투자주의환기종목(소속부없음),1071,2,-113,-9.54,1166,1200,1050,79546,89463943,21695127048,20256888,KSQ
032280,KR7032280000,삼일,KOSDAQ,중견기업부,1335,2,-16,-1.18,1360,1364,1328,47182,63226628,21645142650,16213590,KSQ
043590,KR7043590009,웰킵스하이텍,KOSDAQ,중견기업부,795,0,0,0.0,0,0,0,0,0,21573725790,27136762,KSQ
080720,KR7080720006,한국유니온제약,KOSDAQ,관리종목(소속부없음),2725,0,0,0.0,0,0,0,0,0,21562456300,7912828,KSQ
018620,KR7018620005,우진비앤지,KOSDAQ,벤처기업부,746,0,0,0.0,0,0,0,0,0,21551412578,28889293,KSQ
275630,KR7275630002,에스에스알,KOSDAQ,벤처기업부,4100,1,5,0.12,4095,4345,4095,54323,226802180,21540612800,5253808,KSQ
098660,KR7098660004,에스티오,KOSDAQ,중견기업부,1718,2,-2,-0.12,1719,1719,1669,8860,15122997,21476676768,12500976,KSQ
230980,KR7230980005,비유테크놀러지,KOSDAQ,관리종목(소속부없음),229,0,0,0.0,0,0,0,0,0,21370407553,93320557,KSQ
079190,KR7079190005,케스피온,KOSDAQ,벤처기업부,1114,4,257,29.99,857,1114,840,7229711,7563687688,21364021298,19177757,KSQ
113810,KR7113810006,디젠스,KOSDAQ,중견기업부,654,2,-25,-3.68,738,738,654,373903,251619741,21338745354,32628051,KSQ
076080,KR7076080001,웰크론한텍,KOSDAQ,중견기업부,940,2,-45,-4.57,985,985,912,168693,157317997,21238506640,22594156,KSQ
317860,KR7317860005,노드메이슨,KONEX,일반기업부,4700,0,0,0.0,0,0,0,0,0,21212110500,4513215,KNX
476710,KR7476710009,타조이엔터테인먼트,KONEX,일반기업부,21200,0,0,0.0,0,0,0,0,0,21200000000,1000000,KNX
083470,KR7083470005,이엠앤아이,KOSDAQ,벤처기업부,991,2,-31,-3.03,1022,1026,974,56452,56090246,21148266039,21340329,KSQ
060900,KR7060900008,에이전트AI,KOSDAQ,중견기업부,5270,2,-350,-6.23,5620,5630,5210,43644,230161650,21032954710,3991073,KSQ
169670,KR7169670007,코스텍시스템,KONEX,일반기업부,7300,2,-70,-0.95,7400,7460,6280,1827,13006200,20939327300,2868401,KNX
45226K,KR745226K018,한화갤러리아우,KOSPI,,7200,2,-200,-2.7,7640,7640,7000,75645,559751190,20912184000,2904470,STK
018700,KR7018700005,졸스,KOSDAQ,투자주의환기종목(소속부없음),1783,1,131,7.93,1707,1950,1671,630046,1132732444,20872842838,11706586,KSQ
365900,KR7365900000,브이씨,KOSDAQ,벤처기업부,2855,2,-70,-2.39,2925,3110,2855,11323,33301275,20870906500,7310300,KSQ
322780,KR7322780008,코퍼스코리아,KOSDAQ,중견기업부,458,0,0,0.0,0,0,0,0,0,20552362532,44874154,KSQ
048830,KR7048830004,엔피케이,KOSDAQ,중견기업부,1097,2,-13,-1.17,1110,1118,1076,68668,75470371,20540143531,18723923,KSQ
054410,KR7054410006,케이피티유,KOSDAQ,중견기업부,3575,2,-45,-1.24,3620,3620,3565,5869,21059835,20472037300,5726444,KSQ
012170,KR7012170007,아센디오,KOSPI,,1055,2,-73,-6.47,1131,1131,1052,139756,152597856,20459927280,19393296,STK
005257,KR7005252002,녹십자홀딩스2우,KOSPI,,24150,2,-2350,-8.87,25200,25200,23600,7350,179067450,20430658500,845990,STK
331660,KR7331660001,한국미라클피플사,KONEX,일반기업부,3705,2,-255,-6.44,3955,4200,3705,5121,20827765,20377500000,5500000,KNX
084440,KR7084440007,유비온,KOSDAQ,기술성장기업부,1060,2,-23,-2.12,1149,1149,1058,21782,23413577,20280366260,19132421,KSQ
002680,KR7002680007,한탑,KOSDAQ,중견기업부,626,2,-14,-2.19,640,645,623,168568,105946623,20230316174,32316799,KSQ
154040,KR7154040000,다산솔루에타,KOSDAQ,중견기업부,1126,2,-12,-1.05,1138,1171,1115,57360,65030332,20211805844,17950094,KSQ
419540,KR7419540000,비스토스,KOSDAQ,벤처기업부,877,0,0,0.0,0,0,0,0,0,20164432147,22992511,KSQ
240600,KR7240600007,유진테크놀로지,KOSDAQ,벤처기업부,2910,2,-155,-5.06,3100,3150,2910,46997,140059837,20160919410,6928151,KSQ
215480,KR7215480005,토박스코리아,KOSDAQ,중견기업부,2250,2,-60,-2.6,2320,2390,2215,77018,178563178,20137500000,8950000,KSQ
084180,KR7084180009,수성웹툰,KOSDAQ,중견기업부,1113,2,-71,-6.0,1200,1200,1090,81024,91200328,20116676979,18074283,KSQ
050760,KR7050760008,에스폴리텍,KOSDAQ,중견기업부,1231,1,16,1.32,1225,1343,1215,98715,122878140,20107988618,16334678,KSQ
192390,KR7192390003,윈하이텍,KOSDAQ,벤처기업부,1815,2,-2,-0.11,1836,1854,1798,23736,43012890,20023495635,11032229,KSQ
341170,KR7341170009,퓨쳐메디신,KONEX,일반기업부,1897,2,-32,-1.66,1800,1900,1800,41,75868,19981489885,10533205,KNX
015020,KR7015020001,이스타코,KOSPI,,464,0,0,0.0,0,0,0,0,0,19883142400,42851600,STK
134060,KR7134060003,이퓨쳐,KOSDAQ,벤처기업부,4165,2,-15,-0.36,4180,4180,4000,4440,18002660,19863926250,4769250,KSQ
308100,KR7308100007,형지글로벌,KOSDAQ,중견기업부,823,2,-51,-5.84,894,894,817,437750,370038598,19770935584,24023008,KSQ
065690,KR7065690000,파커스,KOSDAQ,투자주의환기종목(소속부없음),1404,2,-58,-3.97,1486,1500,1404,54025,79124880,19725260724,14049331,KSQ
060480,KR7060480001,국일신동,KOSDAQ,중견기업부,1774,2,-51,-2.79,1810,1829,1750,136535,244827795,19673660000,11090000,KSQ
214610,KR7214610008,롤링스톤,KOSDAQ,관리종목(소속부없음),2290,0,0,0.0,0,0,0,0,0,19197807380,8383322,KSQ
035620,KR7035620004,바른손이앤에이,KOSDAQ,중견기업부,1031,3,0,0.0,1031,1065,1008,150137,155287659,19186825458,18609918,KSQ
009730,KR7009730003,이렘,KOSDAQ,투자주의환기종목(소속부없음),265,2,-11,-3.99,275,280,258,735415,195449710,19021574390,71779526,KSQ
014100,KR7014100002,메디앙스,KOSDAQ,중견기업부,1599,2,-1,-0.06,1595,1632,1565,81579,130175228,18868200000,11800000,KSQ
001770,KR7001770007,SHD,KOSPI,,15530,2,-890,-5.42,16420,16420,15440,3215,50801990,18867055340,1214878,STK
019685,KR7019681006,대교우B,KOSPI,,971,2,-16,-1.62,987,987,965,17615,17105015,18863607290,19426990,STK
247660,KR7247660004,나노씨엠에스,KOSDAQ,기술성장기업부,4335,2,-325,-6.97,4625,4655,4320,16550,73734280,18830893200,4343920,KSQ
199730,KR7199730003,바이오인프라,KOSDAQ,벤처기업부,3870,2,-115,-2.89,3985,3985,3805,4269,16637432,18825100290,4864367,KSQ
031860,KR7031860000,디에이치엑스컴퍼니,KOSDAQ,관리종목(소속부없음),693,0,0,0.0,0,0,0,0,0,18714758139,27005423,KSQ
071950,KR7071950000,코아스,KOSPI,,1501,2,-82,-5.18,1583,1596,1501,120162,184001280,18701251695,12459195,STK
096870,KR7096870001,엘디티,KOSDAQ,벤처기업부,2240,3,0,0.0,2225,2400,2135,38430,84823615,18699517760,8347999,KSQ
222670,KR7222670002,플럼라인생명과학,KONEX,일반기업부,4635,0,0,0.0,0,0,0,0,0,18692639820,4032932,KNX
083660,KR7083660001,CSA 코스믹,KOSDAQ,중견기업부,296,2,-30,-9.2,325,338,295,603948,189444717,18597519864,62829459,KSQ
254160,KR7254160005,제이엠멀티,KONEX,일반기업부,3595,1,355,10.96,3600,3725,2755,386,1201305,18550200000,5160000,KNX
108675,KR7108671009,LX하우시스우,KOSPI,,17950,2,-440,-2.39,18440,18440,17800,5039,90775750,18530323500,1032330,STK
051780,KR7051780005,큐로홀딩스,KOSDAQ,중견기업부,3580,2,-585,-14.05,4105,4130,3450,629007,2295862541,18480851420,5162249,KSQ
032980,KR7032980005,바이온,KOSDAQ,관리종목(소속부없음),604,0,0,0.0,0,0,0,0,0,18354952980,30388995,KSQ
045520,KR7045520004,크린앤사이언스,KOSDAQ,중견기업부,2810,2,-90,-3.1,2900,2980,2810,26061,74359925,18265000000,6500000,KSQ
035290,KR7035290006,골드앤에스,KOSDAQ,중견기업부,761,0,0,0.0,0,0,0,0,0,18140900640,23838240,KSQ
110020,KR7110020005,전진바이오팜,KOSDAQ,기술성장기업부,1999,2,-91,-4.35,2090,2120,1990,28769,58376027,18108465238,9058762,KSQ
291810,KR7291810000,핀텔,KOSDAQ,기술성장기업부,1580,2,-122,-7.17,1685,1685,1560,46444,74682390,17962564960,11368712,KSQ
028080,KR7028080000,휴맥스홀딩스,KOSDAQ,중견기업부,7840,2,-330,-4.04,8170,8170,7730,16085,127713590,17937457440,2287941,KSQ
067770,KR7067770008,세진티에스,KOSDAQ,중견기업부,2125,1,55,2.66,2070,2125,2045,9938,20644245,17842760125,8396593,KSQ
191600,KR7191600006,블루탑,KONEX,일반기업부,6200,5,-1090,-14.95,7190,7190,6200,2,13390,17725353600,2858928,KNX
032800,KR7032800005,판타지오,KOSDAQ,중견기업부,1920,2,-155,-7.47,2065,2125,1868,438818,853608877,17647509120,9191411,KSQ
008600,KR7008600009,윌비스,KOSPI,,2620,0,0,0.0,0,0,0,0,0,17615839860,6723603,STK
368970,KR7368970000,오에스피,KOSDAQ,벤처기업부,1925,0,0,0.0,0,0,0,0,0,17586157050,9135666,KSQ
009440,KR7009440009,KC그린홀딩스,KOSPI,,756,0,0,0.0,0,0,0,0,0,17568790596,23239141,STK
361670,KR7361670003,삼영에스앤씨,KOSDAQ,기술성장기업부,3060,2,-20,-0.65,3080,3225,3025,2905,8980230,17343033480,5667658,KSQ
012205,KR7012201000,계양전기우,KOSPI,,14700,2,-3600,-19.67,18800,18900,13760,1427671,23156227010,17185461300,1169079,STK
086220,KR7086220001,광동헬스바이오,KONEX,일반기업부,1349,2,-180,-11.77,1300,1399,1300,1341,1745662,17115929885,12687865,KNX
060260,KR7060260007,뉴보텍,KOSDAQ,벤처기업부,1275,2,-70,-5.2,1345,1362,1275,93412,122262198,17011503900,13342356,KSQ
208850,KR7208850008,이비테크,KONEX,일반기업부,6000,2,-120,-1.96,5400,6200,5400,305,1789360,16921500000,2820250,KNX
482680,KR7482680006,미래에셋비전스팩7호,KOSDAQ,SPAC(소속부없음),2055,0,0,0.0,0,0,0,0,0,16881825000,8215000,KSQ
18064K,KR718064K016,한진칼우,KOSPI,,31450,2,-350,-1.1,32400,32400,30850,4451,138458700,16881290700,536766,STK
344860,KR7344860002,이노진,KOSDAQ,기술성장기업부,1403,2,-10,-0.71,1413,1465,1398,29005,40867241,16878090000,12030000,KSQ
241820,KR7241820000,피씨엘,KOSDAQ,관리종목(소속부없음),6040,0,0,0.0,0,0,0,0,0,16803871920,2782098,KSQ
001515,KR7001511005,SK증권우,KOSPI,,8550,2,-20,-0.23,8850,8850,8230,33495,281996570,16725997350,1956257,STK
065420,KR7065420002,에스아이리소스,KOSDAQ,중견기업부,233,2,-9,-3.72,244,254,227,2828144,672633921,16677510667,71577299,KSQ
477380,KR7477380000,미래에셋비전스팩4호,KOSDAQ,SPAC(소속부없음),2055,3,0,0.0,2060,2060,2040,36644,75111480,16645500000,8100000,KSQ
052960,KR7052960002,태양3C,KONEX,일반기업부,3405,1,60,1.79,3685,3685,3405,2,7090,16640500590,4887078,KNX
005725,KR7005721006,넥센우,KOSPI,,4580,1,80,1.78,4595,4595,4495,7282,32754800,16490748000,3600600,STK
177350,KR7177350006,베셀,KOSDAQ,투자주의환기종목(소속부없음),815,2,-37,-4.34,848,900,806,330157,275846941,16017820105,19653767,KSQ
204210,KR7204210009,스타에스엠리츠,KOSPI,,2035,0,0,0.0,0,0,0,0,0,15927568525,7826815,STK
106520,KR7106520000,노블엠앤비,KOSDAQ,투자주의환기종목(소속부없음),411,0,0,0.0,0,0,0,0,0,15904036272,38695952,KSQ
0072Z0,KR70072Z0006,KB제33호스팩,KOSDAQ,SPAC(소속부없음),1999,3,0,0.0,1995,2000,1995,7333,14648652,15762115000,7885000,KSQ
00806K,KR700806K010,대덕1우,KOSPI,,13000,2,-30,-0.23,13100,13360,12660,24471,317184080,15760641000,1212357,STK
025870,KR7025870007,신라에스지,KOSDAQ,중견기업부,3930,2,-55,-1.38,3985,3985,3885,8330,32582565,15720000000,4000000,KSQ
000087,KR7000082008,하이트진로2우B,KOSPI,,13860,2,-40,-0.29,13940,13990,13860,2046,28412005,15663712680,1130138,STK
176590,KR7176590008,코나솔,KONEX,일반기업부,2680,2,-120,-4.29,2700,2900,2500,936,2367870,15641506440,5836383,KNX
001795,KR7001791003,대한제당우,KOSPI,,2390,1,5,0.21,2385,2405,2335,69957,165867310,15493796400,6482760,STK
012340,KR7012340006,뉴인텍,KOSDAQ,투자주의환기종목(소속부없음),1371,1,26,1.93,1530,1570,1316,837156,1199758976,15492727752,11300312,KSQ
0130H0,KR70130H0008,엔에이치스팩33호,KOSDAQ,SPAC(소속부없음),2005,1,7,0.35,1997,2005,1995,41727,83382663,15438500000,7700000,KSQ
0101C0,KR70101C0008,하나36호스팩,KOSDAQ,SPAC(소속부없음),1991,2,-8,-0.4,1999,1999,1990,21836,43472969,15410340000,7740000,KSQ
233250,KR7233250000,메디안디노스틱,KONEX,일반기업부,8800,2,-190,-2.11,0,0,0,0,0,15369499200,1746534,KNX
351020,KR7351020003,미쥬,KONEX,일반기업부,7400,2,-220,-2.89,7400,7400,7400,10,74000,15355000000,2075000,KNX
477340,KR7477340004,에이치엠씨제7호스팩,KOSDAQ,SPAC(소속부없음),2035,3,0,0.0,2035,2050,2035,52440,107087748,15282850000,7510000,KSQ
469880,KR7469880009,하나30호스팩,KOSDAQ,SPAC(소속부없음),2085,2,-5,-0.24,2085,2090,2085,2764,5762980,15230925000,7305000,KSQ
00781K,KR700781K015,코리아써키트2우B,KOSPI,,19400,2,-900,-4.43,20300,20650,18600,2170,42385620,15203760600,783699,STK
030350,KR7030350003,드래곤플라이,KOSDAQ,관리종목(소속부없음),973,0,0,0.0,0,0,0,0,0,15171092867,15592079,KSQ
0044K0,KR70044K0008,삼성스팩10호,KOSDAQ,SPAC(소속부없음),2010,3,0,0.0,2005,2010,2000,62854,126020505,15115200000,7520000,KSQ
0070X0,KR70070X0000,에스테크엠,KONEX,일반기업부,9980,1,980,10.89,9000,9980,9000,4,38940,15069800000,1510000,KNX
217880,KR7217880004,틸론,KONEX,일반기업부,1400,1,50,3.7,1485,1485,1307,914,1289298,15018206000,10727290,KNX
227100,KR7227100005,프로브잇,KOSDAQ,관리종목(소속부없음),612,0,0,0.0,0,0,0,0,0,14770119384,24134182,KSQ
0115H0,KR70115H0007,삼성스팩13호,KOSDAQ,SPAC(소속부없음),2000,2,-5,-0.25,2005,2010,1998,65160,130378050,14700000000,7350000,KSQ
900120,KYG2114A1094,씨엑스아이,KOSDAQ,외국기업(소속부없음),391,0,0,0.0,0,0,0,0,0,14603186473,37348303,KSQ
069920,KR7069920007,엑시온그룹,KOSDAQ,투자주의환기종목(소속부없음),1568,2,-26,-1.63,1594,1686,1534,56540,89815072,14576944928,9296521,KSQ
473050,KR7473050003,유안타제15호스팩,KOSDAQ,SPAC(소속부없음),2060,2,-5,-0.24,2065,2065,2060,28207,58195765,14440600000,7010000,KSQ
069330,KR7069330009,유아이디,KOSDAQ,벤처기업부,1017,1,10,0.99,1007,1073,968,86971,87331990,14432339547,14191091,KSQ
225430,KR7225430008,케이엠제약,KOSDAQ,벤처기업부,517,0,0,0.0,0,0,0,0,0,14417604850,27887050,KSQ
250930,KR7250930005,예선테크,KOSDAQ,벤처기업부,433,2,-17,-3.78,450,490,428,332845,148861576,14289190520,33000440,KSQ
379390,KR7379390008,이성씨엔아이,KONEX,일반기업부,5010,0,0,0.0,0,0,0,0,0,14235714600,2841460,KNX
011080,KR7011080009,형지I&C,KOSDAQ,중견기업부,3300,2,-220,-6.25,3495,3660,3170,132100,449862906,14177664600,4296262,KSQ
478440,KR7478440001,미래에셋비전스팩6호,KOSDAQ,SPAC(소속부없음),2045,2,-5,-0.24,2050,2050,2045,12108,24797755,14171850000,6930000,KSQ
479880,KR7479880007,한국제15호스팩,KOSDAQ,SPAC(소속부없음),2060,3,0,0.0,2050,2065,2050,7758,15978390,14152200000,6870000,KSQ
008500,KR7008500001,일정실업,KOSPI,,2350,2,-35,-1.47,2385,2390,2290,18214,42237020,14100000000,6000000,STK
050090,KR7050090000,비케이홀딩스,KOSDAQ,투자주의환기종목(소속부없음),712,1,2,0.28,703,718,585,189729,124984207,14086731320,19784735,KSQ
065060,KR7065060006,지엔코,KOSDAQ,중견기업부,2945,2,-220,-6.95,3165,3165,2935,74004,224024860,14018671200,4760160,KSQ
140910,KR7140910001,에이리츠,KOSPI,,3130,0,0,0.0,0,0,0,0,0,13969290160,4463032,STK
0099W0,KR70099W0008,미래에셋비전스팩11호,KOSDAQ,SPAC(소속부없음),1993,2,-1,-0.05,1992,1996,1992,13859,27609668,13951000000,7000000,KSQ
001755,KR7001751007,한양증권우,KOSPI,,26500,2,-350,-1.3,27250,27700,26150,2484,66146450,13912500000,525000,STK
188260,KR7188260004,세니젠,KOSDAQ,관리종목(소속부없음),1917,2,-88,-4.39,1968,1969,1850,80607,154374895,13856976990,7228470,KSQ
079950,KR7079950002,인베니아,KOSDAQ,관리종목(소속부없음),997,2,-122,-10.9,1120,1121,985,491521,509283507,13757702700,13799100,KSQ
352770,KR7352770002,셀레스트라,KOSDAQ,관리종목(소속부없음),5250,0,0,0.0,0,0,0,0,0,13610136750,2592407,KSQ
009620,KR7009620006,삼보산업,KOSDAQ,투자주의환기종목(소속부없음),825,2,-22,-2.6,847,899,816,295404,246873214,13518525075,16386091,KSQ
026910,KR7026910000,광진실업,KOSDAQ,관리종목(소속부없음),2105,2,-205,-8.87,2230,2315,2090,67715,146938345,13483377525,6405405,KSQ
244460,KR7244460002,올리패스,KOSDAQ,관리종목(소속부없음),1651,0,0,0.0,0,0,0,0,0,13415218661,8125511,KSQ
481890,KR7481890002,엔에이치스팩31호,KOSDAQ,SPAC(소속부없음),2110,2,-15,-0.71,2145,2145,2095,26986,56698515,13387950000,6345000,KSQ
489480,KR7489480004,키움제11호스팩,KOSDAQ,SPAC(소속부없음),2025,1,5,0.25,2020,2025,2015,5995,12094615,13365000000,6600000,KSQ
008290,KR7008290009,원풍물산,KOSDAQ,투자주의환기종목(소속부없음),653,2,-31,-4.53,698,713,651,334833,226398758,13286485867,20346839,KSQ
149010,KR7149010001,아이케이세미콘,KONEX,일반기업부,4255,2,-195,-4.38,4300,4445,4250,415,1770395,13275600000,3120000,KNX
302920,KR7302920004,더콘텐츠온,KONEX,일반기업부,2900,0,0,0.0,0,0,0,0,0,13201841100,4552359,KNX
0096B0,KR70096B0006,삼성스팩12호,KOSDAQ,SPAC(소속부없음),2000,2,-5,-0.25,2005,2005,1997,42165,84257003,13160000000,6580000,KSQ
477760,KR7477760003,DB금융스팩12호,KOSDAQ,SPAC(소속부없음),2230,0,0,0.0,0,0,0,0,0,13023200000,5840000,KSQ
0097F0,KR70097F0001,미래에셋비전스팩10호,KOSDAQ,SPAC(소속부없음),1992,2,-6,-0.3,1998,2000,1990,24858,49526033,12948000000,6500000,KSQ
478390,KR7478390008,KB제29호스팩,KOSDAQ,SPAC(소속부없음),2080,1,15,0.73,2065,2090,2065,34202,70900189,12937600000,6220000,KSQ
489730,KR7489730002,디비금융제13호스팩,KOSDAQ,SPAC(소속부없음),2040,3,0,0.0,2040,2050,2035,4862,9915420,12917280000,6332000,KSQ
0093G0,KR70093G0004,미래에셋비전스팩8호,KOSDAQ,SPAC(소속부없음),1995,3,0,0.0,1995,2000,1991,14457,28867414,12768000000,6400000,KSQ
0099X0,KR70099X0007,IBKS제25호스팩,KOSDAQ,SPAC(소속부없음),2125,2,-15,-0.7,2140,2140,2115,12106,25698385,12707500000,5980000,KSQ
0037T0,KR70037T0008,KB제32호스팩,KOSDAQ,SPAC(소속부없음),2005,2,-5,-0.25,2005,2005,1995,7815,15615495,12691650000,6330000,KSQ
054180,KR7054180005,메디콕스,KOSDAQ,관리종목(소속부없음),2295,0,0,0.0,0,0,0,0,0,12686716395,5527981,KSQ
073190,KR7073190001,듀오백,KOSDAQ,투자주의환기종목(소속부없음),1060,1,51,5.05,990,1095,985,69787,70422625,12686122400,11968040,KSQ
492220,KR7492220009,KB제31호스팩,KOSDAQ,SPAC(소속부없음),2040,3,0,0.0,2050,2050,2030,37872,77319455,12668400000,6210000,KSQ
0088D0,KR70088D0004,메리츠제1호스팩,KOSDAQ,SPAC(소속부없음),2185,2,-35,-1.58,2215,2215,2185,7681,16799055,12662075000,5795000,KSQ
0054V0,KR70054V0002,엔에이치스팩32호,KOSDAQ,SPAC(소속부없음),2030,2,-5,-0.25,2030,2040,2030,15805,32151930,12619495000,6216500,KSQ
471050,KR7471050005,대신밸런스제17호스팩,KOSDAQ,SPAC(소속부없음),2080,3,0,0.0,2085,2090,2070,82485,171775562,12604800000,6060000,KSQ
0091W0,KR70091W0006,신영스팩11호,KOSDAQ,SPAC(소속부없음),2070,1,5,0.24,2065,2070,2060,1714,3537780,12560760000,6068000,KSQ
0131D0,KR70131D0001,키움히어로제2호스팩,KOSDAQ,SPAC(소속부없음),1984,2,-2,-0.1,1986,1989,1983,152681,303093837,12519040000,6310000,KSQ
482520,KR7482520004,교보16호스팩,KOSDAQ,SPAC(소속부없음),2040,2,-5,-0.24,2045,2045,2040,5228,10667195,12444000000,6100000,KSQ
004255,KR7004251005,NPC우,KOSPI,,2350,1,10,0.43,2340,2350,2305,22792,53108800,12408000000,5280000,STK
065570,KR7065570004,삼영이엔씨,KOSDAQ,관리종목(소속부없음),764,0,0,0.0,0,0,0,0,0,12295692232,16093838,KSQ
456190,KR7456190008,큐라켐,KONEX,일반기업부,7000,0,0,0.0,0,0,0,0,0,12280002000,1754286,KNX
004105,KR7004101002,태양금속우,KOSPI,,3685,1,15,0.41,3680,3730,3610,68173,249478200,12160500000,3300000,STK
33637L,KR733637K028,솔루스첨단소재2우B,KOSPI,,3210,2,-170,-5.03,3360,3395,3195,8517,27814749,12128330160,3778296,STK
0041L0,KR70041L0000,하나35호스팩,KOSDAQ,SPAC(소속부없음),2005,3,0,0.0,2000,2010,2000,5899,11811570,12090150000,6030000,KSQ
482690,KR7482690005,대신밸런스제19호스팩,KOSDAQ,SPAC(소속부없음),2150,1,30,1.42,2130,2300,2130,69565,155244345,12072250000,5615000,KSQ
084695,KR7084691005,대상홀딩스우,KOSPI,,13150,2,-530,-3.87,13410,13570,12910,16571,218882170,12012288300,913482,STK
0132G0,KR70132G0007,교보20호스팩,KOSDAQ,SPAC(소속부없음),2000,1,1,0.05,1999,2005,1991,71599,143209099,11940000000,5970000,KSQ
38380K,KR738380K012,LX홀딩스1우,KOSPI,,8140,2,-140,-1.69,8540,8540,7990,14786,121006700,11927419900,1465285,STK
145995,KR7145991006,삼양사우,KOSPI,,32100,3,0,0.0,32050,32100,31850,575,18351650,11879247000,370070,STK
469900,KR7469900005,하나31호스팩,KOSDAQ,SPAC(소속부없음),2065,1,5,0.24,2060,2065,2060,2014,4148860,11574325000,5605000,KSQ
0071M0,KR70071M0002,삼성스팩11호,KOSDAQ,SPAC(소속부없음),2005,3,0,0.0,2000,2005,2000,5457,10927145,11548800000,5760000,KSQ
060240,KR7060240009,스타코링크,KOSDAQ,관리종목(소속부없음),1976,0,0,0.0,0,0,0,0,0,11502414560,5821060,KSQ
487360,KR7487360000,신한제14호스팩,KOSDAQ,SPAC(소속부없음),2025,3,0,0.0,2015,2025,2015,18956,38317420,11421000000,5640000,KSQ
477470,KR7477470009,미래에셋비전스팩5호,KOSDAQ,SPAC(소속부없음),2080,1,5,0.24,2075,2085,2060,12813,26459365,11398400000,5480000,KSQ
001067,KR7001062009,JW중외제약2우B,KOSPI,,54000,2,-1000,-1.82,54900,54900,54000,29,1566900,11338542000,209973,STK
496070,KR7496070004,신한제16호스팩,KOSDAQ,SPAC(소속부없음),2015,3,0,0.0,2015,2015,2010,12,24170,11324300000,5620000,KSQ
0105P0,KR70105P0009,유진스팩12호,KOSDAQ,SPAC(소속부없음),1999,2,-6,-0.3,1992,2005,1992,1744,3475879,11314340000,5660000,KSQ
474490,KR7474490000,유안타제16호스팩,KOSDAQ,SPAC(소속부없음),2045,2,-5,-0.24,2050,2050,2045,13309,27216920,11267950000,5510000,KSQ
474660,KR7474660008,신한제12호스팩,KOSDAQ,SPAC(소속부없음),2040,2,-5,-0.24,2040,2050,2040,26724,54623875,11260800000,5520000,KSQ
121850,KR7121850002,코이즈,KOSDAQ,투자주의환기종목(소속부없음),2220,2,-70,-3.06,2290,2440,2125,74052,162980046,11226537780,5056999,KSQ
0129K0,KR70129K0006,신한제18호스팩,KOSDAQ,SPAC(소속부없음),1994,2,-3,-0.15,1998,1999,1988,138146,275448802,11206280000,5620000,KSQ
0096D0,KR70096D0004,미래에셋비전스팩9호,KOSDAQ,SPAC(소속부없음),2005,1,10,0.5,1995,2005,1991,40018,80116390,11027500000,5500000,KSQ
486630,KR7486630007,KB제30호스팩,KOSDAQ,SPAC(소속부없음),2060,3,0,0.0,2060,2060,2055,4525,9313920,10938600000,5310000,KSQ
0098T0,KR70098T0004,교보19호스팩,KOSDAQ,SPAC(소속부없음),2020,2,-10,-0.49,2025,2025,2015,1925,3880650,10908000000,5400000,KSQ
003075,KR7003071008,코오롱글로벌우,KOSPI,,14590,2,-560,-3.7,15050,15170,14350,3648,53561345,10807352830,740737,STK
489210,KR7489210005,교보17호스팩,KOSDAQ,SPAC(소속부없음),2080,3,0,0.0,2080,2100,2070,2230,4627975,10774400000,5180000,KSQ
0004Y0,KR70004Y0000,디비금융제14호스팩,KOSDAQ,SPAC(소속부없음),2007,2,-13,-0.64,2020,2020,2005,13247,26593852,10667205000,5315000,KSQ
224760,KR7224760009,엔에스컴퍼니,KONEX,일반기업부,2705,2,-240,-8.15,2940,3100,2705,1002,2983540,10656888500,3939700,KNX
493790,KR7493790000,유안타제17호스팩,KOSDAQ,SPAC(소속부없음),2005,3,0,0.0,2005,2010,2005,3955,7937940,10646550000,5310000,KSQ
0130D0,KR70130D0002,신한제17호스팩,KOSDAQ,SPAC(소속부없음),1992,1,1,0.05,1991,1994,1990,18841,37514639,10637280000,5340000,KSQ
236340,KR7236340006,메디젠휴먼케어,KONEX,일반기업부,3495,4,455,14.97,2800,3495,2800,2015,6963265,10536191265,3014647,KNX
043100,KR7043100007,알파AI,KOSDAQ,관리종목(소속부없음),520,0,0,0.0,0,0,0,0,0,10457241600,20110080,KSQ
472220,KR7472220003,신영스팩10호,KOSDAQ,SPAC(소속부없음),2185,1,60,2.82,2150,2190,2130,33598,72710277,10247650000,4690000,KSQ
466690,KR7466690005,키움히어로제1호스팩,KOSDAQ,SPAC(소속부없음),2005,2,-10,-0.5,2005,2015,2000,3756,7533985,10215475000,5095000,KSQ
478110,KR7478110000,이베스트스팩6호,KOSDAQ,SPAC(소속부없음),2032,1,2,0.1,2032,2035,2032,8252,16769690,10200640000,5020000,KSQ
0041B0,KR70041B0002,교보18호스팩,KOSDAQ,SPAC(소속부없음),2015,1,5,0.25,2005,2015,2005,7577,15227010,10155600000,5040000,KSQ
469480,KR7469480008,IBKS제24호스팩,KOSDAQ,SPAC(소속부없음),2400,2,-55,-2.24,2405,2445,2335,24050,57925015,10152000000,4230000,KSQ
498390,KR7498390004,한화플러스제5호스팩,KOSDAQ,SPAC(소속부없음),2030,2,-35,-1.69,2065,2065,2025,51306,104668255,10068800000,4960000,KSQ
238500,KR7238500003,솔루믹스,KONEX,일반기업부,475,0,0,0.0,0,0,0,0,0,9883469400,20807304,KNX
000225,KR7000221002,유유제약1우,KOSPI,,4340,2,-35,-0.8,4375,4380,4305,6898,30032650,9838476200,2266930,STK
03481K,KR703481K019,해성산업1우,KOSDAQ,중견기업부,7050,2,-260,-3.56,7310,7390,6930,19772,140164330,9791900100,1388922,KSQ
244880,KR7244880001,나눔테크,KONEX,일반기업부,1940,1,37,1.94,1900,1940,1900,11,20940,9738800000,5020000,KNX
488060,KR7488060005,유진스팩11호,KOSDAQ,SPAC(소속부없음),2030,2,-15,-0.73,2045,2045,2025,23522,47844550,9581600000,4720000,KSQ
217320,KR7217320001,썬테크,KONEX,일반기업부,9110,4,1180,14.88,7930,9110,7930,14,114520,9565500000,1050000,KNX
106080,KR7106080005,케이이엠텍,KOSDAQ,관리종목(소속부없음),1650,0,0,0.0,0,0,0,0,0,9506998050,5761817,KSQ
145210,KR7145210001,다이나믹디자인,KOSPI,,224,0,0,0.0,0,0,0,0,0,9461013632,42236668,STK
484130,KR7484130000,하나34호스팩,KOSDAQ,SPAC(소속부없음),2050,3,0,0.0,2050,2050,2035,1502,3073875,9266000000,4520000,KSQ
178600,KR7178600003,대동고려삼,KONEX,일반기업부,2075,1,76,3.8,2190,2190,1730,134,237853,9232920000,4449600,KNX
462020,KR7462020009,에이치엠씨제6호스팩,KOSDAQ,관리종목(소속부없음),2115,1,5,0.24,2110,2115,2110,170498,360274285,9189675000,4345000,KSQ
253610,KR7253610000,루트락,KONEX,일반기업부,888,2,-98,-9.94,1130,1130,839,6369,5431042,9109167048,10258071,KNX
464440,KR7464440007,한국제13호스팩,KOSDAQ,관리종목(소속부없음),2095,1,5,0.24,2090,2095,2090,57259,119793876,9050400000,4320000,KSQ
473950,KR7473950004,에스케이증권제13호스팩,KOSDAQ,SPAC(소속부없음),2030,3,0,0.0,2030,2030,2025,2384,4839435,8972600000,4420000,KSQ
487830,KR7487830002,신한제15호스팩,KOSDAQ,SPAC(소속부없음),2055,3,0,0.0,2035,2055,2035,1567,3217235,8939250000,4350000,KSQ
467930,KR7467930004,IBKS제23호스팩,KOSDAQ,SPAC(소속부없음),2110,2,-20,-0.94,2125,2125,2090,37163,78062995,8925300000,4230000,KSQ
468760,KR7468760004,유진스팩10호,KOSDAQ,SPAC(소속부없음),2100,1,20,0.96,2090,2120,2080,51413,108268530,8904000000,4240000,KSQ
465320,KR7465320000,교보15호스팩,KOSDAQ,SPAC(소속부없음),2335,0,0,0.0,0,0,0,0,0,8896350000,3810000,KSQ
185190,KR7185190006,수프로,KONEX,일반기업부,957,1,110,12.99,900,969,800,6821,5792096,8841364125,9238625,KNX
001065,KR7001061001,JW중외제약우,KOSPI,,25800,1,500,1.98,25300,25800,25050,200,5066500,8822335800,341951,STK
114920,KR7114920002,대주이엔티,KONEX,일반기업부,2495,1,45,1.84,2775,2775,2115,505,1134260,8656402500,3469500,KNX
487720,KR7487720005,키움제10호스팩,KOSDAQ,SPAC(소속부없음),2040,3,0,0.0,2030,2040,2020,4311,8737685,8629200000,4230000,KSQ
004835,KR7004831004,덕성우,KOSPI,,6190,2,-50,-0.8,6300,6300,5940,11462,68969200,8616480000,1392000,STK
0068Y0,KR70068Y0003,비엔케이제3호스팩,KOSDAQ,SPAC(소속부없음),1996,3,0,0.0,1996,2000,1994,2286,4564719,8602760000,4310000,KSQ
472230,KR7472230002,에스케이증권제11호스팩,KOSDAQ,SPAC(소속부없음),2060,3,0,0.0,2060,2065,2060,5048,10398885,8559300000,4155000,KSQ
103660,KR7103660007,씨앗,KONEX,일반기업부,1398,1,38,2.79,1400,1400,1200,3012,3617870,8412424458,6017471,KNX
0041J0,KR70041J0004,엘에스스팩1호,KOSDAQ,SPAC(소속부없음),2000,2,-10,-0.5,2000,2010,2000,17829,35817860,8220000000,4110000,KSQ
004985,KR7004981007,성신양회우,KOSPI,,11030,2,-80,-0.72,11060,11090,10780,6738,73805760,8114164350,735645,STK
199150,KR7199150004,데이터스트림즈,KONEX,일반기업부,1870,2,-79,-4.05,2045,2045,1821,2328,4361868,7982306310,4268613,KNX
289170,KR7289170003,바이오텐,KONEX,일반기업부,2170,1,5,0.23,2140,2170,2000,1405,2940580,7761415130,3576689,KNX
189350,KR7189350002,코셋,KONEX,일반기업부,1616,2,-279,-14.72,1957,2170,1616,2883,5043253,7756800000,4800000,KNX
475250,KR7475250007,하나33호스팩,KOSDAQ,SPAC(소속부없음),2075,2,-15,-0.72,2090,2090,2075,6737,14003885,7677500000,3700000,KSQ
474930,KR7474930005,신한제13호스팩,KOSDAQ,SPAC(소속부없음),2115,3,0,0.0,2140,2140,2080,5770,12126115,7656300000,3620000,KSQ
079970,KR7079970000,투비소프트,KOSDAQ,관리종목(소속부없음),596,0,0,0.0,0,0,0,0,0,7646223464,12829234,KSQ
212310,KR7212310007,오건에코텍,KONEX,일반기업부,635,0,0,0.0,0,0,0,0,0,7514663025,11834115,KNX
447690,KR7447690009,아이오바이오,KONEX,일반기업부,2785,1,85,3.15,2985,2985,2295,3694,8859275,7325262960,2630256,KNX
199290,KR7199290008,바이오프로테크,KONEX,일반기업부,445,1,5,1.14,375,445,374,4012,1503092,7264710440,16325192,KNX
224810,KR7224810002,엄지하우스,KONEX,일반기업부,1718,1,119,7.44,1797,1797,1360,180,250442,7215600000,4200000,KNX
276040,KR7276040003,스코넥,KOSDAQ,관리종목(소속부없음),327,0,0,0.0,0,0,0,0,0,7073119545,21630335,KSQ
26490K,KR726490K013,크라운제과우,KOSPI,,9080,3,0,0.0,9270,9270,8940,67,607680,7023924800,773560,STK
000325,KR7000321000,노루홀딩스우,KOSPI,,28800,2,-1000,-3.36,29950,29950,28300,450,12964550,7014499200,243559,STK
473000,KR7473000008,에스케이증권제12호스팩,KOSDAQ,SPAC(소속부없음),2055,1,5,0.24,2045,2055,2045,10,20470,6802050000,3310000,KSQ
251280,KR7251280004,안지오랩,KONEX,일반기업부,1939,1,39,2.05,1800,2000,1705,785,1523657,6770735930,3491870,KNX
475240,KR7475240008,하나32호스팩,KOSDAQ,SPAC(소속부없음),2100,2,-5,-0.24,2105,2115,2085,84,176400,6720000000,3200000,KSQ
101390,KR7101390003,아이엠,KOSDAQ,관리종목(소속부없음),396,0,0,0.0,0,0,0,0,0,6698084184,16914354,KSQ
215570,KR7215570003,크로넥스,KONEX,일반기업부,1040,2,-20,-1.89,1099,1099,950,2715,2592193,6481741760,6232444,KNX
202960,KR7202960001,판도라티비,KONEX,일반기업부,533,1,34,6.81,450,566,450,500,231339,6351005206,11915582,KNX
009415,KR7009411000,태영건설우,KOSPI,,9600,2,-1260,-11.6,10860,10860,9600,31897,318894170,6239750400,649974,STK
066830,KR7066830001,제노텍,KONEX,일반기업부,1062,5,-187,-14.97,1062,1062,1062,292,310104,6018545160,5667180,KNX
318660,KR7318660008,타임기술,KONEX,일반기업부,2795,1,30,1.08,2700,2900,2700,151,431625,6015122295,2152101,KNX
092590,KR7092590009,럭스피아,KONEX,일반기업부,810,3,0,0.0,810,810,810,1,810,5905789380,7291098,KNX
236030,KR7236030003,씨알푸드,KONEX,일반기업부,2900,3,0,0.0,2600,2900,2600,32,86800,5896662800,2033332,KNX
267080,KR7267080000,세븐브로이맥주,KONEX,일반기업부,486,0,0,0.0,0,0,0,0,0,5769504288,11871408,KNX
090355,KR7090351008,노루페인트우,KOSPI,,12060,2,-470,-3.75,12320,12530,12060,3268,40125300,5585299560,463126,STK
234070,KR7234070001,에이원큐브텍,KONEX,일반기업부,788,5,-139,-14.99,789,789,788,504,397602,5485033964,6960703,KNX
044180,KR7044180008,KD,KOSDAQ,관리종목(소속부없음),205,0,0,0.0,0,0,0,0,0,5477148795,26717799,KSQ
000145,KR7000141002,하이트진로홀딩스우,KOSPI,,11300,2,-60,-0.53,11360,11360,10910,220,2424090,5320153000,470810,STK
000545,KR7000541003,흥국화재우,KOSPI,,6840,2,-70,-1.01,6890,6890,6710,5154,34770930,5253120000,768000,STK
223220,KR7223220005,로지스몬,KONEX,일반기업부,920,1,30,3.37,920,920,757,1432,1284502,5246685480,5702919,KNX
313760,KR7313760001,캐리,KOSDAQ,관리종목(소속부없음),468,0,0,0.0,0,0,0,0,0,5244963048,11207186,KSQ
276240,KR7276240009,엘리비젼,KONEX,일반기업부,420,3,0,0.0,420,420,420,242,101640,5171517960,12313138,KNX
266350,KR7266350008,팡스카이,KONEX,일반기업부,398,0,0,0.0,0,0,0,0,0,5026568860,12629570,KNX
258050,KR7258050004,테크트랜스,KONEX,일반기업부,449,0,0,0.0,0,0,0,0,0,5004531101,11145949,KNX
327610,KR7327610002,펨토바이오메드,KONEX,일반기업부,585,0,0,0.0,0,0,0,0,0,4993610310,8536086,KNX
36328K,KR736328K013,티와이홀딩스우,KOSPI,,3970,2,-10,-0.25,4105,4105,3885,3074,12087084,4934765580,1243014,STK
311960,KR7311960009,인터로이드,KONEX,일반기업부,1593,2,-92,-5.46,1434,1599,1433,364,569476,4878823752,3062664,KNX
346010,KR7346010002,타이드,KONEX,일반기업부,1000,0,0,0.0,0,0,0,0,0,4860062000,4860062,KNX
043090,KR7043090000,더테크놀로지,KOSDAQ,투자주의환기종목(소속부없음),1140,0,0,0.0,0,0,0,0,0,4718944500,4139425,KSQ
116100,KR7116100009,태양기계,KONEX,일반기업부,623,4,81,14.94,621,623,592,3902,2396285,4635111278,7439986,KNX
052770,KR7052770005,아이톡시,KOSDAQ,관리종목(소속부없음),312,0,0,0.0,0,0,0,0,0,4545457488,14568774,KSQ
136660,KR7136660008,큐엠씨,KONEX,일반기업부,1898,2,-50,-2.57,2000,2000,1898,32,61898,4481083100,2360950,KNX
299480,KR7299480004,지앤이헬스케어,KONEX,일반기업부,389,3,0,0.0,390,390,331,219,72944,4318189027,11100743,KNX
014825,KR7014821003,동원시스템즈우,KOSPI,,16180,2,-160,-0.98,16340,16340,16180,826,13381280,4273315980,264111,STK
005745,KR7005741004,크라운해태홀딩스우,KOSPI,,7110,2,-240,-3.27,7350,7350,7110,1492,10885720,4271161860,600726,STK
332190,KR7332190008,오션스바이오,KONEX,일반기업부,2890,4,375,14.91,2890,2890,2515,23,58970,4270954710,1477839,KNX
008355,KR7008351009,남선알미우,KOSPI,,13850,2,-340,-2.4,14120,14120,13670,6602,91382830,4264276500,307890,STK
005965,KR7005961008,동부건설우,KOSPI,,18730,2,-90,-0.48,18990,18990,18730,1033,19364410,4227960360,225732,STK
007575,KR7007571003,일양약품우,KOSPI,,9440,2,-30,-0.32,9470,9520,9440,982,9325470,4201555200,445080,STK
121060,KR7121060008,유니포인트,KONEX,일반기업부,701,0,0,0.0,0,0,0,0,0,4193150670,5981670,KNX
217910,KR7217910009,에스제이켐,KONEX,일반기업부,299,2,-1,-0.33,319,320,263,783,221645,4183166078,13990522,KNX
002995,KR7002991008,금호건설우,KOSPI,,14200,2,-610,-4.12,14680,14680,14140,3700,53535840,4150177200,292266,STK
014285,KR7014281000,금강공업우,KOSPI,,6900,2,-180,-2.54,7100,7100,6900,6460,45453520,4070137500,589875,STK
093510,KR7093510006,엔지브이아이,KONEX,일반기업부,637,3,0,0.0,637,637,637,1,637,3834740000,6020000,KNX
004545,KR7004541009,깨끗한나라우,KOSPI,,10060,1,70,0.7,9990,10100,9920,847,8457150,3683569600,366160,STK
208890,KR7208890004,미래엔에듀파트너,KONEX,일반기업부,900,0,0,0.0,0,0,0,0,0,3604968000,4005520,KNX
000227,KR7000222000,유유제약2우B,KOSPI,,10760,1,30,0.28,10900,10900,10670,886,9561360,3503025600,325560,STK
014915,KR7014911002,성문전자우,KOSPI,,5380,2,-780,-12.66,5800,5800,5380,100580,560766820,3228000000,600000,STK
002785,KR7002781003,진흥기업우B,KOSPI,,3320,2,-210,-5.95,3445,3480,3320,2108,7155150,2845963760,857218,STK
001525,KR7001521004,동양우,KOSPI,,4570,2,-65,-1.4,4635,4635,4480,3294,14832775,2823030670,617731,STK
402420,KR7402420004,켈스,KONEX,일반기업부,1199,2,-65,-5.14,1200,1200,1100,22,25399,2816166837,2348763,KNX
266470,KR7266470004,바이오인프라생명과학,KONEX,일반기업부,99,5,-17,-14.66,101,114,99,12801,1272663,2758735881,27866019,KNX
413300,KR7413300005,티엘엔지니어링,KONEX,일반기업부,1977,2,-10,-0.5,2050,2100,1706,119,235524,2671945155,1351515,KNX
011155,KR7011151008,CJ씨푸드1우,KOSPI,,13300,3,0,0.0,13390,13390,13050,834,10962170,2660000000,200000,STK
004415,KR7004411005,서울식품우,KOSPI,,1193,0,0,0.0,0,0,0,0,0,2653828500,2224500,STK
390110,KR7390110005,애니메디솔루션,KONEX,일반기업부,266,2,-14,-5.0,300,300,266,2,566,2435774502,9157047,KNX
245450,KR7245450002,씨앤에스링크,KONEX,일반기업부,1528,5,-269,-14.97,1549,1549,1528,100,152821,2414178880,1579960,KNX
001527,KR7001522002,동양2우B,KOSPI,,7800,2,-50,-0.64,8010,8010,7660,1077,8452660,2406838200,308569,STK
002787,KR7002782001,진흥기업2우B,KOSPI,,8040,2,-300,-3.6,8340,8340,8040,2,16380,2370256320,294808,STK
448780,KR7448780007,마이크로엔엑스,KONEX,일반기업부,839,1,23,2.82,918,918,839,13,10987,2246573520,2677680,KNX
140660,KR7140660002,위월드,KONEX,일반기업부,901,2,-101,-10.08,1002,1002,901,32,31930,2241014052,2487252,KNX
032685,KR7032681009,소프트센우,KOSDAQ,중견기업부,6270,0,0,0.0,0,0,0,0,0,2237217510,356813,KSQ
021045,KR7021041009,대호특수강우,KOSDAQ,중견기업부,2630,2,-150,-5.4,2780,2780,2630,3550,9462530,2231533960,848492,KSQ
296520,KR7296520000,가이아코퍼레이션,KONEX,일반기업부,418,5,-73,-14.87,418,418,418,2,836,1950809344,4667008,KNX
266170,KR7266170000,레드우즈,KONEX,일반기업부,1050,0,0,0.0,0,0,0,0,0,1366092000,1301040,KNX
279060,KR7279060008,이노벡스,KONEX,일반기업부,115,0,0,0.0,0,0,0,0,0,1127904590,9807866,KNX
149300,KR7149300006,아퓨어스,KONEX,일반기업부,11,1,2,22.22,10,11,9,1076937,10257970,500348772,45486252,KNX
