Code,ISU_CD,Name,Market,Dept,Close,ChangeCode,Changes,ChagesRatio,Open,High,Low,Volume,Amount,Marcap,Stocks,MarketId
005930,KR7005930003,삼성전자,KOSPI,,249000,2,-21000,-7.78,266000,266500,247000,18515862,4710431778000,1455723373392000,5846278608,STK
000660,KR7000660001,SK하이닉스,KOSPI,,1774000,2,-145000,-7.56,1894000,1894000,1752000,3404973,6174521628000,1264333995510000,712702365,STK
402340,KR7402340004,SK스퀘어,KOSPI,,1120000,2,-101000,-8.27,1202000,1203000,1110000,575653,652355700000,147793392320000,131958386,STK
005935,KR7005931001,삼성전자우,KOSPI,,178800,2,-12300,-6.44,190600,190600,177300,1909367,347158740900,143463971096400,802371203,STK
009150,KR7009150004,삼성전기,KOSPI,,1332000,2,-116000,-8.01,1450000,1450000,1318000,443832,606490307500,99492003072000,74693696,STK
005380,KR7005380001,현대차,KOSPI,,399500,2,-32500,-7.52,418500,418500,390000,699604,280220511750,81800727517000,204757766,STK
373220,KR7373220003,LG에너지솔루션,KOSPI,,330500,2,-17500,-5.03,337500,342000,326000,149589,49639186250,77337000000000,234000000,STK
207940,KR7207940008,삼성바이오로직스,KOSPI,,1528000,1,149000,10.8,1380000,1537000,1380000,161796,241846088500,70732573128000,46290951,STK
032830,KR7032830002,삼성생명,KOSPI,,314000,2,-15500,-4.7,325500,325500,307000,154701,48750611500,62800000000000,200000000,STK
105560,KR7105560007,KB금융,KOSPI,,169500,2,-6800,-3.86,174900,176400,165600,814022,136903841050,60119570913000,354687734,STK
028260,KR7028260008,삼성물산,KOSPI,,341000,2,-19000,-5.28,352000,356000,334500,224558,77174086000,55299145121000,162167581,STK
000270,KR7000270009,기아,KOSPI,,140500,2,-9300,-6.21,146300,146800,136300,634146,88874114150,54853026219000,390412998,STK
329180,KR7329180004,HD현대중공업,KOSPI,,488000,2,-10000,-2.01,491500,507000,484500,145492,71934919250,51221077800000,104961225,STK
012450,KR7012450003,한화에어로스페이스,KOSPI,,986000,1,28000,2.92,981000,1050000,966000,187772,188458335500,50841513386000,51563401,STK
055550,KR7055550008,신한지주,KOSPI,,103250,2,-550,-0.53,102900,107900,101900,745101,77477610250,49008062773250,474654361,STK
034020,KR7034020008,두산에너빌리티,KOSPI,,72100,2,-1100,-1.5,72500,74000,71200,1612918,117176265850,46184458626600,640561146,STK
034730,KR7034730002,SK,KOSPI,,629000,2,-26000,-3.97,655000,673000,625000,149873,96181578000,45604200187000,72502703,STK
012330,KR7012330007,현대모비스,KOSPI,,485000,2,-39000,-7.44,509000,510000,474000,251406,123360160000,44005302755000,90732583,STK
068270,KR7068270008,셀트리온,KOSPI,,177700,1,5500,3.19,170800,179400,170800,614921,108656110350,41324793556200,232553706,STK
086790,KR7086790003,하나금융지주,KOSPI,,132500,1,2000,1.53,129200,133800,129200,875485,115614374600,36353726610000,274367748,STK
006400,KR7006400006,삼성SDI,KOSPI,,433500,2,-33500,-7.17,454000,454500,431000,280110,124108937250,34933827255000,80585530,STK
035420,KR7035420009,NAVER,KOSPI,,207000,2,-13000,-5.91,215000,216500,202000,711046,147394469000,32487458094000,156944242,STK
010120,KR7010120004,LS ELECTRIC,KOSPI,,203000,2,-20500,-9.17,218500,226000,200000,916863,194269152000,30450000000000,150000000,STK
267260,KR7267260008,HD현대일렉트릭,KOSPI,,812000,2,-57000,-6.56,861000,870000,791000,84440,69531490000,29270273620000,36047135,STK
000810,KR7000810002,삼성화재,KOSPI,,636000,2,-2000,-0.31,622000,641000,621000,44900,28373603500,28395792828000,44647473,STK
066570,KR7066570003,LG전자,KOSPI,,170400,2,-17100,-9.12,182300,182400,168100,952501,165125878200,27755542315200,162884638,STK
042660,KR7042660001,한화오션,KOSPI,,87900,2,-2000,-2.22,90000,91600,86600,1307892,116453470400,26933737332600,306413394,STK
009540,KR7009540006,HD한국조선해양,KOSPI,,374750,2,-6250,-1.64,373500,389000,367000,105006,39681244500,26522225221000,70773116,STK
298040,KR7298040007,효성중공업,KOSPI,,2679000,2,-187000,-6.52,2866000,2886000,2641000,32995,90143599500,24980464092000,9324548,STK
005490,KR7005490008,POSCO홀딩스,KOSPI,,312750,2,-10750,-3.32,316500,319500,308500,167503,52676160500,24782787569250,79241527,STK
015760,KR7015760002,한국전력,KOSPI,,35550,2,-50,-0.14,34900,36500,34900,1067905,38049935075,22821822937350,641964077,STK
010130,KR7010130003,고려아연,KOSPI,,1076000,1,33000,3.16,1017000,1085000,1017000,12812,13539621000,22459314644000,20872969,STK
096770,KR7096770003,SK이노베이션,KOSPI,,131800,2,-400,-0.3,129700,135800,126500,1082984,143204497650,22281157458400,169052788,STK
316140,KR7316140003,우리금융지주,KOSPI,,30525,2,-375,-1.21,30600,31150,30100,1095203,33415226600,22224937543050,728089682,STK
017670,KR7017670001,SK텔레콤,KOSPI,,101800,1,2300,2.31,99200,101900,94300,2452198,241660204100,21865627395400,214790053,STK
006800,KR7006800007,미래에셋증권,KOSPI,,36650,2,-2550,-6.51,39100,39200,36150,1668445,62075437800,20508126152000,559566880,STK
138040,KR7138040001,메리츠금융지주,KOSPI,,122100,1,5500,4.72,115000,123000,114900,357495,43345830300,20433102033300,167347273,STK
010140,KR7010140002,삼성중공업,KOSPI,,23100,2,-550,-2.33,23200,23850,22650,2037529,47358305150,20328000000000,880000000,STK
011200,KR7011200003,HMM,KOSPI,,21500,1,500,2.38,20800,22100,20750,2412022,52210725900,20279616355000,943237970,STK
000150,KR7000150003,두산,KOSPI,,1193000,2,-83000,-6.5,1256000,1279000,1182000,31300,38214862000,19319245155000,16193835,STK
042700,KR7042700005,한미반도체,KOSPI,,201000,2,-15000,-6.94,212500,213000,200000,404628,82946440750,19157752200000,95312200,STK
033780,KR7033780008,KT&G,KOSPI,,182100,1,2500,1.39,177800,184000,177800,161716,29461507150,18903884037600,103810456,STK
051910,KR7051910008,LG화학,KOSPI,,261000,2,-10500,-3.87,264000,267000,257000,83306,21849271000,18424601523000,70592343,STK
267250,KR7267250009,HD현대,KOSPI,,226000,2,-5500,-2.38,225000,231500,222000,144337,32665951500,17852437210000,78993085,STK
010950,KR7010950004,S-Oil,KOSPI,,154200,1,4400,2.94,149100,156500,147800,438857,67209315100,17360266526400,112582792,STK
064350,KR7064350002,현대로템,KOSPI,,157900,2,-8600,-5.17,166600,173000,156400,394042,65407154700,17233568064700,109142293,STK
024110,KR7024110009,기업은행,KOSPI,,21200,1,150,0.71,20850,21350,20750,528751,11170658625,16905428422800,797425869,STK
079550,KR7079550000,LIG디펜스앤에어로스페이스,KOSPI,,763000,1,27000,3.67,745000,802000,734000,192244,148628007500,16786000000000,22000000,STK
196170,KR7196170005,알테오젠,KOSDAQ GLOBAL,우량기업부,303500,2,-3000,-0.98,297500,317000,296000,318506,98216733250,16263455100500,53586343,KSQ
018260,KR7018260000,삼성에스디에스,KOSPI,,209000,2,-9000,-4.13,214000,216000,201500,159794,33210361000,16171960200000,77377800,STK
035720,KR7035720002,카카오,KOSPI,,36000,2,-1150,-3.1,36450,36800,35500,1209387,43616932900,15947318520000,442981070,STK
047810,KR7047810007,한국항공우주,KOSPI,,162000,2,-2100,-1.28,162100,164900,159200,299950,48717511150,15790967334000,97475107,STK
086280,KR7086280005,현대글로비스,KOSPI,,206000,1,1500,0.73,204000,215000,203000,216855,45500276500,15450000000000,75000000,STK
003550,KR7003550001,LG,KOSPI,,97950,2,-3650,-3.59,99400,100500,96400,116329,11467056850,14809256791800,151192004,STK
011070,KR7011070000,LG이노텍,KOSPI,,622000,2,-57000,-8.39,667000,667000,611000,104175,65536647500,14720940554000,23667107,STK
030200,KR7030200000,KT,KOSPI,,53500,1,800,1.52,52900,54500,52900,327980,17598987500,13483160147500,252021685,STK
278470,KR7278470000,에이피알,KOSPI,,355000,2,-15000,-4.05,366000,374000,352000,125770,45202279750,13290545025000,37438155,STK
272210,KR7272210006,한화시스템,KOSPI,,67800,2,-1900,-2.73,72100,72900,66700,898231,62845589250,12808734574200,188919389,STK
003670,KR7003670007,포스코퓨처엠,KOSPI,,142000,2,-10200,-6.7,148400,148900,140400,136144,19590589300,12630363240000,88946220,STK
000720,KR7000720003,현대건설,KOSPI,,107800,2,-1100,-1.01,107000,111150,105900,420200,45498967350,12004151467000,111355765,STK
071050,KR7071050009,한국금융지주,KOSPI,,209500,2,-12000,-5.42,216500,218500,205000,177739,37366403750,11674595324000,55725992,STK
005830,KR7005830005,DB손해보험,KOSPI,,168300,1,2900,1.75,161700,172400,161100,134661,22735175950,11023708736700,65500349,STK
259960,KR7259960003,크래프톤,KOSPI,,238500,1,1000,0.42,233500,240000,232000,44147,10394954500,11003873170500,46137833,STK
086520,KR7086520004,에코프로,KOSDAQ GLOBAL,중견기업부,79400,2,-4900,-5.81,81800,82000,78300,417856,33432119400,10780626468800,135776152,KSQ
005940,KR7005940002,NH투자증권,KOSPI,,29100,2,-900,-3.0,29800,30000,28500,384273,11174594275,10743897655500,369206105,STK
247540,KR7247540008,에코프로비엠,KOSDAQ GLOBAL,중견기업부,109600,2,-8600,-7.28,114700,115200,108200,229870,25497911000,10722215566400,97830434,KSQ
307950,KR7307950006,현대오토에버,KOSPI,,385000,2,-45000,-10.47,414000,414500,377500,83319,32568904750,10558233070000,27423982,STK
323410,KR7323410001,카카오뱅크,KOSPI,,21800,2,-300,-1.36,21750,22150,21500,372260,8120087500,10401225526600,477120437,STK
047050,KR7047050000,포스코인터내셔널,KOSPI,,56550,2,-50,-0.09,56300,57800,55300,387901,22021432200,9948433661400,175922788,STK
0126Z0,KR70126Z0002,삼성에피스홀딩스,KOSPI,,391500,1,11500,3.03,377000,396000,374500,41037,15888478500,9741713683500,24883049,STK
006260,KR7006260004,LS,KOSPI,,311000,2,-10500,-3.27,322000,327500,304500,107782,34060414000,9703200000000,31200000,STK
443060,KR7443060009,HD현대마린솔루션,KOSPI,,210500,2,-4500,-2.09,212000,217500,206000,35289,7477978000,9437443330000,44833460,STK
028050,KR7028050003,삼성E&A,KOSPI,,47550,1,900,1.93,46750,49350,45500,4271925,204230294450,9319800000000,196000000,STK
003490,KR7003490000,대한항공,KOSPI,,25100,2,-650,-2.52,25050,25700,24900,2421102,61128957150,9242338591100,368220661,STK
078930,KR7078930005,GS,KOSPI,,99000,1,5400,5.77,92300,99500,92200,720116,69785960950,9196654005000,92895495,STK
352820,KR7352820005,하이브,KOSPI,,211500,1,500,0.24,208000,213500,205000,97180,20296328750,9117095814000,43106836,STK
016360,KR7016360000,삼성증권,KOSPI,,99600,2,-5300,-5.05,103400,103500,98500,329952,33136010600,8894280000000,89300000,STK
161390,KR7161390000,한국타이어앤테크놀로지,KOSPI,,71500,2,-5200,-6.78,73500,74100,66200,260270,18628196300,8857067433500,123875069,STK
003230,KR7003230000,삼양식품,KOSPI,,1158000,1,31000,2.75,1119000,1175000,1104000,32749,37884419500,8723231370000,7533015,STK
277810,KR7277810008,레인보우로보틱스,KOSDAQ,기술성장기업부,429500,2,-78500,-15.45,487500,487500,427000,253284,113276652000,8332239011000,19399858,KSQ
039490,KR7039490008,키움증권,KOSPI,,295500,2,-19000,-6.04,310500,313000,289500,121611,36190598500,7750467378000,26228316,STK
090430,KR7090430000,아모레퍼시픽,KOSPI,,119000,3,0,0.0,117000,121300,116800,162960,19362752500,6960638321000,58492759,STK
180640,KR7180640005,한진칼,KOSPI,,104000,2,-900,-0.86,103100,106400,102500,59142,6152671800,6943277016000,66762279,STK
005387,KR7005382007,현대차2우B,KOSPI,,196600,2,-8900,-4.33,203000,203000,193400,111382,21941710650,6873908638000,34963930,STK
036930,KR7036930006,주성엔지니어링,KOSDAQ GLOBAL,우량기업부,145900,2,-18000,-10.98,161300,161300,143800,1024116,154818756300,6781595553900,46481121,KSQ
000880,KR7000880005,한화,KOSPI,,96100,1,1400,1.48,94000,98200,94000,75118,7239639400,6775811015900,70507919,STK
267270,KR7267270007,HD건설기계,KOSPI,,134300,2,-6000,-4.28,138000,139700,131700,150599,20328366650,6435910767100,47921897,STK
007660,KR7007660004,이수페타시스,KOSPI,,87600,2,-5800,-6.21,91600,92200,86300,353578,31288837050,6430647584400,73409219,STK
021240,KR7021240007,코웨이,KOSPI,,90650,2,-50,-0.06,89300,92000,88900,116077,10512392950,6415067166900,70767426,STK
047040,KR7047040001,대우건설,KOSPI,,15400,2,-940,-5.75,15860,16300,15170,2892922,45433855525,6327977625200,410907638,STK
064400,KR7064400005,LG씨엔에스,KOSPI,,65100,2,-4800,-6.87,68000,68300,64300,598852,39448473800,6307275214800,96885948,STK
326030,KR7326030004,SK바이오팜,KOSPI,,80400,1,700,0.88,79000,82700,79000,99781,8087263300,6296385300000,78313250,STK
032640,KR7032640005,LG유플러스,KOSPI,,14670,2,-120,-0.81,14530,14830,14530,473745,6945139370,6226354828440,424427732,STK
000100,KR7000100008,유한양행,KOSPI,,74900,1,3500,4.9,77000,77100,73900,378001,28567891350,5965605314900,79647601,STK
241560,KR7241560002,두산밥캣,KOSPI,,61550,2,-7750,-11.18,65900,65900,61200,180903,11356722650,5899940800750,95856065,STK
377300,KR7377300009,카카오페이,KOSPI,,41950,2,-1400,-3.23,42500,43150,41350,135296,5727107850,5674581743750,135270125,STK
029780,KR7029780004,삼성카드,KOSPI,,48700,1,550,1.14,47700,49150,47700,47163,2296025700,5642327991700,115858891,STK
138930,KR7138930003,BNK금융지주,KOSPI,,18050,1,280,1.58,17520,18110,17500,457881,8201637110,5601402945650,310327033,STK
000500,KR7000500009,가온전선,KOSPI,,186000,2,-31000,-14.29,212000,214000,180500,246868,47758890700,5538634902000,29777607,STK
001440,KR7001440007,대한전선,KOSPI,,28050,2,-2950,-9.52,30150,30300,27800,1706392,49300229725,5497592317800,195992596,STK
353200,KR7353200009,대덕전자,KOSPI,,108600,2,-14600,-11.85,121200,121200,108100,608194,68053952000,5366678055000,49416925,STK
009830,KR7009830001,한화솔루션,KOSPI,,30900,1,900,3.0,30000,32000,28700,4468219,135335419975,5311479362400,171892536,STK
058470,KR7058470006,리노공업,KOSDAQ GLOBAL,우량기업부,69000,2,-4900,-6.63,72400,72600,68200,293024,20492629750,5258617650000,76211850,KSQ
062040,KR7062040001,산일전기,KOSPI,,171000,2,-12600,-6.86,179700,182900,167200,133678,23163725200,5235310350000,30615850,STK
271560,KR7271560005,오리온,KOSPI,,129950,1,650,0.5,128600,131900,128000,59850,7760169800,5136766000600,39528788,STK
010060,KR7010060002,OCI홀딩스,KOSPI,,271000,1,24000,9.72,258500,283500,239000,1018847,265799299750,5059632872000,18670232,STK
128940,KR7128940004,한미약품,KOSPI,,393000,1,4000,1.03,381000,398500,381000,54463,21402049750,5034719463000,12810991,STK
240810,KR7240810002,원익IPS,KOSDAQ GLOBAL,우량기업부,101700,2,-11600,-10.24,111900,112600,100100,777416,81033871950,4991832731700,49083901,KSQ
034220,KR7034220004,LG디스플레이,KOSPI,,9820,2,-660,-6.3,10270,10370,9800,3697072,36835353820,4910000000000,500000000,STK
175330,KR7175330000,JB금융지주,KOSPI,,26250,1,700,2.74,25600,26900,25500,329339,8688505600,4896197880000,186521824,STK
036570,KR7036570000,NC,KOSPI,,225500,1,500,0.22,223500,231000,220000,41543,9378598750,4858176961000,21544022,STK
088980,KR7088980008,맥쿼리인프라,KOSPI,,10030,2,-60,-0.59,10050,10110,10010,620230,6234145135,4803587589790,478921993,STK
004170,KR7004170007,신세계,KOSPI,,501000,2,-43000,-7.9,538000,550000,495000,84201,42968651250,4732035681000,9445181,STK
005385,KR7005381009,현대차우,KOSPI,,196400,2,-8600,-4.2,200500,202000,193400,56045,11046291350,4584164544000,23340960,STK
000990,KR7000990002,DB하이텍,KOSPI,,100600,2,-9500,-8.63,106600,107900,99500,204159,20845499650,4376561552800,43504588,STK
454910,KR7454910001,두산로보틱스,KOSPI,,65100,2,-4700,-6.73,68200,68300,64200,425712,27950967700,4219780698000,64819980,STK
082740,KR7082740002,한화엔진,KOSPI,,49525,2,-775,-1.54,50300,52000,48550,705782,35324242400,4132719707550,83447142,STK
319660,KR7319660007,피에스케이,KOSDAQ,우량기업부,142600,2,-14400,-9.17,157900,158700,140500,370353,54185717750,4130653416400,28966714,KSQ
028300,KR7028300002,HLB,KOSDAQ,중견기업부,30900,1,900,3.0,33650,35500,30000,1884452,61580959900,4115825090700,133198223,KSQ
298380,KR7298380007,에이비엘바이오,KOSDAQ GLOBAL,기술성장기업부,73200,2,-1100,-1.48,72700,77500,71800,190010,14041950250,4098282291600,55987463,KSQ
011790,KR7011790003,SKC,KOSPI,,82200,2,-5600,-6.38,85700,86100,81100,145441,12096287400,4076980095600,49598298,STK
088350,KR7088350004,한화생명,KOSPI,,4585,2,-10,-0.22,4505,4667,4485,1241646,5702632079,3982210050000,868530000,STK
111770,KR7111770004,영원무역,KOSPI,,87900,1,300,0.34,86200,89500,86200,31863,2798984950,3894978037200,44311468,STK
001040,KR7001040005,CJ,KOSPI,,131700,2,-2000,-1.5,132000,133500,129800,71630,9428734750,3842610636600,29176998,STK
052690,KR7052690005,한전기술,KOSPI,,100400,1,4300,4.47,96500,103300,95900,176920,17705474650,3837288000000,38220000,STK
214450,KR7214450009,파마리서치,KOSDAQ GLOBAL,우량기업부,359500,2,-500,-0.14,353000,365500,346000,109734,39390158500,3735078456000,10389648,KSQ
051900,KR7051900009,LG생활건강,KOSPI,,248500,1,500,0.2,245500,254000,245500,30806,7714142750,3721417465500,14975523,STK
004020,KR7004020004,현대제철,KOSPI,,27850,2,-300,-1.07,27750,28300,27300,255675,7111338600,3716465112250,133445785,STK
039030,KR7039030002,이오테크닉스,KOSDAQ,우량기업부,299000,2,-29500,-8.98,316500,320000,295000,45818,13953004250,3683545450000,12319550,KSQ
018880,KR7018880005,한온시스템,KOSPI,,3580,2,-210,-5.54,3705,3735,3520,2970261,10793445210,3674019936160,1026262552,STK
002380,KR7002380004,KCC,KOSPI,,426000,2,-14500,-3.29,435000,436500,418500,9223,3948626750,3660573696000,8592896,STK
141080,KR7141080002,리가켐바이오,KOSDAQ GLOBAL,기술성장기업부,96000,2,-5700,-5.6,98900,101400,95300,185151,18168519450,3553864128000,37019418,KSQ
023530,KR7023530009,롯데쇼핑,KOSPI,,124500,2,-3700,-2.89,126000,131000,123000,89883,11296531900,3521949997500,28288755,STK
000250,KR7000250001,삼천당제약,KOSDAQ,중견기업부,147400,2,-18700,-11.26,158900,159700,142500,370406,55608206450,3457631372800,23457472,KSQ
001450,KR7001450006,현대해상,KOSPI,,40350,1,1750,4.53,38100,41900,38100,512982,20844444025,3439766887500,85248250,STK
066970,KR7066970005,엘앤에프,KOSPI,,83100,2,-6000,-6.73,86200,86400,80800,178187,14822089500,3380778906000,40683260,STK
222800,KR7222800005,심텍,KOSDAQ GLOBAL,중견기업부,88600,2,-9700,-9.87,97000,97000,87600,373770,33737507500,3319304286600,37463931,KSQ
440110,KR7440110005,파두,KOSDAQ,기술성장기업부,64900,2,-8800,-11.94,72500,72500,64500,427836,28653629700,3251582612300,50101427,KSQ
036460,KR7036460004,한국가스공사,KOSPI,,35150,1,750,2.18,33950,35700,33950,174126,6121243900,3244801950000,92313000,STK
011780,KR7011780004,금호석유화학,KOSPI,,125000,2,-100,-0.08,123900,126200,122000,42235,5263895700,3144665625000,25157325,STK
035250,KR7035250000,강원랜드,KOSPI,,14400,3,0,0.0,14200,14570,14200,177293,2560913355,3080743200000,213940500,STK
103590,KR7103590006,일진전기,KOSPI,,64000,2,-2600,-3.9,66300,68600,63000,321116,21152502750,3051864960000,47685390,STK
214370,KR7214370009,케어젠,KOSDAQ,벤처기업부,56500,2,-1100,-1.91,54600,58700,54600,39147,2240424100,3034897500000,53715000,KSQ
251270,KR7251270005,넷마블,KOSPI,,36600,2,-200,-0.54,36150,36900,36150,76443,2792643200,2998805298600,81934571,STK
031210,KR7031210008,서울보증보험,KOSPI,,42800,1,450,1.06,42400,43150,42250,14170,605754500,2988364394400,69821598,STK
483650,KR7483650008,달바글로벌,KOSPI,,237000,2,-3000,-1.25,240000,255000,234500,90356,22150295500,2961057855000,12493915,STK
022100,KR7022100002,포스코DX,KOSPI,,19380,2,-770,-3.82,19720,19950,19120,261153,5099789905,2946433048020,152034729,STK
214150,KR7214150005,클래시스,KOSDAQ GLOBAL,우량기업부,45150,1,900,2.03,43650,45250,43300,137561,6109407750,2945390003850,65235659,KSQ
403870,KR7403870009,HPSP,KOSDAQ GLOBAL,우량기업부,35750,2,-3900,-9.84,38850,38900,35650,1954042,72091836450,2942225000000,82300000,KSQ
475150,KR7475150009,SK이터닉스,KOSPI,,85600,1,5000,6.2,80800,87700,75500,17837025,1460981413900,2916135542400,34067004,STK
097950,KR7097950000,CJ제일제당,KOSPI,,193300,1,3100,1.63,188100,195600,188100,33357,6457427650,2909974153800,15054186,STK
145020,KR7145020004,휴젤,KOSDAQ,우량기업부,236000,2,-5500,-2.28,235000,242000,233500,18897,4488129500,2903751788000,12304033,KSQ
383220,KR7383220001,F&F,KOSPI,,75500,2,-900,-1.18,74900,77300,74800,30702,2336924750,2892184162500,38307075,STK
139130,KR7139130009,iM금융지주,KOSPI,,18100,1,160,0.89,17590,18180,17570,216793,3894185580,2866377684800,158363408,STK
095340,KR7095340006,ISC,KOSDAQ,우량기업부,134100,2,-13100,-8.9,144300,145500,133000,84482,11656682600,2842525477800,21197058,KSQ
108490,KR7108490004,로보티즈,KOSDAQ,기술성장기업부,193300,2,-23200,-10.72,210500,211000,191300,133466,26350567350,2833976712400,14661028,KSQ
028670,KR7028670008,팬오션,KOSPI,,5300,3,0,0.0,5200,5390,5200,1410040,7495768110,2833218413600,534569512,STK
336260,KR7336260005,두산퓨얼셀,KOSPI,,43200,2,-2750,-5.98,46350,47400,42050,310746,13794709575,2829328963200,65493726,STK
347850,KR7347850000,디앤디파마텍,KOSDAQ,기술성장기업부,61100,2,-2900,-4.53,62100,64100,60500,512912,31787279950,2800677909900,45837609,KSQ
012750,KR7012750006,에스원,KOSPI,,73500,1,1400,1.94,71400,74400,71300,35825,2625681850,2792939583000,37999178,STK
069960,KR7069960003,현대백화점,KOSPI,,129250,2,-10350,-7.41,138200,143700,128100,93221,12420030550,2787264876000,21564912,STK
017800,KR7017800004,현대엘리베이터,KOSPI,,69200,2,-1200,-1.7,69200,70800,68300,57328,3983986250,2705193042000,39092385,STK
006360,KR7006360002,GS건설,KOSPI,,31475,2,-2925,-8.5,33350,34000,30400,2789363,88996288775,2693677397750,85581490,STK
302440,KR7302440003,SK바이오사이언스,KOSPI,,34100,1,450,1.34,33200,34650,33150,68928,2355493325,2675368457300,78456553,STK
004800,KR7004800009,효성,KOSPI,,158600,2,-2000,-1.25,157300,164500,156100,19269,3083829650,2655028550200,16740407,STK
011170,KR7011170008,롯데케미칼,KOSPI,,61200,2,-1600,-2.55,61600,62700,60800,36689,2258172300,2617855642800,42775419,STK
026960,KR7026960005,동서,KOSPI,,26250,1,400,1.55,25550,26500,25500,95065,2495880375,2617125000000,99700000,STK
009970,KR7009970005,영원무역홀딩스,KOSPI,,201500,1,4600,2.34,194600,204000,194000,9543,1904492650,2610194125500,12953817,STK
095610,KR7095610002,테스,KOSDAQ GLOBAL,우량기업부,132600,2,-21500,-13.95,155000,155100,131800,472672,65811256650,2567136000000,19360000,KSQ
005850,KR7005850003,에스엘,KOSPI,,54800,2,-2100,-3.69,56000,56300,53600,53260,2910152700,2545378896000,46448520,STK
178320,KR7178320008,서진시스템,KOSDAQ,중견기업부,39650,2,-2850,-6.71,41200,41400,38250,725793,28687297075,2523751722050,63650737,KSQ
084370,KR7084370006,유진테크,KOSDAQ,우량기업부,109600,2,-12800,-10.46,121100,121900,108300,122113,13728576450,2511598203200,22916042,KSQ
279570,KR7279570006,케이뱅크,KOSPI,,6190,2,-30,-0.48,6220,6300,5970,1331343,8209750065,2511252984690,405695151,STK
375500,KR7375500006,DL이앤씨,KOSPI,,64200,2,-1600,-2.43,64300,67100,63100,224866,14633693100,2484130596600,38693623,STK
003690,KR7003690005,코리안리,KOSPI,,14000,1,250,1.82,13610,14370,13610,157158,2218117180,2474094434000,176721031,STK
087010,KR7087010005,펩트론,KOSDAQ,기술성장기업부,106000,2,-2800,-2.57,106100,109700,104300,102722,10945972000,2471639100000,23317350,KSQ
450080,KR7450080007,에코프로머티,KOSPI,,34650,2,-2400,-6.48,35650,36100,34250,172160,6045988400,2453700595500,70813870,STK
080220,KR7080220007,제주반도체,KOSDAQ,우량기업부,71200,2,-9700,-11.99,79500,79500,70600,1081700,79748549950,2452329709600,34442833,KSQ
014680,KR7014680003,한솔케미칼,KOSPI,,222500,2,-13500,-5.72,230000,233000,219500,20278,4562400000,2450370027500,11012899,STK
237690,KR7237690003,에스티팜,KOSDAQ GLOBAL,우량기업부,116600,2,-1300,-1.1,115300,121900,115200,55819,6597257500,2434215990800,20876638,KSQ
018670,KR7018670000,SK가스,KOSPI,,262500,1,3000,1.16,256500,272000,254500,27408,7222834500,2430026550000,9257244,STK
009420,KR7009420001,한올바이오파마,KOSPI,,46250,2,-3400,-6.85,49050,49825,45250,261856,12419162725,2416129507500,52240638,STK
000240,KR7000240002,한국앤컴퍼니,KOSPI,,25350,2,-100,-0.39,25000,25700,25000,45796,1162501025,2406608334000,94935240,STK
008930,KR7008930000,한미사이언스,KOSPI,,34850,1,500,1.46,33950,35350,33750,108508,3782593275,2383445517500,68391550,STK
001720,KR7001720002,신영증권,KOSPI,,144600,2,-3200,-2.17,146800,149100,144100,3272,479194650,2377224000000,16440000,STK
161890,KR7161890009,한국콜마,KOSPI,,100700,2,-1700,-1.66,100500,105400,99400,109797,11121030550,2377031253900,23605077,STK
310210,KR7310210000,보로노이,KOSDAQ,기술성장기업부,128600,2,-4900,-3.67,128900,133200,127000,27974,3631802300,2368934041400,18420949,KSQ
081660,KR7081660003,미스토홀딩스,KOSPI,,44550,2,-800,-1.76,44700,45650,44200,75454,3383065175,2365241472000,53091840,STK
257720,KR7257720003,실리콘투,KOSDAQ,우량기업부,36000,2,-400,-1.1,35950,36550,35350,144894,5208464125,2360745072000,65576252,KSQ
004990,KR7004990008,롯데지주,KOSPI,,23400,1,50,0.21,23000,23900,23000,89776,2111332750,2332132358400,99663776,STK
226950,KR7226950004,올릭스,KOSDAQ GLOBAL,기술성장기업부,110400,2,-3400,-2.99,109500,117200,108900,133702,15142131000,2325338640000,21062850,KSQ
071970,KR7071970008,HD현대마린엔진,KOSPI,,68000,1,300,0.44,66700,70000,66200,177143,12045066400,2306661660000,33921495,STK
139480,KR7139480008,이마트,KOSPI,,83400,3,0,0.0,82300,84100,82300,54724,4555720900,2301491304600,27595819,STK
007340,KR7007340003,DN오토모티브,KOSPI,,39150,2,-1450,-3.57,40100,41250,38600,88282,3482138850,2290700364750,58510865,STK
031980,KR7031980006,피에스케이홀딩스,KOSDAQ,우량기업부,106100,2,-14900,-12.31,122900,123000,104500,214055,23605755200,2287770109500,21562395,KSQ
322000,KR7322000001,HD현대에너지솔루션,KOSPI,,203000,1,31500,18.37,168600,203000,158800,2098309,390477856900,2273600000000,11200000,STK
005440,KR7005440003,현대지에프홀딩스,KOSPI,,12310,2,-490,-3.83,12550,12790,12160,191178,2359943945,2257619519690,183397199,STK
004370,KR7004370003,농심,KOSPI,,369000,1,5000,1.37,360000,378500,358500,30436,11288442750,2244494898000,6082642,STK
131290,KR7131290009,티에스이,KOSDAQ,우량기업부,202000,2,-37500,-15.66,231000,233500,199700,190478,39631357050,2234408658000,11061429,KSQ
067310,KR7067310003,하나마이크론,KOSDAQ,중견기업부,33200,2,-2950,-8.16,35650,35750,32900,886543,30007722725,2207496850800,66490869,KSQ
030000,KR7030000004,제일기획,KOSPI,,19030,1,240,1.28,18730,19140,18730,214597,4074254720,2189234511750,115041225,STK
319400,KR7319400008,현대무벡스,KOSDAQ,우량기업부,19640,2,-1910,-8.86,20800,20850,19380,754623,15018278010,2187425405960,111376039,KSQ
282330,KR7282330000,BGF리테일,KOSPI,,124050,1,5750,4.86,116800,124900,116700,48726,5954095250,2144068539300,17283906,STK
007070,KR7007070006,GS리테일,KOSPI,,25625,1,175,0.69,25050,26450,25050,84342,2180437675,2142440009375,83607415,STK
489790,KR7489790006,한화비전,KOSPI,,42400,2,-3500,-7.63,45300,45300,41950,135321,5822822900,2140707736000,50488390,STK
085620,KR7085620003,미래에셋생명,KOSPI,,15800,2,-540,-3.3,16300,16500,15540,88807,1405379945,2135844000000,135180000,STK
051600,KR7051600005,한전KPS,KOSPI,,47250,1,800,1.72,46000,48700,45950,133709,6388867325,2126250000000,45000000,STK
357780,KR7357780006,솔브레인,KOSDAQ GLOBAL,우량기업부,272000,2,-24000,-8.11,289000,296000,270500,21061,5856759500,2115769952000,7778566,KSQ
204320,KR7204320006,HL만도,KOSPI,,44900,2,-2350,-4.97,45900,46200,43900,350777,15736439600,2108374688000,46957120,STK
005290,KR7005290002,동진쎄미켐,KOSDAQ,우량기업부,41350,2,-4050,-8.92,44650,44750,40700,255507,10802641750,2107614710100,50970126,KSQ
263750,KR7263750002,펄어비스,KOSDAQ,우량기업부,33050,2,-1200,-3.5,33650,33850,32750,153244,5082741750,2076991225500,62843910,KSQ
064760,KR7064760002,티씨케이,KOSDAQ GLOBAL,우량기업부,184100,2,-15500,-7.77,197000,198700,183000,44454,8381295800,2058130485600,11179416,KSQ
192820,KR7192820009,코스맥스,KOSPI,,179000,1,2000,1.13,173000,180800,173000,42060,7470485450,2031562111000,11349509,STK
089970,KR7089970008,브이엠,KOSDAQ,우량기업부,73000,2,-8600,-10.54,81300,81300,71700,510049,38255544300,1921853845000,26326765,KSQ
103140,KR7103140000,풍산,KOSPI,,68450,1,3250,4.98,65900,70300,65700,189465,13006868900,1918261829100,28024278,STK
439260,KR7439260001,대한조선,KOSPI,,48850,2,-50,-0.1,48100,50800,48050,78611,3885984375,1860634460500,38088730,STK
008770,KR7008770000,호텔신라,KOSPI,,47100,2,-200,-0.42,46700,48100,46300,182743,8632691050,1848586499100,39248121,STK
002790,KR7002790004,아모레퍼시픽홀딩스,KOSPI,,24150,2,-100,-0.41,23650,24350,23650,45380,1093163075,1846465047000,76458180,STK
112610,KR7112610001,씨에스윈드,KOSPI,,43550,2,-1000,-2.24,43900,45400,42500,629361,27577510725,1836564600650,42171403,STK
462870,KR7462870007,시프트업,KOSPI,,30650,2,-300,-0.97,30900,31100,30100,26381,804523300,1800438928500,58741890,STK
068760,KR7068760008,셀트리온제약,KOSDAQ,우량기업부,40450,1,1400,3.59,38850,41200,38500,96737,3910310125,1796074329400,44402332,KSQ
073240,KR7073240004,금호타이어,KOSPI,,6210,2,-230,-3.57,6330,6330,6070,2117919,13045003955,1783886382270,287260287,STK
098460,KR7098460009,고영,KOSDAQ,우량기업부,26100,2,-1450,-5.26,26800,27050,25750,508138,13346202925,1780129959300,68204213,KSQ
000120,KR7000120006,CJ대한통운,KOSPI,,76600,2,-100,-0.13,75500,77900,75400,28336,2176303050,1747425550400,22812344,STK
457190,KR7457190007,이수스페셜티케미컬,KOSPI,,57700,2,-3000,-4.94,58300,60100,56800,55914,3257700400,1743628914400,30218872,STK
140860,KR7140860008,파크시스템스,KOSDAQ GLOBAL,우량기업부,249000,2,-11500,-4.41,255000,259500,247000,17670,4453564250,1743614781000,7002469,KSQ
089030,KR7089030001,테크윙,KOSDAQ,중견기업부,46650,2,-4150,-8.17,49800,50200,46400,460978,22032601875,1728552539250,37053645,KSQ
032820,KR7032820003,우리기술,KOSDAQ,벤처기업부,10070,2,-810,-7.44,10570,10810,10000,1660407,17070419980,1728064223020,171605186,KSQ
023590,KR7023590003,다우기술,KOSPI,,39200,1,400,1.03,38500,39650,38300,48589,1894882025,1696862630400,43287312,STK
000155,KR7000151001,두산우,KOSPI,,418000,2,-19500,-4.46,444000,444000,413500,4258,1810281500,1670521116000,3996462,STK
395400,KR7395400005,SK리츠,KOSPI,,5520,2,-20,-0.36,5540,5670,5500,126923,709878015,1661617262400,301017620,STK
140410,KR7140410002,메지온,KOSDAQ,투자주의환기종목(소속부없음),54100,1,1300,2.46,52300,56000,51900,85603,4662284300,1655784275400,30605994,KSQ
00680K,KR700680K019,미래에셋증권2우B,KOSPI,,12130,2,-510,-4.03,12760,12760,12050,161217,1969764885,1655745000000,136500000,STK
120110,KR7120110002,코오롱인더,KOSPI,,53800,2,-2400,-4.27,55100,56500,52900,110496,5988889350,1611096521600,29946032,STK
020150,KR7020150009,롯데에너지머티리얼즈,KOSPI,,30750,2,-2400,-7.24,32850,32850,30250,71604,2228655650,1610237987250,52365463,STK
060370,KR7060370004,LS마린솔루션,KOSDAQ,우량기업부,30800,2,-200,-0.65,30300,31350,29950,154663,4758914950,1608956703200,52238854,KSQ
058610,KR7058610007,에스피지,KOSDAQ,우량기업부,72500,2,-11200,-13.38,82700,82700,71600,368661,27916258050,1607858600000,22177360,KSQ
035900,KR7035900000,JYP Ent.,KOSDAQ GLOBAL,우량기업부,45250,2,-400,-0.88,44750,45850,44450,95856,4323640875,1607845263000,35532492,KSQ
041510,KR7041510009,에스엠,KOSDAQ GLOBAL,우량기업부,69900,2,-1600,-2.24,70000,72200,69000,50310,3536741550,1600338831000,22894690,KSQ
010170,KR7010170009,대한광통신,KOSDAQ,중견기업부,10020,2,-820,-7.56,10550,10720,9910,3364196,34257360610,1557966313200,155485660,KSQ
001740,KR7001740000,SK네트웍스,KOSPI,,7750,2,-400,-4.91,8140,8210,7710,932531,7357143155,1554602639750,200593889,STK
006040,KR7006040000,동원산업,KOSPI,,35200,1,850,2.47,33700,35800,33700,43819,1543156725,1553756828800,44140819,STK
011210,KR7011210002,현대위아,KOSPI,,56900,2,-3100,-5.17,58400,58600,55600,61574,3504004350,1547400222700,27195083,STK
001800,KR7001800002,오리온홀딩스,KOSPI,,25700,1,200,0.78,25150,26500,25150,46875,1211069875,1546025956400,60156652,STK
007390,KR7007390008,네이처셀,KOSDAQ,중견기업부,23900,2,-150,-0.62,23450,24500,23200,223342,5288609475,1539997838400,64435056,KSQ
290650,KR7290650001,엘앤씨바이오,KOSDAQ,우량기업부,57100,2,-6000,-9.51,61100,62100,56200,223210,13131773850,1539970098400,26969704,KSQ
001120,KR7001120005,LX인터내셔널,KOSPI,,39400,2,-300,-0.76,39150,40550,39050,76296,3023492875,1527144000000,38760000,STK
281820,KR7281820001,케이씨텍,KOSPI,,75100,2,-11000,-12.78,85000,85100,74700,169754,13286020150,1486879441100,19798661,STK
131970,KR7131970006,두산테스나,KOSDAQ GLOBAL,우량기업부,76400,2,-6900,-8.28,80200,82100,75200,83916,6571884150,1476600983200,19327238,KSQ
069620,KR7069620003,대웅제약,KOSPI,,127200,1,3400,2.75,122300,131500,122300,24099,3099418250,1473812340000,11586575,STK
097230,KR7097230007,HJ중공업,KOSPI,,16160,1,240,1.51,15900,17480,15530,1348607,22317717235,1459172759040,90295344,STK
229640,KR7229640008,LS에코에너지,KOSPI,,47300,2,-5400,-10.25,51700,51700,46700,111092,5420449700,1448556776700,30624879,STK
089860,KR7089860001,롯데렌탈,KOSPI,,39850,2,-100,-0.25,39950,41400,39300,135645,5502900425,1446929111800,36309388,STK
006280,KR7006280002,녹십자,KOSPI,,123700,1,600,0.49,120000,126400,120000,20830,2585901400,1445624750600,11686538,STK
096530,KR7096530001,씨젠,KOSDAQ GLOBAL,우량기업부,27500,2,-50,-0.18,27300,28300,27250,140570,3917446475,1436214835000,52225994,KSQ
082920,KR7082920000,비츠로셀,KOSDAQ GLOBAL,우량기업부,31650,2,-550,-1.71,30900,31750,30200,210189,6528504000,1434994447050,45339477,KSQ
298020,KR7298020009,효성티앤씨,KOSPI,,330750,1,8750,2.72,320000,331500,314500,26024,8505948500,1431380821500,4327682,STK
020560,KR7020560009,아시아나항공,KOSPI,,6820,2,-120,-1.73,6820,6970,6790,290137,2002282150,1404856649020,205990711,STK
083650,KR7083650002,비에이치아이,KOSDAQ,우량기업부,45250,2,-1850,-3.93,46050,47400,44550,106706,4885666100,1400232968750,30944375,KSQ
420770,KR7420770000,기가비스,KOSDAQ,우량기업부,110200,2,-19900,-15.3,127200,127200,109000,208096,23430082200,1396868531600,12675758,KSQ
012630,KR7012630000,HDC,KOSPI,,23050,2,-50,-0.22,22800,23850,22750,57195,1333543300,1377046669050,59741721,STK
0009K0,KR70009K0001,에임드바이오,KOSDAQ,기술성장기업부,21250,2,-550,-2.52,21050,22200,20850,86207,1853067200,1374262171250,64671161,KSQ
294870,KR7294870001,IPARK현대산업개발,KOSPI,,20850,1,100,0.48,20800,21500,20600,261883,5531783300,1374167830500,65907330,STK
009155,KR7009151002,삼성전기우,KOSPI,,469000,2,-35000,-6.94,504000,504000,461500,19478,9256989250,1363375496000,2906984,STK
007810,KR7007810005,코리아써키트,KOSPI,,56700,2,-7400,-11.54,63500,63500,55700,267755,15460480500,1359814554000,23982620,STK
415640,KR7415640002,KB발해인프라,KOSPI,,10490,2,-300,-2.78,10710,10890,10470,60918,645023620,1285502798520,122545548,STK
192080,KR7192080000,더블유게임즈,KOSPI,,60500,3,0,0.0,60000,61500,59400,52439,3172834200,1280994814000,21173468,STK
030530,KR7030530000,원익홀딩스,KOSDAQ,중견기업부,16530,2,-1980,-10.7,18310,18330,16340,470697,7950223535,1276743825930,77237981,KSQ
007310,KR7007310006,오뚜기,KOSPI,,316500,1,2500,0.8,307000,318500,307000,4264,1344876250,1268478195000,4007830,STK
043260,KR7043260009,성호전자,KOSDAQ,우량기업부,17650,2,-1620,-8.41,18910,18910,17230,795634,14135850900,1262967741900,71556246,KSQ
001430,KR7001430008,세아베스틸지주,KOSPI,,35050,2,-1600,-4.37,35600,36800,34750,66954,2392397075,1256967270950,35862119,STK
950160,KR8840120008,코오롱티슈진,KOSDAQ,외국기업(소속부없음),14750,5,-6300,-29.93,14920,17100,14750,23974803,373053095215,1253309860000,84970160,KSQ
183300,KR7183300003,코미코,KOSDAQ,우량기업부,60400,2,-8000,-11.7,67100,68400,60200,158488,9859880000,1240936724000,20545310,KSQ
017960,KR7017960006,한국카본,KOSPI,,24000,1,500,2.13,23850,24700,23250,423550,10151363175,1240235664000,51676486,STK
003540,KR7003540002,대신증권,KOSPI,,26000,2,-200,-0.76,26200,26550,25800,38824,1014912900,1239319276000,47666126,STK
218410,KR7218410009,RFHIC,KOSDAQ,우량기업부,45900,2,-2300,-4.77,48350,48450,44750,169267,7871993775,1218802987800,26553442,KSQ
181710,KR7181710005,NHN,KOSPI,,37200,2,-1300,-3.38,38250,39650,36800,42260,1601841300,1218416770800,32753139,STK
004000,KR7004000006,롯데정밀화학,KOSPI,,47150,1,350,0.75,46250,47700,45550,39225,1851769875,1216470000000,25800000,STK
039200,KR7039200001,오스코텍,KOSDAQ,벤처기업부,31300,1,100,0.32,30800,32850,30800,100494,3207138850,1197480908800,38258176,KSQ
100090,KR7100090000,SK오션플랜트,KOSPI,,19160,1,1900,11.01,16940,20850,16330,17950885,344762041115,1197080951640,62478129,STK
003570,KR7003570009,SNT다이내믹스,KOSPI,,35950,1,1900,5.58,33850,36700,33850,92358,3313233875,1195434457150,33252697,STK
078600,KR7078600004,대주전자재료,KOSDAQ,우량기업부,76100,2,-5100,-6.28,78600,78800,74200,74960,5718032150,1195084901800,15704138,KSQ
000815,KR7000811000,삼성화재우,KOSPI,,395500,2,-1000,-0.25,396500,398000,391000,5233,2069589250,1189276410000,3007020,STK
082640,KR7082640004,동양생명,KOSPI,,7550,2,-90,-1.18,7640,7720,7470,33956,258121860,1178272486550,156062581,STK
005070,KR7005070008,코스모신소재,KOSPI,,35250,2,-3500,-9.03,38050,38250,35100,96232,3499818400,1170813627750,33214571,STK
127120,KR7127120004,제이에스링크,KOSDAQ,벤처기업부,33400,2,-1550,-4.43,34150,34650,31600,43025,1419604325,1160742117200,34752758,KSQ
361610,KR7361610009,SK아이이테크놀로지,KOSPI,,14120,2,-570,-3.88,14330,14650,13950,81708,1165526010,1154833852000,81787100,STK
030610,KR7030610000,교보증권,KOSPI,,9770,1,10,0.1,9670,9940,9670,48689,476373130,1113418128970,113962961,STK
093370,KR7093370005,후성,KOSPI,,10380,2,-910,-8.06,11050,11050,10210,1216896,12838555385,1113310325400,107255330,STK
003380,KR7003380003,하림지주,KOSDAQ GLOBAL,우량기업부,9890,2,-230,-2.27,10000,10280,9860,319964,3208585265,1107735591690,112005621,KSQ
195940,KR7195940002,HK이노엔,KOSDAQ GLOBAL,우량기업부,38900,1,100,0.26,38450,39700,38450,65656,2571187600,1102032759900,28329891,KSQ
166090,KR7166090001,하나머티리얼즈,KOSDAQ,우량기업부,54800,1,100,0.18,54100,58200,53500,186941,10479415550,1083816535200,19777674,KSQ
000080,KR7000080002,하이트진로,KOSPI,,15280,1,300,2.0,14840,15450,14840,113514,1737989215,1071641576080,70133611,STK
000210,KR7000210005,DL,KOSPI,,50900,3,0,0.0,49900,51800,49800,58578,2985092700,1066654495600,20955884,STK
066575,KR7066571001,LG전자우,KOSPI,,62000,2,-6700,-9.75,67200,67200,61800,112008,7072862350,1065240538000,17181299,STK
458870,KR7458870003,씨어스,KOSDAQ,기술성장기업부,27900,2,-450,-1.59,27800,29600,27400,96210,2720876125,1061866746000,38059740,KSQ
006340,KR7006340004,대원전선,KOSPI,,13475,2,-725,-5.11,13720,13790,13050,8311454,111725993910,1056634255600,78414416,STK
300720,KR7300720000,한일시멘트,KOSPI,,14210,1,70,0.5,13950,14390,13950,48614,691173080,1045077419890,73545209,STK
496320,KR7496320003,본시스템즈,KONEX,일반기업부,1023000,0,0,0.0,0,0,0,0,0,1039340379000,1015973,KNX
437730,KR7437730005,삼현,KOSDAQ,기술성장기업부,32750,2,-5200,-13.7,35200,35350,32100,147543,4950876775,1038422819250,31707567,KSQ
077970,KR7077970002,STX엔진,KOSPI,,25850,2,-250,-0.96,26050,27150,25450,154257,4040619050,1037827428550,40148063,STK
330590,KR7330590001,롯데리츠,KOSPI,,3580,1,20,0.56,3560,3605,3530,107198,383455565,1034508604720,288968884,STK
031330,KR7031330004,에스에이엠티,KOSDAQ,우량기업부,10160,2,-780,-7.13,10800,10800,10120,537284,5548887870,1015949880720,99995067,KSQ
475830,KR7475830006,오름테라퓨틱,KOSDAQ,기술성장기업부,46150,2,-1550,-3.25,46050,48900,45700,62813,2942479950,1002359078500,21719590,KSQ
003240,KR7003240009,태광산업,KOSPI,,898000,1,16000,1.81,878000,923000,874000,1551,1390153000,999833200000,1113400,STK
323280,KR7323280008,태성,KOSDAQ,중견기업부,32350,2,-2650,-7.57,34050,34350,32200,141704,4692506925,987903653000,30537980,KSQ
003090,KR7003090008,대웅,KOSPI,,16870,1,300,1.81,16210,17300,16210,32107,545934195,980855202600,58141980,STK
009450,KR7009450008,경동나비엔,KOSPI,,65300,1,400,0.62,65000,66900,64200,23052,1522897900,951329057600,14568592,STK
185750,KR7185750007,종근당,KOSPI,,68600,1,1100,1.63,67000,69500,67000,14084,967272600,946870708000,13802780,STK
491000,KR7491000006,리브스메드,KOSDAQ,기술성장기업부,37700,2,-700,-1.82,37900,39400,36900,60205,2273651775,942665540700,25004391,KSQ
280360,KR7280360009,롯데웰푸드,KOSPI,,101600,2,-400,-0.39,100000,103400,100000,8056,820672400,935184718400,9204574,STK
006120,KR7006120000,SK디스커버리,KOSPI,,53600,2,-200,-0.37,53800,55300,52900,22633,1224923150,933377053600,17413751,STK
032350,KR7032350001,롯데관광개발,KOSPI,,11690,1,140,1.21,11400,11930,11350,429174,5024449575,931990604020,79725458,STK
005300,KR7005300009,롯데칠성,KOSPI,,100300,1,400,0.4,98300,101900,98300,10571,1064206650,930672065200,9278884,STK
192400,KR7192400000,쿠쿠홀딩스,KOSPI,,26100,1,250,0.97,26100,26300,25800,16485,430319525,928173028500,35562185,STK
051915,KR7051911006,LG화학우,KOSPI,,120600,2,-1800,-1.47,119000,122000,118500,12930,1550444800,927269280000,7688800,STK
034230,KR7034230003,파라다이스,KOSPI,,10010,2,-170,-1.67,10030,10220,9900,251861,2536987120,927220113820,92629382,STK
003530,KR7003530003,한화투자증권,KOSPI,,4300,2,-135,-3.04,4360,4415,4250,602757,2608511018,922555432500,214547775,STK
009240,KR7009240003,한샘,KOSPI,,38000,1,450,1.2,37100,38350,37050,34092,1293264350,894289264000,23533928,STK
347700,KR7347700007,스피어,KOSDAQ,기술성장기업부,17280,2,-1670,-8.81,18500,18650,17120,506012,8957054370,890807535360,51551362,KSQ
451800,KR7451800007,한화리츠,KOSPI,,4880,1,30,0.62,4825,5000,4810,48681,238397320,876448000000,179600000,STK
241710,KR7241710003,코스메카코리아,KOSDAQ GLOBAL,우량기업부,81400,2,-2000,-2.4,81100,83600,80200,29496,2399484750,869352000000,10680000,KSQ
003470,KR7003470002,유안타증권,KOSPI,,4485,2,-75,-1.64,4490,4585,4435,238139,1072565420,864170257470,192680102,STK
030190,KR7030190003,NICE평가정보,KOSPI,,14660,1,130,0.89,14500,14800,14450,57314,842043535,863642985820,58911527,STK
099320,KR7099320004,쎄트렉아이,KOSDAQ,우량기업부,78400,2,-6800,-7.98,84200,86000,78000,27676,2235236450,858580195200,10951278,KSQ
071055,KR7071051007,한국금융지주우,KOSPI,,146000,2,-2900,-1.95,148900,149300,143700,14009,2046879550,855304646000,5858251,STK
001820,KR7001820000,삼화콘덴서,KOSPI,,82100,2,-8100,-8.98,88300,88800,80800,184360,15363110850,853429500000,10395000,STK
036540,KR7036540003,SFA반도체,KOSDAQ,중견기업부,5140,2,-380,-6.88,5520,5520,5100,1033818,5460581815,845325957420,164460303,KSQ
195870,KR7195870001,해성디에스,KOSPI,,49650,2,-4050,-7.54,53000,53000,48400,139628,6969234100,844050000000,17000000,STK
101490,KR7101490001,에스앤에스텍,KOSDAQ GLOBAL,우량기업부,38800,2,-2900,-6.95,40950,41500,38550,107586,4289284400,827793305200,21334879,KSQ
086450,KR7086450004,동국제약,KOSDAQ GLOBAL,우량기업부,18280,2,-290,-1.56,18480,18960,18190,151158,2806513330,826812077600,45230420,KSQ
085660,KR7085660009,차바이오텍,KOSDAQ,중견기업부,8890,2,-70,-0.78,8800,9180,8790,195706,1751312455,826528600940,92972846,KSQ
293490,KR7293490009,카카오게임즈,KOSDAQ GLOBAL,중견기업부,7660,2,-130,-1.67,7620,7890,7500,208002,1595382965,821498729900,107245265,KSQ
036530,KR7036530004,SNT홀딩스,KOSPI,,50150,1,300,0.6,49950,51400,49550,9391,475268350,817639882900,16303886,STK
365550,KR7365550003,ESR켄달스퀘어리츠,KOSPI,,3290,1,105,3.3,3240,3320,3170,204974,671878893,809632810000,246089000,STK
038500,KR7038500005,삼표시멘트,KOSDAQ GLOBAL,우량기업부,7490,2,-380,-4.83,7670,7860,7390,287394,2180066810,808293131940,107916306,KSQ
204270,KR7204270003,제이앤티씨,KOSDAQ,중견기업부,13860,2,-1270,-8.39,14790,14790,13800,183205,2601687065,801779738760,57848466,KSQ
417200,KR7417200003,LS머트리얼즈,KOSDAQ,중견기업부,11850,2,-770,-6.1,12390,12400,11700,408368,4922294955,801684009150,67652659,KSQ
252990,KR7252990007,샘씨엔에스,KOSDAQ,우량기업부,13310,2,-730,-5.2,13970,15400,12990,454157,6124839890,801500102590,60217889,KSQ
079160,KR7079160008,CJ CGV,KOSPI,,4810,1,100,2.12,4740,4940,4700,616636,2993600469,796451873100,165582510,STK
090710,KR7090710005,휴림로봇,KOSDAQ,중견기업부,6640,2,-630,-8.67,7090,7120,6510,1728568,11622967685,793871952560,119559029,KSQ
005090,KR7005090006,SGC에너지,KOSPI,,54700,3,0,0.0,51900,56000,50000,248762,13209310550,788190515100,14409333,STK
388210,KR7388210007,씨엠티엑스,KOSDAQ,벤처기업부,81500,2,-5600,-6.43,86600,87100,80200,39927,3305763700,786836697000,9654438,KSQ
119850,KR7119850006,지엔씨에너지,KOSDAQ,우량기업부,47250,1,1700,3.73,45400,51900,45100,2608026,126648762675,777210950250,16448909,KSQ
281740,KR7281740001,레이크머티리얼즈,KOSDAQ,우량기업부,11790,2,-690,-5.53,12160,12340,11680,143934,1726792075,774963160920,65730548,KSQ
214320,KR7214320004,이노션,KOSPI,,19140,1,40,0.21,19160,19310,18940,57811,1109338490,765600000000,40000000,STK
065350,KR7065350001,신성델타테크,KOSDAQ,우량기업부,27800,2,-350,-1.24,27550,28250,27200,78452,2172048825,764053754400,27483948,KSQ
014620,KR7014620009,성광벤드,KOSDAQ GLOBAL,우량기업부,28550,1,1050,3.82,27350,29700,27150,153095,4351298800,758212742200,26557364,KSQ
071320,KR7071320006,지역난방공사,KOSPI,,65450,1,50,0.08,65000,66800,64700,7989,524975850,757828794800,11578744,STK
476830,KR7476830005,알지노믹스,KOSDAQ,기술성장기업부,26950,2,-1450,-5.11,27450,28650,26450,181079,4961084575,756094000200,28055436,KSQ
232140,KR7232140004,와이씨,KOSDAQ,우량기업부,9130,2,-580,-5.97,9670,9680,9050,568138,5301372905,749074045500,82045350,KSQ
137310,KR7137310009,에스디바이오센서,KOSPI,,6190,1,140,2.31,5970,6270,5970,97900,606008170,747436941380,120749102,STK
499790,KR7499790004,GS피앤엘,KOSPI,,37525,2,-2175,-5.48,39450,39700,37475,75965,2922291725,744152308525,19830841,STK
083450,KR7083450007,GST,KOSDAQ,우량기업부,40350,2,-3250,-7.45,42900,42900,39950,94554,3894013650,743650500000,18430000,KSQ
004490,KR7004490009,세방전지,KOSPI,,53400,2,-400,-0.74,53200,54200,52600,21291,1136258250,740124000000,13860000,STK
122870,KR7122870009,와이지엔터테인먼트,KOSDAQ GLOBAL,우량기업부,39550,2,-1000,-2.47,39800,40600,39200,54007,2150258950,739230987950,18691049,KSQ
213420,KR7213420003,덕산네오룩스,KOSDAQ,우량기업부,29550,2,-1450,-4.68,30250,30500,29400,51975,1559697375,733761339450,24831179,KSQ
056190,KR7056190002,SFA,KOSDAQ GLOBAL,우량기업부,20175,2,-975,-4.61,20600,20850,20100,47178,964963625,724459233000,35908760,KSQ
033100,KR7033100009,제룡전기,KOSDAQ GLOBAL,우량기업부,44950,2,-2150,-4.56,46300,47650,44250,126376,5802149200,722005284550,16062409,KSQ
376900,KR7376900007,로킷헬스케어,KOSDAQ,기술성장기업부,45350,2,-3300,-6.78,47500,47650,43800,227530,10311401975,719876331150,15873789,KSQ
064960,KR7064960008,SNT모티브,KOSPI,,26900,2,-400,-1.47,26850,27200,26600,25790,693066800,713933316800,26540272,STK
000400,KR7000400002,롯데손해보험,KOSPI,,2295,1,85,3.85,2160,2330,2160,813089,1824427147,712221854400,310336320,STK
100790,KR7100790005,미래에셋벤처투자,KOSDAQ,우량기업부,13400,2,-1060,-7.33,14240,14320,13200,160604,2183035260,711815745200,53120578,KSQ
032190,KR7032190001,다우데이타,KOSDAQ,우량기업부,18580,2,-100,-0.54,18550,19170,18210,45029,842413045,711614000000,38300000,KSQ
285130,KR7285130001,SK케미칼,KOSPI,,40900,1,100,0.25,40050,43200,40050,53129,2210010375,707519529400,17298766,STK
003850,KR7003850005,보령,KOSPI,,8240,1,10,0.12,8130,8400,8130,71067,589332045,706886585680,85787207,STK
093320,KR7093320000,케이아이엔엑스,KOSDAQ,우량기업부,143900,2,-4500,-3.03,146000,148300,141000,16249,2330964750,702232000000,4880000,KSQ
298050,KR7298050006,HS효성첨단소재,KOSPI,,156500,1,1100,0.71,152000,158900,151600,10609,1654927950,701111862000,4479948,STK
388720,KR7388720005,유일로보틱스,KOSDAQ,벤처기업부,59500,2,-6400,-9.71,63800,64500,58900,32528,1974242300,700990027500,11781345,KSQ
456040,KR7456040005,OCI,KOSPI,,78300,2,-10000,-11.33,85000,85000,78000,117724,9506758100,700980358500,8952495,STK
328130,KR7328130000,루닛,KOSDAQ,기술성장기업부,9400,2,-440,-4.47,9500,9650,9200,146459,1384071220,699906892000,74458180,KSQ
075580,KR7075580001,세진중공업,KOSPI,,12300,3,0,0.0,12970,13740,12060,1554558,20035004570,699248308800,56849456,STK
137400,KR7137400008,피엔티,KOSDAQ GLOBAL,우량기업부,29400,2,-1050,-3.45,29800,30150,29050,56929,1682090450,696507403200,23690728,KSQ
019210,KR7019210004,와이지-원,KOSDAQ,우량기업부,18680,2,-1320,-6.6,19750,19750,18550,378712,7197423890,694778839040,37193728,KSQ
000370,KR7000370007,한화손해보험,KOSPI,,5950,1,180,3.12,5720,6140,5700,279583,1663205650,694596544250,116738915,STK
445680,KR7445680002,큐리옥스바이오시스템즈,KOSDAQ,기술성장기업부,40300,1,3000,8.04,36150,41250,35850,78552,3086966925,693291176500,17203255,KSQ
248070,KR7248070005,솔루엠,KOSPI,,14190,2,-660,-4.44,14510,14780,14110,44102,633824650,678512388840,47816236,STK
074600,KR7074600008,원익QnC,KOSDAQ,우량기업부,25800,2,-1850,-6.69,27150,27450,25550,171971,4511888975,678230400000,26288000,KSQ
002960,KR7002960003,한국쉘석유,KOSPI,,520000,1,16000,3.17,504000,522000,504000,2722,1406931000,676000000000,1300000,STK
002350,KR7002350007,넥센타이어,KOSPI,,6890,2,-140,-1.99,7030,7030,6790,35964,247035515,672931672530,97667877,STK
035760,KR7035760008,CJ ENM,KOSDAQ GLOBAL,중견기업부,30550,1,100,0.33,29800,30800,29800,50164,1521519650,669935654700,21929154,KSQ
115180,KR7115180002,큐리언트,KOSDAQ,벤처기업부,17720,2,-780,-4.22,18270,18820,17520,35760,645922290,664719745720,37512401,KSQ
189300,KR7189300007,인텔리안테크,KOSDAQ,우량기업부,61100,2,-2800,-4.38,61800,63000,60700,30419,1880213800,656061066700,10737497,KSQ
093050,KR7093050003,LF,KOSPI,,22350,2,-50,-0.22,22250,23000,22050,14537,329190250,653514000000,29240000,STK
000670,KR7000670000,영풍,KOSPI,,35300,2,-350,-0.98,34950,36300,34700,17140,608458150,649897109900,18410683,STK
00088K,KR700088K015,한화3우B,KOSPI,,33450,1,500,1.52,33000,34200,32750,29160,979904525,649078551450,19404441,STK
006650,KR7006650006,대한유화,KOSPI,,99700,2,-3300,-3.2,101000,102700,98100,9520,954689200,648050000000,6500000,STK
017940,KR7017940008,E1,KOSPI,,94400,1,2600,2.83,91100,96000,91100,15221,1435108150,647584000000,6860000,STK
032500,KR7032500001,케이엠더블유,KOSDAQ,중견기업부,15280,2,-1600,-9.48,16500,17600,15110,153122,2427597785,644689191280,42191701,KSQ
025540,KR7025540006,한국단자,KOSPI,,63600,2,-1300,-2.0,64900,65000,63300,9723,622561100,643314000000,10115000,STK
293940,KR7293940003,신한알파리츠,KOSPI,,5290,1,70,1.34,5200,5350,5200,79958,424422670,639773250670,120940123,STK
108320,KR7108320003,LX세미콘,KOSPI,,39325,1,275,0.7,38400,40550,38400,56904,2245609800,639593597500,16264300,STK
041830,KR7041830001,인바디,KOSDAQ,우량기업부,47400,2,-1700,-3.46,49000,49150,46900,49024,2344950125,638993806800,13480882,KSQ
079940,KR7079940003,가비아,KOSDAQ,우량기업부,47600,1,50,0.11,47500,47650,47450,16990,807940500,638824558400,13420684,KSQ
006730,KR7006730006,서부T&D,KOSDAQ GLOBAL,우량기업부,9910,2,-320,-3.13,10050,10230,9850,172744,1733349175,636984306930,64276923,KSQ
005690,KR7005690003,파미셀,KOSPI,,10610,2,-570,-5.1,11100,11120,10480,290952,3134181190,636642588540,60004014,STK
036830,KR7036830008,솔브레인홀딩스,KOSDAQ GLOBAL,우량기업부,30950,2,-1800,-5.5,31500,32300,30600,21293,666791450,634598211950,20503981,KSQ
001570,KR7001570001,금양,KOSPI,,9900,0,0,0.0,0,0,0,0,0,633275240400,63967196,STK
023160,KR7023160005,태광,KOSDAQ GLOBAL,우량기업부,24300,1,1300,5.65,23000,25150,22850,254460,6161306400,628573980600,25867242,KSQ
069260,KR7069260008,TKG휴켐스,KOSPI,,15250,2,-110,-0.72,15200,15520,15200,28430,436500545,623398467000,40878588,STK
102710,KR7102710001,이엔에프테크놀로지,KOSDAQ,우량기업부,43400,2,-1800,-3.98,45000,45750,42650,48578,2123701725,620092082400,14287836,KSQ
253450,KR7253450001,스튜디오드래곤,KOSDAQ GLOBAL,우량기업부,20600,2,-200,-0.96,20350,21000,20300,26202,540052275,619205058800,30058498,KSQ
006380,KR7006380000,카프로,KOSPI,,3660,0,0,0.0,0,0,0,0,0,618539985360,168999996,STK
001680,KR7001680008,대상,KOSPI,,17800,1,320,1.83,17330,18150,17330,68324,1221779065,616734845000,34648025,STK
161580,KR7161580006,필옵틱스,KOSDAQ,중견기업부,26300,2,-1650,-5.9,27500,27750,25950,81519,2177822175,616531096100,23442247,KSQ
094170,KR7094170008,동운아나텍,KOSDAQ,우량기업부,29400,2,-100,-0.34,29000,31000,28800,67971,2033690500,614752118400,20909936,KSQ
005180,KR7005180005,빙그레,KOSPI,,66100,1,1200,1.85,64500,66500,64500,14441,951018750,612682949100,9269031,STK
317450,KR7317450005,명인제약,KOSPI,,41850,2,-600,-1.41,41700,43000,41700,5718,242463400,611010000000,14600000,STK
466100,KR7466100005,클로봇,KOSDAQ,기술성장기업부,23900,2,-2400,-9.13,25550,26050,23350,164703,3971451175,608475812100,25459239,KSQ
048410,KR7048410005,현대바이오,KOSDAQ,중견기업부,6290,2,-260,-3.97,6380,6620,6250,544432,3500806395,607020047880,96505572,KSQ
383800,KR7383800000,LX홀딩스,KOSPI,,7930,1,50,0.63,7780,8070,7780,88664,704326755,604905871700,76280690,STK
453340,KR7453340002,현대그린푸드,KOSPI,,18600,1,100,0.54,18500,18870,17860,30431,569116495,603971518200,32471587,STK
005880,KR7005880000,대한해운,KOSPI,,1871,2,-45,-2.35,1925,1948,1864,4883310,9270165187,603860273140,322747340,STK
053800,KR7053800009,안랩,KOSDAQ,우량기업부,54200,2,-300,-0.55,53600,54600,53600,20298,1098071700,603056625200,11126506,KSQ
090360,KR7090360009,로보스타,KOSDAQ,중견기업부,61600,2,-5800,-8.61,65800,66600,60500,67291,4226804400,600600000000,9750000,KSQ
397030,KR7397030008,에이프릴바이오,KOSDAQ,기술성장기업부,25300,2,-1250,-4.71,26750,27150,25050,97038,2538607675,592369797800,23413826,KSQ
114090,KR7114090004,GKL,KOSPI,,9540,2,-20,-0.21,9480,9690,9480,100778,965902660,590103091800,61855670,STK
002840,KR7002840007,미원상사,KOSPI,,124200,1,400,0.32,123800,126800,122700,3603,448631500,589950000000,4750000,STK
268280,KR7268280005,미원에스씨,KOSPI,,117000,1,1200,1.04,115800,117400,114300,1945,225378900,585000000000,5000000,STK
052400,KR7052400009,코나아이,KOSDAQ GLOBAL,우량기업부,39950,2,-1400,-3.39,40150,40700,39500,27069,1086510250,581803475450,14563291,KSQ
014820,KR7014820005,동원시스템즈,KOSPI,,19930,1,600,3.1,19130,20150,19130,44800,887606340,577796250260,28991282,STK
225570,KR7225570001,넥슨게임즈,KOSDAQ,중견기업부,8700,1,110,1.28,8500,8720,8400,52147,446929535,572983513800,65860174,KSQ
053610,KR7053610002,프로텍,KOSDAQ,우량기업부,63600,2,-1600,-2.45,65200,66300,62100,19335,1238882800,572400000000,9000000,KSQ
490470,KR7490470002,세미파이브,KOSDAQ,기술성장기업부,16790,2,-1180,-6.57,17600,17950,16620,145469,2495431335,571287137600,34025440,KSQ
003620,KR7003620002,KG모빌리티,KOSPI,,2815,2,-65,-2.26,2815,2855,2785,239009,672696856,569685377280,202374912,STK
094800,KR7094800000,맵스리얼티,KOSPI,,6130,2,-140,-2.23,6080,6280,6080,4758,29272220,569074449030,92834331,STK
010780,KR7010780005,아이에스동서,KOSPI,,18675,2,-325,-1.71,18910,19390,18630,58723,1117462890,563741776800,30186976,STK
001060,KR7001060003,JW중외제약,KOSPI,,24200,1,100,0.41,24050,24850,23950,29741,725556600,563519506000,23285930,STK
171090,KR7171090004,선익시스템,KOSDAQ,우량기업부,55700,2,-1200,-2.11,54900,57700,54400,33701,1876867000,562716268200,10102626,KSQ
460930,KR7460930001,현대힘스,KOSDAQ,우량기업부,15840,1,2820,21.66,14510,16730,13920,5695852,89725597405,562489028640,35510671,KSQ
000640,KR7000640003,동아쏘시오홀딩스,KOSPI,,83400,1,2900,3.6,87400,89400,82800,39093,3384175500,561492751800,6732527,STK
037460,KR7037460003,삼지전자,KOSDAQ,우량기업부,34400,2,-2200,-6.01,35850,36100,34200,38870,1360572200,561357156800,16318522,KSQ
100840,KR7100840008,SNT에너지,KOSPI,,27125,2,-675,-2.43,27050,27950,26750,79397,2163754125,560966238875,20680783,STK
001270,KR7001270008,부국증권,KOSPI,,54000,2,-600,-1.1,54200,55200,53100,4670,251449500,559973844000,10369886,STK
044490,KR7044490001,태웅,KOSDAQ,우량기업부,27950,2,-750,-2.61,27950,29100,27050,57080,1583460950,559206298950,20007381,KSQ
003160,KR7003160009,디아이,KOSPI,,19680,2,-920,-4.47,21850,21900,19650,316513,6524864770,556944000000,28300000,STK
050890,KR7050890003,쏠리드,KOSDAQ,우량기업부,9140,2,-470,-4.89,9450,9590,9110,429495,4013982460,555314720760,60756534,KSQ
251970,KR7251970000,펌텍코리아,KOSDAQ GLOBAL,우량기업부,44500,1,4000,9.88,39500,44850,39500,67891,2960566950,551800000000,12400000,KSQ
003300,KR7003300001,한일홀딩스,KOSPI,,17870,1,190,1.07,17680,17990,17590,17174,306481370,550957904280,30831444,STK
00104K,KR700104K010,CJ4우(전환),KOSPI,,129500,2,-2100,-1.6,129700,131600,127700,3813,493158400,547333304000,4226512,STK
090460,KR7090460007,비에이치,KOSPI,,16190,2,-1910,-10.55,17950,17960,16060,391066,6523580795,545789800220,33711538,STK
222080,KR7222080004,SFA넥셀,KOSDAQ GLOBAL,우량기업부,7010,2,-470,-6.28,7270,7360,6970,303824,2166146960,545238809440,77780144,KSQ
067160,KR7067160002,SOOP,KOSDAQ GLOBAL,우량기업부,47250,2,-500,-1.05,46300,48100,45800,42270,2003196275,543127740750,11494767,KSQ
178920,KR7178920005,PI첨단소재,KOSPI,,18420,2,-720,-3.76,18900,19050,18020,19731,367691020,540927651240,29366322,STK
007700,KR7007700008,F&F홀딩스,KOSPI,,13820,2,-110,-0.79,14030,14180,13700,18660,260204205,540560551940,39114367,STK
045100,KR7045100005,한양이엔지,KOSDAQ,우량기업부,30650,2,-900,-2.85,30900,31000,30000,59136,1797598425,536375000000,17500000,KSQ
112040,KR7112040001,위메이드,KOSDAQ,중견기업부,15720,2,-510,-3.14,16010,16270,15600,82953,1322721005,533670152760,33948483,KSQ
033240,KR7033240003,자화전자,KOSPI,,24300,2,-1400,-5.45,25350,25450,23900,34953,854304550,525013698600,21605502,STK
006110,KR7006110001,삼아알미늄,KOSPI,,34700,2,-1700,-4.67,37750,37800,33800,152808,5496889350,524783888500,15123455,STK
383310,KR7383310000,에코프로에이치엔,KOSDAQ,우량기업부,25000,2,-600,-2.34,25500,26050,24400,81526,2030877925,524373300000,20974932,KSQ
086900,KR7086900008,메디톡스,KOSDAQ,우량기업부,71200,2,-300,-0.42,70200,72400,70200,10622,758489200,519652986400,7298497,KSQ
016380,KR7016380008,KG스틸,KOSPI,,5190,2,-40,-0.76,5190,5320,5120,183338,958055715,519046175430,100008897,STK
456160,KR7456160001,지투지바이오,KOSDAQ,기술성장기업부,31150,1,850,2.81,29500,33150,29400,131333,4122006650,518006619900,16629426,KSQ
041960,KR7041960006,코미팜,KOSDAQ,벤처기업부,6970,2,-80,-1.13,7060,7160,6920,87870,617512880,514988870150,73886495,KSQ
033500,KR7033500000,동성화인텍,KOSDAQ,우량기업부,17120,1,70,0.41,16810,17580,16730,70276,1200787560,513420137280,29989494,KSQ
046890,KR7046890000,서울반도체,KOSDAQ GLOBAL,중견기업부,8790,2,-410,-4.46,9000,9050,8710,133968,1185368660,512504466000,58305400,KSQ
121600,KR7121600001,나노신소재,KOSDAQ,우량기업부,41500,2,-3150,-7.05,43100,43550,41100,30809,1297037200,508880926500,12262191,KSQ
009410,KR7009410002,태영건설,KOSPI,,1707,2,-16,-0.93,1687,1750,1678,214100,367888393,507986263146,297590078,STK
001530,KR7001530005,DI동일,KOSPI,,24400,1,100,0.41,24200,24800,23500,24372,596101250,505461152400,20715621,STK
448730,KR7448730002,삼성FN리츠,KOSPI,,5540,2,-60,-1.07,5600,5650,5480,22858,126484575,504417000000,91050000,STK
058650,KR7058650003,세아홀딩스,KOSPI,,118700,2,-800,-0.67,119600,122000,117700,293,35262850,503553413200,4242236,STK
060250,KR7060250008,NHN KCP,KOSDAQ,우량기업부,12500,2,-330,-2.57,12500,13230,12370,477816,6105479745,502007637500,40160611,KSQ
005810,KR7005810007,풍산홀딩스,KOSPI,,34600,2,-150,-0.43,33700,35850,33700,24327,856024825,498838303200,14417292,STK
052020,KR7052020005,에스티큐브,KOSDAQ,투자주의환기종목(소속부없음),7330,2,-100,-1.35,7450,7620,7160,115266,846328690,498317523030,67983291,KSQ
124500,KR7124500000,아이티센글로벌,KOSDAQ,우량기업부,21450,2,-2050,-8.72,22800,23200,21300,195195,4301978275,497737104150,23204527,KSQ
476060,KR7476060009,온코닉테라퓨틱스,KOSDAQ,기술성장기업부,10940,2,-610,-5.28,11350,11400,10800,212243,2352140405,496761769600,45407840,KSQ
001510,KR7001510007,SK증권,KOSPI,,2140,2,-110,-4.89,2210,2230,2125,1344315,2918948910,494971481900,231295085,STK
336370,KR7336370002,솔루스첨단소재,KOSPI,,7030,2,-290,-3.96,7120,7260,6970,66648,472825965,493627928320,70217344,STK
001500,KR7001500008,현대차증권,KOSPI,,7970,2,-130,-1.6,8000,8150,7870,80957,645603835,492809360680,61833044,STK
358570,KR7358570000,지아이이노베이션,KOSDAQ,기술성장기업부,7610,1,60,0.79,7220,7870,7220,219398,1670637885,490966805660,64516006,KSQ
059090,KR7059090001,미코,KOSDAQ,벤처기업부,14620,2,-1090,-6.94,15650,15850,14570,117092,1750495335,488553294360,33416778,KSQ
376300,KR7376300000,디어유,KOSDAQ,우량기업부,20300,2,-150,-0.73,20250,20500,19940,25276,508634990,481889641800,23738406,KSQ
160190,KR7160190005,하이젠알앤엠,KOSDAQ,투자주의환기종목(소속부없음),15580,2,-1060,-6.37,16490,16490,15180,51966,810415050,481235040000,30888000,KSQ
284740,KR7284740008,쿠쿠홈시스,KOSPI,,21400,3,0,0.0,21400,21600,21350,4401,94574150,480158862000,22437330,STK
003545,KR7003541000,대신증권우,KOSPI,,19680,2,-140,-0.71,19530,19870,19530,66580,1309397650,479864013120,24383334,STK
439960,KR7439960006,코스모로보틱스,KOSDAQ,기술성장기업부,14780,2,-1670,-10.15,15880,16930,14560,1638426,25387792085,479620252280,32450626,KSQ
101160,KR7101160000,월덱스,KOSDAQ,우량기업부,29000,2,-1400,-4.61,30300,30300,28650,36688,1074953000,478818797000,16510993,KSQ
399720,KR7399720002,가온칩스,KOSDAQ,벤처기업부,40300,2,-3900,-8.82,43050,43350,40000,69177,2863841350,477911413200,11858844,KSQ
211050,KR7211050000,인카금융서비스,KOSDAQ,우량기업부,9670,2,-180,-1.83,9540,9810,9540,75736,733156450,476379563190,49263657,KSQ
295310,KR7295310007,에이치브이엠,KOSDAQ,기술성장기업부,39350,2,-3100,-7.3,41600,41650,38700,52151,2094704625,474032962350,12046581,KSQ
475960,KR7475960001,토모큐브,KOSDAQ,기술성장기업부,35350,2,-500,-1.39,35950,36350,34650,24104,855015950,473098735900,13383274,KSQ
034310,KR7034310003,NICE,KOSPI,,12850,1,180,1.42,12670,13130,12600,50805,658451535,472329467450,36757157,STK
039130,KR7039130000,하나투어,KOSPI,,30350,2,-550,-1.78,30900,31100,30150,15920,486431900,470119436200,15489932,STK
033790,KR7033790007,피노,KOSDAQ,중견기업부,5610,2,-320,-5.4,5930,6030,5510,195345,1109358600,467435786070,83321887,KSQ
122640,KR7122640006,예스티,KOSDAQ,벤처기업부,21600,2,-3050,-12.37,24500,24500,21450,581953,13018179100,466577582400,21600814,KSQ
003280,KR7003280005,흥아해운,KOSPI,,1940,2,-95,-4.67,2120,2130,1935,17804664,35742281855,466424304060,240424899,STK
079900,KR7079900007,전진건설로봇,KOSPI,,31950,2,-1550,-4.63,32700,33050,31450,20362,655564325,466231812750,14592545,STK
460860,KR7460860000,동국제강,KOSPI,,9340,1,170,1.85,9050,9640,9010,282606,2633795100,463338878780,49608017,STK
003030,KR7003030004,세아제강지주,KOSPI,,111700,2,-300,-0.27,110200,115900,107200,18141,2030856600,462623086900,4141657,STK
214430,KR7214430001,아이쓰리시스템,KOSDAQ,우량기업부,63300,2,-300,-0.47,62500,66300,61200,23601,1507961750,462546709500,7307215,KSQ
377740,KR7377740006,바이오노트,KOSPI,,4535,2,-35,-0.77,4570,4610,4460,36378,166065789,462053227680,101886048,STK
078130,KR7078130002,국일제지,KOSDAQ,중견기업부,4095,2,-25,-0.61,4080,4155,4010,65133,266462391,461672703765,112740587,KSQ
145990,KR7145990008,삼양사,KOSPI,,44700,2,-150,-0.33,43850,45150,43850,4143,185720900,461011170300,10313449,STK
035890,KR7035890003,서희건설,KOSDAQ,중견기업부,2000,2,-25,-1.23,2025,2070,1997,154690,312544033,459616914000,229808457,KSQ
340570,KR7340570001,티앤엘,KOSDAQ,우량기업부,56500,1,900,1.62,55100,57700,55100,49954,2835028250,459232000000,8128000,KSQ
034950,KR7034950006,한국기업평가,KOSDAQ,우량기업부,101100,2,-300,-0.3,101300,102000,100200,1404,142379650,459045965400,4540514,KSQ
005945,KR7005941000,NH투자증권우,KOSPI,,24300,2,-450,-1.82,24950,24950,24200,41413,1012444775,458564522400,18870968,STK
015750,KR7015750003,성우하이텍,KOSDAQ,우량기업부,5705,2,-235,-3.96,5810,5920,5700,179093,1038089940,456400000000,80000000,KSQ
005250,KR7005250006,녹십자홀딩스,KOSPI,,9680,1,30,0.31,9530,9790,9470,60407,584803160,455233072800,47028210,STK
126340,KR7126340009,비나텍,KOSDAQ,벤처기업부,63300,2,-5700,-8.26,67700,68800,62800,68087,4459836350,454520206200,7180414,KSQ
000070,KR7000070003,삼양홀딩스,KOSPI,,58500,1,1300,2.27,57900,59100,56800,11621,676513150,454146673500,7763191,STK
099190,KR7099190001,아이센스,KOSDAQ,중견기업부,15790,2,-120,-0.75,15910,16390,15730,27474,440538530,454077909110,28757309,KSQ
002240,KR7002240000,고려제강,KOSPI,,16790,2,-210,-1.24,16990,17130,16510,22418,377812680,453330000000,27000000,STK
056080,KR7056080005,유진로봇,KOSDAQ,중견기업부,11820,2,-1080,-8.37,12570,12590,11580,217493,2599268415,451943444520,38235486,KSQ
336570,KR7336570007,원텍,KOSDAQ,우량기업부,5010,2,-170,-3.28,5070,5150,4995,384802,1943041150,447296036460,89280646,KSQ
005389,KR7005383005,현대차3우B,KOSPI,,191800,2,-6800,-3.42,197500,197800,189700,7433,1431643250,446405293600,2327452,STK
082270,KR7082270000,젬백스,KOSDAQ,벤처기업부,10070,2,-160,-1.56,10020,10190,9920,106088,1064120910,445790874210,44269203,KSQ
249420,KR7249420001,일동제약,KOSPI,,14090,1,170,1.22,14000,14880,13970,107872,1559302755,445782970680,31638252,STK
020000,KR7020000006,한섬,KOSPI,,20650,2,-700,-3.28,21400,21750,20600,19401,406147375,443499926100,21476994,STK
008060,KR7008060006,대덕,KOSPI,,14105,2,-465,-3.19,14700,14910,14060,39710,569254635,441304517290,31287098,STK
009520,KR7009520008,포스코엠텍,KOSDAQ GLOBAL,중견기업부,10540,2,-360,-3.3,10630,10790,10460,85972,913394010,438914089620,41642703,KSQ
417310,KR7417310000,코람코더원리츠,KOSPI,,10790,1,190,1.79,10550,10890,10550,404558,4349620580,435916000000,40400000,STK
219130,KR7219130002,타이거일렉,KOSDAQ,벤처기업부,68700,2,-4800,-6.53,71900,71900,68000,21429,1494420450,433791723000,6314290,KSQ
477850,KR7477850002,마키나락스,KOSDAQ,기술성장기업부,24350,1,900,3.84,23200,26050,22450,2671896,65371774725,432327821600,17754736,KSQ
004690,KR7004690004,삼천리,KOSPI,,119000,1,2600,2.23,116200,121100,115600,8970,1066842600,431586463000,3626777,STK
290550,KR7290550003,디케이티,KOSDAQ,우량기업부,21400,2,-1650,-7.16,22700,22700,21050,177358,3875495900,428026322000,20001230,KSQ
144960,KR7144960002,뉴파워프라즈마,KOSDAQ,우량기업부,9770,2,-250,-2.5,9900,10540,9630,1341524,13597618815,426876936480,43692624,KSQ
090435,KR7090431008,아모레퍼시픽우,KOSPI,,40350,2,-200,-0.49,40550,40900,40000,5249,212381775,426008440500,10557830,STK
161000,KR7161000005,애경케미칼,KOSPI,,8750,2,-320,-3.53,8930,9080,8660,72495,639888315,425676203750,48648709,STK
004700,KR7004700001,조광피혁,KOSPI,,64000,2,-500,-0.78,64000,64500,63900,84,5387400,425544832000,6649138,STK
036810,KR7036810000,에프에스티,KOSDAQ,중견기업부,19650,2,-1250,-5.98,20200,20450,19430,60133,1193904035,425418353850,21649789,KSQ
014830,KR7014830004,유니드,KOSPI,,62800,1,800,1.29,62200,64000,61400,10131,637676500,425005280000,6767600,STK
486990,KR7486990005,노타,KOSDAQ,기술성장기업부,19870,1,1070,5.69,20300,20850,19130,400385,7986696175,424149590100,21346230,KSQ
170920,KR7170920003,엘티씨,KOSDAQ,벤처기업부,39950,2,-6450,-13.9,46000,46000,39650,297949,12412463400,422036833700,10564126,KSQ
002810,KR7002810000,삼영무역,KOSPI,,22800,1,900,4.11,21600,23000,21475,38961,877465400,421046414400,18466948,STK
072710,KR7072710007,농심홀딩스,KOSPI,,90500,3,0,0.0,90500,92000,90100,2563,233504300,419719995000,4637790,STK
368770,KR7368770004,파이버프로,KOSDAQ,벤처기업부,12760,2,-340,-2.6,12980,13080,12390,68539,867650150,419219911000,32854225,KSQ
215200,KR7215200007,메가스터디교육,KOSDAQ,우량기업부,40000,1,600,1.52,38500,40150,38500,19760,786391600,414608640000,10365216,KSQ
016590,KR7016590002,신대양제지,KOSPI,,10280,1,340,3.42,9980,10530,9940,24553,251690190,414261589600,40297820,STK
425420,KR7425420007,티에프이,KOSDAQ,우량기업부,33400,2,-2600,-7.22,35100,35300,33350,26477,907082875,412395845400,12347181,KSQ
019170,KR7019170000,신풍제약,KOSPI,,7860,2,-40,-0.51,7840,8080,7820,58700,466867485,412009582920,52418522,STK
104830,KR7104830005,원익머트리얼즈,KOSDAQ,우량기업부,32550,2,-1600,-4.69,34000,34000,32300,32886,1089086200,410390400000,12608000,KSQ
001200,KR7001200005,유진투자증권,KOSPI,,4205,2,-100,-2.32,4250,4285,4165,223083,941852690,407323287690,96866418,STK
348370,KR7348370008,엔켐,KOSDAQ,중견기업부,18560,2,-1410,-7.06,19380,19380,18370,97247,1826430965,406668030080,21910993,KSQ
018290,KR7018290007,브이티,KOSDAQ,우량기업부,11620,2,-40,-0.34,11450,12050,11430,98501,1151757120,406024157560,34941838,KSQ
272290,KR7272290008,이녹스첨단소재,KOSDAQ GLOBAL,우량기업부,20350,2,-850,-4.01,20700,20800,20200,54847,1124806825,405728308150,19937509,KSQ
278280,KR7278280003,천보,KOSDAQ,중견기업부,33000,2,-1600,-4.62,33500,33950,32600,20469,679951550,404349825000,12253025,KSQ
042000,KR7042000000,카페24,KOSDAQ,우량기업부,16720,2,-700,-4.02,17030,17420,16480,34488,579389410,404258985680,24178169,KSQ
089890,KR7089890008,코세스,KOSDAQ,우량기업부,24350,2,-2800,-10.31,26800,26850,22950,230711,5712260450,403843824700,16584962,KSQ
033640,KR7033640004,네패스,KOSDAQ,중견기업부,17490,2,-1400,-7.41,18800,18890,17360,105358,1879406525,403305442980,23059202,KSQ
064290,KR7064290000,인텍플러스,KOSDAQ,중견기업부,31200,2,-4650,-12.97,36000,36000,30950,396200,12951439025,401780433600,12877578,KSQ
030520,KR7030520001,한컴,KOSDAQ,우량기업부,16590,2,-280,-1.66,16450,16840,16210,47391,787271665,401141952960,24179744,KSQ
253590,KR7253590004,네오셈,KOSDAQ,우량기업부,9080,2,-630,-6.49,9500,9500,9030,131893,1218376070,398332009120,43869164,KSQ
357120,KR7357120005,코람코라이프인프라리츠,KOSPI,,4070,2,-10,-0.25,4075,4120,4060,38906,159160560,396154890780,97335354,STK
174900,KR7174900001,앱클론,KOSDAQ,벤처기업부,19850,2,-900,-4.34,20450,20750,19600,49500,994236675,396049760650,19952129,KSQ
077360,KR7077360006,덕산하이메탈,KOSDAQ,벤처기업부,8710,2,-350,-3.86,9000,9130,8660,278736,2455202350,395756287420,45437002,KSQ
389470,KR7389470006,인벤티지랩,KOSDAQ,기술성장기업부,29600,2,-800,-2.63,29950,31250,29300,21572,649021400,393908156800,13307708,KSQ
015360,KR7015360001,INVENI,KOSPI,,14410,2,-60,-0.41,14500,14730,14280,20273,293159830,392672500000,27250000,STK
029530,KR7029530003,신도리코,KOSPI,,40400,2,-1050,-2.53,41250,41400,40350,6254,255776800,392515451600,9715729,STK
027360,KR7027360007,아주IB투자,KOSDAQ,중견기업부,3225,2,-255,-7.33,3410,3410,3200,431338,1415800978,390693934350,121145406,KSQ
003000,KR7003000007,부광약품,KOSPI,,3950,2,-70,-1.74,4020,4105,3925,269153,1079769468,389725450450,98664671,STK
031430,KR7031430002,신세계인터내셔날,KOSPI,,11060,2,-320,-2.81,11430,11430,11010,75540,840784570,386945160000,34986000,STK
365340,KR7365340009,성일하이텍,KOSDAQ,기술성장기업부,29850,2,-1700,-5.39,31000,31200,29400,27340,822824350,385695282750,12921115,KSQ
306200,KR7306200007,세아제강,KOSPI,,135700,1,1600,1.19,133800,139200,130700,10590,1440055200,384885910000,2836300,STK
095660,KR7095660007,네오위즈,KOSDAQ,우량기업부,17760,2,-170,-0.95,17590,17900,17500,18978,335138760,384263511840,21636459,KSQ
002030,KR7002030005,아세아,KOSPI,,185900,1,3600,1.97,177300,188000,177300,2344,435747700,382740586800,2058852,STK
271940,KR7271940009,일진하이솔루스,KOSPI,,10520,2,-50,-0.47,10320,11200,10320,60537,652817800,382014758800,36313190,STK
013030,KR7013030002,하이록코리아,KOSDAQ,우량기업부,32400,1,250,0.78,32250,32950,31750,39819,1287208675,381287865600,11768144,KSQ
036620,KR7036620003,감성코퍼레이션,KOSDAQ,우량기업부,4235,2,-60,-1.4,4130,4300,4060,230887,967741717,380569567840,89862944,KSQ
002990,KR7002990000,금호건설,KOSPI,,10200,2,-1100,-9.73,11300,11400,10100,2484903,25897481950,380051734800,37259974,STK
027410,KR7027410000,BGF,KOSPI,,3960,2,-25,-0.63,3980,4030,3925,143557,571159800,379038492360,95716791,STK
016610,KR7016610008,DB증권,KOSPI,,8900,2,-230,-2.52,9040,9100,8840,51861,464730540,377772862100,42446389,STK
041190,KR7041190000,우리기술투자,KOSDAQ,우량기업부,4480,2,-130,-2.82,4530,4595,4430,222023,1000439295,376320000000,84000000,KSQ
005950,KR7005950001,이수화학,KOSPI,,14230,2,-620,-4.18,14840,15320,14050,601652,8909236465,374166024870,26294169,STK
452260,KR7452260003,한화갤러리아,KOSPI,,1922,2,-93,-4.62,1999,2010,1910,504811,988624541,372598170420,193859610,STK
105630,KR7105630008,한세실업,KOSPI,,9280,2,-280,-2.93,9480,9600,9260,20603,193525810,371200000000,40000000,STK
199800,KR7199800004,툴젠,KOSDAQ,기술성장기업부,41050,2,-450,-1.08,40250,43000,40250,17121,712531475,369352670450,8997629,KSQ
069080,KR7069080000,웹젠,KOSDAQ GLOBAL,우량기업부,11850,2,-350,-2.87,11910,12170,11800,68653,825274660,366953913750,30966575,KSQ
007690,KR7007690001,국도화학,KOSPI,,39450,3,0,0.0,41750,42750,37600,109055,4394846150,365339822400,9260832,STK
130660,KR7130660004,한전산업,KOSPI,,11180,2,-90,-0.8,11050,11590,11000,79897,902699250,364468000000,32600000,STK
381970,KR7381970003,케이카,KOSPI,,7430,2,-130,-1.72,7500,7690,7340,47263,353754165,362738900640,48820848,STK
372320,KR7372320002,큐로셀,KOSDAQ,기술성장기업부,23800,2,-150,-0.63,23350,24750,23350,20737,499300375,362376848400,15225918,KSQ
001940,KR7001940006,KISCO홀딩스,KOSPI,,25550,1,100,0.39,25750,26100,25050,16172,415409850,362206509000,14176380,STK
009900,KR7009900002,명신산업,KOSPI,,6900,2,-180,-2.54,6960,7060,6840,66975,462986180,362043917700,52470133,STK
344820,KR7344820006,KCC글라스,KOSPI,,22600,2,-200,-0.88,22800,23050,22500,5278,120266150,360933571200,15970512,STK
025980,KR7025980004,아난티,KOSDAQ,우량기업부,3705,2,-65,-1.72,3660,3800,3660,322194,1202783822,360500167950,97300990,KSQ
003800,KR7003800000,에이스침대,KOSDAQ,우량기업부,32450,2,-200,-0.61,32700,32700,32350,1109,36040400,359870500000,11090000,KSQ
033160,KR7033160003,엠케이전자,KOSDAQ,중견기업부,14750,2,-1600,-9.79,16060,16060,14590,579930,8767889535,356868373500,24194466,KSQ
092230,KR7092230002,KPX홀딩스,KOSPI,,84400,1,1000,1.2,83400,85100,83400,1403,118298000,356560122400,4224646,STK
005420,KR7005420005,코스모화학,KOSPI,,9270,2,-320,-3.34,9280,9510,9160,60705,566574385,356044273560,38408228,STK
160980,KR7160980009,싸이맥스,KOSDAQ,우량기업부,32450,2,-3950,-10.85,35750,36000,32450,62004,2106034025,354491685350,10924243,KSQ
403550,KR7403550007,쏘카,KOSPI,,9330,2,-350,-3.62,9700,9700,9080,20706,196957410,353979658860,37939942,STK
078020,KR7078020005,LS증권,KOSDAQ,우량기업부,6380,2,-180,-2.74,6530,6530,6340,37359,240720085,353969992200,55481190,KSQ
006220,KR7006220008,제주은행,KOSPI,,9320,2,-230,-2.41,9490,9650,9280,153778,1450250810,352282551240,37798557,STK
200710,KR7200710002,에이디테크놀로지,KOSDAQ,중견기업부,26150,2,-1600,-5.77,27250,28450,25750,139840,3816646375,352031483050,13462007,KSQ
170900,KR7170900005,동아에스티,KOSPI,,36150,2,-50,-0.14,36200,37100,36050,14244,521923100,351660656850,9727819,STK
089010,KR7089010003,켐트로닉스,KOSDAQ,우량기업부,20900,2,-1100,-5.0,21600,21650,20600,54423,1147331800,350493564300,16770027,KSQ
194370,KR7194370003,제이에스코퍼레이션,KOSPI,,12060,1,40,0.33,12020,12230,11780,65009,781149380,349942101480,29016758,STK
348210,KR7348210006,넥스틴,KOSDAQ,우량기업부,33100,2,-2600,-7.28,36000,36000,32850,44989,1521023550,346788865500,10477005,KSQ
060980,KR7060980000,HL홀딩스,KOSPI,,38050,2,-750,-1.93,39000,39800,38000,5924,228047950,345450128350,9078847,STK
104700,KR7104700000,한국철강,KOSPI,,9440,1,30,0.32,9490,9590,9320,38263,362971160,344088000000,36450000,STK
011930,KR7011930005,신성이엔지,KOSPI,,16760,1,520,3.2,16240,17055,15460,388272,6334321005,340331610320,20306182,STK
330860,KR7330860008,네패스아크,KOSDAQ,중견기업부,27800,2,-3600,-11.46,31000,31200,27600,196245,5666311750,338716451000,12184045,KSQ
017810,KR7017810003,풀무원,KOSPI,,8880,2,-110,-1.22,8900,9070,8850,24068,215566775,338510412960,38120542,STK
089590,KR7089590004,제주항공,KOSPI,,4190,2,-100,-2.33,4250,4315,4190,56561,240390337,337885727150,80640985,STK
348340,KR7348340001,뉴로메카,KOSDAQ,기술성장기업부,27200,2,-2100,-7.17,29000,29000,26700,145011,3966323625,337528907200,12409151,KSQ
017900,KR7017900002,광전자,KOSPI,,5820,2,-240,-3.96,6010,6020,5720,448653,2626148650,337232700660,57943763,STK
060280,KR7060280005,큐렉소,KOSDAQ,중견기업부,8170,2,-260,-3.08,8210,8380,8110,79633,653299090,337092484300,41259790,KSQ
002020,KR7002020006,코오롱,KOSPI,,26100,2,-700,-2.61,27000,27050,25450,147814,3879141875,336890448000,12907680,STK
008730,KR7008730004,율촌화학,KOSPI,,13580,1,20,0.15,13460,13910,13360,43093,586501100,336784000000,24800000,STK
101930,KR7101930006,인화정공,KOSDAQ,우량기업부,7350,2,-130,-1.74,7550,7720,7290,18078,135900050,335855831850,45694671,KSQ
039440,KR7039440003,에스티아이,KOSDAQ,우량기업부,21650,2,-2050,-8.65,23250,23250,21250,119171,2638608225,335727567550,15507047,KSQ
145720,KR7145720009,덴티움,KOSPI,,38750,2,-50,-0.13,38700,39500,38100,13165,511709200,334175776250,8623891,STK
332570,KR7332570001,PS일렉트로닉스,KOSDAQ,우량기업부,7080,2,-120,-1.67,7050,7360,6750,2640624,18745130605,330717866040,46711563,KSQ
183190,KR7183190008,아세아시멘트,KOSPI,,9170,2,-70,-0.76,9150,9360,9140,16538,152641020,329920754240,35978272,STK
005610,KR7005610001,삼립,KOSPI,,38200,1,600,1.6,37700,38300,37500,2532,95772000,329628143800,8629009,STK
064260,KR7064260003,다날,KOSDAQ,중견기업부,4350,2,-285,-6.15,4520,4795,4330,3031004,13915013854,329057737950,75645457,KSQ
126560,KR7126560002,현대퓨처넷,KOSPI,,3010,3,0,0.0,3015,3030,2950,59846,178834845,328695130400,109201040,STK
025320,KR7025320003,시노펙스,KOSDAQ,우량기업부,3565,2,-125,-3.39,3595,3670,3540,341600,1227182240,328559144945,92162453,KSQ
236200,KR7236200002,슈프리마,KOSDAQ,우량기업부,46800,2,-1750,-3.6,47750,48750,46600,23116,1101341550,326397754800,6974311,KSQ
006910,KR7006910004,보성파워텍,KOSDAQ,우량기업부,6620,2,-350,-5.02,6790,6970,6570,649058,4378199365,325239434880,49129824,KSQ
241770,KR7241770007,메카로,KOSDAQ,우량기업부,31700,2,-100,-0.31,31650,32600,30000,3603,111062500,323106688000,10192640,KSQ
419530,KR7419530001,SAMG엔터,KOSDAQ,기술성장기업부,31650,2,-650,-2.01,32750,33250,31200,70908,2280577750,323062216050,10207337,KSQ
084110,KR7084110006,휴온스글로벌,KOSDAQ,우량기업부,25300,2,-550,-2.13,25850,25900,24800,7182,182446400,320293243600,12659812,KSQ
012030,KR7012030003,DB,KOSPI,,1592,1,52,3.38,1539,1595,1462,348928,525893201,320268901336,201173933,STK
005720,KR7005720008,넥센,KOSPI,,6090,1,70,1.16,5900,6180,5900,19055,115979240,319992819930,52543977,STK
217590,KR7217590009,티엠씨,KOSPI,,13190,2,-230,-1.71,13580,13900,12800,559564,7448423100,317802827750,24094225,STK
097520,KR7097520001,엠씨넥스,KOSPI,,18230,2,-320,-1.73,18370,18780,18130,32858,603911650,317229345000,17401500,STK
078160,KR7078160009,메디포스트,KOSDAQ,벤처기업부,8070,2,-470,-5.5,8450,8540,8060,34627,285330040,316381146210,39204603,KSQ
000157,KR7000152009,두산2우B,KOSPI,,354000,2,-8000,-2.21,361500,361500,344000,275,97082250,316135452000,893038,STK
126720,KR7126720002,수산인더스트리,KOSPI,,22000,1,250,1.15,21550,22450,21500,25100,552998450,314292000000,14286000,STK
078340,KR7078340007,컴투스,KOSDAQ GLOBAL,중견기업부,25900,1,300,1.17,25050,26500,25050,25848,668680150,313165006700,12091313,KSQ
011760,KR7011760006,현대코퍼레이션,KOSPI,,23650,1,350,1.5,23150,23950,23150,21029,497550850,312865045900,13228966,STK
204620,KR7204620009,글로벌텍스프리,KOSDAQ,우량기업부,4435,2,-135,-2.95,4525,4625,4375,344864,1545842481,311706568550,70283330,KSQ
0120G0,KR70120G0001,삼양바이오팜,KOSPI,,41800,2,-500,-1.18,41150,43350,40900,14419,605354875,310819366000,7435870,STK
110990,KR7110990009,디아이티,KOSDAQ,우량기업부,16400,2,-1260,-7.13,17500,17650,16280,51648,859982670,309960000000,18900000,KSQ
004430,KR7004430005,송원산업,KOSPI,,12870,2,-130,-1.0,13000,13390,12750,205432,2689537075,308880000000,24000000,STK
092790,KR7092790005,넥스틸,KOSPI,,11870,1,100,0.85,11710,12590,11580,373057,4530893705,308643740000,26002000,STK
101730,KR7101730000,위메이드맥스,KOSDAQ,중견기업부,3670,2,-120,-3.17,3800,3835,3600,118964,442751621,307558059620,83803286,KSQ
004710,KR7004710000,한솔테크닉스,KOSPI,,7560,2,-1170,-13.4,8600,8600,7320,1021862,7866739720,307159148520,40629517,STK
009160,KR7009160003,SIMPAC,KOSPI,,4665,3,0,0.0,4605,4730,4555,103261,482379710,304955565720,65370968,STK
016800,KR7016800005,퍼시스,KOSPI,,26500,2,-400,-1.49,26750,27300,26400,694,18499975,304750000000,11500000,STK
078350,KR7078350006,한양디지텍,KOSDAQ,우량기업부,19920,2,-1180,-5.59,20900,21100,19550,77630,1552727160,303668089440,15244382,KSQ
389260,KR7389260001,대명에너지,KOSDAQ,우량기업부,16930,1,350,2.11,16600,18040,15900,1657755,28402650285,303323382250,17916325,KSQ
029460,KR7029460003,케이씨,KOSPI,,27450,2,-1250,-4.36,28500,28600,27400,13470,375456400,302513685750,11020535,STK
950210,KR8702070002,프레스티지바이오파마,KOSPI,,5030,2,-230,-4.37,5180,5250,4950,45698,230367872,302283659650,60096155,STK
018250,KR7018250001,애경산업,KOSPI,,11440,1,30,0.26,11320,11590,11320,21173,242910440,302129656400,26409935,STK
026890,KR7026890004,스틱인베스트먼트,KOSPI,,7790,1,110,1.43,7520,7900,7520,69187,530457540,302024820230,38770837,STK
243070,KR7243070000,휴온스,KOSDAQ,우량기업부,25200,2,-250,-0.98,25650,25900,24850,6426,161750700,301887558000,11979665,KSQ
317400,KR7317400000,자이에스앤디,KOSPI,,7760,2,-490,-5.94,8160,8300,7640,1685834,13358519830,300952355200,38782520,STK
006405,KR7006401004,삼성SDI우,KOSPI,,185700,2,-8800,-4.52,193900,193900,184000,3565,669685150,300443287200,1617896,STK
025900,KR7025900002,동화기업,KOSDAQ,중견기업부,5940,2,-30,-0.5,5860,6240,5780,63231,381292000,300310272900,50557285,KSQ
036890,KR7036890002,진성티이씨,KOSDAQ,우량기업부,13620,2,-480,-3.4,13800,14060,13330,47143,647477690,300084325260,22032623,KSQ
010820,KR7010820009,퍼스텍,KOSPI,,6140,1,10,0.16,6200,6750,5980,3449590,22001294225,299459699320,48771938,STK
092730,KR7092730001,네오팜,KOSDAQ,우량기업부,18680,2,-530,-2.76,19190,19340,18440,25332,477017285,299402834520,16027989,KSQ
098070,KR7098070006,한텍,KOSDAQ,중견기업부,26900,2,-850,-3.06,27100,27750,26100,55369,1487960100,299158692900,11121141,KSQ
024720,KR7024720005,콜마홀딩스,KOSPI,,8720,2,-20,-0.23,8670,8820,8560,11779,102744960,299063378480,34296259,STK
049070,KR7049070006,인탑스,KOSDAQ,우량기업부,18160,2,-580,-3.09,18270,18300,17700,67094,1206630460,298997263120,16464607,KSQ
091810,KR7091810002,트리니티항공,KOSPI,,584,2,-16,-2.67,596,605,573,277690,163484129,298149788056,510530459,STK
287840,KR7287840003,인투셀,KOSDAQ,기술성장기업부,19810,2,-3590,-15.34,22000,22300,19640,116577,2413674865,297585027600,15021960,KSQ
002310,KR7002310001,아세아제지,KOSPI,,7540,1,40,0.53,7510,7590,7420,38263,286742740,297449305400,39449510,STK
228760,KR7228760005,지노믹트리,KOSDAQ,기술성장기업부,11930,2,-360,-2.93,12120,12460,11910,33545,408876820,296570279860,24859202,KSQ
009290,KR7009290008,광동제약,KOSPI,,5950,1,30,0.51,5920,6100,5870,108253,648417430,296308857600,49799808,STK
200880,KR7200880003,서연이화,KOSPI,,10950,2,-230,-2.06,11270,11270,10840,26564,292996420,295961385150,27028437,STK
108670,KR7108670001,LX하우시스,KOSPI,,33000,1,200,0.61,33300,33950,32500,14325,478928750,295933110000,8967670,STK
047920,KR7047920004,HLB제약,KOSDAQ,기술성장기업부,9000,1,930,11.52,9690,10450,8550,1664716,15866705970,295194204000,32799356,KSQ
02826K,KR702826K016,삼성물산우B,KOSPI,,201000,2,-10500,-4.96,211500,212500,199900,4827,977662650,294985590000,1467590,STK
025860,KR7025860008,남해화학,KOSPI,,5930,2,-80,-1.33,5990,6200,5910,343127,2070629805,294595538990,49678843,STK
356680,KR7356680009,엑스게이트,KOSDAQ,벤처기업부,10320,2,-730,-6.61,10820,10950,10240,241999,2548969325,294568837440,28543492,KSQ
168360,KR7168360006,펨트론,KOSDAQ,벤처기업부,13090,2,-1270,-8.84,14210,14360,13050,46650,630071160,293118571130,22392557,KSQ
025770,KR7025770009,한국정보통신,KOSDAQ,우량기업부,7810,2,-60,-0.76,7850,7890,7640,63820,492300845,292439756510,37444271,KSQ
064820,KR7064820004,케이프,KOSDAQ,우량기업부,9450,1,160,1.72,9480,10040,9230,511141,4931258985,291629031750,30860215,KSQ
389650,KR7389650003,넥스트바이오메디컬,KOSDAQ,기술성장기업부,35150,2,-1000,-2.77,35900,36950,35000,16385,592388650,290946602900,8277286,KSQ
448900,KR7448900001,한국피아이엠,KOSDAQ,기술성장기업부,47650,2,-4850,-9.24,51400,51400,47050,54665,2646809925,289447876050,6074457,KSQ
105840,KR7105840003,우진,KOSPI,,14320,2,-400,-2.72,14650,14950,14240,77049,1122788890,289230634400,20197670,STK
091700,KR7091700005,파트론,KOSDAQ,우량기업부,5780,2,-60,-1.03,5840,5900,5740,100509,583929505,289000000000,50000000,KSQ
206650,KR7206650004,유바이오로직스,KOSDAQ,우량기업부,7830,2,-60,-0.76,7800,8050,7790,67892,537293210,287770563810,36752307,KSQ
441270,KR7441270006,파인엠텍,KOSDAQ,벤처기업부,6840,2,-20,-0.29,6820,7120,6630,152722,1050406165,287581281480,42044047,KSQ
356860,KR7356860007,티엘비,KOSDAQ,우량기업부,29150,2,-4050,-12.2,32750,32750,29050,207320,6257254550,286621164500,9832630,KSQ
107640,KR7107640005,한중엔시에스,KOSDAQ,기술성장기업부,31600,2,-900,-2.77,31700,32400,30100,38792,1208295075,286452293600,9064946,KSQ
034830,KR7034830000,한국토지신탁,KOSPI,,1133,1,5,0.44,1112,1155,1112,128440,146273783,286070297590,252489230,STK
037710,KR7037710001,광주신세계,KOSPI,,37500,2,-1500,-3.85,39200,39200,37100,70572,2665872950,286018950000,7627172,STK
376270,KR7376270005,HEM파마,KOSDAQ,기술성장기업부,39650,2,-550,-1.37,39800,40300,38500,4738,185677250,285844264550,7209187,KSQ
121440,KR7121440002,골프존홀딩스,KOSDAQ,우량기업부,6660,2,-10,-0.15,6660,6670,6650,23531,156767580,285293207880,42836818,KSQ
015860,KR7015860000,일진홀딩스,KOSPI,,5770,2,-170,-2.86,5930,6020,5770,52739,311710800,284734976910,49347483,STK
215600,KR7215600008,신라젠,KOSDAQ,중견기업부,2055,2,-25,-1.2,2065,2120,2025,316764,656409924,284727574020,138553564,KSQ
136480,KR7136480001,하림,KOSDAQ,우량기업부,2675,2,-5,-0.19,2650,2720,2650,284993,768265571,284110952850,106209702,KSQ
035810,KR7035810001,이지홀딩스,KOSDAQ,우량기업부,4395,2,-25,-0.57,4390,4485,4360,190635,844287220,283548633075,64516185,KSQ
096760,KR7096760004,JW홀딩스,KOSPI,,3835,1,10,0.26,3860,3920,3815,41056,159265935,283502152570,73924942,STK
017890,KR7017890005,한국알콜,KOSDAQ,우량기업부,13700,1,120,0.88,13500,13980,13480,49984,688828380,283227032200,20673506,KSQ
042520,KR7042520007,한스바이오메드,KOSDAQ,벤처기업부,19850,2,-1050,-5.02,20250,20750,19050,108496,2148210320,283088134950,14261367,KSQ
010955,KR7010951002,S-Oil우,KOSPI,,70100,2,-300,-0.43,70300,71800,68800,21711,1528752100,281937082700,4021927,STK
092460,KR7092460005,한라IMS,KOSDAQ,우량기업부,16460,1,470,2.94,15930,17290,15930,60016,1003103595,281625332800,17109680,KSQ
265520,KR7265520007,AP시스템,KOSDAQ,우량기업부,18700,2,-820,-4.2,19290,19290,18600,41257,780459640,281450352700,15050821,KSQ
114810,KR7114810005,한솔아이원스,KOSDAQ,우량기업부,9930,2,-1870,-15.85,11100,11110,9820,695119,7138157625,279461717820,28143174,KSQ
200670,KR7200670008,휴메딕스,KOSDAQ,우량기업부,24850,2,-400,-1.58,25000,25550,24650,11052,277523350,279063760500,11229930,KSQ
123890,KR7123890006,한국자산신탁,KOSPI,,2280,1,25,1.11,2235,2300,2230,92612,211155397,279012551280,122373926,STK
192650,KR7192650000,드림텍,KOSPI,,4225,2,-210,-4.74,4395,4405,4160,149450,637793800,278371852525,65886829,STK
001390,KR7001390004,KG케미칼,KOSPI,,4140,2,-75,-1.78,4185,4250,4130,108384,454657144,278344744200,67233030,STK
017390,KR7017390006,서울가스,KOSPI,,56100,1,300,0.54,55900,56600,55800,3484,195483600,277695000000,4950000,STK
033270,KR7033270000,유나이티드제약,KOSPI,,17370,2,-40,-0.23,17300,17630,17200,17876,311402860,276370161750,15910775,STK
003960,KR7003960002,사조대림,KOSPI,,29950,2,-100,-0.33,30050,30600,29900,3085,93182450,274475786650,9164467,STK
079370,KR7079370003,제우스,KOSDAQ,우량기업부,8830,2,-570,-6.06,9370,9370,8740,108892,979741495,273880021700,31016990,KSQ
010690,KR7010690006,화신,KOSPI,,7820,2,-520,-6.24,8200,8300,7780,374862,2988086415,273077606200,34920410,STK
001230,KR7001230002,동국홀딩스,KOSPI,,1755,1,34,1.98,1705,1870,1692,533346,942166367,272916039825,155507715,STK
125490,KR7125490003,한라캐스트,KOSDAQ,벤처기업부,7470,2,-740,-9.01,8000,8000,7420,283621,2175355150,272672569440,36502352,KSQ
003120,KR7003120003,일성아이에스,KOSPI,,20450,2,-250,-1.21,20550,20750,20450,1080,22243050,271985000000,13300000,STK
051500,KR7051500007,CJ프레시웨이,KOSDAQ,우량기업부,22800,1,550,2.47,22250,23000,22100,10032,227365825,270672160800,11871586,KSQ
117730,KR7117730002,티로보틱스,KOSDAQ,벤처기업부,11980,2,-910,-7.06,12540,12610,11860,54373,658327170,270245355140,22558043,KSQ
054950,KR7054950001,제이브이엠,KOSDAQ,우량기업부,22350,1,50,0.22,22450,22550,22150,8273,185064300,270209086200,12089892,KSQ
024850,KR7024850000,HLB이노베이션,KOSDAQ,중견기업부,8490,2,-260,-2.97,9700,10400,8410,564430,5278487615,269587588560,31753544,KSQ
078520,KR7078520004,에이블씨엔씨,KOSPI,,10360,1,80,0.78,10070,10680,10050,94726,987639060,269506707960,26014161,STK
036800,KR7036800001,나이스정보통신,KOSDAQ,우량기업부,29600,2,-200,-0.67,29050,29900,29050,4830,143151050,269360000000,9100000,KSQ
309710,KR7309710002,아이티켐,KOSDAQ,관리종목(소속부없음),21000,0,0,0.0,0,0,0,0,0,268443021000,12783001,KSQ
084690,KR7084690007,대상홀딩스,KOSPI,,7400,2,-110,-1.46,7450,7850,7260,43112,320699450,267972781200,36212538,STK
272450,KR7272450008,진에어,KOSPI,,5130,2,-40,-0.77,5130,5220,5080,36477,187896530,267786000000,52200000,STK
244920,KR7244920005,에이플러스에셋,KOSPI,,11840,2,-260,-2.15,11730,12670,11730,19172,229747290,267675085120,22607693,STK
484590,KR7484590005,삼양컴텍,KOSDAQ,벤처기업부,6470,1,10,0.15,6520,6720,6310,229059,1505609525,266631611500,41210450,KSQ
182400,KR7182400002,엔케이젠바이오텍코리아,KOSDAQ,관리종목(소속부없음),3670,0,0,0.0,0,0,0,0,0,265496721770,72342431,KSQ
298000,KR7298000001,효성화학,KOSPI,,69900,1,8000,12.92,60100,71000,60000,96270,6358371200,265047588900,3791811,STK
002900,KR7002900009,TYM,KOSPI,,6360,2,-90,-1.4,6340,6520,6310,75287,480742090,263304000000,41400000,STK
005680,KR7005680004,삼영전자,KOSPI,,13150,2,-230,-1.72,13320,13370,12950,20710,270822490,263000000000,20000000,STK
424870,KR7424870004,이뮨온시아,KOSDAQ,기술성장기업부,2880,2,-50,-1.71,3180,3180,2845,443464,1320884905,262864134720,91272269,KSQ
950170,KR8392080006,JTC,KOSDAQ,외국기업(소속부없음),5070,1,60,1.2,5030,5100,4980,63813,323765540,262353984360,51746348,KSQ
482630,KR7482630001,삼양엔씨켐,KOSDAQ,중견기업부,11960,2,-1210,-9.19,13090,13110,11840,139391,1704247240,261783828800,21888280,KSQ
058430,KR7058430000,포스코스틸리온,KOSPI,,4360,2,-225,-4.91,4580,4600,4345,212311,948466613,261600000000,60000000,STK
151860,KR7151860004,KG에코솔루션,KOSDAQ,우량기업부,5480,2,-20,-0.36,5490,5640,5440,79144,439613010,260864450960,47603002,KSQ
084010,KR7084010008,대한제강,KOSPI,,7580,2,-280,-3.56,7730,7840,7520,22573,173822760,260536697680,34371596,STK
067630,KR7067630004,HLB생명과학,KOSDAQ,투자주의환기종목(소속부없음),2135,1,90,4.4,2395,2610,2090,2013858,4770035349,260292918830,121917058,KSQ
393890,KR7393890009,더블유씨피,KOSDAQ,기술성장기업부,7690,2,-270,-3.39,7670,7900,7320,91070,690315670,260253777360,33843144,KSQ
005430,KR7005430004,한국공항,KOSPI,,82000,1,300,0.37,82000,83900,79700,3414,279909800,259641110000,3166355,STK
267980,KR7267980001,매일유업,KOSDAQ,우량기업부,33800,1,450,1.35,33050,34100,33050,1875,63502550,259030964400,7663638,KSQ
035600,KR7035600006,KG이니시스,KOSDAQ,우량기업부,9400,2,-80,-0.84,9360,9500,9310,41249,388811230,259011679600,27554434,KSQ
003920,KR7003920006,남양유업,KOSPI,,43050,1,900,2.14,41950,43400,41950,6366,271022800,258300000000,6000000,STK
043150,KR7043150002,바텍,KOSDAQ,우량기업부,17290,2,-110,-0.63,17400,17700,17190,16854,292219430,256830086240,14854256,KSQ
394280,KR7394280002,오픈엣지테크놀로지,KOSDAQ,기술성장기업부,9730,2,-590,-5.72,10210,10210,9670,39927,394592625,256351736900,26346530,KSQ
121800,KR7121800007,비덴트,KOSDAQ,관리종목(소속부없음),3320,0,0,0.0,0,0,0,0,0,256309348520,77201611,KSQ
455900,KR7455900001,엔젤로보틱스,KOSDAQ,기술성장기업부,16630,2,-880,-5.03,17140,17140,16380,19677,328217200,255985274030,15392981,KSQ
232530,KR7232530006,이엠티,KONEX,일반기업부,9990,1,40,0.4,9950,10000,9800,689,6839420,255886896960,25614304,KNX
493280,KR7493280002,아이엠바이오로직스,KOSDAQ,기술성장기업부,17235,2,-655,-3.66,17380,18300,17030,52267,912215240,255707922015,14836549,KSQ
286940,KR7286940002,롯데이노베이트,KOSPI,,16860,2,-140,-0.82,16950,17260,16710,4475,75875420,255081127620,15129367,STK
023410,KR7023410004,유진기업,KOSDAQ,중견기업부,3295,2,-45,-1.35,3295,3325,3250,285394,937600152,254739293585,77310863,KSQ
377460,KR7377460001,큐에이드,KOSDAQ,관리종목(소속부없음),4080,0,0,0.0,0,0,0,0,0,253187202960,62055687,KSQ
439090,KR7439090002,마녀공장,KOSDAQ,우량기업부,15380,2,-960,-5.88,16320,16470,15230,182013,2885579475,252128338800,16393260,KSQ
061970,KR7061970000,LB세미콘,KOSDAQ,중견기업부,4310,1,135,3.23,4125,4360,4120,222513,946915265,250337755860,58083006,KSQ
187660,KR7187660006,페니트리움바이오,KOSDAQ,중견기업부,4485,1,80,1.82,4420,4930,4347,776731,3596326263,248766144705,55466253,KSQ
080580,KR7080580004,오킨스전자,KOSDAQ,벤처기업부,11780,2,-1090,-8.47,12750,12750,11740,104938,1267415050,248451449900,21090955,KSQ
314930,KR7314930009,바이오다인,KOSDAQ,기술성장기업부,8340,2,-100,-1.18,8380,8770,8200,18770,158492540,248232619020,29764103,KSQ
215000,KR7215000001,골프존,KOSDAQ,우량기업부,39550,1,350,0.89,39400,40950,39150,22370,890868825,248192663250,6275415,KSQ
352480,KR7352480008,씨앤씨인터내셔널,KOSDAQ,우량기업부,18200,2,-380,-2.05,18270,18660,18080,7860,143689435,248064198200,13629901,KSQ
334890,KR7334890001,이지스밸류플러스리츠,KOSPI,,3570,1,45,1.28,3520,3600,3495,81591,290208900,247931798310,69448683,STK
481070,KR7481070001,에이유브랜즈,KOSDAQ,중견기업부,17300,1,450,2.67,16810,17840,16620,9992,173613580,247913325000,14330250,KSQ
001750,KR7001750009,한양증권,KOSPI,,19470,2,-280,-1.42,19540,19900,19330,6688,131444040,247824556980,12728534,STK
004360,KR7004360004,세방,KOSPI,,12930,1,50,0.39,12880,13140,12800,23490,305340350,247164746790,19115603,STK
003650,KR7003650009,미창석유,KOSPI,,140700,2,-3800,-2.63,143000,144500,140300,3282,467754700,244771850400,1739672,STK
200130,KR7200130003,콜마비앤에이치,KOSDAQ GLOBAL,우량기업부,8300,1,60,0.73,8160,8480,8160,29831,249027145,244149131400,29415558,KSQ
122900,KR7122900004,아이마켓코리아,KOSPI,,7280,2,-40,-0.55,7240,7350,7240,25074,183317680,243361955200,33428840,STK
001250,KR7001250000,GS글로벌,KOSPI,,2935,1,35,1.21,2860,3105,2850,1409636,4182340533,242236597340,82533764,STK
092190,KR7092190008,서울바이오시스,KOSDAQ,투자주의환기종목(소속부없음),5280,2,-350,-6.22,5600,5620,5210,99708,532953790,242185062240,45868383,KSQ
069540,KR7069540003,빛과전자,KOSDAQ,벤처기업부,2140,2,-330,-13.36,2420,2420,2125,4289407,9627181926,241160659580,112691897,KSQ
008490,KR7008490005,서흥,KOSPI,,20800,1,300,1.46,20350,21400,20350,30327,636138675,240637550400,11569113,STK
051360,KR7051360006,토비스,KOSDAQ,우량기업부,16090,0,0,0.0,0,0,0,0,0,240028093870,14917843,KSQ
298690,KR7298690009,에어부산,KOSPI,,1469,2,-21,-1.41,1469,1491,1444,40160,58958134,239321946968,162914872,STK
005500,KR7005500004,삼진제약,KOSPI,,17740,2,-140,-0.78,17700,17960,17680,26585,473213410,236296800000,13320000,STK
404990,KR7404990004,신한서부티엔디리츠,KOSPI,,3845,1,40,1.05,3880,3915,3815,68384,263468055,236152075425,61417965,STK
206640,KR7206640005,바디텍메드,KOSDAQ,우량기업부,10770,1,70,0.65,10560,11290,10560,29426,323133160,235948309170,21907921,KSQ
007160,KR7007160005,사조산업,KOSPI,,47000,1,200,0.43,46050,47850,46050,1301,61034100,235000000000,5000000,STK
044450,KR7044450005,KSS해운,KOSPI,,10170,2,-50,-0.49,10160,10420,10140,39587,407821340,234783399600,23085880,STK
002710,KR7002710002,TCC스틸,KOSPI,,8950,2,-350,-3.76,9150,9300,8810,35584,322415040,234612588150,26213697,STK
348950,KR7348950007,제이알글로벌리츠,KOSPI,,1182,0,0,0.0,0,0,0,0,0,233298432000,197376000,STK
234340,KR7234340008,헥토파이낸셜,KOSDAQ,우량기업부,16660,2,-1430,-7.9,17420,17940,16620,185317,3196443310,232751128960,13970656,KSQ
194700,KR7194700001,노바렉스,KOSDAQ,우량기업부,12750,2,-290,-2.22,13000,13290,12400,65056,829947915,232749312000,18254848,KSQ
0011T0,KR70011T0008,채비,KOSDAQ,기술성장기업부,4955,2,-425,-7.9,5290,5290,4930,165436,833416630,232635223405,46949591,KSQ
060720,KR7060720000,KH바텍,KOSDAQ,중견기업부,9820,2,-300,-2.96,9980,10110,9650,254395,2505805855,232512480440,23677442,KSQ
488900,KR7488900002,비츠로넥스텍,KOSDAQ,기술성장기업부,7990,2,-770,-8.79,8300,8310,7940,65056,527189465,231521779570,28976443,KSQ
099440,KR7099440000,스맥,KOSDAQ,중견기업부,3390,1,75,2.26,3255,3400,3210,528782,1751568559,231345105660,68243394,KSQ
000680,KR7000680009,LS네트웍스,KOSPI,,2935,3,0,0.0,2915,3035,2890,93981,278410790,231286851960,78803016,STK
002320,KR7002320000,한진,KOSPI,,14900,2,-240,-1.59,14940,15370,14870,30274,458679150,231227378400,15518616,STK
900140,KYG5307W1015,엘브이엠씨홀딩스,KOSPI,,1196,2,-38,-3.08,1214,1236,1192,509482,615246769,231115556672,193240432,STK
061090,KR7061090007,세나테크놀로지,KOSDAQ,중견기업부,42250,2,-2750,-6.11,44150,44700,42200,22735,981611450,231003987500,5467550,KSQ
468530,KR7468530001,프로티나,KOSDAQ,기술성장기업부,20900,2,-1400,-6.28,21700,22100,20650,19784,420021875,230635847200,11035208,KSQ
065680,KR7065680001,우주일렉트로,KOSDAQ,우량기업부,24900,2,-2300,-8.46,26550,26550,24550,10776,271730900,230087727900,9240471,KSQ
417840,KR7417840006,저스템,KOSDAQ,벤처기업부,10060,2,-1310,-11.52,11010,11030,9990,480161,4974187675,230065972860,22869381,KSQ
000050,KR7000050005,경방,KOSPI,,8380,2,-110,-1.3,8440,8540,8290,15715,131793560,229739962600,27415270,STK
003200,KR7003200003,일신방직,KOSPI,,9970,2,-70,-0.7,10020,10200,9860,23453,234791335,228911200000,22960000,STK
138080,KR7138080007,오이솔루션,KOSDAQ,벤처기업부,18450,2,-1510,-7.57,19830,19830,18380,65895,1246123425,228369635100,12377758,KSQ
003070,KR7003070000,코오롱글로벌,KOSPI,,8930,2,-70,-0.78,9000,9130,8890,12378,111651250,227035953870,25423959,STK
136490,KR7136490000,선진,KOSPI,,9530,2,-260,-2.66,9700,9790,9500,30629,293866910,226619626120,23779604,STK
001790,KR7001790005,대한제당,KOSPI,,2625,1,5,0.19,2620,2690,2590,234244,616721004,226385026875,86241915,STK
093520,KR7093520005,매커스,KOSDAQ,우량기업부,18930,2,-230,-1.2,18960,19480,18770,14732,279216625,225301774410,11901837,KSQ
043370,KR7043370006,피에이치에이,KOSDAQ,우량기업부,10720,2,-160,-1.47,10760,10890,10600,7422,79490230,225120000000,21000000,KSQ
036200,KR7036200004,유니셈,KOSDAQ,우량기업부,7340,2,-530,-6.73,7790,7790,7240,174130,1297743450,225075396820,30664223,KSQ
023760,KR7023760002,한국캐피탈,KOSDAQ,우량기업부,713,3,0,0.0,714,719,703,64892,46239881,225029627688,315609576,KSQ
432320,KR7432320000,KB스타리츠,KOSPI,,1492,2,-29,-1.91,1508,1532,1483,433467,654821279,224940313220,150764285,STK
102940,KR7102940004,코오롱생명과학,KOSDAQ,중견기업부,17180,2,-1700,-9.0,19040,19450,16990,377394,6775449930,224896559540,13090603,KSQ
472850,KR7472850007,폰드그룹,KOSDAQ,중견기업부,3895,2,-30,-0.76,3960,3990,3820,13779,54063330,224241584540,57571652,KSQ
0030R0,KR70030R0007,대신밸류리츠,KOSPI,,3745,2,-35,-0.93,3780,3900,3745,32027,121179014,223876100000,59780000,STK
003520,KR7003520004,영진약품,KOSPI,,1223,1,13,1.07,1210,1238,1172,274095,335005817,223677810013,182892731,STK
134380,KR7134380005,미원화학,KOSPI,,10120,2,-10,-0.1,10120,10200,10120,1435,14544660,222565921600,21992680,STK
099430,KR7099430001,바이오플러스,KOSDAQ,우량기업부,3610,2,-70,-1.9,3615,3710,3595,108634,395813655,222523006420,61640722,KSQ
180400,KR7180400004,DXVX,KOSDAQ,관리종목(소속부없음),2255,2,-45,-1.96,2285,2375,2200,32644,73414940,221958369160,98429432,KSQ
290690,KR7290690007,소룩스,KOSDAQ,중견기업부,4200,2,-130,-3.0,4285,4445,4170,369369,1566632204,220918362000,52599610,KSQ
011560,KR7011560000,세보엠이씨,KOSDAQ,우량기업부,21900,2,-1100,-4.78,22700,22700,21750,13322,294018275,220858696800,10084872,KSQ
001340,KR7001340009,PKC,KOSPI,,4900,2,-230,-4.48,5130,5130,4860,181773,897052436,220637636100,45028089,STK
028100,KR7028100006,동아지질,KOSPI,,16440,1,680,4.31,16600,16930,16300,27206,451267655,220123412880,13389502,STK
000320,KR7000320002,노루홀딩스,KOSPI,,16530,1,160,0.98,16490,16990,16370,5661,94234220,219702726030,13291151,STK
089980,KR7089980007,상아프론테크,KOSDAQ,우량기업부,13680,2,-390,-2.77,13930,14100,13600,27376,377249730,218730026160,15989037,KSQ
073490,KR7073490005,LIG아큐버,KOSDAQ,우량기업부,28750,2,-1150,-3.85,29900,30300,28200,65666,1920388525,218610572500,7603846,KSQ
025000,KR7025000001,KPX케미칼,KOSPI,,49850,2,-250,-0.5,50000,50300,49550,2476,123733100,218278643650,4378709,STK
000480,KR7000480004,CR홀딩스,KOSPI,,4655,1,15,0.32,4610,4725,4610,23088,107653770,218275230950,46890490,STK
014940,KR7014940001,오리엔탈정공,KOSDAQ,우량기업부,4780,1,185,4.03,4540,5420,4535,2518661,12777951630,217842099580,45573661,KSQ
450950,KR7450950001,아스테라시스,KOSDAQ,벤처기업부,5780,2,-270,-4.46,6050,6150,5780,15719,92484110,217487481760,37627592,KSQ
036030,KR7036030005,케이티알파,KOSDAQ,우량기업부,4435,2,-85,-1.88,4520,4520,4410,10886,48418950,217399890335,49019141,KSQ
378340,KR7378340004,필에너지,KOSDAQ,중견기업부,10040,2,-510,-4.83,10320,10470,10000,42407,430891180,217304575280,21643882,KSQ
052710,KR7052710001,아모텍,KOSDAQ,중견기업부,14870,2,-1230,-7.64,15900,15900,14530,231163,3461543980,217288559020,14612546,KSQ
230240,KR7230240004,에치에프알,KOSDAQ,중견기업부,16320,2,-860,-5.01,16880,17140,16010,77847,1296391215,217202880000,13309000,KSQ
018000,KR7018000000,유니슨,KOSDAQ,중견기업부,837,2,-37,-4.23,861,910,820,1758086,1505157113,217200063708,259498284,KSQ
000430,KR7000430009,대원강업,KOSPI,,3500,2,-90,-2.51,3615,3615,3440,98297,344335512,217000000000,62000000,STK
053030,KR7053030003,바이넥스,KOSDAQ,중견기업부,6630,1,30,0.45,6500,6870,6500,45426,305992275,216696166440,32684188,KSQ
461300,KR7461300006,아이스크림미디어,KOSDAQ,벤처기업부,16260,2,-140,-0.85,16420,16570,16020,12568,206067740,216647150580,13323933,KSQ
005710,KR7005710009,대원산업,KOSDAQ,우량기업부,10780,2,-40,-0.37,10980,11070,10720,8714,95076840,216005328000,20037600,KSQ
900290,HK0000307485,GRT,KOSDAQ,외국기업(소속부없음),2640,1,270,11.39,2440,3080,2375,2212470,6270392251,215952000000,81800000,KSQ
065710,KR7065710006,서호전기,KOSDAQ,우량기업부,41900,2,-950,-2.22,42800,43400,41500,13326,564672125,215785000000,5150000,KSQ
064850,KR7064850001,에프앤가이드,KOSDAQ,벤처기업부,18870,2,-2430,-11.41,21300,21300,18660,55839,1077902650,215312964840,11410332,KSQ
095500,KR7095500005,미래나노텍,KOSDAQ,우량기업부,6920,2,-410,-5.59,7150,7240,6860,134532,945193580,214589193080,31009999,KSQ
009680,KR7009680000,모토닉,KOSPI,,9870,2,-120,-1.2,9930,9980,9850,7142,70706380,214505637780,21733094,STK
114190,KR7114190002,강원에너지,KOSDAQ,중견기업부,8210,2,-440,-5.09,8390,8530,8120,40867,341122810,214470141980,26123038,KSQ
094360,KR7094360005,칩스앤미디어,KOSDAQ,벤처기업부,10020,2,-460,-4.39,10340,10380,9910,46931,474802360,213979845480,21355274,KSQ
005010,KR7005010004,휴스틸,KOSPI,,3805,2,-40,-1.04,3800,3960,3760,296690,1148839470,213795625375,56188075,STK
024060,KR7024060006,흥구석유,KOSDAQ,중견기업부,14250,1,380,2.74,15070,15250,14070,6424301,94158544675,213750000000,15000000,KSQ
034120,KR7034120006,SBS,KOSPI,,11490,2,-70,-0.61,11560,11560,11400,4177,47852010,213153724620,18551238,STK
272110,KR7272110008,케이엔제이,KOSDAQ,우량기업부,26550,2,-1950,-6.84,28500,28500,26350,27427,740551600,213074237250,8025395,KSQ
018310,KR7018310003,삼목에스폼,KOSDAQ,우량기업부,14490,1,10,0.07,14480,14660,14360,2885,41888040,213003000000,14700000,KSQ
000650,KR7000650002,천일고속,KOSPI,,148900,2,-6400,-4.12,154100,157600,148500,1433,217990800,212810858000,1429220,STK
025560,KR7025560004,미래산업,KOSPI,,41750,0,0,0.0,0,0,0,0,0,212542069000,5090828,STK
452280,KR7452280001,한선엔지니어링,KOSDAQ,우량기업부,11040,2,-960,-8.0,11920,11990,10900,162504,1848492855,212494276800,19247670,KSQ
052330,KR7052330008,코텍,KOSDAQ,우량기업부,11940,2,-130,-1.08,11970,12240,11900,20712,249753650,212073372660,17761589,KSQ
0008Z0,KR70008Z0005,에스엔시스,KOSDAQ,벤처기업부,22450,2,-400,-1.75,22900,24100,22300,39047,899661150,211850861800,9436564,KSQ
051905,KR7051901007,LG생활건강우,KOSPI,,101000,1,1200,1.2,99800,102300,98000,10979,1109363350,211722159000,2096259,STK
033920,KR7033920000,무학,KOSPI,,7410,3,0,0.0,7400,7510,7370,19248,142695515,211185000000,28500000,STK
042370,KR7042370007,비츠로테크,KOSDAQ,우량기업부,8030,2,-270,-3.25,8270,8300,7980,77529,631169425,210386200750,26200025,KSQ
144510,KR7144510005,지씨셀,KOSDAQ,중견기업부,13300,2,-60,-0.45,13560,13680,13160,25790,346215250,210144575200,15800344,KSQ
389500,KR7389500000,에스비비테크,KOSDAQ,기술성장기업부,31500,2,-4100,-11.52,35350,35350,31100,85130,2755299275,209899368000,6663472,KSQ
304360,KR7304360001,에스바이오메딕스,KOSDAQ,벤처기업부,16900,2,-450,-2.59,17230,17230,16610,29124,490572050,209308663200,12385128,KSQ
452430,KR7452430002,사피엔반도체,KOSDAQ,기술성장기업부,25350,2,-1950,-7.14,26800,26800,25050,16949,435928375,209274922350,8255421,KSQ
085910,KR7085910008,네오티스,KOSDAQ,중견기업부,15140,2,-2360,-13.49,17470,17470,15010,80607,1272679840,208853544520,13794818,KSQ
254490,KR7254490006,미래반도체,KOSDAQ,우량기업부,14430,2,-1070,-6.9,15420,15420,14350,72044,1060782525,208340340000,14438000,KSQ
176750,KR7176750008,듀켐바이오,KOSDAQ,기술성장기업부,7310,4,1680,29.84,7310,7310,7310,30078,219870180,208252543200,28488720,KSQ
194480,KR7194480000,데브시스터즈,KOSDAQ,중견기업부,17150,1,10,0.06,16970,17770,16720,54591,946435930,208014922500,12129150,KSQ
017860,KR7017860008,DS단석,KOSPI,,11650,2,-390,-3.24,12020,12370,11600,78093,934774305,206893969350,17759139,STK
030210,KR7030210009,다올투자증권,KOSPI,,3395,2,-55,-1.59,3425,3475,3375,30925,105521195,206793204870,60911106,STK
380540,KR7380540005,옵티코어,KOSDAQ,관리종목(소속부없음),8450,0,0,0.0,0,0,0,0,0,206658126350,24456583,KSQ
068930,KR7068930007,디지털대성,KOSDAQ,우량기업부,7460,1,30,0.4,7270,7500,7270,12885,95931280,206458051320,27675342,KSQ
0001A0,KR70001A0001,덕양에너젠,KOSDAQ,중견기업부,8100,2,-270,-3.23,8360,8360,7980,44377,360643870,206298592200,25468962,KSQ
353810,KR7353810005,이지바이오,KOSDAQ,우량기업부,6230,1,40,0.65,6140,6240,6110,30568,188815380,206100361600,33081920,KSQ
004310,KR7004310009,현대약품,KOSPI,,6440,1,140,2.22,6210,7180,6050,8659107,58295288035,206080000000,32000000,STK
475560,KR7475560009,더본코리아,KOSPI,,13890,3,0,0.0,13890,14140,13790,4932,68937105,205960503300,14827970,STK
448280,KR7448280008,에코아이,KOSDAQ,중견기업부,6950,2,-300,-4.14,7100,7180,6890,4797,33566630,205936346550,29631129,KSQ
003720,KR7003720000,삼영,KOSPI,,6050,2,-210,-3.35,6190,6200,5920,191010,1159240465,205700000000,34000000,STK
039830,KR7039830005,오로라,KOSDAQ,우량기업부,19060,2,-70,-0.37,19130,19220,18140,15540,292306130,205140683400,10762890,KSQ
067390,KR7067390005,아스트,KOSDAQ,중견기업부,486,2,-6,-1.22,492,503,483,484937,238034542,204682583394,421157579,KSQ
000540,KR7000540005,흥국화재,KOSPI,,3185,1,15,0.47,3165,3285,3130,18940,61139620,204612824325,64242645,STK
462350,KR7462350000,이노스페이스,KOSDAQ,기술성장기업부,6050,2,-310,-4.87,6360,6360,5960,169441,1028751070,204559441900,33811478,KSQ
377450,KR7377450002,리파인,KOSDAQ,우량기업부,11780,2,-40,-0.34,11800,12030,11490,20210,238664020,204147400000,17330000,KSQ
037270,KR7037270006,YG PLUS,KOSPI,,3205,2,-50,-1.54,3215,3275,3140,113001,362160427,204040267550,63663110,STK
456010,KR7456010008,아이씨티케이,KOSDAQ,기술성장기업부,14050,2,-1250,-8.17,15050,15050,14010,181497,2609688445,203758017500,14502350,KSQ
100120,KR7100120005,뷰웍스,KOSDAQ,우량기업부,22700,2,-500,-2.16,23000,23350,22500,10880,248559150,203651029700,8971411,KSQ
327260,KR7327260006,RF머트리얼즈,KOSDAQ,벤처기업부,22600,2,-3700,-14.07,26300,26350,22300,332000,7702538800,203290051000,8995135,KSQ
217730,KR7217730001,강스템바이오텍,KOSDAQ,기술성장기업부,2160,2,-40,-1.82,2190,2275,2105,372317,821499630,203156961840,94054149,KSQ
001460,KR7001460005,BYC,KOSPI,,32450,2,-400,-1.22,32300,33650,32150,1521,49423150,202687567500,6246150,STK
445090,KR7445090004,에이직랜드,KOSDAQ,벤처기업부,18550,2,-1550,-7.71,19830,19830,18340,55504,1047833980,202670955900,10925658,KSQ
071200,KR7071200000,인피니트헬스케어,KOSDAQ,중견기업부,8300,2,-50,-0.6,8330,8520,8210,12082,100903430,202490601400,24396458,KSQ
241520,KR7241520006,DSC인베스트먼트,KOSDAQ,중견기업부,7610,2,-370,-4.64,7850,7910,7530,89042,684696585,202426000000,26600000,KSQ
053690,KR7053690004,한미글로벌,KOSPI,,18460,2,-830,-4.3,19000,19400,17370,201313,3763723750,202276373000,10957550,STK
298830,KR7298830001,슈어소프트테크,KOSDAQ,우량기업부,3780,2,-160,-4.06,3855,3930,3730,239759,911616037,202073126220,53458499,KSQ
226320,KR7226320000,잇츠한불,KOSPI,,9200,2,-210,-2.23,9250,9430,9170,13778,127859570,201749698000,21929315,STK
117580,KR7117580001,대성에너지,KOSPI,,7320,1,50,0.69,7450,7480,7290,156320,1154949185,201300000000,27500000,STK
317330,KR7317330009,덕산테코피아,KOSDAQ,중견기업부,9780,2,-570,-5.51,10260,10260,9700,36604,362823300,200260991520,20476584,KSQ
024840,KR7024840001,KBI메탈,KOSDAQ,중견기업부,4620,2,-230,-4.74,4715,4860,4590,1782186,8363877385,199398682560,43159888,KSQ
365270,KR7365270008,큐라클,KOSDAQ,기술성장기업부,8930,2,-70,-0.78,9000,9160,8660,58392,517842345,197861938560,22156992,KSQ
039570,KR7039570007,HDC랩스,KOSPI,,7620,2,-30,-0.39,7540,7730,7540,21988,167849320,197796919620,25957601,STK
000490,KR7000490003,대동,KOSPI,,6840,2,-70,-1.01,6900,6980,6700,59875,411695215,197175756600,28826865,STK
03473K,KR703473K016,SK우,KOSPI,,348000,2,-14000,-3.87,362000,365000,347500,1549,548738000,197014980000,566135,STK
091580,KR7091580001,상신이디피,KOSDAQ,우량기업부,14740,2,-390,-2.58,14860,15360,14680,89147,1335424990,196457948060,13328219,KSQ
034810,KR7034810002,해성산업,KOSDAQ,중견기업부,6220,2,-60,-0.96,6270,6290,6130,16993,105531960,196428545440,31580152,KSQ
019010,KR7019010008,베뉴지,KOSDAQ,중견기업부,4070,2,-280,-6.44,4340,4340,4020,40462,167398630,196174000000,48200000,KSQ
123330,KR7123330003,제닉,KOSDAQ,우량기업부,24600,1,850,3.58,23350,25000,23350,104827,2544615825,196029528000,7968680,KSQ
088260,KR7088260005,이리츠코크렙,KOSPI,,3085,1,25,0.82,3040,3105,3040,44922,138510180,195408805150,63341590,STK
013120,KR7013120001,동원개발,KOSDAQ,우량기업부,2150,2,-50,-2.27,2180,2200,2120,166394,357959920,195237415000,90808100,KSQ
094480,KR7094480001,갤럭시아머니트리,KOSDAQ,우량기업부,4975,2,-175,-3.4,5050,5260,4940,337411,1727481296,195168444050,39229838,KSQ
484870,KR7484870001,엠앤씨솔루션,KOSPI,,21300,2,-600,-2.74,24000,24000,21200,133512,2984180150,194978070000,9153900,STK
004980,KR7004980009,성신양회,KOSPI,,7930,2,-170,-2.1,7990,8100,7860,84182,671952755,194412458890,24516073,STK
001630,KR7001630003,종근당홀딩스,KOSPI,,38800,2,-300,-0.77,39000,39600,38700,3188,124781350,194382606800,5009861,STK
003555,KR7003551009,LG우,KOSPI,,64400,2,-1500,-2.28,65900,65900,64100,3512,227528700,193921215600,3011199,STK
357550,KR7357550003,석경에이티,KOSDAQ,기술성장기업부,35400,2,-850,-2.34,35800,36900,35200,3228,115919250,193107000000,5455000,KSQ
095570,KR7095570008,AJ네트웍스,KOSPI,,4260,2,-30,-0.7,4260,4330,4230,115942,495931425,192776753340,45252759,STK
013890,KR7013890009,지누스,KOSPI,,8790,2,-10,-0.11,8950,8960,8680,22926,199824120,192727896270,21925813,STK
000140,KR7000140004,하이트진로홀딩스,KOSPI,,8300,1,120,1.47,8270,8390,8150,12572,103979175,192616149500,23206765,STK
036190,KR7036190007,금화피에스시,KOSDAQ,우량기업부,32100,1,150,0.47,31250,32300,31250,3166,101125550,192600000000,6000000,KSQ
035150,KR7035150002,백산,KOSPI,,9740,2,-260,-2.6,9870,10080,9690,12694,124594410,192570309460,19771079,STK
053210,KR7053210001,스카이라이프,KOSPI,,4045,2,-35,-0.86,4080,4115,4035,22513,91490082,192230352975,47522955,STK
318060,KR7318060001,그래피,KOSDAQ,기술성장기업부,17090,2,-810,-4.53,17710,17710,15500,127149,2068051840,190949594930,11173177,KSQ
001130,KR7001130004,대한제분,KOSPI,,11290,1,40,0.36,11250,11500,10710,15764,177848020,190801000000,16900000,STK
200470,KR7200470003,에이팩트,KOSDAQ,중견기업부,4500,2,-580,-11.42,4950,4955,4460,640492,2967477335,190629418500,42362093,KSQ
425040,KR7425040003,티이엠씨,KOSDAQ,우량기업부,8620,2,-760,-8.1,9230,9230,8610,173486,1536583385,188975380760,21922898,KSQ
100250,KR7100250000,진양홀딩스,KOSPI,,2950,1,20,0.68,2930,2970,2900,38809,114455347,188505000000,63900000,STK
036560,KR7036560001,KZ정밀,KOSDAQ,우량기업부,11960,1,310,2.66,11660,12270,11660,10329,124090745,188370000000,15750000,KSQ
011500,KR7011500006,한농화성,KOSPI,,12040,2,-580,-4.6,12620,12620,11960,35325,431776935,188269985680,15637042,STK
086390,KR7086390002,유니테스트,KOSDAQ,중견기업부,8900,2,-800,-8.25,9510,9510,8800,292762,2667700400,188093721400,21134126,KSQ
016790,KR7016790008,현대사료,KOSDAQ,관리종목(소속부없음),994,0,0,0.0,0,0,0,0,0,187340898626,188471729,KSQ
128820,KR7128820008,대성산업,KOSPI,,4140,2,-80,-1.9,4315,4315,4140,152840,648803066,187274878920,45235478,STK
042420,KR7042420000,네오위즈홀딩스,KOSDAQ,우량기업부,23000,2,-300,-1.29,23250,23300,22500,4675,107056250,187272509000,8142283,KSQ
125020,KR7125020008,티씨머티리얼즈,KOSDAQ,중견기업부,5340,2,-390,-6.81,5650,5690,5310,354474,1946237680,187105857000,35038550,KSQ
092200,KR7092200005,디아이씨,KOSPI,,4810,2,-90,-1.84,4790,5310,4740,1292086,6491468482,187054016890,38888569,STK
203650,KR7203650007,드림시큐리티,KOSDAQ,중견기업부,1832,2,-58,-3.07,1853,1899,1826,903299,1675903228,186322614688,101704484,KSQ
092870,KR7092870005,엑시콘,KOSDAQ,우량기업부,14270,2,-1410,-8.99,15600,15600,14150,118918,1744602610,186234873190,13050797,KSQ
006805,KR7006801005,미래에셋증권우,KOSPI,,13230,2,-460,-3.36,13700,13700,13070,11937,158540530,186222172500,14075750,STK
108860,KR7108860008,셀바스AI,KOSDAQ,벤처기업부,6910,2,-820,-10.61,7380,7410,6850,290810,2064631410,185981198900,26914790,KSQ
475400,KR7475400008,씨메스로보틱스,KOSDAQ,기술성장기업부,15750,2,-1620,-9.33,17000,17040,15510,19994,323673140,185958580500,11806894,KSQ
044820,KR7044820009,코스맥스비티아이,KOSPI,,19330,1,100,0.52,19230,20000,18800,15391,296321760,185643792930,9603921,STK
241590,KR7241590009,화승엔터프라이즈,KOSPI,,3060,2,-80,-2.55,3120,3195,3050,20147,62280046,185403184560,60589276,STK
102460,KR7102460003,이연제약,KOSPI,,9960,1,70,0.71,9850,10020,9700,21051,208990125,185124637560,18586811,STK
159010,KR7159010008,아스플로,KOSDAQ,벤처기업부,13860,2,-1440,-9.41,14980,15290,13750,57790,818340250,184819482540,13334739,KSQ
098120,KR7098120009,마이크로컨텍솔,KOSDAQ,우량기업부,22150,2,-1700,-7.13,23000,23500,22000,41283,933525400,184127766900,8312766,KSQ
192440,KR7192440006,슈피겐코리아,KOSDAQ,우량기업부,29550,2,-1050,-3.43,30750,30750,29300,2647,78777675,183693526650,6216363,KSQ
003547,KR7003542008,대신증권2우B,KOSPI,,19100,2,-310,-1.6,19450,19450,19080,10287,197093260,183487320600,9606666,STK
294570,KR7294570007,쿠콘,KOSDAQ,우량기업부,18080,2,-760,-4.03,18600,18600,17850,10729,195561160,182458514560,10091732,KSQ
016580,KR7016580003,환인제약,KOSPI,,9800,2,-100,-1.01,9900,10010,9780,29808,294568500,182280686000,18600070,STK
446540,KR7446540007,메가터치,KOSDAQ,중견기업부,6260,2,-590,-8.61,6720,6760,6260,133043,860474255,182035234860,29079111,KSQ
112290,KR7112290002,와이씨켐,KOSDAQ,기술성장기업부,9000,2,-290,-3.12,9100,9190,8860,108901,980283630,181989810000,20221090,KSQ
190510,KR7190510008,나무가,KOSDAQ,우량기업부,12910,2,-680,-5.0,13280,13550,12770,26628,348266800,181841442470,14085317,KSQ
394800,KR7394800007,쓰리빌리언,KOSDAQ,기술성장기업부,5710,2,-130,-2.23,5730,5920,5590,84572,483047330,181706777630,31822553,KSQ
237880,KR7237880000,클리오,KOSDAQ,우량기업부,10040,2,-160,-1.57,10190,10290,9950,36398,367862140,181436384120,18071353,KSQ
046970,KR7046970000,우리로,KOSDAQ,벤처기업부,4140,2,-240,-5.48,4300,4300,4080,435113,1808991589,181435495860,43824999,KSQ
339770,KR7339770000,교촌에프앤비,KOSPI,,3620,1,25,0.7,3595,3665,3595,53982,195672584,180873589600,49965080,STK
126600,KR7126600006,BGF에코머티리얼즈,KOSDAQ,우량기업부,2870,2,-40,-1.37,2900,2925,2855,56581,163272145,180141000130,62766899,KSQ
068790,KR7068790005,DMS,KOSDAQ,우량기업부,7960,2,-270,-3.28,8300,8450,7660,195747,1598359125,179658983040,22570224,KSQ
102260,KR7102260007,동성케미컬,KOSPI,,3535,2,-65,-1.81,3590,3630,3525,54749,195716120,179117004185,50669591,STK
002100,KR7002100006,경농,KOSPI,,9160,2,-70,-0.76,9210,9300,9120,16654,153483415,178826787000,19522575,STK
084850,KR7084850007,아이티엠반도체,KOSDAQ,중견기업부,7880,2,-470,-5.63,8100,8150,7740,16626,132356920,178741519920,22682934,KSQ
214180,KR7214180002,헥토이노베이션,KOSDAQ,우량기업부,13660,2,-360,-2.57,13910,14110,13660,25205,349741330,177489393220,12993367,KSQ
0015G0,KR70015G0009,그린광학,KOSDAQ,기술성장기업부,15160,2,-930,-5.78,15730,15830,14860,53348,810633680,177410521560,11702541,KSQ
377190,KR7377190004,디앤디플랫폼리츠,KOSPI,,2005,2,-5,-0.25,2020,2030,1982,82269,165704472,177242000000,88400000,STK
143240,KR7143240000,사람인,KOSDAQ,우량기업부,16500,2,-220,-1.32,16820,16820,16400,17934,296738780,177090061500,10732731,KSQ
484810,KR7484810007,티엑스알로보틱스,KOSDAQ,벤처기업부,11450,2,-1630,-12.46,12200,12200,11390,161323,1905908560,176912976750,15450915,KSQ
007860,KR7007860000,서연,KOSPI,,7520,2,-110,-1.44,7600,7700,7430,16432,124807425,176568426880,23479844,STK
220100,KR7220100002,퓨쳐켐,KOSDAQ,기술성장기업부,7860,2,-30,-0.38,7800,8180,7710,18272,144774065,176279521200,22427420,KSQ
016450,KR7016450009,한세예스24홀딩스,KOSPI,,4405,2,-105,-2.33,4555,4555,4355,13200,58120475,176200000000,40000000,STK
484120,KR7484120001,도우인시스,KOSDAQ,중견기업부,16080,2,-780,-4.63,16510,16860,16040,7734,126706710,176195345760,10957422,KSQ
138360,KR7138360003,앤로보틱스,KOSDAQ,벤처기업부,1946,2,-159,-7.55,2070,2110,1928,949224,1910756280,176123189256,90505236,KSQ
045390,KR7045390002,대아티아이,KOSDAQ,우량기업부,2495,2,-50,-1.96,2515,2585,2480,301901,763708499,175831075615,70473377,KSQ
234080,KR7234080000,JW생명과학,KOSPI,,11090,2,-100,-0.89,11180,11310,11060,18659,208721250,175605203860,15834554,STK
054210,KR7054210000,이랜텍,KOSDAQ,우량기업부,6930,2,-210,-2.94,7080,7090,6830,60555,420120610,175268085300,25291210,KSQ
035510,KR7035510007,신세계 I&C,KOSPI,,12530,2,-350,-2.72,12880,12880,12400,17951,226548530,175180677000,13980900,STK
003460,KR7003460003,유화증권,KOSPI,,3075,2,-40,-1.28,3105,3120,3055,29408,90799390,174359926125,56702415,STK
003220,KR7003220001,대원제약,KOSPI,,7760,1,40,0.52,7770,7980,7720,28536,224277780,174038044080,22427583,STK
000300,KR7000300004,DH오토넥스,KOSPI,,4200,0,0,0.0,0,0,0,0,0,174035631000,41437055,STK
003350,KR7003350006,한국화장품제조,KOSPI,,7680,1,20,0.26,7600,7770,7530,48177,368356875,174028800000,22660000,STK
033530,KR7033530007,SJG세종,KOSPI,,6240,2,-110,-1.73,6290,6350,6120,37078,231036845,173602796640,27820961,STK
010580,KR7010580009,에스엠벡셀,KOSPI,,1558,2,-51,-3.17,1584,1620,1543,94064,147562081,173330242080,111251760,STK
053300,KR7053300000,한국정보인증,KOSDAQ,우량기업부,4270,2,-55,-1.27,4290,4370,4240,59581,256633280,173323979920,40591096,KSQ
016880,KR7016880007,웅진,KOSPI,,2165,1,115,5.61,2020,2175,2020,397120,849883447,173042128200,79927080,STK
058970,KR7058970005,엠로,KOSDAQ,기술성장기업부,13990,2,-960,-6.42,14510,14840,13870,22962,325300730,172955488060,12362794,KSQ
066620,KR7066620006,국보디자인,KOSDAQ,우량기업부,23050,2,-200,-0.86,23100,23650,22850,4512,104063950,172875000000,7500000,KSQ
036710,KR7036710002,심텍홀딩스,KOSDAQ,중견기업부,3255,2,-225,-6.47,3410,3415,3165,135673,441909205,171954339270,52827754,KSQ
140610,KR7140610007,엔솔바이오사이언스,KONEX,일반기업부,11940,2,-20,-0.17,12000,12340,11620,1523,17921460,171654239880,14376402,KNX
049430,KR7049430002,코메론,KOSDAQ,우량기업부,18960,2,-530,-2.72,19190,19770,18820,19625,373604550,171550080000,9048000,KSQ
092130,KR7092130004,이크레더블,KOSDAQ,중견기업부,14220,2,-10,-0.07,14230,14270,14000,4442,62816570,171259992000,12043600,KSQ
041920,KR7041920000,메디아나,KOSDAQ,우량기업부,9190,2,-400,-4.17,9350,9740,9060,16005,150269340,170917669370,18598223,KSQ
003610,KR7003610003,방림,KOSPI,,5320,1,150,2.9,5130,5340,5130,101516,535281720,170829338960,32110778,STK
143160,KR7143160000,아이디스,KOSDAQ,우량기업부,15930,1,20,0.13,15980,16100,15830,4129,65779730,170712092700,10716390,KSQ
004560,KR7004560009,현대비앤지스틸,KOSPI,,11310,2,-190,-1.65,11430,11690,11210,28011,318342820,170541352410,15078811,STK
094820,KR7094820008,일진파워,KOSDAQ,우량기업부,11310,2,-220,-1.91,11350,11610,11000,62729,711051370,170540198790,15078709,KSQ
475040,KR7475040002,스트라드비젼,KOSDAQ,기술성장기업부,3200,2,-400,-11.11,3500,3505,3160,935140,3096011837,170416441600,53255138,KSQ
314130,KR7314130006,지놈앤컴퍼니,KOSDAQ,기술성장기업부,3745,2,-350,-8.55,4005,4030,3725,224678,874546970,169480547985,45255153,KSQ
108380,KR7108380007,대양전기공업,KOSDAQ,우량기업부,17710,1,440,2.55,17820,18470,17450,61788,1106547490,169437467430,9567333,KSQ
078150,KR7078150000,HB테크놀러지,KOSDAQ,우량기업부,1826,2,-76,-4.0,1869,1890,1815,412846,763301972,169299262616,92715916,KSQ
002150,KR7002150001,도화엔지니어링,KOSPI,,5020,1,10,0.2,5010,5120,4965,18254,91851425,169274400000,33720000,STK
013580,KR7013580006,계룡건설,KOSPI,,18950,2,-540,-2.77,19100,19460,18830,37815,720518055,169240687650,8930907,STK
307180,KR7307180000,아이엘,KOSDAQ,벤처기업부,4580,2,-110,-2.35,4630,4825,4460,277862,1292721510,169073796080,36915676,KSQ
067080,KR7067080002,대화제약,KOSDAQ,중견기업부,9070,2,-270,-2.89,9140,9330,8910,54826,498510470,168853015500,18616650,KSQ
459510,KR7459510004,나우로보틱스,KOSDAQ,기술성장기업부,12950,2,-1190,-8.42,13460,13560,12820,26189,344493190,168070046900,12978382,KSQ
039840,KR7039840004,디오,KOSDAQ,중견기업부,12510,1,40,0.32,12310,12690,12310,8919,111465140,167832008280,13415828,KSQ
245620,KR7245620000,EDGC,KOSDAQ,관리종목(소속부없음),741,0,0,0.0,0,0,0,0,0,167118555474,225531114,KSQ
001080,KR7001080001,만호제강,KOSPI,,4000,2,-15,-0.37,4015,4145,3940,8001,31912865,166000000000,41500000,STK
012860,KR7012860003,모베이스전자,KOSDAQ,우량기업부,2265,2,-110,-4.63,2330,2355,2225,310051,706841737,165873780105,73233457,KSQ
0082N0,KR70082N0008,카나프테라퓨틱스,KOSDAQ,기술성장기업부,12495,2,-525,-4.03,12460,13190,12380,32169,407373025,165747174600,13265080,KSQ
064550,KR7064550007,바이오니아,KOSDAQ,중견기업부,6410,1,10,0.16,6400,6610,6320,38224,247283980,165443965310,25810291,KSQ
002170,KR7002170009,SYTS,KOSPI,,55100,2,-1400,-2.48,56400,56500,55000,927,51581200,165300000000,3000000,STK
400760,KR7400760005,NH올원리츠,KOSPI,,3005,3,0,0.0,2990,3020,2960,78411,235644185,165062471375,54929275,STK
138610,KR7138610001,나이벡,KOSDAQ,기술성장기업부,14500,2,-160,-1.09,14510,14970,14310,9111,133378205,164832998500,11367793,KSQ
004380,KR7004380002,삼익THK,KOSPI,,7960,2,-380,-4.56,8340,8440,7920,22739,182772010,164772000000,20700000,STK
038390,KR7038390001,레드캡투어,KOSDAQ,우량기업부,9850,1,60,0.61,9810,9980,9790,5967,58739795,164700096700,16720822,KSQ
213500,KR7213500002,한솔제지,KOSPI,,6920,3,0,0.0,6920,7040,6860,44590,309482380,164699985920,23800576,STK
256840,KR7256840000,한국비엔씨,KOSDAQ,우량기업부,2405,2,-35,-1.43,2425,2500,2385,162706,395136037,164489700830,68394886,KSQ
462520,KR7462520008,조선내화,KOSPI,,13860,1,100,0.73,13760,14000,13650,8985,124503020,164312628480,11855168,STK
243840,KR7243840006,신흥에스이씨,KOSDAQ,우량기업부,4245,2,-150,-3.41,4350,4430,4195,99832,428317260,163679707575,38558235,KSQ
097955,KR7097951008,CJ제일제당 우,KOSPI,,123000,1,100,0.08,120000,124000,120000,3783,464421300,163274259000,1327433,STK
000390,KR7000390005,SP삼화,KOSPI,,6000,2,-180,-2.91,6080,6180,5980,88558,537097235,163220814000,27203469,STK
416180,KR7416180008,신성에스티,KOSDAQ,벤처기업부,18010,2,-990,-5.21,18400,18800,17810,9510,173649280,162806401780,9039778,KSQ
065660,KR7065660003,안트로젠,KOSDAQ,기술성장기업부,16270,2,-1020,-5.9,17000,17500,16020,22696,383012950,162799247000,10006100,KSQ
950140,KR8840110108,잉글우드랩,KOSDAQ,외국기업(소속부없음),8190,2,-160,-1.92,8300,8320,8100,9003,73632860,162717822540,19867866,KSQ
119610,KR7119610004,인터로조,KOSDAQ,우량기업부,14240,2,-570,-3.85,14810,14810,14110,15686,225284620,162531757280,11413747,KSQ
080160,KR7080160005,모두투어,KOSDAQ,우량기업부,8590,2,-50,-0.58,8340,8860,8340,36719,320081700,162351000000,18900000,KSQ
093190,KR7093190007,빅솔론,KOSDAQ,우량기업부,8430,1,320,3.95,8030,8510,8030,24779,207599980,162183969150,19238905,KSQ
260870,KR7260870001,SK시그넷,KONEX,일반기업부,7470,4,970,14.92,7470,7470,7470,36244,270742680,161910360090,21674747,KNX
000860,KR7000860007,강남제비스코,KOSPI,,12430,1,110,0.89,12320,12660,12200,4298,53338060,161590000000,13000000,STK
308430,KR7308430008,셀비온,KOSDAQ,기술성장기업부,12510,2,-660,-5.01,13160,13490,12430,14759,191540680,161444690010,12905251,KSQ
487570,KR7487570004,HS효성,KOSPI,,43250,2,-800,-1.82,44050,44650,42850,1465,64401425,161146342750,3725927,STK
101530,KR7101530004,해태제과식품,KOSPI,,5530,1,20,0.36,5480,5620,5480,30572,169533790,161016025660,29116822,STK
024800,KR7024800005,유성티엔에스,KOSDAQ,우량기업부,4345,2,-25,-0.57,4370,4415,4275,26766,115527190,160990123140,37051812,KSQ
122990,KR7122990005,와이솔,KOSDAQ,중견기업부,6030,2,-90,-1.47,6120,6140,5990,32621,197644810,160633658430,26639081,KSQ
086820,KR7086820008,바이오솔루션,KOSDAQ,기술성장기업부,6180,1,160,2.66,6050,6550,5980,57528,361226435,160210845300,25924085,KSQ
036170,KR7036170009,에이치엠넥스,KOSDAQ,중견기업부,2610,2,-175,-6.28,2725,2770,2540,301632,793621678,160164283860,61365626,KSQ
014710,KR7014710008,사조씨푸드,KOSPI,,9280,1,40,0.43,9460,9550,9030,7764,71925390,159788079040,17218543,STK
066410,KR7066410002,버킷스튜디오,KOSDAQ,투자주의환기종목(소속부없음),1153,0,0,0.0,0,0,0,0,0,159637252154,138453818,KSQ
204610,KR7204610000,티쓰리,KOSDAQ,벤처기업부,2875,2,-40,-1.37,2915,2935,2830,100339,290583105,159623507500,55521220,KSQ
354320,KR7354320004,알멕,KOSDAQ,기술성장기업부,24950,2,-2550,-9.27,27500,27500,24350,58010,1466247425,159464955950,6391381,KSQ
046070,KR7046070009,코다코,KOSDAQ,관리종목(소속부없음),10280,0,0,0.0,0,0,0,0,0,159196994920,15486089,KSQ
001780,KR7001780006,알루코,KOSPI,,1641,2,-24,-1.44,1663,1695,1637,198602,329767751,158898246612,96830132,STK
460850,KR7460850001,동국씨엠,KOSPI,,5280,1,340,6.88,4905,5970,4830,1068615,5920277580,157864903680,29898656,STK
216080,KR7216080002,제테마,KOSDAQ,벤처기업부,4230,2,-160,-3.64,4370,4490,4215,47736,206955330,157724428770,37287099,KSQ
222040,KR7222040008,코스맥스엔비티,KOSDAQ,중견기업부,7620,2,-210,-2.68,7830,7950,7490,78706,600709740,157185360000,20628000,KSQ
000700,KR7000700005,유수홀딩스,KOSPI,,6030,1,40,0.67,5990,6100,5960,27114,163993250,157032126360,26041812,STK
079960,KR7079960001,동양이엔피,KOSDAQ,우량기업부,19920,2,-330,-1.63,19750,20300,19650,12869,256050130,156571200000,7860000,KSQ
115450,KR7115450009,HLB테라퓨틱스,KOSDAQ,중견기업부,1766,1,30,1.73,1990,2150,1730,1770396,3456389991,156432472494,88580109,KSQ
187870,KR7187870001,디바이스,KOSDAQ,우량기업부,11350,2,-1170,-9.35,12190,12320,11140,77409,899044910,156290181000,13770060,KSQ
011785,KR7011781002,금호석유화학우,KOSPI,,51600,1,300,0.58,50600,51900,50600,2182,111967400,156011877600,3023486,STK
023910,KR7023910003,대한약품,KOSDAQ,우량기업부,25900,3,0,0.0,25900,26350,25700,4999,129900600,155400000000,6000000,KSQ
015230,KR7015230006,대창단조,KOSPI,,5720,2,-10,-0.17,5690,5840,5690,13494,77817910,155261506400,27143620,STK
046120,KR7046120002,오르비텍,KOSDAQ,중견기업부,4585,2,-180,-3.78,4570,4835,4530,131117,609430467,155227160305,33855433,KSQ
007570,KR7007570005,일양약품,KOSPI,,8120,2,-10,-0.12,8120,8310,7990,15055,123157995,154975591680,19085664,STK
005960,KR7005960000,동부건설,KOSPI,,6750,1,20,0.3,6730,6950,6680,31635,214606035,154889975250,22946663,STK
072870,KR7072870009,메가스터디,KOSDAQ,우량기업부,12990,1,30,0.23,12960,13050,12850,14863,192529085,154853257410,11920959,KSQ
179290,KR7179290002,엠아이텍,KOSDAQ,우량기업부,4780,2,-90,-1.85,4850,4975,4700,28970,140246740,154707940840,32365678,KSQ
051370,KR7051370005,인터플렉스,KOSDAQ,우량기업부,6610,2,-150,-2.22,6740,6740,6590,64320,427237240,154194589920,23327472,KSQ
001045,KR7001041003,CJ우,KOSPI,,68000,2,-1600,-2.3,69400,69400,67600,1975,135396000,153695164000,2260223,STK
199820,KR7199820002,제일일렉트릭,KOSDAQ,우량기업부,6910,2,-410,-5.6,7200,7240,6850,88850,627791260,153540200000,22220000,KSQ
403850,KR7403850001,더핑크퐁컴퍼니,KOSDAQ,중견기업부,10690,1,490,4.8,10310,11080,10310,108638,1168709505,153412296900,14351010,KSQ
004090,KR7004090007,한국석유,KOSPI,,12080,1,80,0.67,12690,12890,12010,609398,7593908250,153344969600,12694120,STK
251370,KR7251370003,와이엠티,KOSDAQ,벤처기업부,8490,2,-400,-4.5,8700,8810,8410,37054,317424630,152932178370,18013213,KSQ
054800,KR7054800008,아이디스홀딩스,KOSDAQ,중견기업부,14770,1,50,0.34,14760,14770,14520,688,10062900,152836356120,10347756,KSQ
084990,KR7084990001,헬릭스미스,KOSDAQ,기술성장기업부,3315,2,-135,-3.91,3515,3560,3280,147815,500914925,152797622055,46092797,KSQ
270660,KR7270660004,에브리봇,KOSDAQ,벤처기업부,12010,2,-1240,-9.36,12730,12760,11940,82007,1010361990,152413901830,12690583,KSQ
011040,KR7011040003,경동제약,KOSDAQ,중견기업부,4950,2,-10,-0.2,4960,5020,4945,10993,54755385,152305391700,30768766,KSQ
048550,KR7048550008,SM C&C,KOSDAQ,중견기업부,1564,2,-10,-0.64,1578,1578,1537,200049,311623227,151261665680,96714620,KSQ
032620,KR7032620007,GC메디아이,KOSDAQ,우량기업부,2890,2,-50,-1.7,2940,2970,2855,26781,78299520,150849731710,52197139,KSQ
071840,KR7071840003,롯데하이마트,KOSPI,,6380,1,70,1.11,6310,6540,6220,19224,122849650,150617202560,23607712,STK
293480,KR7293480000,하나제약,KOSPI,,8460,2,-50,-0.59,8510,8650,8430,32657,278724920,150359123160,17772946,STK
000970,KR7000970004,한국주철관,KOSPI,,6580,2,-50,-0.75,6630,6630,6510,6478,42458390,150027290000,22800500,STK
090350,KR7090350000,노루페인트,KOSPI,,7490,2,-10,-0.13,7500,7600,7450,11213,84527000,149800000000,20000000,STK
007330,KR7007330004,푸른저축은행,KOSDAQ,투자주의환기종목(소속부없음),9930,2,-110,-1.1,10020,10190,9830,22175,220861210,149772204000,15082800,KSQ
001540,KR7001540004,안국약품,KOSDAQ,우량기업부,11470,2,-260,-2.22,11780,11810,11440,31115,360739260,149596557400,13042420,KSQ
086670,KR7086670007,비엠티,KOSDAQ,우량기업부,15030,2,-200,-1.31,15230,15370,14910,13505,203958120,149186051550,9925885,KSQ
083930,KR7083930008,아바코,KOSDAQ,우량기업부,10160,2,-240,-2.31,10400,10450,10120,22423,230223340,149120849840,14677249,KSQ
009470,KR7009470006,삼화전기,KOSPI,,22400,2,-1300,-5.49,23200,23700,22300,39424,896000000,148149568000,6613820,STK
046440,KR7046440004,KG파이낸셜,KOSDAQ,우량기업부,3895,2,-85,-2.14,3930,3960,3880,51558,201750700,148052073790,38010802,KSQ
123410,KR7123410003,코리아에프티,KOSDAQ,우량기업부,5310,2,-150,-2.75,5420,5530,5280,51686,279207920,147836049840,27841064,KSQ
031440,KR7031440001,신세계푸드,KOSPI,,38150,0,0,0.0,0,0,0,0,0,147735112000,3872480,STK
086890,KR7086890001,이수앱지스,KOSDAQ,중견기업부,3620,1,60,1.69,3495,3900,3485,504799,1883941499,147605290040,40774942,KSQ
322310,KR7322310004,오로스테크놀로지,KOSDAQ,벤처기업부,15710,2,-1650,-9.5,17130,17130,15530,93233,1502386525,147148374820,9366542,KSQ
004970,KR7004970000,신라교역,KOSPI,,9190,2,-30,-0.33,9230,9380,9160,19305,178665550,147040000000,16000000,STK
039860,KR7039860002,나노엔텍,KOSDAQ,중견기업부,3850,2,-135,-3.39,3965,4575,3760,3128083,13001364682,146658254050,38093053,KSQ
101970,KR7101970002,우양에이치씨,KOSDAQ,중견기업부,9890,1,340,3.56,9520,10280,9110,19331,186167800,146273189010,14790009,KSQ
000520,KR7000520007,삼일제약,KOSPI,,6730,1,130,1.97,6790,8100,6590,898180,6561060685,145985888030,21691811,STK
123860,KR7123860009,아나패스,KOSDAQ,우량기업부,12030,2,-370,-2.98,12560,12570,11940,12530,152112495,145844682450,12123415,KSQ
212560,KR7212560007,네오오토,KOSDAQ,우량기업부,10790,2,-840,-7.22,11350,11390,10610,86680,939874945,145517694920,13486348,KSQ
234690,KR7234690006,녹십자웰빙,KOSDAQ,우량기업부,8090,1,40,0.5,8020,8270,7890,71232,573189750,145323016100,17963290,KSQ
040350,KR7040350001,크레오에스지,KOSDAQ,벤처기업부,7280,2,-220,-2.93,7700,7700,7210,13330,98097250,144553106880,19856196,KSQ
003830,KR7003830007,대한화섬,KOSPI,,108500,2,-4500,-3.98,108300,112900,108200,202,22133800,144088000000,1328000,STK
012210,KR7012210001,삼미금속,KOSDAQ,중견기업부,6250,2,-440,-6.58,6490,6580,6190,21518,137803365,144072368750,23051579,KSQ
005990,KR7005990007,매일홀딩스,KOSDAQ,우량기업부,10830,1,30,0.28,10800,10880,10790,811,8784400,144020632320,13298304,KSQ
00279K,KR700279K010,아모레퍼시픽홀딩스3우C,KOSPI,,20200,2,-250,-1.22,20200,20600,20100,2656,53657350,143262440000,7092200,STK
382900,KR7382900009,범한퓨얼셀,KOSDAQ,벤처기업부,16350,1,240,1.49,17050,17240,16050,119888,1999529005,143242350000,8761000,KSQ
338840,KR7338840002,와이바이오로직스,KOSDAQ,기술성장기업부,9300,2,-290,-3.02,9750,9800,9010,42247,397143470,142910133300,15366681,KSQ
049720,KR7049720006,고려신용정보,KOSDAQ,우량기업부,9980,1,310,3.21,9710,11940,9610,2188974,23944659295,142714000000,14300000,KSQ
260970,KR7260970009,에스앤디,KOSDAQ,우량기업부,49300,2,-800,-1.6,49550,50500,49000,5560,276570425,142612772200,2892754,KSQ
041020,KR7041020009,폴라리스오피스,KOSDAQ,벤처기업부,2870,2,-215,-6.97,3000,3050,2850,625808,1853150661,142592485910,49683793,KSQ
078070,KR7078070000,유비쿼스홀딩스,KOSDAQ,중견기업부,8350,2,-210,-2.45,8520,8670,8200,17499,147433580,142441339050,17058843,KSQ
082800,KR7082800004,비보존 제약,KOSDAQ,중견기업부,2345,2,-90,-3.7,2430,2430,2320,127798,302323185,142387616770,60719666,KSQ
464080,KR7464080001,에스오에스랩,KOSDAQ,기술성장기업부,7930,2,-600,-7.03,8500,8500,7860,83289,670736470,142320066850,17947045,KSQ
049960,KR7049960008,쎌바이오텍,KOSDAQ,벤처기업부,15140,2,-310,-2.01,15450,15470,15000,1406,21377030,142316000000,9400000,KSQ
067280,KR7067280008,멀티캠퍼스,KOSDAQ,우량기업부,23950,1,500,2.13,23500,24400,23250,8237,196846825,141946357050,5926779,KSQ
049630,KR7049630007,재영솔루텍,KOSDAQ,우량기업부,6070,2,-260,-4.11,6240,6250,6000,158765,969012325,141913637840,23379512,KSQ
104480,KR7104480009,티케이케미칼,KOSDAQ,중견기업부,1561,1,5,0.32,1545,1598,1524,218963,342021080,141887772474,90895434,KSQ
083310,KR7083310003,엘오티베큠,KOSDAQ,우량기업부,7950,2,-400,-4.79,8210,8250,7820,66492,530603615,141589762350,17810033,KSQ
095190,KR7095190005,신화프리텍,KOSDAQ,중견기업부,2160,1,20,0.93,2120,2220,2040,760716,1666185741,140962597920,65260462,KSQ
126700,KR7126700004,하이비젼시스템,KOSDAQ,우량기업부,9430,1,90,0.96,9200,9760,9160,51488,492317120,140904116160,14942112,KSQ
008350,KR7008350001,남선알미늄,KOSPI,,1090,2,-36,-3.2,1152,1154,1090,986125,1107129556,140696208100,129079090,STK
060150,KR7060150000,인선이엔티,KOSDAQ,중견기업부,3085,2,-40,-1.28,3105,3150,3045,44561,138006220,140563743020,45563612,KSQ
003480,KR7003480001,한진중공업홀딩스,KOSPI,,4730,3,0,0.0,4700,4865,4700,32176,153879658,139676010760,29529812,STK
271980,KR7271980005,제일약품,KOSPI,,9490,2,-370,-3.75,9860,10050,9300,17621,171129010,139549235280,14704872,STK
032580,KR7032580003,피델릭스,KOSDAQ,중견기업부,4210,2,-610,-12.66,4820,4840,4150,651901,2911915653,139485989440,33132064,KSQ
092070,KR7092070002,디엔에프,KOSDAQ,중견기업부,12050,2,-820,-6.37,12940,13140,12010,14597,180519680,139440888900,11571858,KSQ
264850,KR7264850009,이랜시스,KOSDAQ,중견기업부,4590,2,-370,-7.46,4790,4980,4580,569553,2708976338,139052269080,30294612,KSQ
304100,KR7304100001,솔트룩스,KOSDAQ,기술성장기업부,11040,2,-870,-7.3,11660,11660,10900,48029,539455750,139036159200,12593855,KSQ
094280,KR7094280005,효성ITX,KOSPI,,12010,1,40,0.33,11910,12560,11910,11691,141699490,138813982000,11558200,STK
310200,KR7310200001,애니플러스,KOSDAQ,중견기업부,2660,2,-75,-2.74,2705,2750,2600,76264,203462640,138753143760,52162836,KSQ
264450,KR7264450008,유비쿼스,KOSDAQ,우량기업부,9450,2,-240,-2.48,9600,9690,9320,12190,115037200,138588908850,14665493,KSQ
457550,KR7457550002,우진엔텍,KOSDAQ,중견기업부,14870,2,-520,-3.38,15380,15490,14680,23239,350179545,138572905460,9318958,KSQ
114840,KR7114840002,아이패밀리에스씨,KOSDAQ,우량기업부,8300,2,-160,-1.89,8540,8650,8230,19042,161353140,138455495500,16681385,KSQ
090850,KR7090850009,현대이지웰,KOSDAQ,우량기업부,6150,2,-30,-0.49,6160,6250,6000,12617,77836520,138239103450,22477903,KSQ
054450,KR7054450002,텔레칩스,KOSDAQ,중견기업부,9100,2,-450,-4.71,9480,9540,9010,61430,563458825,137812520300,15144233,KSQ
000020,KR7000020008,동화약품,KOSPI,,4925,2,-95,-1.89,5020,5040,4900,140011,694030144,137562489750,27931470,STK
334970,KR7334970001,프레스티지바이오로직스,KOSDAQ,기술성장기업부,1750,2,-28,-1.57,1762,1839,1743,69680,122460358,136067114750,77752637,KSQ
069510,KR7069510006,에스텍,KOSDAQ,우량기업부,12460,1,70,0.56,12390,12620,12390,3183,39681175,135938600000,10910000,KSQ
003100,KR7003100005,선광,KOSDAQ,우량기업부,20550,2,-300,-1.44,20900,21000,20050,8925,184248300,135630000000,6600000,KSQ
006060,KR7006060008,화승인더,KOSPI,,2450,2,-10,-0.41,2440,2480,2420,36995,90683765,135534000000,55320000,STK
015890,KR7015890007,태경산업,KOSPI,,4635,1,30,0.65,4605,4745,4600,27720,128942870,135475256250,29228750,STK
272550,KR7272550005,삼양패키징,KOSPI,,8980,1,160,1.81,8820,9180,8820,35241,316228480,135314285880,15068406,STK
402030,KR7402030001,코난테크놀로지,KOSDAQ,기술성장기업부,10810,2,-780,-6.73,11250,11450,10780,9054,99957870,135314045280,12517488,KSQ
462860,KR7462860008,더즌,KOSDAQ,벤처기업부,1885,2,-130,-6.45,2010,2010,1880,130109,251349616,135261045855,71756523,KSQ
126640,KR7126640002,화신정공,KOSDAQ,우량기업부,3840,2,-260,-6.34,4040,4090,3720,930641,3577342905,134614694400,35055910,KSQ
322510,KR7322510009,제이엘케이,KOSDAQ,기술성장기업부,5230,2,-190,-3.51,5400,5410,5190,51190,270234275,134546415160,25725892,KSQ
023600,KR7023600000,삼보판지,KOSDAQ,우량기업부,8400,2,-90,-1.06,8490,8600,8380,3458,29370050,134469720000,16008300,KSQ
389020,KR7389020009,자람테크놀로지,KOSDAQ,기술성장기업부,19420,2,-1180,-5.73,20000,20200,19250,23474,463020170,134096692440,6905082,KSQ
048870,KR7048870000,시너지이노베이션,KOSDAQ,중견기업부,1520,2,-22,-1.43,1521,1550,1510,244238,374443611,133922583760,88106963,KSQ
013990,KR7013990007,아가방컴퍼니,KOSDAQ,우량기업부,4055,2,-135,-3.22,4100,4175,4045,59079,241824365,133358958480,32887536,KSQ
293780,KR7293780003,압타바이오,KOSDAQ,기술성장기업부,4725,2,-190,-3.87,4795,4995,4625,85141,407528837,132741338625,28093405,KSQ
119830,KR7119830008,아이텍,KOSDAQ,중견기업부,4990,2,-140,-2.73,5090,5390,4965,104372,531437285,132427294640,26538536,KSQ
269620,KR7269620001,시스웍,KOSDAQ,관리종목(소속부없음),889,0,0,0.0,0,0,0,0,0,132090012299,148582691,KSQ
489460,KR7489460006,바이오비쥬,KOSDAQ,벤처기업부,8770,1,100,1.15,8550,8890,8300,114371,978848880,131939651100,15044430,KSQ
255220,KR7255220006,SG,KOSDAQ,중견기업부,1201,2,-26,-2.12,1220,1239,1181,531427,641473729,131585525702,109563302,KSQ
388050,KR7388050007,지투파워,KOSDAQ,우량기업부,7030,2,-180,-2.5,7050,7410,6910,180002,1287365765,131527342110,18709437,KSQ
020120,KR7020120002,키다리스튜디오,KOSPI,,3540,2,-50,-1.39,3590,3660,3465,32200,114500990,131205731640,37063766,STK
025820,KR7025820002,이구산업,KOSPI,,3920,2,-90,-2.24,3985,4010,3895,82949,328115911,131092640000,33442000,STK
005160,KR7005160007,동국산업,KOSDAQ,중견기업부,2415,2,-15,-0.62,2425,2450,2380,20484,49409907,131000424030,54244482,KSQ
217950,KR7217950005,파마리서치바이오,KONEX,일반기업부,31300,2,-100,-0.32,31400,31400,31100,35,1095800,130935412000,4183240,KNX
382800,KR7382800001,지앤비에스 에코,KOSDAQ,우량기업부,4110,2,-185,-4.31,4255,4295,4065,194671,808522075,130825578510,31831041,KSQ
339950,KR7339950008,아이비김영,KOSDAQ,우량기업부,2900,1,10,0.35,2870,2925,2830,74900,216595949,130345299500,44946655,KSQ
088800,KR7088800008,에이스테크,KOSDAQ,중견기업부,1726,2,-19,-1.09,1729,1810,1706,92532,162568587,130324105084,75506434,KSQ
004080,KR7004080008,신흥,KOSPI,,13990,2,-40,-0.29,14070,14070,13990,296,4152670,130107000000,9300000,STK
035610,KR7035610005,솔본,KOSDAQ,투자주의환기종목(소속부없음),4755,2,-45,-0.94,4730,4880,4715,66349,317659245,130030215735,27345997,KSQ
355150,KR7355150004,코스텍시스,KOSDAQ,벤처기업부,16630,2,-1650,-9.03,18100,18100,16360,29015,490104315,129669930500,7797350,KSQ
950190,KR8344390008,고스트스튜디오,KOSDAQ,외국기업(소속부없음),9910,2,-10,-0.1,9870,9980,9830,45126,447224765,128999054690,13017059,KSQ
205500,KR7205500002,넥써쓰,KOSDAQ,중견기업부,1585,2,-47,-2.88,1645,1645,1581,115268,185496739,128995296325,81385045,KSQ
242040,KR7242040004,나무기술,KOSDAQ,기술성장기업부,3725,2,-285,-7.11,3990,3990,3680,301954,1147282749,128908333400,34606264,KSQ
418550,KR7418550000,제이오,KOSDAQ,기술성장기업부,4005,2,-225,-5.32,4105,4225,3985,81995,332900275,128230780365,32017673,KSQ
274090,KR7274090000,켄코아에어로스페이스,KOSDAQ,기술성장기업부,9290,2,-390,-4.03,9590,9650,9150,91649,857030475,127962383030,13774207,KSQ
147830,KR7147830004,제룡산업,KOSDAQ,벤처기업부,6380,2,-210,-3.19,6490,6530,6260,82971,529474605,127600000000,20000000,KSQ
136540,KR7136540002,윈스테크넷,KOSDAQ,우량기업부,10380,2,-20,-0.19,10400,10630,10350,14560,152268215,127463763480,12279746,KSQ
300080,KR7300080009,플리토,KOSDAQ,기술성장기업부,7720,2,-460,-5.62,8070,8140,7700,65467,519673370,127422081720,16505451,KSQ
107590,KR7107590002,미원홀딩스,KOSPI,,54800,2,-200,-0.36,54700,55200,54700,18,988300,127136000000,2320000,STK
405100,KR7405100009,큐알티,KOSDAQ,중견기업부,10320,2,-450,-4.18,10570,10750,10230,14822,155269795,126825586320,12289301,KSQ
408920,KR7408920007,메쎄이상,KOSDAQ,우량기업부,2930,1,20,0.69,2905,3045,2850,4440,12996685,126671093150,43232455,KSQ
013520,KR7013520002,화승코퍼레이션,KOSPI,,2530,2,-45,-1.75,2570,2585,2490,31485,79140920,126629667560,50051252,STK
333430,KR7333430007,일승,KOSDAQ,중견기업부,4110,4,945,29.86,3165,4110,3105,1765131,7047521127,126286930170,30726747,KSQ
118990,KR7118990001,모트렉스,KOSDAQ,우량기업부,5140,2,-160,-3.02,5300,5300,5060,32190,166095500,126122086940,24537371,KSQ
0088M0,KR70088M0003,메쥬,KOSDAQ,기술성장기업부,12730,2,-600,-4.5,13330,13340,12620,32702,421746280,125794677500,9881750,KSQ
036690,KR7036690006,코맥스,KOSDAQ,관리종목(소속부없음),2885,0,0,0.0,0,0,0,0,0,125692107675,43567455,KSQ
094840,KR7094840006,슈프리마에이치큐,KOSDAQ,벤처기업부,12810,2,-190,-1.46,13000,13200,12770,19419,251380250,125616256290,9806109,KSQ
004150,KR7004150009,한솔홀딩스,KOSPI,,3055,2,-45,-1.45,3095,3100,3010,84655,258351710,125336324100,41026620,STK
037070,KR7037070000,파세코,KOSDAQ,중견기업부,6250,1,340,5.75,6030,6760,5890,4020244,25715028640,125000000000,20000000,KSQ
081000,KR7081000002,일진다이아,KOSPI,,8790,2,-50,-0.57,8840,9120,8750,31629,282396295,124844150250,14202975,STK
024090,KR7024090003,디씨엠,KOSPI,,10920,2,-30,-0.27,10870,10970,10870,470,5133460,124488000000,11400000,STK
007540,KR7007540008,샘표,KOSPI,,43250,1,250,0.58,43000,43900,42500,3847,166651650,124378350000,2875800,STK
445180,KR7445180003,퓨릿,KOSDAQ,우량기업부,7220,2,-430,-5.62,7590,7590,7150,18437,134203400,124105937360,17189188,KSQ
293580,KR7293580007,나우IB,KOSDAQ,중견기업부,1302,2,-46,-3.41,1353,1353,1285,120282,157599264,123598794900,94929950,KSQ
214390,KR7214390007,경보제약,KOSPI,,5170,1,80,1.57,5090,5320,5090,31677,165448360,123598466200,23906860,STK
109740,KR7109740001,디에스케이,KOSDAQ,벤처기업부,4790,1,110,2.35,4570,4795,4530,25276,118230000,123152768100,25710390,KSQ
037560,KR7037560000,LG헬로비전,KOSPI,,1589,2,-16,-1.0,1589,1619,1585,128756,205929901,123063068485,77446865,STK
027710,KR7027710003,팜스토리,KOSDAQ,우량기업부,1103,2,-4,-0.36,1109,1140,1095,783134,873603998,122892509800,111416600,KSQ
394420,KR7394420004,리센스메디컬,KOSDAQ,기술성장기업부,11170,2,-830,-6.92,11820,12480,10990,82672,967840220,122866660170,10999701,KSQ
038290,KR7038290003,마크로젠,KOSDAQ,중견기업부,11330,2,-70,-0.61,11300,11800,11230,26669,306029370,122833062000,10841400,KSQ
361390,KR7361390008,제노코,KOSDAQ,벤처기업부,12610,2,-550,-4.18,12800,13290,12450,30453,391667300,122775764410,9736381,KSQ
146320,KR7146320007,비씨엔씨,KOSDAQ,벤처기업부,9580,2,-560,-5.52,10000,10020,9470,27949,272445590,122604102340,12797923,KSQ
102120,KR7102120003,어보브반도체,KOSDAQ,벤처기업부,6880,2,-370,-5.1,7140,7140,6810,74322,516891035,122331580640,17780753,KSQ
350520,KR7350520003,이지스레지던스리츠,KOSPI,,3310,2,-20,-0.6,3300,3345,3300,16775,55637540,122027128620,36866202,STK
086980,KR7086980000,쇼박스,KOSDAQ,중견기업부,1952,2,-53,-2.64,1994,2100,1941,93899,185673908,121878976000,62438000,KSQ
199430,KR7199430000,케이엔알시스템,KOSDAQ,기술성장기업부,10880,2,-1020,-8.57,12000,12360,10600,130780,1472072455,121823827840,11197043,KSQ
0156T0,KR70156T0003,에이치엘지노믹스,KOSDAQ,중견기업부,15650,2,-5850,-27.21,21500,25550,15150,17051968,362892249095,121790819650,7782161,KSQ
001360,KR7001360007,삼성제약,KOSPI,,1287,2,-27,-2.05,1320,1331,1274,170375,220891589,121186595673,94162079,STK
489500,KR7489500009,엘케이켐,KOSDAQ,벤처기업부,18960,2,-1290,-6.37,19790,19870,18750,11787,227111240,121177872480,6391238,KSQ
321550,KR7321550006,티움바이오,KOSDAQ,기술성장기업부,4030,1,10,0.25,3990,4250,3965,101957,416530263,121055054250,30038475,KSQ
473980,KR7473980001,노머스,KOSDAQ,기술성장기업부,10940,2,-270,-2.41,11180,11390,10660,15007,164738785,120988982680,11059322,KSQ
297890,KR7297890006,HB솔루션,KOSDAQ,우량기업부,1654,2,-46,-2.71,1710,1740,1647,313273,529436031,120975071756,73140914,KSQ
458650,KR7458650009,성우,KOSDAQ,벤처기업부,8030,2,-340,-4.06,8270,8280,8000,9115,73710690,120816730100,15045670,KSQ
214420,KR7214420002,토니모리,KOSPI,,5020,2,-60,-1.18,5010,5210,4945,54565,276209650,120755090980,24054799,STK
453450,KR7453450009,그리드위즈,KOSDAQ,중견기업부,15190,2,-610,-3.86,15700,15920,15030,73903,1138476050,120650372500,7942750,KSQ
371950,KR7371950007,풍원정밀,KOSDAQ,기술성장기업부,5300,2,-250,-4.5,5600,5760,5300,8039,43914895,120111504400,22662548,KSQ
478340,KR7478340003,나라스페이스테크놀로지,KOSDAQ,기술성장기업부,10380,2,-570,-5.21,10930,10930,10130,34645,360659570,120097980540,11570133,KSQ
372170,KR7372170001,윤성에프앤씨,KOSDAQ,우량기업부,15010,2,-750,-4.76,15310,15660,14920,9446,144184150,119765510480,7979048,KSQ
058820,KR7058820002,CMG제약,KOSDAQ,중견기업부,808,1,13,1.64,795,832,794,466339,380657759,119683833248,148123556,KSQ
340450,KR7340450006,지씨지놈,KOSDAQ,기술성장기업부,5060,2,-160,-3.07,5180,5200,5050,42226,216071280,119673012580,23650793,KSQ
005800,KR7005800008,신영와코루,KOSPI,,13280,1,100,0.76,13270,13280,13010,1569,20669030,119520000000,9000000,STK
210540,KR7210540001,디와이파워,KOSPI,,10820,2,-250,-2.26,11000,11100,10810,28976,316391180,119471280560,11041708,STK
089470,KR7089470009,HDC현대EP,KOSPI,,3745,2,-40,-1.06,3785,3840,3705,44621,168306818,119465500000,31900000,STK
037350,KR7037350006,성도이엔지,KOSDAQ,우량기업부,7850,2,-550,-6.55,8390,8390,7800,152825,1225361260,119398500000,15210000,KSQ
451760,KR7451760003,컨텍,KOSDAQ,기술성장기업부,7230,2,-430,-5.61,7660,7660,7160,55148,405687860,119351206020,16507774,KSQ
012610,KR7012610002,경인양행,KOSPI,,2865,2,-105,-3.54,2955,2955,2850,164549,476264586,119230885725,41616365,STK
009070,KR7009070004,KCTC,KOSPI,,3970,2,-20,-0.5,3965,4105,3950,119593,478911170,119100000000,30000000,STK
267290,KR7267290005,경동도시가스,KOSPI,,20200,1,500,2.54,20150,20450,19850,49968,1004350350,119087201200,5895406,STK
149950,KR7149950008,아바텍,KOSDAQ,우량기업부,8700,2,-870,-9.09,9500,9500,8640,70073,622935410,118909016100,13667703,KSQ
001520,KR7001520006,동양,KOSPI,,1110,2,-24,-2.12,1116,1139,1091,343256,382228087,118905455520,107122032,STK
002390,KR7002390003,한독,KOSPI,,8630,1,50,0.58,8520,8690,8520,6879,59257640,118779289790,13763533,STK
011280,KR7011280005,태림포장,KOSPI,,1676,1,27,1.64,1680,1699,1640,23858,39862280,118670755440,70805940,STK
413630,KR7413630005,씨피시스템,KOSDAQ,벤처기업부,3255,1,90,2.84,3170,3645,3035,7117831,24555707056,118601149275,36436605,KSQ
004960,KR7004960001,한신공영,KOSPI,,10240,2,-540,-5.01,10690,10690,10150,18800,195332380,118483988480,11570702,STK
012200,KR7012200002,계양전기,KOSPI,,4350,2,-20,-0.46,4365,4500,4110,245009,1044165685,118419306150,27222829,STK
089600,KR7089600001,KT나스미디어,KOSDAQ,우량기업부,10230,1,30,0.29,10190,10360,10190,5143,52889340,118342307490,11568163,KSQ
357880,KR7357880004,SKAI,KOSDAQ,기술성장기업부,2235,2,-285,-11.31,2495,2495,2220,858797,1971841326,118321007280,52940048,KSQ
474650,KR7474650009,링크솔루션,KOSDAQ,기술성장기업부,20500,2,-2150,-9.49,22000,22650,20100,16785,352216600,117916656000,5752032,KSQ
264660,KR7264660002,씨앤지하이테크,KOSDAQ,우량기업부,12120,2,-570,-4.49,12590,12680,12110,17255,211493490,117820604640,9721172,KSQ
101360,KR7101360006,에코앤드림,KOSDAQ,벤처기업부,6610,2,-360,-5.16,6840,6890,6210,34055,226798430,117566213540,17786114,KSQ
077500,KR7077500007,유니퀘스트,KOSPI,,5440,2,-250,-4.39,5650,5650,5360,42034,231120150,117504554880,21600102,STK
226590,KR7226590008,엠디바이스,KOSDAQ,기술성장기업부,10950,2,-1000,-8.37,11550,11880,10900,28893,323705975,117348784800,10716784,KSQ
0007C0,KR70007C0003,아크릴,KOSDAQ,기술성장기업부,14600,2,-970,-6.23,15460,15460,14440,35543,528134335,117242730400,8030324,KSQ
009270,KR7009270000,신원,KOSPI,,1021,2,-28,-2.67,1029,1044,1018,473820,486433874,117180571253,114770393,STK
014280,KR7014280002,금강공업,KOSPI,,3985,2,-65,-1.6,4025,4060,3955,13066,52496755,116877487645,29329357,STK
011690,KR7011690005,와이투솔루션,KOSPI,,3180,2,-170,-5.07,3325,3325,3160,116698,376139910,116719972920,36704394,STK
018470,KR7018470005,조일알미늄,KOSPI,,921,2,-22,-2.33,929,962,919,486644,458899826,116627815041,126631721,STK
008970,KR7008970006,KBI동양철관,KOSPI,,1119,2,-36,-3.12,1155,1167,1090,528048,600316630,116115168933,103766907,STK
041590,KR7041590001,플래스크,KOSDAQ,관리종목(소속부없음),2370,0,0,0.0,0,0,0,0,0,116064014460,48972158,KSQ
067990,KR7067990002,도이치모터스,KOSDAQ,우량기업부,3960,2,-80,-1.98,4000,4040,3950,41567,165653325,115558938000,29181550,KSQ
078000,KR7078000007,텔코웨어,KOSPI,,12500,2,-40,-0.32,12530,12590,12310,1752,21723920,115500962500,9240077,STK
049520,KR7049520000,유아이엘,KOSDAQ,우량기업부,3735,1,65,1.77,3670,3735,3650,49821,184562506,115197204375,30842625,KSQ
021320,KR7021320007,KCC건설,KOSDAQ,우량기업부,5380,2,-30,-0.55,5410,5545,5360,13961,76135680,115132000000,21400000,KSQ
285490,KR7285490009,노바텍,KOSDAQ,벤처기업부,10880,2,-270,-2.42,11040,11490,10800,23772,261497545,115065041280,10575831,KSQ
051160,KR7051160000,지어소프트,KOSDAQ,중견기업부,7430,2,-20,-0.27,7470,7640,7380,24335,182355395,114975014900,15474430,KSQ
034590,KR7034590000,인천도시가스,KOSPI,,26250,2,-200,-0.76,26250,26400,26250,215,5652600,114837292500,4374754,STK
122450,KR7122450000,KX,KOSDAQ,중견기업부,2560,2,-20,-0.78,2580,2600,2535,16641,42486220,114738775040,44819834,KSQ
067290,KR7067290007,JW신약,KOSDAQ,중견기업부,2045,1,63,3.18,1995,2260,1984,17481596,37685468493,114595875635,56037103,KSQ
402490,KR7402490007,그린리소스,KOSDAQ,기술성장기업부,6740,2,-490,-6.78,7110,7110,6710,79111,543602750,114143362580,16935217,KSQ
256940,KR7256940008,킵스파마,KOSDAQ,벤처기업부,5680,2,-290,-4.86,5920,6050,5610,61250,353928200,114043874960,20078147,KSQ
014530,KR7014530000,극동유화,KOSPI,,3270,1,25,0.77,3275,3365,3255,211287,699761958,114023003400,34869420,STK
140670,KR7140670001,알에스오토메이션,KOSDAQ,중견기업부,8860,2,-620,-6.54,9380,9390,8760,43884,397132285,113760982400,12839840,KSQ
002780,KR7002780005,진흥기업,KOSPI,,781,2,-32,-3.94,807,817,774,1320406,1048801492,113613432845,145471745,STK
073010,KR7073010001,케이에스피,KOSDAQ,우량기업부,2825,1,45,1.62,2760,3015,2710,293758,848835310,113540281250,40191250,KSQ
290720,KR7290720002,푸드나무,KOSDAQ,중견기업부,3200,1,25,0.79,3270,3270,3100,54269,171905910,113471203200,35459751,KSQ
002460,KR7002460004,HS화성,KOSPI,,11160,2,-200,-1.76,11310,11420,10910,3295,37119960,113274000000,10150000,STK
388790,KR7388790008,라이콤,KOSDAQ,벤처기업부,3700,2,-410,-9.98,3970,4085,3690,237300,909657043,113272392000,30614160,KSQ
106190,KR7106190002,하이텍팜,KOSDAQ,우량기업부,10640,2,-120,-1.12,10750,10950,10490,6734,72278770,113136960720,10633173,KSQ
008040,KR7008040008,사조동아원,KOSPI,,800,2,-2,-0.25,800,827,794,133663,107862209,112915680000,141144600,STK
126730,KR7126730001,코칩,KOSDAQ,벤처기업부,12870,2,-830,-6.06,13340,13600,12620,29350,381793760,112871521620,8770126,KSQ
079430,KR7079430005,현대리바트,KOSPI,,5610,2,-80,-1.41,5650,5700,5580,16644,93864370,112840673220,20114202,STK
263860,KR7263860009,지니언스,KOSDAQ,벤처기업부,12390,1,180,1.47,12090,12520,12060,17408,213697590,112496244000,9079600,KSQ
014580,KR7014580005,태경비케이,KOSPI,,4065,2,-20,-0.49,4070,4090,4015,17887,72476331,112125301500,27583100,STK
142210,KR7142210004,유니트론텍,KOSDAQ,우량기업부,5390,2,-260,-4.6,5550,5640,5340,88381,483477245,111850062170,20751403,KSQ
469610,KR7469610000,이노테크,KOSDAQ,중견기업부,12490,2,-590,-4.51,13120,13120,12250,38503,485610910,111696821000,8942900,KSQ
259630,KR7259630002,엠플러스,KOSDAQ,우량기업부,9130,2,-460,-4.8,9470,9490,9050,38349,353634150,111590475480,12222396,KSQ
211270,KR7211270004,AP위성,KOSDAQ,우량기업부,7390,2,-390,-5.01,7550,7770,7350,47127,355366935,111458226560,15082304,KSQ
307750,KR7307750000,국전,KOSDAQ,중견기업부,2060,2,-45,-2.14,2090,2145,2040,48303,101043805,111211753280,53986288,KSQ
016710,KR7016710006,대성홀딩스,KOSPI,,6910,1,80,1.17,6890,7080,6780,34773,241844960,111178161690,16089459,STK
095700,KR7095700001,제넥신,KOSDAQ,기술성장기업부,2435,1,5,0.21,2485,2545,2420,66043,164445631,110891102890,45540494,KSQ
083420,KR7083420000,그린케미칼,KOSPI,,4610,1,40,0.88,4500,4660,4500,15335,70876585,110640000000,24000000,STK
006620,KR7006620009,동구바이오제약,KOSDAQ,우량기업부,3880,2,-50,-1.27,3930,3990,3800,98571,384535617,110444168960,28464992,KSQ
054050,KR7054050000,NH농우바이오,KOSDAQ,우량기업부,6880,2,-70,-1.01,6950,6980,6870,19252,133488960,110290259680,16030561,KSQ
246710,KR7246710008,티앤알바이오팹,KOSDAQ,기술성장기업부,2310,2,-20,-0.86,2330,2400,2260,198107,457974530,110105004240,47664504,KSQ
041440,KR7041440009,현대에버다임,KOSDAQ,우량기업부,6150,2,-220,-3.45,6300,6370,6090,45728,283516850,109726528800,17841712,KSQ
010100,KR7010100006,한국무브넥스,KOSPI,,3600,2,-45,-1.23,3640,3735,3565,73557,266106220,109621512000,30450420,STK
011810,KR7011810009,STX,KOSPI,,3530,0,0,0.0,0,0,0,0,0,109493282310,31017927,STK
042600,KR7042600007,새로닉스,KOSDAQ,중견기업부,8780,2,-420,-4.57,9190,9190,8450,5341,46427620,109078979720,12423574,KSQ
240550,KR7240550004,동방메디컬,KOSDAQ,중견기업부,5210,2,-110,-2.07,5290,5450,5150,50822,269157270,109065827400,20933940,KSQ
227840,KR7227840006,현대코퍼레이션홀딩스,KOSPI,,11980,1,20,0.17,12080,12200,11950,6735,81378855,109028015280,9100836,STK
267320,KR7267320000,나인테크,KOSDAQ,벤처기업부,1895,2,-100,-5.01,1973,1979,1889,154534,297485189,108801984025,57415295,KSQ
432720,KR7432720001,퀄리타스반도체,KOSDAQ,기술성장기업부,7660,2,-640,-7.71,8300,8300,7550,74204,579998625,108676801520,14187572,KSQ
217270,KR7217270008,넵튠,KOSDAQ,중견기업부,2325,1,20,0.87,2300,2375,2280,27457,64009410,108660369975,46735643,KSQ
002620,KR7002620003,제일파마홀딩스,KOSPI,,6800,2,-50,-0.73,6730,6820,6730,1566,10597540,108618814000,15973355,STK
018120,KR7018120006,진로발효,KOSDAQ,우량기업부,16400,2,-80,-0.49,16480,16620,16400,714,11755790,108586368000,6621120,KSQ
232680,KR7232680009,라온로보틱스,KOSDAQ,기술성장기업부,8190,2,-640,-7.25,8800,8800,8120,84893,711877270,108578925000,13257500,KSQ
080420,KR7080420003,모다이노칩,KOSDAQ,중견기업부,1359,2,-22,-1.59,1391,1391,1340,3241,4408148,108341684298,79721622,KSQ
282880,KR7282880004,코윈테크,KOSDAQ,우량기업부,9220,2,-440,-4.55,9400,9630,9180,20805,194556010,107819436040,11694082,KSQ
067900,KR7067900001,와이엔텍,KOSDAQ,우량기업부,5920,2,-110,-1.82,6030,6030,5860,20956,124298165,107741981280,18199659,KSQ
452450,KR7452450000,피아이이,KOSDAQ,벤처기업부,2985,2,-130,-4.17,3110,3110,2945,39458,118963490,107545072500,36028500,KSQ
004250,KR7004250007,NPC,KOSPI,,2920,2,-30,-1.02,2935,2985,2900,46605,137368830,107222400000,36720000,STK
308080,KR7308080001,바이젠셀,KOSDAQ,기술성장기업부,5230,2,-170,-3.15,5280,5540,5190,103854,552701390,107211129800,20499260,KSQ
005860,KR7005860002,한일사료,KOSDAQ,우량기업부,2720,1,75,2.84,2720,2960,2665,10786181,30169889159,107178023200,39403685,KSQ
289080,KR7289080004,SV인베스트먼트,KOSDAQ,중견기업부,1782,2,-78,-4.19,1854,1854,1772,127731,229615938,107166331206,60138233,KSQ
009780,KR7009780008,엠에스씨,KOSDAQ,우량기업부,6080,1,30,0.5,6050,6110,6000,7885,47654120,107008000000,17600000,KSQ
041520,KR7041520008,이엘씨,KOSDAQ,투자주의환기종목(소속부없음),8770,2,-430,-4.67,9120,9210,8740,12019,108102500,106895162100,12188730,KSQ
108230,KR7108230004,톱텍,KOSDAQ,우량기업부,2810,2,-65,-2.26,2845,2900,2795,33399,94606795,106845318450,38023245,KSQ
148150,KR7148150006,세경하이테크,KOSDAQ,우량기업부,3005,2,-40,-1.31,3020,3085,2990,57262,172957435,106806168090,35542818,KSQ
009580,KR7009580002,무림P&P,KOSPI,,1709,1,40,2.4,1670,1829,1669,188122,328154118,106587465716,62368324,STK
338220,KR7338220007,뷰노,KOSDAQ,기술성장기업부,7600,2,-100,-1.3,7660,7820,7560,27418,210719920,106413854800,14001823,KSQ
051980,KR7051980001,중앙첨단소재,KOSDAQ,중견기업부,957,2,-41,-4.11,971,992,951,341882,328176201,106314765513,111091709,KSQ
053080,KR7053080008,케이엔솔,KOSDAQ,중견기업부,8170,2,-370,-4.33,8540,8540,8160,30501,253099925,106208423190,12999807,KSQ
012320,KR7012320008,경동인베스트,KOSPI,,44900,2,-1350,-2.92,45500,46250,44600,5552,251547950,106189532700,2365023,STK
120030,KR7120030002,조선선재,KOSPI,,84300,2,-900,-1.06,85000,85400,83900,385,32566700,106019979300,1257651,STK
047310,KR7047310008,파워로직스,KOSDAQ,우량기업부,2895,2,-105,-3.5,2990,2990,2890,104155,305126020,105988135725,36610755,KSQ
120240,KR7120240007,대정화금,KOSDAQ,우량기업부,14730,2,-110,-0.74,14830,14990,14600,25781,383640135,105914459430,7190391,KSQ
038540,KR7038540001,상상인,KOSDAQ,중견기업부,1910,2,-42,-2.15,1952,1961,1900,13375,25605208,105677077830,55328313,KSQ
035080,KR7035080001,그래디언트,KOSDAQ,중견기업부,9200,2,-70,-0.76,9270,9330,9050,5502,50572660,105167812800,11431284,KSQ
331920,KR7331920009,셀레믹스,KOSDAQ,기술성장기업부,9390,2,-530,-5.34,9910,9920,9300,22043,212872010,104994801450,11181555,KSQ
297090,KR7297090003,씨에스베어링,KOSDAQ,투자주의환기종목(소속부없음),3850,2,-165,-4.11,3975,4015,3815,104563,408813170,104989500000,27270000,KSQ
474170,KR7474170008,루미르,KOSDAQ,기술성장기업부,5890,2,-310,-5.0,6140,6200,5780,22477,133546320,104946229440,17817696,KSQ
070960,KR7070960000,모나용평,KOSPI,,2180,1,5,0.23,2150,2290,2110,29624,64135695,104930665940,48133333,STK
248170,KR7248170003,샘표식품,KOSPI,,22900,1,200,0.88,22700,23450,22550,10099,232966700,104613749400,4568286,STK
093640,KR7093640001,케이알엠,KOSDAQ,벤처기업부,3185,2,-35,-1.09,3220,3265,3120,21137,67480017,104607235460,32843716,KSQ
063570,KR7063570006,NICE인프라,KOSDAQ,우량기업부,3060,2,-65,-2.08,3100,3210,3000,82645,255062701,104492047680,34147728,KSQ
053700,KR7053700001,삼보모터스,KOSDAQ,우량기업부,3910,2,-90,-2.25,3980,4010,3865,146617,574248067,104458609870,26715757,KSQ
019180,KR7019180009,티에이치엔,KOSPI,,5800,2,-200,-3.33,5930,5970,5700,71694,419055345,104400000000,18000000,STK
078935,KR7078931003,GS우,KOSPI,,58600,1,100,0.17,58500,60000,57200,8463,499172850,104289013600,1779676,STK
115310,KR7115310005,인포바인,KOSDAQ,벤처기업부,7020,2,-30,-0.43,7050,7180,6850,3575,24899415,104117473980,14831549,KSQ
073560,KR7073560005,우리손에프앤지,KOSDAQ,우량기업부,1502,2,-14,-0.92,1495,1515,1485,139728,209295947,103994939786,69237643,KSQ
039340,KR7039340005,한국경제TV,KOSDAQ,우량기업부,4725,2,-35,-0.74,4760,4760,4695,559,2639140,103950000000,22000000,KSQ
059210,KR7059210005,메타바이오메드,KOSDAQ,우량기업부,3810,2,-125,-3.18,3950,3975,3810,32676,125961437,103523205450,27171445,KSQ
205100,KR7205100001,엑셈,KOSDAQ,벤처기업부,1462,2,-52,-3.43,1514,1514,1444,102961,151580805,103343550426,70686423,KSQ
083500,KR7083500009,에프엔에스테크,KOSDAQ,우량기업부,12400,2,-1080,-8.01,13470,13470,12320,56990,724460465,102999074800,8306377,KSQ
091440,KR7091440008,한울소재과학,KOSDAQ,투자주의환기종목(소속부없음),3080,2,-160,-4.94,3235,3280,3040,123316,388026390,102951772000,33425900,KSQ
054540,KR7054540000,삼영엠텍,KOSDAQ,우량기업부,7900,1,1360,20.8,6550,8170,6440,2754068,20847879285,102700000000,13000000,KSQ
210980,KR7210980009,SK디앤디,KOSPI,,5510,2,-270,-4.67,5770,5770,5500,125217,698476170,102581774820,18617382,STK
012800,KR7012800009,대창,KOSPI,,1125,2,-8,-0.71,1127,1155,1115,277234,315659118,102533061375,91140499,STK
220260,KR7220260004,켐트로스,KOSDAQ,벤처기업부,3195,2,-140,-4.2,3305,3315,3160,62368,200313670,102470215725,32072055,KSQ
059120,KR7059120006,아진엑스텍,KOSDAQ,벤처기업부,5590,2,-320,-5.41,5890,6290,5560,1373840,8217043595,102353268940,18310066,KSQ
418420,KR7418420006,라온텍,KOSDAQ,기술성장기업부,3320,2,-175,-5.01,3525,3545,3300,91489,309946169,102171532560,30774558,KSQ
092220,KR7092220003,KEC,KOSPI,,2540,2,-105,-3.97,2640,2640,2510,169141,433183195,101987675120,40152628,STK
021080,KR7021080007,에이티넘인베스트,KOSDAQ,우량기업부,2120,2,-60,-2.75,2180,2180,2090,155480,330210166,101760000000,48000000,KSQ
006660,KR7006660005,삼성공조,KOSPI,,12520,2,-80,-0.63,12500,13740,11850,1813379,23575120185,101741451280,8126314,STK
267850,KR7267850006,아시아나IDT,KOSPI,,9160,2,-180,-1.93,9340,9340,9100,3743,34313840,101676000000,11100000,STK
039560,KR7039560008,다산네트웍스,KOSDAQ,중견기업부,2365,2,-45,-1.87,2375,2450,2330,148532,354116395,101431226820,42888468,KSQ
017550,KR7017550005,수산세보틱스,KOSPI,,1625,2,-55,-3.27,1661,1679,1615,184132,301457866,101398586250,62399130,STK
100700,KR7100700004,세운메디칼,KOSDAQ,우량기업부,2310,1,10,0.43,2290,2345,2290,62441,144971285,101178000000,43800000,KSQ
119650,KR7119650000,KC코트렐,KOSPI,,918,0,0,0.0,0,0,0,0,0,100782913662,109785309,STK
027970,KR7027970003,한국제지,KOSPI,,530,1,10,1.92,519,539,516,178567,94057005,100779881600,190150720,STK
017510,KR7017510009,세명전기,KOSDAQ,벤처기업부,6610,2,-290,-4.2,6850,6910,6580,105069,709596485,100776060000,15246000,KSQ
192410,KR7192410009,오늘이엔엠,KOSDAQ,중견기업부,4000,2,-155,-3.73,4155,4290,3950,20711,85029570,100743636000,25185909,KSQ
002450,KR7002450005,삼익악기,KOSPI,,1109,2,-11,-0.98,1129,1129,1103,40790,45397538,100398784735,90530915,STK
264900,KR7264900002,크라운제과,KOSPI,,8010,3,0,0.0,7990,8100,7950,10358,82987680,100316038500,12523850,STK
362320,KR7362320004,청담글로벌,KOSDAQ,중견기업부,4740,2,-230,-4.63,4965,4965,4740,69699,333375785,100257114600,21151290,KSQ
052260,KR7052260007,현대바이오랜드,KOSDAQ,우량기업부,3340,2,-15,-0.45,3340,3450,3310,28769,96538285,100200000000,30000000,KSQ
417500,KR7417500006,제이아이테크,KOSDAQ,우량기업부,3055,2,-175,-5.42,3165,3190,3035,35416,109755560,100157392920,32784744,KSQ
056090,KR7056090004,시지메드텍,KOSDAQ,벤처기업부,967,2,-45,-4.45,1012,1040,965,746764,742200992,99851487812,103259036,KSQ
013570,KR7013570007,디와이,KOSPI,,3790,2,-65,-1.69,3825,3870,3740,56290,213261405,99751409070,26319633,STK
246720,KR7246720007,아스타,KOSDAQ,관리종목(소속부없음),6070,0,0,0.0,0,0,0,0,0,99434491000,16381300,KSQ
071280,KR7071280002,로체시스템즈,KOSDAQ,우량기업부,6500,2,-390,-5.66,6830,6880,6400,44618,291771210,99427919500,15296603,KSQ
023450,KR7023450000,동남합성,KOSPI,,28400,2,-100,-0.35,28500,28700,28350,628,17888950,99400000000,3500000,STK
228850,KR7228850004,레이언스,KOSDAQ,우량기업부,5980,2,-80,-1.32,5940,6050,5930,3562,21283560,99214263720,16591014,KSQ
488280,KR7488280009,에스투더블유,KOSDAQ,기술성장기업부,9170,2,-790,-7.93,9880,9880,9150,22769,214155670,99067966620,10803486,KSQ
013310,KR7013310008,아진산업,KOSDAQ,우량기업부,2550,2,-35,-1.35,2565,2590,2515,98864,251736585,98956784100,38806582,KSQ
066590,KR7066590001,스모트로닉,KOSDAQ,중견기업부,2545,2,-215,-7.79,2715,2715,2460,1129570,2899256297,98435349665,38677937,KSQ
380550,KR7380550004,뉴로핏,KOSDAQ,기술성장기업부,8040,2,-210,-2.55,7950,9040,7890,133407,1123530740,98078882640,12198866,KSQ
021820,KR7021820006,세원정공,KOSPI,,9790,2,-120,-1.21,9830,10080,9790,5541,55048730,97900000000,10000000,STK
336680,KR7336680004,탑런토탈솔루션,KOSDAQ,중견기업부,2500,2,-80,-3.1,2560,2560,2470,5305,13289330,97863895000,39145558,KSQ
047770,KR7047770003,코데즈컴바인,KOSDAQ,중견기업부,2585,2,-60,-2.27,2600,2695,2570,184570,482968025,97823126170,37842602,KSQ
015590,KR7015590003,DKME,KOSPI,,1831,2,-33,-1.77,1863,1878,1770,42282,77215005,97768639948,53396308,STK
066790,KR7066790007,씨씨에스,KOSDAQ,관리종목(소속부없음),1493,0,0,0.0,0,0,0,0,0,97271994227,65152039,KSQ
040300,KR7040300006,YTN,KOSDAQ,중견기업부,2035,2,-30,-1.45,2050,2060,2030,5131,10456085,97022654300,47676980,KSQ
032940,KR7032940009,원익,KOSDAQ,우량기업부,5330,2,-400,-6.98,5710,5710,5300,39724,217067300,96969915900,18193230,KSQ
101170,KR7101170009,우림피티에스,KOSDAQ,벤처기업부,7180,2,-660,-8.42,7790,7850,7120,49689,367261240,96930000000,13500000,KSQ
123040,KR7123040008,엠에스오토텍,KOSDAQ,중견기업부,1546,2,-51,-3.19,1593,1619,1523,125964,198841249,96823350254,62628299,KSQ
141000,KR7141000000,비아트론,KOSDAQ,벤처기업부,7980,2,-310,-3.74,8450,8450,7820,7815,61904480,96675385800,12114710,KSQ
068240,KR7068240001,다원시스,KOSDAQ,관리종목(소속부없음),2530,0,0,0.0,0,0,0,0,0,96553495610,38163437,KSQ
105330,KR7105330005,케이엔더블유,KOSDAQ,중견기업부,6000,2,-60,-0.99,6120,6140,5910,23215,139632460,96117120000,16019520,KSQ
035000,KR7035000009,HS애드,KOSPI,,5930,1,20,0.34,5880,6290,5880,187688,1127246820,96111328920,16207644,STK
366030,KR7366030005,나인앤컴퍼니,KOSDAQ,중견기업부,4235,2,-145,-3.31,4300,4390,4200,21935,93932233,95939054750,22653850,KSQ
226400,KR7226400000,오스테오닉,KOSDAQ,기술성장기업부,4635,1,35,0.76,4590,4815,4560,89564,417805815,95766520635,20661601,KSQ
299030,KR7299030007,하나기술,KOSDAQ,벤처기업부,11970,2,-630,-5.0,12300,12610,11890,15699,190272110,95699072700,7994910,KSQ
016740,KR7016740003,두올,KOSPI,,3335,2,-180,-5.12,3515,3530,3335,35712,121461045,95627870040,28674024,STK
187790,KR7187790001,나노,KOSDAQ,벤처기업부,3100,2,-225,-6.77,3295,3365,3040,433919,1361041530,95606573000,30840830,KSQ
475580,KR7475580007,에이럭스,KOSDAQ,벤처기업부,7000,2,-110,-1.55,6920,7180,6870,28752,202317880,95374300000,13624900,KSQ
163730,KR7163730005,핑거,KOSDAQ,벤처기업부,7930,2,-430,-5.14,8170,8490,7900,44319,362734010,95284635810,12015717,KSQ
123690,KR7123690000,한국화장품,KOSPI,,5930,2,-210,-3.42,6140,6180,5870,28418,170819655,95283240000,16068000,STK
037030,KR7037030004,파워넷,KOSDAQ,우량기업부,3730,2,-170,-4.36,3880,3890,3705,183204,689433491,95163460160,25512992,KSQ
036580,KR7036580009,팜스코,KOSPI,,2590,2,-85,-3.18,2670,2670,2550,18944,49194900,95125372370,36727943,STK
265740,KR7265740001,엔에프씨,KOSDAQ,벤처기업부,5320,1,80,1.53,5150,5400,5150,38016,201244080,95034352000,17863600,KSQ
014790,KR7014790000,HL D&I,KOSPI,,2510,2,-115,-4.38,2645,2645,2495,62492,157602824,95025088510,37858601,STK
158430,KR7158430009,아톤,KOSDAQ,벤처기업부,3875,2,-265,-6.4,4035,4075,3825,300335,1188095025,94868106500,24482092,KSQ
166480,KR7166480004,코아스템켐온,KOSDAQ,벤처기업부,1794,2,-52,-2.82,1897,1897,1790,55288,99768042,94849454544,52870376,KSQ
309960,KR7309960003,LB인베스트먼트,KOSDAQ,중견기업부,4085,2,-75,-1.8,4080,4205,4060,25940,107714530,94842421315,23217239,KSQ
352090,KR7352090005,스톰테크,KOSDAQ,우량기업부,3520,2,-25,-0.71,3500,3535,3470,23868,83541229,94592952960,26872998,KSQ
255440,KR7255440000,야스,KOSDAQ,벤처기업부,7230,2,-120,-1.63,7400,7450,7010,11255,81997630,94409340000,13058000,KSQ
131030,KR7131030009,옵투스제약,KOSDAQ,우량기업부,5340,2,-170,-3.09,5460,5510,5310,52359,282713880,94232790600,17646590,KSQ
0039P0,KR70039P0000,매드업,KOSDAQ,기술성장기업부,5000,2,-570,-10.23,5500,5510,4950,584685,3044012088,94037000000,18807400,KSQ
002210,KR7002210003,동성제약,KOSPI,,973,0,0,0.0,0,0,0,0,0,94010780311,96619507,STK
115500,KR7115500001,케이씨에스,KOSDAQ,중견기업부,7810,2,-340,-4.17,8190,8190,7740,34811,275812975,93720000000,12000000,KSQ
007210,KR7007210008,벽산,KOSPI,,1430,2,-100,-6.54,1515,1516,1429,300047,436743020,93464800000,65360000,STK
235980,KR7235980000,메드팩토,KOSDAQ,기술성장기업부,2725,1,5,0.18,2720,2865,2700,98812,274184180,93399704725,34275121,KSQ
289930,KR7289930000,웨이비스,KOSDAQ,기술성장기업부,7100,2,-100,-1.39,7200,7470,7010,45791,329376350,93357971000,13149010,KSQ
058850,KR7058850009,KTcs,KOSPI,,2250,2,-15,-0.66,2260,2280,2235,44199,99718410,93160012500,41404450,STK
348350,KR7348350000,위드텍,KOSDAQ,벤처기업부,9330,2,-420,-4.31,9760,9760,9280,22772,214652385,93100338000,9978600,KSQ
298540,KR7298540006,더네이쳐홀딩스,KOSDAQ,우량기업부,6390,1,170,2.73,6270,6500,6220,14512,92631190,92568006540,14486386,KSQ
125210,KR7125210005,아모그린텍,KOSDAQ,우량기업부,5610,2,-290,-4.92,5860,5900,5610,45203,259020590,92546991900,16496790,KSQ
323990,KR7323990002,박셀바이오,KOSDAQ,기술성장기업부,3975,2,-120,-2.93,4000,4160,3950,55979,226798786,92447946375,23257345,KSQ
067830,KR7067830000,세이브존I&C,KOSPI,,2245,2,-50,-2.18,2280,2290,2230,32668,73726885,92136809275,41040895,STK
065450,KR7065450009,빅텍,KOSDAQ,벤처기업부,3120,1,10,0.32,3180,3220,3055,691369,2186576990,92026905360,29495803,KSQ
042500,KR7042500009,링네트,KOSDAQ,우량기업부,4125,2,-40,-0.96,4135,4160,4085,64279,264578421,91950969000,22291144,KSQ
282720,KR7282720002,금양그린파워,KOSDAQ,중견기업부,7580,3,0,0.0,7450,8000,7230,109896,837091750,91865810000,12119500,KSQ
000440,KR7000440008,중앙에너비스,KOSDAQ,중견기업부,14740,1,240,1.66,15280,15310,14610,125212,1865377335,91787896200,6227130,KSQ
023900,KR7023900004,풍국주정,KOSDAQ,우량기업부,7270,2,-50,-0.68,7260,7350,7160,18128,131746250,91602000000,12600000,KSQ
001275,KR7001271006,부국증권우,KOSPI,,30350,3,0,0.0,30450,30450,30300,465,14096200,91050000000,3000000,STK
156100,KR7156100000,엘앤케이바이오,KOSDAQ,벤처기업부,4065,2,-15,-0.37,4235,4260,4040,103150,426173470,90857436945,22351153,KSQ
074430,KR7074430000,아미노로직스,KOSDAQ,중견기업부,1030,2,-22,-2.09,1052,1065,1030,59656,62687390,90784531660,88140322,KSQ
040420,KR7040420002,정상제이엘에스,KOSDAQ,우량기업부,5790,2,-10,-0.17,5780,5830,5750,9876,57117825,90773026080,15677552,KSQ
047560,KR7047560008,이스트소프트,KOSDAQ,중견기업부,7720,2,-430,-5.28,7990,8090,7640,17910,140210770,90733793040,11753082,KSQ
307930,KR7307930008,컴퍼니케이,KOSDAQ,중견기업부,5810,2,-200,-3.33,6010,6010,5760,10977,64079345,90694100000,15610000,KSQ
032560,KR7032560005,황금에스티,KOSPI,,5320,3,0,0.0,5350,5350,5230,6818,35965560,90440000000,17000000,STK
474610,KR7474610003,RF시스템즈,KOSDAQ,벤처기업부,6270,2,-50,-0.79,6400,6750,6140,185829,1207857850,90383429400,14415220,KSQ
014440,KR7014440002,영보화학,KOSPI,,4515,2,-20,-0.44,4535,4535,4470,10141,45613450,90300000000,20000000,STK
311320,KR7311320006,지오엘리먼트,KOSDAQ,기술성장기업부,7150,2,-880,-10.96,7900,7900,6960,126386,924080195,90194104000,12614560,KSQ
002230,KR7002230001,피에스텍,KOSDAQ,우량기업부,4895,2,-45,-0.91,4950,5030,4840,69208,342010530,90171137650,18421070,KSQ
104460,KR7104460001,디와이피엔에프,KOSDAQ,우량기업부,8540,2,-290,-3.28,8820,8830,8540,5871,50935140,89824582540,10518101,KSQ
109610,KR7109610006,에스와이,KOSDAQ,중견기업부,1836,2,-99,-5.12,1901,1933,1823,293254,545804029,89793986400,48907400,KSQ
093920,KR7093920007,서원인텍,KOSDAQ,우량기업부,4825,2,-25,-0.52,4850,4860,4825,4509,21839225,89745000000,18600000,KSQ
033290,KR7033290008,로젠,KOSDAQ,우량기업부,1598,1,3,0.19,1593,1602,1546,37108,58758602,89737768998,56156301,KSQ
086710,KR7086710001,선진뷰티사이언스,KOSDAQ,우량기업부,7350,1,60,0.82,7240,7450,7190,47007,345592290,89694108000,12203280,KSQ
100130,KR7100130004,동국S&C,KOSDAQ,중견기업부,1569,2,-5,-0.32,1532,1595,1532,147588,230164790,89657367000,57143000,KSQ
396300,KR7396300006,세아메카닉스,KOSDAQ,우량기업부,3375,2,-255,-7.02,3600,3620,3335,727911,2517588063,89402062500,26489500,KSQ
008260,KR7008260002,NI스틸,KOSPI,,3110,1,25,0.81,3095,3185,3030,59187,184599498,88946363870,28600117,STK
263800,KR7263800005,데이타솔루션,KOSDAQ,중견기업부,5480,2,-540,-8.97,5840,5900,5400,673968,3782534250,88915082400,16225380,KSQ
054920,KR7054920004,한컴위드,KOSDAQ,중견기업부,3150,2,-50,-1.56,3155,3245,3080,285265,907482920,88883805150,28217081,KSQ
004140,KR7004140000,동방,KOSPI,,1851,2,-27,-1.44,1868,1890,1833,183183,340901676,88795738866,47971766,STK
058860,KR7058860008,KTis,KOSPI,,2550,2,-10,-0.39,2540,2570,2535,26950,68809447,88745100000,34802000,STK
099750,KR7099750002,이지케어텍,KOSDAQ,벤처기업부,6490,2,-110,-1.67,6550,6710,6410,8858,57667050,88648032770,13659173,KSQ
189330,KR7189330004,씨이랩,KOSDAQ,기술성장기업부,9440,2,-950,-9.14,10110,10350,9400,135060,1334697365,88568760960,9382284,KSQ
0017J0,KR70017J0004,세미티에스,KOSDAQ,벤처기업부,2935,2,-250,-7.85,3170,3170,2900,352176,1053019628,88450988505,30136623,KSQ
487580,KR7487580003,폴레드,KOSDAQ,벤처기업부,3510,2,-200,-5.39,3610,3710,3440,230292,810355021,88391842110,25182861,KSQ
37550L,KR737550K029,DL이앤씨2우(전환),KOSPI,,41850,2,-1750,-4.01,42350,43450,41250,2049,86550575,88385149350,2111951,STK
052420,KR7052420007,오성첨단소재,KOSDAQ,우량기업부,9070,2,-30,-0.33,9110,9170,8900,23183,209290190,88360021630,9742009,KSQ
337930,KR7337930002,젝시믹스,KOSDAQ,우량기업부,2970,2,-50,-1.66,3005,3040,2950,38491,114814985,88139130750,29676475,KSQ
096240,KR7096240007,크레버스,KOSDAQ,우량기업부,8580,1,10,0.12,8570,8660,8530,7931,68170955,87843584400,10238180,KSQ
025950,KR7025950007,동신건설,KOSDAQ,우량기업부,10450,2,-570,-5.17,11020,11450,10430,52092,559013670,87780000000,8400000,KSQ
357230,KR7357230002,에이치피오,KOSDAQ,우량기업부,2115,1,15,0.71,2120,2160,2100,14339,30471827,87335701740,41293476,KSQ
023000,KR7023000003,삼원강재,KOSPI,,2195,2,-5,-0.23,2205,2240,2175,50488,111408910,87229203420,39739956,STK
036220,KR7036220002,오상헬스케어,KOSDAQ,우량기업부,6090,1,40,0.66,6040,6200,6030,7525,45951930,87144343440,14309416,KSQ
053260,KR7053260006,금강철강,KOSDAQ,우량기업부,4655,2,-35,-0.75,4745,4760,4530,549925,2579150149,87141600000,18720000,KSQ
417010,KR7417010006,나노팀,KOSDAQ,벤처기업부,4315,2,-195,-4.32,4510,4590,4310,52703,232620725,87045321320,20172728,KSQ
418470,KR7418470001,KT밀리의서재,KOSDAQ,우량기업부,10100,2,-140,-1.37,10240,10380,10030,24161,246697490,86514468900,8565789,KSQ
004100,KR7004100004,태양금속,KOSPI,,2355,2,-50,-2.08,2385,2480,2350,332029,798274475,86428500000,36700000,STK
217820,KR7217820000,원익피앤이,KOSDAQ,중견기업부,1817,2,-57,-3.04,1872,1872,1813,84224,154183421,86224933703,47454559,KSQ
004650,KR7004650008,창해에탄올,KOSDAQ,우량기업부,9370,1,20,0.21,9340,9490,9310,25276,237852250,86118592450,9190885,KSQ
049950,KR7049950009,미래컴퍼니,KOSDAQ,중견기업부,9750,2,-300,-2.99,10000,10130,9580,10936,106685240,85974369000,8817884,KSQ
088130,KR7088130000,동아엘텍,KOSDAQ,우량기업부,4915,2,-255,-4.93,5170,5180,4885,49825,248516530,85940318310,17485314,KSQ
078140,KR7078140001,대봉엘에스,KOSDAQ,우량기업부,7750,1,30,0.39,7720,7920,7640,11090,86154300,85920987250,11086579,KSQ
008700,KR7008700007,아남전자,KOSPI,,1110,1,36,3.35,1133,1246,1108,2163960,2508347221,85608550200,77124820,STK
209640,KR7209640002,와이제이링크,KOSDAQ,중견기업부,3005,2,-160,-5.06,3090,3140,2985,129907,393667147,85471653730,28443146,KSQ
063170,KR7063170005,서울옥션,KOSDAQ,중견기업부,4805,2,-45,-0.93,4850,4925,4765,12664,61069280,85405352935,17774267,KSQ
302550,KR7302550009,리메드,KOSDAQ,기술성장기업부,2760,1,25,0.91,2740,2805,2680,29149,79831515,85303734000,30907150,KSQ
019540,KR7019540004,일지테크,KOSDAQ,우량기업부,6310,2,-460,-6.79,6750,6750,6270,80305,514673275,85270185000,13513500,KSQ
006840,KR7006840003,AK홀딩스,KOSPI,,6430,1,30,0.47,6410,6470,6280,4359,27869330,85181817230,13247561,STK
320000,KR7320000003,한울반도체,KOSDAQ,중견기업부,12640,2,-1780,-12.34,14410,14410,12490,306338,4024772590,85129641600,6734940,KSQ
072020,KR7072020001,중앙백신,KOSDAQ,벤처기업부,9190,2,-60,-0.65,9250,9280,9100,6112,56062725,85069817390,9256781,KSQ
084680,KR7084680008,이월드,KOSPI,,598,2,-26,-4.17,619,645,594,286635,179706412,84800103414,141806193,STK
396470,KR7396470007,워트,KOSDAQ,중견기업부,5250,2,-270,-4.89,5510,5510,5190,34333,181062915,84630000000,16120000,KSQ
038110,KR7038110003,에코플라스틱,KOSDAQ,우량기업부,2055,1,35,1.73,2025,2270,2005,2689156,5787605610,84603055350,41169370,KSQ
023800,KR7023800006,인지컨트롤스,KOSPI,,5340,2,-130,-2.38,5450,5460,5320,21425,114861460,84421111980,15809197,STK
005740,KR7005740006,크라운해태홀딩스,KOSPI,,5670,2,-20,-0.35,5690,5740,5600,8277,46897980,84184457490,14847347,STK
049180,KR7049180003,셀루메드,KOSDAQ,투자주의환기종목(소속부없음),1009,0,0,0.0,0,0,0,0,0,83975227728,83226192,KSQ
130580,KR7130580004,나이스디앤비,KOSDAQ,우량기업부,5450,2,-10,-0.18,5490,5740,5380,18958,104067240,83930000000,15400000,KSQ
004890,KR7004890000,동일산업,KOSPI,,34600,2,-250,-0.72,34850,35300,34300,445,15418900,83912439000,2425215,STK
330350,KR7330350000,위더스제약,KOSDAQ,우량기업부,6350,1,100,1.6,6230,6780,6230,197087,1289588200,83817968000,13199680,KSQ
183490,KR7183490002,엔지켐생명과학,KOSDAQ,관리종목(소속부없음),990,0,0,0.0,0,0,0,0,0,83793832650,84640235,KSQ
263720,KR7263720005,디앤씨미디어,KOSDAQ,우량기업부,6750,2,-30,-0.44,6780,6850,6730,5627,38139150,83784989250,12412591,KSQ
0011A0,KR70011A0009,액스비스,KOSDAQ,벤처기업부,8970,2,-770,-7.91,9750,9750,8940,34455,316815450,83723647800,9333740,KSQ
053580,KR7053580007,웹케시,KOSDAQ,우량기업부,6460,2,-170,-2.56,6630,6690,6420,23815,156760090,83685656560,12954436,KSQ
004840,KR7004840005,DRB동일,KOSPI,,4335,2,-50,-1.14,4310,4480,4260,13144,57096890,83545697940,19272364,STK
042510,KR7042510008,라온시큐어,KOSDAQ,벤처기업부,7520,2,-260,-3.34,7620,7930,7480,64233,489872810,83515826560,11105828,KSQ
322180,KR7322180001,LS티라유텍,KOSDAQ,벤처기업부,3870,2,-180,-4.44,3960,3985,3830,88253,344769085,83189930220,21496106,KSQ
182360,KR7182360008,큐브엔터,KOSDAQ,우량기업부,5340,2,-90,-1.66,5430,5550,5290,8124,44024885,83036193660,15549849,KSQ
250060,KR7250060001,모비스,KOSDAQ,기술성장기업부,2580,2,-70,-2.64,2645,2665,2555,106714,277385681,83001990120,32171314,KSQ
053350,KR7053350005,이니텍,KOSDAQ,중견기업부,3760,2,-125,-3.22,3930,3950,3750,35995,137828490,82799204400,22021065,KSQ
096775,KR7096771001,SK이노베이션우,KOSPI,,66300,2,-1400,-2.07,67100,68600,64200,3178,213453600,82770643800,1248426,STK
139990,KR7139990006,아주스틸,KOSPI,,2130,1,20,0.95,2110,2175,2095,49131,104905015,82549031820,38755414,STK
069730,KR7069730000,DSR제강,KOSPI,,5710,2,-70,-1.21,5820,5950,5670,60219,350212190,82224000000,14400000,STK
002600,KR7002600005,조흥,KOSPI,,136900,2,-1600,-1.16,136500,138500,136500,18,2467400,82140000000,600000,STK
363280,KR7363280009,티와이홀딩스,KOSPI,,1805,2,-10,-0.55,1800,1839,1795,23762,43222685,82122686065,45497333,STK
950250,KR8826050005,테라뷰,KOSDAQ,기술성장기업부,2310,2,-115,-4.74,2380,2445,2290,97762,231815380,82045958610,35517731,KSQ
153890,KR7153890009,져스텍,KOSDAQ,기술성장기업부,6800,2,-1110,-14.03,7670,7670,6670,312420,2203601175,81942074000,12050305,KSQ
032300,KR7032300006,한국파마,KOSDAQ,중견기업부,7500,2,-10,-0.13,7590,7750,7430,5962,45001150,81800257500,10906701,KSQ
389030,KR7389030008,지니너스,KOSDAQ,기술성장기업부,2075,2,-45,-2.12,2060,2160,2060,79441,166952673,81738962325,39392271,KSQ
212710,KR7212710008,아이에스티이,KOSDAQ,기술성장기업부,8410,2,-540,-6.03,8910,8950,7960,120974,1000000460,81702964980,9714978,KSQ
019550,KR7019550003,SBI인베스트먼트,KOSDAQ,중견기업부,1007,2,-29,-2.8,1036,1042,1002,178185,181269744,81600520009,81033287,KSQ
175250,KR7175250000,아이큐어,KOSDAQ,관리종목(소속부없음),2170,0,0,0.0,0,0,0,0,0,81501658560,37558368,KSQ
013700,KR7013700000,까뮤이앤씨,KOSPI,,1361,2,-49,-3.48,1387,1410,1340,123603,168877683,81320879630,59750830,STK
092040,KR7092040005,아미코젠,KOSDAQ,기술성장기업부,1149,2,-84,-6.81,1233,1233,1142,587915,688998390,81183039663,70655387,KSQ
330730,KR7330730003,스톤브릿지벤처스,KOSDAQ,벤처기업부,4455,2,-205,-4.4,4830,4830,4430,103297,478264170,81160432650,18217830,KSQ
012700,KR7012700001,리드코프,KOSDAQ,우량기업부,3095,1,140,4.74,2935,3350,2935,389954,1240647152,81073066940,26194852,KSQ
412540,KR7412540007,제일엠앤에스,KOSDAQ,관리종목(소속부없음),3935,0,0,0.0,0,0,0,0,0,81063616775,20600665,KSQ
029480,KR7029480001,광무,KOSDAQ,중견기업부,1357,2,-37,-2.65,1396,1450,1343,177967,249820437,81038862124,59719132,KSQ
044990,KR7044990000,에이치엔에스하이텍,KOSDAQ,기술성장기업부,10540,2,-410,-3.74,10800,10900,10390,10854,114846120,81004379500,7685425,KSQ
008830,KR7008830002,대동기어,KOSDAQ,중견기업부,9010,2,-290,-3.12,9210,9400,8920,31918,291375510,80977555200,8987520,KSQ
052900,KR7052900008,KX하이텍,KOSDAQ,우량기업부,1056,2,-86,-7.53,1132,1132,1051,779543,843061836,80961503040,76668090,KSQ
452190,KR7452190002,한빛레이저,KOSDAQ,벤처기업부,3380,2,-180,-5.06,3535,3535,3375,78666,269435760,80851482660,23920557,KSQ
317770,KR7317770006,엑스페릭스,KOSDAQ,벤처기업부,2205,2,-105,-4.55,2260,2295,2125,50720,112510848,80800337520,36644144,KSQ
043610,KR7043610005,KT지니뮤직,KOSDAQ,중견기업부,1388,2,-10,-0.72,1398,1437,1386,10818,15160505,80664227944,58115438,KSQ
173130,KR7173130006,오파스넷,KOSDAQ,중견기업부,6170,2,-20,-0.32,6210,6230,6120,39207,242083980,80496738410,13046473,KSQ
306620,KR7306620006,지아이에스,KOSDAQ,벤처기업부,1677,2,-92,-5.2,1770,1788,1660,316163,540898602,80399042568,47942184,KSQ
475230,KR7475230009,엔알비,KOSDAQ,벤처기업부,7370,2,-640,-7.99,7990,8010,7360,77875,594100035,80323293710,10898683,KSQ
053280,KR7053280004,예스24,KOSDAQ,중견기업부,3210,2,-50,-1.53,3260,3270,3205,5477,17686560,80250000000,25000000,KSQ
037760,KR7037760006,쎄니트,KOSDAQ,중견기업부,2370,2,-50,-2.07,2420,2420,2335,2257,5326605,80184022770,33832921,KSQ
054040,KR7054040001,한국컴퓨터,KOSDAQ,우량기업부,4985,2,-75,-1.48,5060,5060,4925,11315,56569750,80115380650,16071290,KSQ
047820,KR7047820006,초록뱀미디어,KOSDAQ,중견기업부,3275,2,-5,-0.15,3265,3375,3260,3147,10382590,80086620750,24453930,KSQ
017650,KR7017650003,대림제지,KOSDAQ,우량기업부,9110,2,-70,-0.76,9020,9190,9020,56300,514696550,80031350000,8785000,KSQ
058630,KR7058630005,엠게임,KOSDAQ,우량기업부,4165,2,-60,-1.42,4225,4260,4135,18209,76516065,79978720710,19202574,KSQ
950130,KR8840090003,엑세스바이오,KOSDAQ,외국기업(소속부없음),2270,2,-35,-1.52,2300,2380,2260,31720,73356005,79844603180,35173834,KSQ
058730,KR7058730003,다스코,KOSPI,,3940,2,-230,-5.52,4125,4255,3925,1578652,6426368907,79789928940,20251251,STK
009300,KR7009300005,삼아제약,KOSDAQ,우량기업부,12520,1,70,0.56,12440,12790,12380,2666,33429490,79752400000,6370000,KSQ
001470,KR7001470004,삼부토건,KOSPI,,347,0,0,0.0,0,0,0,0,0,79699592928,229681824,STK
002220,KR7002220002,한일철강,KOSPI,,2985,2,-445,-12.97,3430,3465,2970,548239,1707881799,79691918100,26697460,STK
163560,KR7163560006,동일고무벨트,KOSPI,,5710,2,-110,-1.89,5810,5820,5610,9451,54173260,79369000000,13900000,STK
214260,KR7214260002,라파스,KOSDAQ,기술성장기업부,8890,2,-150,-1.66,8970,9330,8740,11167,99353270,79320696070,8922463,KSQ
007980,KR7007980006,TP,KOSPI,,1690,2,-21,-1.23,1711,1717,1669,75619,127597889,79256521500,46897350,STK
011370,KR7011370004,서한,KOSDAQ,우량기업부,785,2,-8,-1.01,806,806,778,116741,91827692,79202469025,100894865,KSQ
067000,KR7067000000,조이시티,KOSDAQ,중견기업부,1131,2,-17,-1.48,1155,1159,1124,210158,240090732,79060797426,69903446,KSQ
054670,KR7054670005,대한뉴팜,KOSDAQ,우량기업부,5500,1,20,0.36,5480,5620,5460,5242,28953670,78952060000,14354920,KSQ
033560,KR7033560004,블루콤,KOSDAQ,중견기업부,4610,1,355,8.34,4220,4665,4220,84530,382420705,78831000000,17100000,KSQ
234300,KR7234300002,에스트래픽,KOSDAQ,우량기업부,2895,2,-25,-0.86,2920,2925,2840,23710,67966430,78766523100,27207780,KSQ
004720,KR7004720009,팜젠사이언스,KOSPI,,3475,3,0,0.0,3495,3525,3400,25138,86773234,78723918375,22654365,STK
007610,KR7007610009,선도전기,KOSPI,,4370,2,-355,-7.51,4585,4605,4325,315466,1407498607,78660000000,18000000,STK
036640,KR7036640001,HRS,KOSDAQ,우량기업부,4805,1,15,0.31,4790,4850,4780,53513,257814323,78584814000,16354800,KSQ
086960,KR7086960002,MDS테크,KOSDAQ,우량기업부,1841,2,-58,-3.05,1887,1897,1826,135322,251369774,78295281470,42528670,KSQ
000590,KR7000590000,CS홀딩스,KOSPI,,67600,2,-1300,-1.89,66800,68800,66700,845,56779850,78042983200,1154482,STK
009180,KR7009180001,한솔로지스틱스,KOSPI,,2770,1,30,1.09,2735,2815,2710,33819,93681505,77991635250,28155825,STK
494120,KR7494120009,큐리오시스,KOSDAQ,기술성장기업부,10220,2,-1120,-9.88,11270,11450,10150,49792,530050140,77977394040,7629882,KSQ
009190,KR7009190000,대양금속,KOSPI,,1772,2,-37,-2.05,1809,1809,1748,145722,258197306,77943679300,43986275,STK
006090,KR7006090005,사조오양,KOSPI,,8270,1,160,1.97,8050,8280,8050,3296,26958120,77926051530,9422739,STK
001290,KR7001290006,상상인증권,KOSPI,,718,2,-23,-3.1,755,755,715,66854,48954892,77786052160,108337120,STK
044340,KR7044340008,위닉스,KOSDAQ,중견기업부,4335,1,560,14.83,3775,4725,3755,4284490,18813771098,77481297375,17873425,KSQ
475430,KR7475430005,키스트론,KOSDAQ,중견기업부,4330,2,-155,-3.46,4485,4485,4285,214187,931932218,77282316300,17848110,KSQ
025620,KR7025620006,차AI헬스케어,KOSPI,,4220,2,-225,-5.06,4740,4740,4215,15786,68599447,76820766060,18203973,STK
066430,KR7066430000,아이로보틱스,KOSDAQ,중견기업부,1961,2,-234,-10.66,2110,2110,1938,1173349,2340924455,76779966436,39153476,KSQ
214680,KR7214680001,디알텍,KOSDAQ,벤처기업부,919,2,-37,-3.87,957,966,903,75322,69877413,76715414464,83477056,KSQ
215100,KR7215100009,로보로보,KOSDAQ,벤처기업부,3770,2,-265,-6.57,3990,3990,3750,124256,478533685,76713671580,20348454,KSQ
101330,KR7101330009,모베이스,KOSDAQ,중견기업부,3310,2,-85,-2.5,3390,3415,3285,29216,97193150,76616665990,23147029,KSQ
054620,KR7054620000,APS,KOSDAQ,중견기업부,4165,2,-125,-2.91,4285,4325,4120,10258,43158145,76611930465,18394221,KSQ
33626K,KR733626K013,두산퓨얼셀1우,KOSPI,,5730,2,-260,-4.34,5990,5990,5690,5954,34418740,76576866000,13364200,STK
011700,KR7011700002,한신기계,KOSPI,,2360,2,-55,-2.28,2390,2430,2320,62360,147505762,76572916360,32446151,STK
002200,KR7002200004,한국수출포장,KOSPI,,2285,3,0,0.0,2225,2330,2220,120622,275765165,76547365185,33499941,STK
014160,KR7014160006,대영포장,KOSPI,,706,1,2,0.28,704,767,700,690700,503692132,76526551594,108394549,STK
111380,KR7111380002,동인기연,KOSPI,,12480,2,-220,-1.73,12640,12830,12380,10930,137301620,76477440000,6128000,STK
067370,KR7067370007,선바이오,KOSDAQ,기술성장기업부,6260,1,250,4.16,6050,6260,5810,35288,209538450,76458644660,12213841,KSQ
131370,KR7131370009,알서포트,KOSDAQ,벤처기업부,1434,2,-16,-1.1,1450,1455,1425,50265,72332370,76384997022,53267083,KSQ
066980,KR7066980004,한성크린텍,KOSDAQ,벤처기업부,1452,2,-133,-8.39,1577,1577,1440,815596,1213250174,76371391404,52597377,KSQ
004590,KR7004590006,한국가구,KOSDAQ,중견기업부,5090,2,-80,-1.55,5130,5190,5050,12153,62316610,76350000000,15000000,KSQ
007590,KR7007590003,동방아그로,KOSPI,,5600,2,-50,-0.88,5660,5660,5550,9095,50780300,76258431200,13617577,STK
048530,KR7048530000,인트론바이오,KOSDAQ,기술성장기업부,2465,2,-45,-1.79,2495,2540,2400,65502,163037780,76148183470,30891758,KSQ
303810,KR7303810006,동국생명과학,KOSDAQ,중견기업부,2380,2,-15,-0.63,2395,2440,2370,13020,31204695,76122253200,31984140,KSQ
073640,KR7073640005,테라사이언스,KOSDAQ,관리종목(소속부없음),654,0,0,0.0,0,0,0,0,0,76111715580,116378770,KSQ
0117P0,KR70117P0005,피스피스스튜디오,KOSDAQ,중견기업부,5370,2,-220,-3.94,5550,5580,5330,107229,581155200,76087052070,14168911,KSQ
079650,KR7079650008,서산,KOSDAQ,중견기업부,3800,2,-435,-10.27,4200,4200,3725,971959,3825204400,76000000000,20000000,KSQ
024880,KR7024880007,케이피에프,KOSDAQ,우량기업부,3765,2,-95,-2.46,3860,3895,3735,21919,83139424,75912768810,20162754,KSQ
036010,KR7036010007,아비코전자,KOSDAQ,중견기업부,5710,2,-510,-8.2,6050,6110,5680,99563,584523110,75902653140,13292934,KSQ
061250,KR7061250007,화일약품,KOSDAQ,우량기업부,9010,1,60,0.67,8870,9020,8800,4395,39104990,75842431840,8417584,KSQ
387690,KR7387690001,레메디,KOSDAQ,기술성장기업부,9920,2,-1480,-12.98,11490,11640,9840,773021,8240672900,75647846720,7625791,KSQ
096250,KR7096250006,와이즈넛,KOSDAQ,기술성장기업부,5760,2,-440,-7.1,6100,6370,5690,32318,190438105,75494067840,13106609,KSQ
381620,KR7381620004,제닉스로보틱스,KOSDAQ,중견기업부,5750,2,-490,-7.85,6070,6090,5690,103204,608321415,75428040000,13117920,KSQ
331380,KR7331380006,포커스에이아이,KOSDAQ,투자주의환기종목(소속부없음),2050,1,84,4.27,1947,2105,1917,37153,75920842,74949775300,36560866,KSQ
265560,KR7265560003,영화테크,KOSDAQ,우량기업부,7010,2,-100,-1.41,7050,7120,6940,2515,17630130,74938161800,10690180,KSQ
080010,KR7080010002,이상네트웍스,KOSDAQ,중견기업부,7610,2,-80,-1.04,7680,7750,7610,6411,49217300,74844890310,9835071,KSQ
063080,KR7063080006,컴투스홀딩스,KOSDAQ,중견기업부,11340,2,-360,-3.08,11710,11760,11220,5667,64605250,74789477280,6595192,KSQ
221800,KR7221800006,지구홀딩스,KOSDAQ,투자주의환기종목(소속부없음),4580,2,-275,-5.66,4805,4810,4455,20567,95077255,74740337580,16318851,KSQ
030960,KR7030960009,양지사,KOSDAQ,중견기업부,4670,2,-90,-1.89,4695,4850,4645,142284,675176702,74626600000,15980000,KSQ
172670,KR7172670002,에이엘티,KOSDAQ,벤처기업부,8320,2,-380,-4.37,8700,8770,8260,22540,190496960,74549354880,8960259,KSQ
102370,KR7102370004,케이옥션,KOSDAQ,기술성장기업부,2865,2,-30,-1.04,2880,2925,2775,36687,103417770,74169950850,25888290,KSQ
000105,KR7000101006,유한양행우,KOSPI,,62800,1,3100,5.19,66000,66800,62000,3251,207746250,74163032000,1180940,STK
065170,KR7065170003,비엘팜텍,KOSDAQ,투자주의환기종목(소속부없음),2655,2,-190,-6.68,2785,2870,2550,915819,2438996417,74111120415,27913793,KSQ
013360,KR7013360003,일성건설,KOSPI,,1370,2,-54,-3.79,1416,1416,1362,267704,369016033,74014085600,54024880,STK
104040,KR7104040001,디에스엠,KOSDAQ,벤처기업부,2760,1,15,0.55,2745,2830,2715,26048,72268765,74005439400,26813565,KSQ
493330,KR7493330005,지에프아이,KOSDAQ,벤처기업부,9440,2,-10,-0.11,9470,10090,9410,17534,166475750,74005002720,7839513,KSQ
155660,KR7155660004,DSR,KOSPI,,4625,1,130,2.89,4495,4670,4470,80405,370595170,74000000000,16000000,STK
082210,KR7082210006,옵트론텍,KOSDAQ,중견기업부,2115,2,-25,-1.17,2185,2215,2065,136247,293731714,73947442950,34963330,KSQ
010960,KR7010960003,삼호개발,KOSPI,,3065,2,-130,-4.07,3160,3175,3050,289255,896416885,73927800000,24120000,STK
234030,KR7234030005,싸이닉솔루션,KOSDAQ,중견기업부,3130,2,-120,-3.69,3240,3240,3050,38742,120769995,73883650000,23605000,KSQ
085670,KR7085670008,뉴프렉스,KOSDAQ,우량기업부,3015,2,-110,-3.52,3070,3150,2985,137169,420595330,73869794415,24500761,KSQ
065510,KR7065510000,휴비츠,KOSDAQ,우량기업부,6790,2,-150,-2.16,6900,6900,6550,23133,157063380,73860907050,10877895,KSQ
066700,KR7066700006,테라젠이텍스,KOSDAQ,중견기업부,1986,2,-1,-0.05,1977,2040,1970,94767,188916101,73784618736,37152376,KSQ
019680,KR7019680008,대교,KOSPI,,916,3,0,0.0,898,917,898,5164,4701708,73708413200,80467700,STK
900260,HK0000295359,로스웰,KOSDAQ,외국기업(소속부없음),1600,2,-1,-0.06,1577,1689,1577,2288,3723051,73647529600,46029706,KSQ
000180,KR7000180000,성창기업지주,KOSPI,,5270,2,-50,-0.94,5290,5380,5250,6534,34697230,73518186400,13950320,STK
017370,KR7017370008,우신시스템,KOSPI,,4000,2,-110,-2.68,4035,4155,3950,24869,99748412,73256216000,18314054,STK
063160,KR7063160006,종근당바이오,KOSPI,,13350,1,30,0.23,13220,13490,13220,5581,74471115,73237592700,5485962,STK
115440,KR7115440000,우리넷,KOSDAQ,우량기업부,6780,2,-280,-3.97,7400,7400,6680,62849,432118075,73185299760,10794292,KSQ
017480,KR7017480005,삼현철강,KOSDAQ,우량기업부,4735,2,-40,-0.84,4775,4845,4725,21064,101073737,73122084150,15442890,KSQ
024740,KR7024740003,한일단조,KOSDAQ,우량기업부,2220,2,-10,-0.45,2265,2310,2180,752099,1696922168,73031448780,32897049,KSQ
033130,KR7033130006,디지틀조선,KOSDAQ,중견기업부,1964,2,-36,-1.8,2000,2000,1955,14418,28263776,72894384388,37115267,KSQ
040910,KR7040910002,아이씨디,KOSDAQ,중견기업부,4010,2,-60,-1.47,4115,4115,3850,12114,48553520,72878842750,18174275,KSQ
290740,KR7290740000,액트로,KOSDAQ,벤처기업부,7230,2,-650,-8.25,7690,7800,7180,13095,96862185,72770029530,10065011,KSQ
347890,KR7347890006,엠엑스온,KOSDAQ,벤처기업부,4275,2,-55,-1.27,4225,4360,4225,9047,38893290,72731447100,17013204,KSQ
024830,KR7024830002,세원물산,KOSDAQ,중견기업부,8700,1,30,0.35,8850,8850,8560,209,1796770,72645000000,8350000,KSQ
052860,KR7052860004,아이앤씨,KOSDAQ,벤처기업부,4065,2,-150,-3.56,4200,4200,3985,15359,61837440,72628761510,17866854,KSQ
171120,KR7171120009,라이온켐텍,KOSDAQ,우량기업부,2020,3,0,0.0,2020,2040,2005,23477,47524230,72521555200,35901760,KSQ
365330,KR7365330000,에스와이스틸텍,KOSDAQ,우량기업부,1445,2,-43,-2.89,1468,1491,1428,255559,370183169,72497095000,50171000,KSQ
419050,KR7419050000,삼기에너지솔루션즈,KOSDAQ,중견기업부,1267,2,-90,-6.63,1358,1359,1254,624801,812181725,72467636080,57196240,KSQ
149980,KR7149980005,하이로닉,KOSDAQ,중견기업부,4210,2,-115,-2.66,4270,4410,4175,6435,27368345,72407983660,17199046,KSQ
170030,KR7170030001,현대공업,KOSDAQ,우량기업부,4720,2,-120,-2.48,4840,4840,4685,11885,56148527,72404800000,15340000,KSQ
032540,KR7032540007,TJ미디어,KOSDAQ,우량기업부,3455,2,-20,-0.58,3475,3475,3355,878,2979190,72200561915,20897413,KSQ
451250,KR7451250005,삐아,KOSDAQ,벤처기업부,7060,2,-210,-2.89,7270,7360,7060,2455,17712140,72194691620,10225877,KSQ
067570,KR7067570002,엔브이에이치코리아,KOSDAQ,중견기업부,1711,2,-41,-2.34,1745,1745,1705,108482,186840888,72152870000,42170000,KSQ
137950,KR7137950002,제이씨케미칼,KOSDAQ,우량기업부,3240,1,5,0.15,3240,3345,3210,80513,264994234,72147717360,22267814,KSQ
058400,KR7058400003,KNN,KOSDAQ,우량기업부,544,0,0,0.0,0,0,0,0,0,72041767680,132429720,KSQ
011150,KR7011150000,CJ씨푸드,KOSPI,,2005,1,14,0.7,1991,2055,1989,72068,145953724,72041199865,35930773,STK
001260,KR7001260009,남광토건,KOSPI,,7320,2,-240,-3.17,7560,7620,7260,50489,374980310,71974427040,9832572,STK
228670,KR7228670006,레이,KOSDAQ,벤처기업부,4600,2,-150,-3.16,4735,4820,4530,16524,77566895,71944096600,15640021,KSQ
109070,KR7109070003,주성코퍼레이션,KOSPI,,1362,2,-24,-1.73,1386,1437,1353,181591,252855557,71927533260,52810230,STK
208140,KR7208140004,정다운,KOSDAQ,우량기업부,2200,2,-25,-1.12,2230,2235,2195,23906,52892205,71905341200,32684246,KSQ
234920,KR7234920007,자이글,KOSDAQ,관리종목(소속부없음),5310,0,0,0.0,0,0,0,0,0,71849132100,13530910,KSQ
217330,KR7217330000,싸이토젠,KOSDAQ,기술성장기업부,3105,2,-70,-2.2,3180,3200,3080,63425,198939715,71817243435,23129547,KSQ
107600,KR7107600009,새빗켐,KOSDAQ,벤처기업부,12700,2,-360,-2.76,13000,13290,12500,3591,46126220,71755685800,5650054,KSQ
013870,KR7013870001,지엠비코리아,KOSPI,,3760,2,-45,-1.18,3805,3825,3705,8380,31355194,71711772800,19072280,STK
000230,KR7000230003,일동홀딩스,KOSPI,,6210,1,40,0.65,6180,6490,6100,10582,66740780,71665884000,11540400,STK
011320,KR7011320009,유니크,KOSDAQ,우량기업부,3695,2,-35,-0.94,3725,3755,3680,27068,100474380,71389968025,19320695,KSQ
338100,KR7338100001,NH프라임리츠,KOSPI,,3825,1,10,0.26,3820,3850,3795,23059,88090610,71374500000,18660000,STK
294630,KR7294630009,서남,KOSDAQ,기술성장기업부,2690,2,-25,-0.92,2650,2780,2625,116545,314916846,71282791510,26499179,KSQ
413390,KR7413390006,엠오티,KOSDAQ,중견기업부,6150,2,-240,-3.76,6320,6330,6120,17313,107302940,71218107000,11580180,KSQ
124560,KR7124560004,태웅로직스,KOSDAQ,우량기업부,1839,2,-13,-0.7,1884,1884,1826,19809,36483738,71207571429,38720811,KSQ
250030,KR7250030004,진코스텍,KONEX,일반기업부,24600,3,0,0.0,25150,25150,23550,3203,78803550,71141551800,2891933,KNX
020710,KR7020710000,시공테크,KOSDAQ,우량기업부,3545,2,-35,-0.98,3555,3635,3515,15813,56367770,71070053650,20047970,KSQ
041910,KR7041910001,폴라리스AI파마,KOSDAQ,우량기업부,5350,2,-260,-4.63,5520,5550,5330,48600,263739230,71065922500,13283350,KSQ
014970,KR7014970008,삼륭물산,KOSDAQ,중견기업부,4790,1,305,6.8,4625,5800,4510,2537535,13499681240,71011750000,14825000,KSQ
000850,KR7000850008,화천기공,KOSPI,,32200,2,-1050,-3.16,33200,33300,31800,8337,269630775,70840000000,2200000,STK
105740,KR7105740005,디케이락,KOSDAQ,우량기업부,6960,1,300,4.5,6660,7010,6560,72012,492522040,70772850480,10168513,KSQ
060590,KR7060590007,씨티씨바이오,KOSDAQ,중견기업부,2925,1,15,0.52,2930,2955,2855,23553,68608956,70729483500,24181020,KSQ
223250,KR7223250002,드림씨아이에스,KOSDAQ,벤처기업부,2875,2,-140,-4.64,3035,3035,2860,30242,89071700,70726276500,24600444,KSQ
001020,KR7001020007,페이퍼코리아,KOSPI,,1985,2,-13,-0.65,1949,2050,1949,8011,16046566,70659374070,35596662,STK
002700,KR7002700003,신일전자,KOSPI,,1029,1,13,1.28,1017,1084,1003,3736935,3899301772,70535399109,68547521,STK
038460,KR7038460002,바이오스마트,KOSDAQ,우량기업부,2785,2,-55,-1.94,2820,2885,2765,76943,217185720,70389599470,25274542,KSQ
038680,KR7038680005,에스넷,KOSDAQ,우량기업부,3525,1,15,0.43,3495,3545,3400,71414,249044082,70192063050,19912642,KSQ
002720,KR7002720001,국제약품,KOSPI,,3310,2,-60,-1.78,3370,3420,3310,21100,70983045,70039043920,21159832,STK
084730,KR7084730001,팅크웨어,KOSDAQ,중견기업부,6300,2,-140,-2.17,6390,6500,6270,5355,33903940,69989371200,11109424,KSQ
456070,KR7456070002,이엔셀,KOSDAQ,기술성장기업부,6340,2,-100,-1.55,6400,6800,6290,22333,145134320,69927137780,11029517,KSQ
129920,KR7129920005,대성하이텍,KOSDAQ,벤처기업부,4295,1,15,0.35,4240,4380,4010,66343,281152700,69788149320,16248696,KSQ
084670,KR7084670009,동양고속,KOSPI,,24100,2,-1000,-3.98,24700,25850,23900,24052,598872000,69783212900,2895569,STK
443670,KR7443670005,에스피소프트,KOSDAQ,중견기업부,2905,2,-145,-4.75,3020,3025,2870,78217,229707980,69750688420,24010564,KSQ
005750,KR7005750005,대림바스,KOSPI,,4185,2,-35,-0.83,4190,4270,4155,8367,35189835,69438524400,16592240,STK
006140,KR7006140008,피제이전자,KOSDAQ,우량기업부,4660,2,-90,-1.89,4750,4755,4610,43138,200731033,69270900000,14865000,KSQ
196490,KR7196490007,디에이테크놀로지,KOSDAQ,투자주의환기종목(소속부없음),6090,0,0,0.0,0,0,0,0,0,69131518050,11351645,KSQ
076610,KR7076610005,해성옵틱스,KOSDAQ,벤처기업부,1167,2,-112,-8.76,1313,1400,1130,4022209,4896215662,69128622060,59236180,KSQ
332370,KR7332370006,아이디피,KOSDAQ,벤처기업부,5200,1,30,0.58,5170,5205,5170,3291,17035130,69023375200,13273726,KSQ
290660,KR7290660000,다이나믹솔루션,KOSDAQ,기술성장기업부,1609,2,-20,-1.23,1620,1688,1550,276917,445787670,68926161792,42837888,KSQ
078890,KR7078890001,가온그룹,KOSDAQ,중견기업부,3740,2,-195,-4.96,3890,3930,3710,55376,210262910,68909286820,18424943,KSQ
110790,KR7110790003,크리스에프앤씨,KOSDAQ,우량기업부,2940,2,-10,-0.34,2950,2950,2885,1312,3853090,68887022400,23430960,KSQ
229500,KR7229500004,노브메타파마,KONEX,일반기업부,5300,1,30,0.57,5270,5800,4610,5519,29680210,68849581100,12990487,KNX
225530,KR7225530005,HC보광산업,KOSDAQ,우량기업부,1891,2,-21,-1.1,1892,1951,1876,118598,224057035,68716532757,36338727,KSQ
203400,KR7203400007,에이비온,KOSDAQ,기술성장기업부,758,1,40,5.57,710,835,699,1074528,837686405,68296788432,90101304,KSQ
382480,KR7382480002,지아이텍,KOSDAQ,벤처기업부,1733,2,-52,-2.91,1801,1801,1720,87823,153163579,68205923620,39357140,KSQ
198440,KR7198440000,강동씨앤엘,KOSDAQ,중견기업부,1119,2,-89,-7.37,1207,1210,1101,556567,629243468,68182791624,60931896,KSQ
432470,KR7432470003,케이엔에스,KOSDAQ,벤처기업부,7770,2,-520,-6.27,8200,8200,7730,63106,503423870,68154990120,8771556,KSQ
109860,KR7109860007,동일금속,KOSDAQ,우량기업부,7480,1,80,1.08,7400,7480,7400,25,186640,68068000000,9100000,KSQ
451220,KR7451220008,아이엠티,KOSDAQ,기술성장기업부,8640,2,-610,-6.59,9250,9250,8410,50631,439547565,68036639040,7874611,KSQ
417970,KR7417970001,모델솔루션,KOSDAQ,우량기업부,10620,2,-650,-5.77,11180,11180,10500,9941,106585390,67932954000,6396700,KSQ
201490,KR7201490000,미투온,KOSDAQ,중견기업부,2075,2,-105,-4.82,2135,2170,2065,285095,602169545,67901731450,32723726,KSQ
147760,KR7147760003,피엠티,KOSDAQ,벤처기업부,3390,2,-295,-8.01,3550,3600,3370,104146,357587877,67800000000,20000000,KSQ
009770,KR7009770009,삼정펄프,KOSPI,,27100,1,500,1.88,26650,27300,25900,7066,186737050,67749214100,2499971,STK
251120,KR7251120002,바이오에프디엔씨,KOSDAQ,기술성장기업부,7790,2,-60,-0.76,8120,8120,7580,6500,50709840,67739503000,8695700,KSQ
253840,KR7253840003,수젠텍,KOSDAQ,중견기업부,4040,2,-50,-1.22,4050,4140,3990,55806,227223685,67642528000,16743200,KSQ
041930,KR7041930009,SY동아,KOSDAQ,우량기업부,4450,2,-175,-3.78,4550,4630,4450,12745,57806739,67640000000,15200000,KSQ
153710,KR7153710009,옵티팜,KOSDAQ,기술성장기업부,4605,2,-35,-0.75,4640,4680,4465,3863,17714830,67555156590,14669958,KSQ
036630,KR7036630002,세종텔레콤,KOSDAQ,우량기업부,6750,1,270,4.17,6560,6970,6440,21733,147500485,67500000000,10000000,KSQ
036000,KR7036000008,예림당,KOSDAQ,중견기업부,2930,2,-25,-0.85,3040,3040,2870,30422,89237860,67490431610,23034277,KSQ
091120,KR7091120006,이엠텍,KOSDAQ,중견기업부,3935,2,-65,-1.63,4000,4020,3865,21490,83837800,67418103160,17132936,KSQ
079980,KR7079980009,휴비스,KOSPI,,1950,2,-50,-2.5,2000,2040,1932,70867,139325302,67275000000,34500000,STK
002795,KR7002791002,아모레퍼시픽홀딩스우,KOSPI,,10530,2,-160,-1.5,10500,10750,10500,2668,28165000,67193741160,6381172,STK
365660,KR7365660000,레몬헬스케어,KOSDAQ,기술성장기업부,5030,2,-760,-13.13,5750,6010,5020,1079705,5976196580,67158341770,13351559,KSQ
360070,KR7360070007,탑머티리얼,KOSDAQ,중견기업부,8170,2,-240,-2.85,8400,8480,8130,11265,93162110,66928991310,8192043,KSQ
382840,KR7382840007,원준,KOSDAQ,중견기업부,4380,2,-280,-6.01,4635,4680,4350,25073,111966055,66889524780,15271581,KSQ
0015S0,KR70015S0005,페스카로,KOSDAQ,기술성장기업부,6770,2,-340,-4.78,7060,7230,6710,8202,56181610,66797762100,9866730,KSQ
396270,KR7396270001,넥스트칩,KOSDAQ,벤처기업부,2030,2,-170,-7.73,2195,2250,2020,121965,256291620,66761484930,32887431,KSQ
090470,KR7090470006,제이스로보틱스,KOSDAQ,벤처기업부,3820,2,-230,-5.68,3990,3990,3740,23017,88093411,66760589080,17476594,KSQ
094860,KR7094860004,네오리진,KOSDAQ,중견기업부,1257,2,-126,-9.11,1329,1339,1245,154793,200371794,66759287598,53110014,KSQ
396690,KR7396690000,미래에셋글로벌리츠,KOSPI,,1685,2,-5,-0.3,1690,1696,1681,35933,60596244,66736008900,39605940,STK
031820,KR7031820004,아이티센씨티에스,KOSPI,,5500,2,-200,-3.51,5720,5720,5440,32847,182451680,66578303000,12105146,STK
049080,KR7049080005,기가레인,KOSDAQ,벤처기업부,7830,2,-820,-9.48,8630,8630,7580,414986,3290320610,66463655220,8488334,KSQ
062970,KR7062970009,한국첨단소재,KOSDAQ,중견기업부,1162,0,0,0.0,0,0,0,0,0,66336969468,57088614,KSQ
217190,KR7217190008,제너셈,KOSDAQ,벤처기업부,5030,2,-310,-5.81,5300,5300,4990,24030,122036200,66163417830,13153761,KSQ
045660,KR7045660008,에이텍,KOSDAQ,우량기업부,8010,2,-70,-0.87,7970,8240,7970,16222,130658590,66162600000,8260000,KSQ
128660,KR7128660008,피제이메탈,KOSDAQ,우량기업부,2665,2,-40,-1.48,2685,2720,2645,33898,90923270,66100978385,24803369,KSQ
389140,KR7389140005,포바이포,KOSDAQ,벤처기업부,4630,2,-240,-4.93,4820,4835,4625,30340,142858680,66068873050,14269735,KSQ
238090,KR7238090005,앤디포스,KOSDAQ,벤처기업부,2165,2,-80,-3.56,2245,2245,2135,11709,25548245,66011802600,30490440,KSQ
002800,KR7002800001,신신제약,KOSDAQ,우량기업부,4350,2,-10,-0.23,4360,4400,4325,12445,54167950,65991675000,15170500,KSQ
464490,KR7464490002,쿼드메디슨,KOSDAQ,기술성장기업부,5740,2,-130,-2.21,5830,6070,5660,17718,104575790,65907328620,11482113,KSQ
120115,KR7120111000,코오롱인더우,KOSPI,,23800,2,-550,-2.26,24300,24300,23500,11111,264669450,65875068000,2767860,STK
004440,KR7004440004,삼일씨엔에스,KOSPI,,5160,2,-270,-4.97,5420,5420,5120,37279,195785425,65696846520,12731947,STK
045970,KR7045970001,코아시아,KOSDAQ,중견기업부,2495,2,-165,-6.2,2640,2650,2485,64015,162812907,65655615620,26314876,KSQ
032850,KR7032850000,비트컴퓨터,KOSDAQ,벤처기업부,3945,1,25,0.64,3920,3960,3905,16313,64157315,65578890885,16623293,KSQ
088390,KR7088390000,이녹스,KOSDAQ,중견기업부,6940,2,-360,-4.93,7300,7420,6890,4690,33102420,65137757360,9385844,KSQ
016090,KR7016090003,대현,KOSPI,,1470,2,-5,-0.34,1475,1487,1464,58343,85834612,65094995700,44282310,STK
081150,KR7081150005,티플랙스,KOSDAQ,중견기업부,2680,2,-80,-2.9,2750,2765,2610,33478,89910755,65039317360,24268402,KSQ
095720,KR7095720009,웅진씽크빅,KOSPI,,1143,2,-19,-1.64,1162,1175,1126,30741,35176627,64953358155,56827085,STK
222110,KR7222110009,팬젠,KOSDAQ,기술성장기업부,4800,1,75,1.59,4695,4820,4685,2034,9659125,64869643200,13514509,KSQ
039980,KR7039980008,폴라리스AI,KOSDAQ,중견기업부,4505,2,-675,-13.03,5180,5210,4460,862915,4195803388,64787369070,14381214,KSQ
070300,KR7070300009,엑스큐어,KOSDAQ,벤처기업부,1821,1,26,1.45,1848,1940,1782,350934,651699711,64690531509,35524729,KSQ
347000,KR7347000002,센코,KOSDAQ,기술성장기업부,1710,2,-10,-0.58,1721,1725,1682,15924,27117172,64656546660,37810846,KSQ
018500,KR7018500009,동원모빌리티,KOSPI,,1382,1,9,0.66,1370,1423,1362,95475,133083196,64615317406,46754933,STK
005870,KR7005870001,휴니드,KOSPI,,4575,2,-55,-1.19,4650,4835,4515,51369,240375524,64580768625,14116015,STK
001560,KR7001560002,제일연마,KOSPI,,8490,2,-10,-0.12,8660,8660,8470,489,4192440,64524000000,7600000,STK
010240,KR7010240000,흥국,KOSDAQ,우량기업부,5500,2,-30,-0.54,5520,5590,5490,14075,77388230,64383000000,11706000,KSQ
388870,KR7388870008,파로스아이바이오,KOSDAQ,기술성장기업부,4970,2,-130,-2.55,5020,5170,4945,25330,127900315,64341282040,12945932,KSQ
185490,KR7185490000,아이진,KOSDAQ,벤처기업부,1488,2,-19,-1.26,1500,1529,1450,92268,136937430,64325918592,43229784,KSQ
096350,KR7096350004,대창솔루션,KOSDAQ,벤처기업부,1743,2,-28,-1.58,1770,1834,1700,155121,273792996,64237850166,36854762,KSQ
048430,KR7048430003,유라테크,KOSDAQ,우량기업부,5570,2,-150,-2.62,5680,5700,5510,5799,32429625,64166400000,11520000,KSQ
026150,KR7026150003,특수건설,KOSDAQ,중견기업부,3655,2,-90,-2.4,3720,3750,3610,10989,40407785,64131839805,17546331,KSQ
321370,KR7321370009,센서뷰,KOSDAQ,기술성장기업부,1239,2,-56,-4.32,1310,1310,1209,660233,825017472,64012818534,51664906,KSQ
357580,KR7357580000,아모센스,KOSDAQ,기술성장기업부,5420,2,-470,-7.98,5840,5840,5410,38192,214009220,63900510040,11789762,KSQ
303360,KR7303360002,프로티아,KOSDAQ,기술성장기업부,4960,1,90,1.85,4870,5080,4830,26246,130786002,63883386400,12879715,KSQ
100220,KR7100220003,비상교육,KOSPI,,4915,2,-55,-1.11,4970,5070,4880,12547,61982665,63878982015,12996741,STK
443250,KR7443250006,레뷰코퍼레이션,KOSDAQ,벤처기업부,5900,2,-170,-2.8,6070,6070,5810,2687,15879070,63777920300,10809817,KSQ
208370,KR7208370007,셀바스헬스케어,KOSDAQ,벤처기업부,2475,2,-155,-5.89,2600,2600,2440,72564,182492015,63707895900,25740564,KSQ
006890,KR7006890008,태경케미컬,KOSPI,,5490,2,-120,-2.14,5610,5740,5460,41162,229632885,63684000000,11600000,STK
142280,KR7142280007,녹십자엠에스,KOSDAQ,중견기업부,2655,2,-55,-2.03,2675,2740,2615,85049,230086584,63621847305,23963031,KSQ
126880,KR7126880004,제이엔케이글로벌,KOSDAQ,우량기업부,2740,2,-20,-0.72,2720,2805,2690,34559,94208875,63581434220,23204903,KSQ
122350,KR7122350002,삼기,KOSDAQ,중견기업부,1658,2,-216,-11.53,1867,1867,1636,1891318,3256575061,63566771624,38339428,KSQ
004780,KR7004780003,대륙제관,KOSDAQ,우량기업부,3995,1,40,1.01,3955,4055,3940,59678,237967932,63533280005,15903199,KSQ
261780,KR7261780001,아리바이오랩,KOSDAQ,기술성장기업부,2265,2,-100,-4.23,2410,2410,2250,214328,490595205,63451512945,28013913,KSQ
043650,KR7043650001,국순당,KOSDAQ,중견기업부,3550,2,-35,-0.98,3560,3660,3510,32175,115090069,63396979200,17858304,KSQ
162300,KR7162300008,신스틸,KOSDAQ,우량기업부,1528,1,9,0.59,1518,1545,1516,13009,19916241,63368271696,41471382,KSQ
0015N0,KR70015N0000,아로마티카,KOSDAQ,벤처기업부,5030,2,-220,-4.19,5240,5260,4985,83302,425198960,63261917660,12576922,KSQ
214270,KR7214270001,FSN,KOSDAQ,중견기업부,1397,1,20,1.45,1400,1404,1349,46710,64288429,63220655245,45254585,KSQ
089850,KR7089850002,유비벨록스,KOSDAQ,우량기업부,4290,2,-30,-0.69,4285,4390,4210,5550,23994530,63192553710,14730199,KSQ
041460,KR7041460007,한국전자인증,KOSDAQ,중견기업부,3325,2,-130,-3.76,3430,3500,3315,23820,80295395,63175000000,19000000,KSQ
204840,KR7204840003,지엘팜텍,KOSDAQ,기술성장기업부,814,0,0,0.0,0,0,0,0,0,63124890884,77549006,KSQ
323350,KR7323350009,다원넥스뷰,KOSDAQ,기술성장기업부,7870,2,-620,-7.3,8490,8490,7650,12169,96838005,63044775640,8010772,KSQ
049550,KR7049550007,잉크테크,KOSDAQ,우량기업부,3215,1,170,5.58,3040,3220,3000,19715,61375660,63034180555,19606277,KSQ
478560,KR7478560006,블랙야크아이앤씨,KOSDAQ,벤처기업부,2440,2,-45,-1.81,2485,2525,2400,42278,103403695,63025927120,25830298,KSQ
007110,KR7007110000,일신석재,KOSPI,,810,2,-17,-2.06,811,843,800,145662,119779081,62739854100,77456610,STK
066310,KR7066310004,큐에스아이,KOSDAQ,벤처기업부,6760,2,-370,-5.19,7080,7090,6680,43443,296733790,62676157960,9271621,KSQ
060570,KR7060570009,드림어스컴퍼니,KOSDAQ,중견기업부,845,2,-14,-1.63,863,882,836,17853,15104581,62615829185,74101573,KSQ
003925,KR7003921004,남양유업우,KOSPI,,31300,1,350,1.13,30950,31500,30900,631,19626850,62600000000,2000000,STK
001840,KR7001840008,이화공영,KOSDAQ,관리종목(소속부없음),2215,0,0,0.0,0,0,0,0,0,62588831935,28256809,KSQ
123420,KR7123420002,위메이드플레이,KOSDAQ,우량기업부,5990,2,-110,-1.8,6070,6160,5950,6435,38819285,62302235590,10401041,KSQ
005670,KR7005670005,푸드웰,KOSDAQ,우량기업부,6230,2,-50,-0.8,6280,6310,6180,4789,29906150,62300000000,10000000,KSQ
294090,KR7294090006,이오플로우,KOSDAQ,관리종목(소속부없음),1490,0,0,0.0,0,0,0,0,0,62295566450,41809105,KSQ
012790,KR7012790002,신일제약,KOSDAQ,우량기업부,5190,2,-70,-1.33,5280,5280,5170,1829,9535810,62209493850,11986415,KSQ
111710,KR7111710000,남화산업,KOSDAQ,중견기업부,3020,2,-130,-4.13,3125,3160,2970,84769,258167350,62175760000,20588000,KSQ
009200,KR7009200007,무림페이퍼,KOSPI,,1493,1,23,1.56,1471,1511,1462,58087,86885344,62122699830,41609310,STK
003580,KR7003580008,HLB글로벌,KOSPI,,1225,1,14,1.16,1356,1491,1204,1135073,1533919663,62062793625,50663505,STK
068290,KR7068290006,삼성출판사,KOSPI,,6200,2,-150,-2.36,6430,6430,6190,2220,13942530,62000000000,10000000,STK
377480,KR7377480009,마음AI,KOSDAQ,기술성장기업부,8700,2,-690,-7.35,9500,9500,8600,70518,635831480,61859392500,7110275,KSQ
111110,KR7111110003,호전실업,KOSPI,,6780,1,20,0.3,6770,6850,6720,6671,45254100,61467480000,9066000,STK
003310,KR7003310000,대주산업,KOSDAQ,우량기업부,1734,2,-13,-0.74,1751,1889,1730,2654339,4820867836,61370334900,35392350,KSQ
348150,KR7348150004,고바이오랩,KOSDAQ,기술성장기업부,3160,2,-65,-2.02,3175,3240,3100,16187,51318660,61363689240,19418889,KSQ
002140,KR7002140002,고려산업,KOSPI,,2460,1,390,18.84,2170,2615,2115,24820152,59591489861,61350985500,24939425,STK
307870,KR7307870006,비투엔,KOSDAQ,벤처기업부,821,1,19,2.37,803,842,770,289482,234096742,60999712985,74299285,KSQ
002760,KR7002760007,보락,KOSPI,,1018,1,15,1.5,998,1041,998,104056,106261454,60978200000,59900000,STK
136150,KR7136150000,원일티엔아이,KOSDAQ,벤처기업부,7260,2,-410,-5.35,7670,7810,7230,6573,49336410,60846277800,8381030,KSQ
241690,KR7241690007,유니테크노,KOSDAQ,우량기업부,2485,2,-110,-4.24,2590,2590,2480,29255,73691805,60809704410,24470706,KSQ
010280,KR7010280006,아이티센엔텍,KOSDAQ,우량기업부,4660,2,-170,-3.52,4870,4870,4630,15947,75384940,60695367620,13024757,KSQ
0004V0,KR70004V0003,엔비알모션,KOSDAQ,기술성장기업부,5510,2,-390,-6.61,5710,5820,5490,84642,475790145,60667215840,11010384,KSQ
277880,KR7277880001,티에스아이,KOSDAQ,우량기업부,3055,2,-85,-2.71,3060,3145,3035,12068,37052435,60621012660,19843212,KSQ
079810,KR7079810008,APS이노베이션,KOSDAQ,우량기업부,2815,2,-100,-3.43,2850,2905,2800,40961,116799040,60601584610,21528094,KSQ
055490,KR7055490007,테이팩스,KOSPI,,12660,2,-560,-4.24,13020,13220,12660,9531,123143490,60598989000,4786650,STK
347860,KR7347860009,알체라,KOSDAQ,중견기업부,1437,2,-29,-1.98,1474,1487,1403,93909,134948918,60574790739,42153647,KSQ
040160,KR7040160004,누리플렉스,KOSDAQ,중견기업부,5000,2,-250,-4.76,5210,5250,4875,11658,58046555,60277675000,12055535,KSQ
453860,KR7453860009,에이에스텍,KOSDAQ,벤처기업부,9350,2,-200,-2.09,9500,9750,9200,8315,77814130,60255355050,6444423,KSQ
039420,KR7039420005,케이엘넷,KOSDAQ,중견기업부,2625,2,-55,-2.05,2690,2690,2625,39207,103866895,60235859250,22946994,KSQ
072130,KR7072130008,유엔젤,KOSPI,,4740,2,-50,-1.04,4830,4830,4705,16782,79451103,60176451960,12695454,STK
331740,KR7331740001,아우토크립트,KOSDAQ,기술성장기업부,6170,3,0,0.0,6270,6280,5910,32310,195869260,60163614470,9750991,KSQ
071090,KR7071090005,하이스틸,KOSPI,,2970,2,-60,-1.98,3005,3085,2940,53260,161321480,59968668870,20191471,STK
024900,KR7024900003,디와이덕양,KOSPI,,1831,2,-20,-1.08,1851,1874,1823,87479,161648880,59626478380,32564980,STK
010660,KR7010660009,화천기계,KOSPI,,2710,2,-10,-0.37,2720,2785,2660,54893,149539909,59620000000,22000000,STK
460940,KR7460940000,피앤에스로보틱스,KOSDAQ,기술성장기업부,4415,2,-295,-6.26,4520,4695,4390,28820,129974507,59405061200,13455280,KSQ
333620,KR7333620003,엔시스,KOSDAQ,벤처기업부,5400,2,-110,-2.0,5450,5480,5260,4374,23688930,59388714000,10997910,KSQ
016250,KR7016250003,SGC E&C,KOSDAQ,중견기업부,11770,2,-830,-6.59,12620,12630,11700,6342,76883455,59285325220,5036986,KSQ
085310,KR7085310001,엔케이,KOSPI,,7970,2,-100,-1.24,8180,8320,7900,47842,386091405,59122049780,7418074,STK
010040,KR7010040004,한국내화,KOSPI,,1438,2,-5,-0.35,1550,1550,1430,10581,15530540,59054435156,41067062,STK
053050,KR7053050001,지에스이,KOSDAQ,우량기업부,1969,1,14,0.72,1995,2040,1950,270849,541233747,59045578493,29987597,KSQ
117670,KR7117670000,알파칩스,KOSDAQ,벤처기업부,8830,2,-80,-0.9,8910,9020,8500,10342,90287720,58823181860,6661742,KSQ
002630,KR7002630002,오리엔트바이오,KOSPI,,992,1,12,1.22,957,1120,951,612891,629511464,58817169984,59291502,STK
083790,KR7083790006,CG인바이츠,KOSDAQ,벤처기업부,764,2,-10,-1.29,781,808,760,103334,79756128,58747155048,76894182,KSQ
417790,KR7417790003,트루엔,KOSDAQ,벤처기업부,5610,2,-20,-0.36,5600,5630,5520,4453,24832060,58727673510,10468391,KSQ
094850,KR7094850005,참좋은여행,KOSDAQ,우량기업부,4185,2,-25,-0.59,4235,4235,4155,22941,95885530,58590000000,14000000,KSQ
270520,KR7270520000,앱튼,KOSDAQ,투자주의환기종목(소속부없음),2980,1,20,0.68,2980,3035,2880,130804,386798862,58583563720,19658914,KSQ
288180,KR7288180003,케이피항공산업,KOSDAQ,중견기업부,7910,2,-330,-4.0,8110,8230,7720,18817,150885700,58480702420,7393262,KSQ
140070,KR7140070004,서플러스글로벌,KOSDAQ,벤처기업부,1578,2,-46,-2.83,1624,1624,1573,28906,45870516,58367064000,36988000,KSQ
448710,KR7448710004,코츠테크놀로지,KOSDAQ,벤처기업부,11040,1,190,1.75,10850,11870,10740,131683,1502112800,58349623680,5285292,KSQ
439580,KR7439580002,블루엠텍,KOSDAQ,기술성장기업부,1721,1,13,0.76,1697,1753,1670,42349,72782274,58249907387,33846547,KSQ
129260,KR7129260006,인터지스,KOSPI,,1956,1,6,0.31,1951,1967,1945,20522,40121262,58186841544,29747874,STK
099520,KR7099520009,DGI,KOSDAQ,관리종목(소속부없음),1284,0,0,0.0,0,0,0,0,0,58141862016,45281824,KSQ
0007J0,KR70007J0006,인벤테라,KOSDAQ,기술성장기업부,7390,2,-90,-1.2,7250,7550,7190,15326,112705490,58127626460,7865714,KSQ
291650,KR7291650000,압타머사이언스,KOSDAQ,기술성장기업부,950,0,0,0.0,0,0,0,0,0,57987279900,61039242,KSQ
059270,KR7059270009,해성에어로보틱스,KOSDAQ,기술성장기업부,5190,2,-450,-7.98,5540,5540,5100,52133,274693035,57947901810,11165299,KSQ
008370,KR7008370009,원풍,KOSDAQ,우량기업부,4820,2,-50,-1.03,4870,4875,4820,1196,5824359,57840000000,12000000,KSQ
286750,KR7286750005,나노실리칸첨단소재,KOSDAQ,투자주의환기종목(소속부없음),1803,1,37,2.1,1760,1848,1751,90869,163949717,57748029171,32028857,KSQ
048910,KR7048910004,대원미디어,KOSDAQ,우량기업부,4590,2,-100,-2.13,4700,4745,4560,6653,30646443,57737362140,12578946,KSQ
039020,KR7039020003,이건홀딩스,KOSDAQ,중견기업부,2555,2,-15,-0.58,2550,2595,2520,21201,54183800,57703931495,22584709,KSQ
010470,KR7010470003,오리콤,KOSDAQ,우량기업부,4810,2,-5,-0.1,4820,4855,4770,4505,21655440,57599990500,11975050,KSQ
215360,KR7215360009,우리산업,KOSDAQ,우량기업부,6300,2,-100,-1.56,6440,6440,6230,3337,21161530,57532626900,9132163,KSQ
216050,KR7216050005,인크로스,KOSDAQ,중견기업부,4715,2,-65,-1.36,4745,4800,4670,14200,67319340,57516502730,12198622,KSQ
007820,KR7007820004,엠엑스로보틱스,KOSDAQ,중견기업부,2870,2,-165,-5.44,3010,3010,2820,50876,146678180,57497425020,20033946,KSQ
179900,KR7179900006,유티아이,KOSDAQ,투자주의환기종목(소속부없음),2905,2,-215,-6.89,3120,3230,2850,122245,370236111,57491146860,19790412,KSQ
411080,KR7411080005,샌즈랩,KOSDAQ,기술성장기업부,3765,2,-160,-4.08,3805,3900,3720,13119,50042725,57482657070,15267638,KSQ
042110,KR7042110007,에스씨디,KOSDAQ,우량기업부,1188,1,39,3.39,1170,1283,1158,2469750,3013799881,57415522032,48329564,KSQ
168330,KR7168330009,내츄럴엔도텍,KOSDAQ,투자주의환기종목(소속부없음),1807,2,-22,-1.2,1828,1874,1790,6773,12271451,57381104300,31754900,KSQ
456570,KR7456570001,아이엠지티,KONEX,일반기업부,10890,1,240,2.25,10960,10960,10000,251,2536750,57333715560,5264804,KNX
263690,KR7263690000,디알젬,KOSDAQ,우량기업부,5050,1,40,0.8,4970,5100,4970,10987,55477260,57194330500,11325610,KSQ
004770,KR7004770004,써니전자,KOSPI,,1610,2,-31,-1.89,1641,1644,1593,167409,270327990,57166975180,35507438,STK
067170,KR7067170001,오텍,KOSDAQ,중견기업부,2080,2,-150,-6.73,2230,2265,2030,296909,628696984,57116346560,27459782,KSQ
006880,KR7006880009,신송홀딩스,KOSPI,,4825,2,-15,-0.31,4840,5020,4745,46769,228855755,57074239850,11828858,STK
091590,KR7091590000,남화토건,KOSDAQ,중견기업부,4860,2,-580,-10.66,5350,5390,4820,269094,1349386107,57056400000,11740000,KSQ
424960,KR7424960003,스마트레이더시스템,KOSDAQ,기술성장기업부,3460,2,-195,-5.34,3465,3655,3430,35521,124503663,57038480600,16485110,KSQ
000220,KR7000220004,유유제약,KOSPI,,3620,2,-40,-1.09,3660,3680,3585,51406,186412845,57005812440,15747462,STK
061040,KR7061040002,알에프텍,KOSDAQ,중견기업부,6300,2,-100,-1.56,6140,6420,6140,14526,90570080,57003804900,9048223,KSQ
039010,KR7039010004,현대에이치티,KOSDAQ,우량기업부,6580,2,-330,-4.78,6850,6900,6460,113313,753086970,56752500000,8625000,KSQ
006370,KR7006370001,대구백화점,KOSPI,,5230,2,-240,-4.39,5370,5800,5230,51726,284939490,56597025530,10821611,STK
408470,KR7408470003,한패스,KOSDAQ,중견기업부,5345,2,-345,-6.06,5560,5750,5250,44443,242818110,56507340000,10572000,KSQ
003010,KR7003010006,혜인,KOSPI,,4430,2,-10,-0.23,4440,4515,4380,68323,304518652,56317469210,12712747,STK
072950,KR7072950009,빛샘전자,KOSDAQ,벤처기업부,6990,2,-380,-5.16,7180,7250,6910,88356,625360525,56287743900,8052610,KSQ
251630,KR7251630000,브이원텍,KOSDAQ,벤처기업부,3515,2,-125,-3.43,3640,3685,3500,12314,43552160,56039244290,15942886,KSQ
010770,KR7010770006,평화홀딩스,KOSPI,,3830,2,-60,-1.54,3890,3900,3810,8033,30842635,56015534780,14625466,STK
039610,KR7039610001,화성밸브,KOSDAQ,우량기업부,5380,2,-60,-1.1,5400,5570,5300,26164,141962510,56007952000,10410400,KSQ
049480,KR7049480007,오픈베이스,KOSDAQ,우량기업부,1781,2,-51,-2.78,1829,1829,1770,165949,297839762,55963264123,31422383,KSQ
036120,KR7036120004,서울평가정보,KOSDAQ,중견기업부,1591,1,18,1.14,1576,1840,1564,3161555,5437127469,55915695000,35145000,KSQ
014470,KR7014470009,부방,KOSDAQ,벤처기업부,931,2,-19,-2.0,947,952,921,112058,104412719,55908654060,60052260,KSQ
246960,KR7246960009,SCL사이언스,KOSDAQ,기술성장기업부,1641,2,-16,-0.97,1700,1738,1623,9362,15440078,55821974127,34017047,KSQ
088910,KR7088910005,동우팜투테이블,KOSDAQ,우량기업부,2170,2,-40,-1.81,2205,2210,2160,21802,47490160,55816227880,25721764,KSQ
067920,KR7067920009,이글루,KOSDAQ,우량기업부,5070,2,-30,-0.59,5010,5120,5010,8860,44686050,55750323330,10996119,KSQ
050960,KR7050960004,수산아이앤티,KOSDAQ,벤처기업부,8250,1,60,0.73,8190,8260,8160,5569,45702460,55695750000,6751000,KSQ
060310,KR7060310000,3S,KOSDAQ,벤처기업부,1048,2,-42,-3.85,1090,1090,1047,55039,58582485,55605873920,53059040,KSQ
075180,KR7075180000,새론오토모티브,KOSPI,,2895,2,-20,-0.69,2930,2985,2865,2635,7696840,55584000000,19200000,STK
036670,KR7036670008,삼양케이씨아이,KOSDAQ,우량기업부,5160,2,-70,-1.34,5200,5230,5120,4447,22906800,55522632000,10760200,KSQ
340930,KR7340930007,성원에너텍,KOSDAQ,관리종목(소속부없음),806,0,0,0.0,0,0,0,0,0,55513882710,68875785,KSQ
053620,KR7053620001,태양,KOSDAQ,우량기업부,6440,1,10,0.16,6440,6490,6380,693,4464300,55384000000,8600000,KSQ
095270,KR7095270005,웨이브일렉트로,KOSDAQ,벤처기업부,3850,3,0,0.0,3850,3985,3775,67943,263979055,55333763100,14372406,KSQ
001210,KR7001210004,금호전기,KOSPI,,894,0,0,0.0,0,0,0,0,0,55320794202,61880083,STK
004450,KR7004450003,삼화왕관,KOSPI,,25650,1,200,0.79,25450,26300,25150,385,9932225,55259821350,2154379,STK
175140,KR7175140003,아고스,KOSDAQ,투자주의환기종목(소속부없음),2215,2,-35,-1.56,2295,2300,2160,19850,44466555,55251520395,24944253,KSQ
463020,KR7463020008,뉴엔AI,KOSDAQ,기술성장기업부,6220,2,-590,-8.66,6530,6710,6120,110358,704400210,55228624000,8879200,KSQ
104540,KR7104540000,코렌텍,KOSDAQ,기술성장기업부,4115,1,30,0.73,4050,4215,4050,10416,43124262,55171492150,13407410,KSQ
412350,KR7412350001,레이저쎌,KOSDAQ,기술성장기업부,3770,2,-360,-8.72,4115,4125,3750,209277,812681120,55053472110,14603043,KSQ
007280,KR7007280001,한국특강,KOSPI,,1921,2,-21,-1.08,1981,1981,1885,16435,31768281,55030003340,28646540,STK
001550,KR7001550003,조비,KOSPI,,10590,2,-80,-0.75,10700,11070,10530,36370,393348795,54985811010,5192239,STK
007370,KR7007370000,진양제약,KOSDAQ,우량기업부,3890,2,-35,-0.89,3925,3955,3860,6512,25386245,54983543430,14134587,KSQ
137080,KR7137080008,나래나노텍,KOSDAQ,중견기업부,5130,2,-100,-1.91,5250,5280,5120,6636,34199310,54942038370,10709949,KSQ
025550,KR7025550005,한국선재,KOSDAQ,중견기업부,2150,2,-45,-2.05,2180,2250,2140,85566,187248825,54855108600,25514004,KSQ
217480,KR7217480003,에스디생명공학,KOSDAQ,투자주의환기종목(소속부없음),499,0,0,0.0,0,0,0,0,0,54756837359,109733141,KSQ
273640,KR7273640003,와이엠텍,KOSDAQ,벤처기업부,4985,2,-135,-2.64,5120,5130,4960,4738,23828845,54665510000,10966000,KSQ
318160,KR7318160009,셀바이오휴먼텍,KOSDAQ,벤처기업부,5850,2,-130,-2.17,5970,5980,5780,7713,45272790,54624451050,9337513,KSQ
065530,KR7065530008,와이어블,KOSDAQ,우량기업부,1138,2,-8,-0.7,1140,1160,1122,89249,101796345,54440507742,47838759,KSQ
043710,KR7043710003,코스리거글로벌,KOSDAQ,중견기업부,3140,2,-90,-2.79,3235,3235,3035,2498,7892360,54361256280,17312502,KSQ
100590,KR7100590009,머큐리,KOSDAQ,중견기업부,3170,2,-170,-5.09,3290,3305,3155,90836,291382622,54332357650,17139545,KSQ
007460,KR7007460009,에이프로젠,KOSPI,,2300,2,-10,-0.43,2260,2375,2255,60329,139032845,54268345900,23594933,STK
214330,KR7214330003,금호에이치티,KOSPI,,5180,1,230,4.65,4940,5530,4900,153207,790385445,54166892220,10456929,STK
053160,KR7053160008,프리엠스,KOSDAQ,중견기업부,9020,2,-30,-0.33,9060,9140,8800,5563,50342630,54120000000,6000000,KSQ
033320,KR7033320003,제이씨현시스템,KOSDAQ,벤처기업부,2830,2,-15,-0.53,2855,2930,2795,28920,82269780,54093842560,19114432,KSQ
027050,KR7027050004,코리아나,KOSDAQ,중견기업부,1352,2,-43,-3.08,1390,1390,1323,27809,37878201,54080000000,40000000,KSQ
123010,KR7123010001,알엔티엑스,KOSDAQ,기술성장기업부,1554,0,0,0.0,0,0,0,0,0,54075680190,34797735,KSQ
092440,KR7092440007,기신정기,KOSPI,,1850,2,-29,-1.54,1879,1898,1842,30109,56285088,54020000000,29200000,STK
187420,KR7187420005,HLB제넥스,KOSDAQ,기술성장기업부,1652,2,-5,-0.3,1852,2035,1630,705032,1273190556,53929452444,32644947,KSQ
003465,KR7003461001,유화증권우,KOSPI,,3085,3,0,0.0,3085,3085,3085,16,49360,53914771125,17476425,STK
012690,KR7012690004,모나리자,KOSPI,,1473,2,-113,-7.12,1580,1614,1440,1565507,2394637659,53869458615,36571255,STK
134580,KR7134580000,탑코미디어,KOSDAQ,중견기업부,1092,1,8,0.74,1094,1098,1070,9416,10197375,53829210708,49294149,KSQ
003475,KR7003471000,유안타증권우,KOSPI,,4200,2,-30,-0.71,4190,4280,4130,30809,129200007,53807754000,12811370,STK
045340,KR7045340007,토탈소프트,KOSDAQ,벤처기업부,6280,2,-240,-3.68,6470,6580,6220,13597,85928670,53744491200,8558040,KSQ
459100,KR7459100004,위츠,KOSDAQ,중견기업부,3985,2,-140,-3.39,4105,4125,3985,10283,41504014,53662408500,13466100,KSQ
014950,KR7014950000,삼익제약,KOSDAQ,벤처기업부,5350,2,-330,-5.81,5680,6140,5270,1484914,8644247125,53540595800,10007588,KSQ
100030,KR7100030006,인지소프트,KOSDAQ,중견기업부,16250,2,-370,-2.23,16630,16630,16020,2356,38183020,53360352500,3283714,KSQ
302430,KR7302430004,이노메트리,KOSDAQ,벤처기업부,5410,2,-350,-6.08,5750,5750,5390,13085,72202785,53197655280,9833208,KSQ
002410,KR7002410009,범양건영,KOSPI,,1935,0,0,0.0,0,0,0,0,0,53173451700,27479820,STK
003780,KR7003780004,진양산업,KOSPI,,4090,2,-65,-1.56,4165,4185,4000,138149,563561297,53170000000,13000000,STK
299170,KR7299170001,더블유에스아이,KOSDAQ,중견기업부,1280,2,-19,-1.46,1280,1311,1259,80812,104115496,53134448640,41511288,KSQ
378850,KR7378850002,화승알앤에이,KOSPI,,2795,2,-60,-2.1,2855,2855,2780,19350,54095060,53087176285,18993623,STK
036090,KR7036090009,위지트,KOSDAQ,중견기업부,1247,2,-68,-5.17,1303,1303,1228,328218,413221029,53060490958,42550514,KSQ
033310,KR7033310004,엠투엔,KOSDAQ,중견기업부,1326,2,-7,-0.53,1316,1343,1302,46300,61251789,53003476656,39972456,KSQ
039240,KR7039240007,경남스틸,KOSDAQ,우량기업부,1963,2,-12,-0.61,1985,2025,1950,36693,73192039,52960962652,26979604,KSQ
420570,KR7420570004,제이투케이바이오,KOSDAQ,벤처기업부,9050,1,110,1.23,8920,9330,8780,23286,211538420,52919721150,5847483,KSQ
046940,KR7046940003,우원개발,KOSDAQ,우량기업부,2925,2,-125,-4.1,3050,3050,2870,88037,260155975,52867473750,18074350,KSQ
090080,KR7090080003,평화산업,KOSPI,,961,1,12,1.26,959,977,950,349877,338720088,52761070899,54902259,STK
004920,KR7004920005,씨아이테크,KOSPI,,1010,1,50,5.21,959,1019,935,126212,125558181,52701670720,52179872,STK
005305,KR7005301007,롯데칠성우,KOSPI,,67900,2,-400,-0.59,68400,68800,67500,1144,78159800,52643549000,775310,STK
136410,KR7136410008,아셈스,KOSDAQ,벤처기업부,4755,2,-20,-0.42,4795,4820,4650,5153,24445155,52395849030,11019106,KSQ
025530,KR7025530007,SJM홀딩스,KOSPI,,3505,2,-50,-1.41,3555,3560,3490,14213,50354920,52343698040,14934008,STK
347740,KR7347740003,피엔케이피부임상연구센타,KOSDAQ,벤처기업부,1744,2,-2,-0.11,1735,1766,1728,2021,3508502,52338444544,30010576,KSQ
218150,KR7218150001,미래생명자원,KOSDAQ,벤처기업부,2560,1,75,3.02,2650,2825,2500,7357981,19475530724,52264453120,20415802,KSQ
370090,KR7370090003,퓨런티어,KOSDAQ,기술성장기업부,6100,2,-190,-3.02,6300,6350,5990,18712,115448650,52196663000,8556830,KSQ
205470,KR7205470008,휴마시스,KOSDAQ,중견기업부,2115,3,0,0.0,2125,2200,2105,26144,56353991,52187627115,24675001,KSQ
054300,KR7054300009,팬스타엔터프라이즈,KOSDAQ,벤처기업부,901,2,-15,-1.64,915,918,896,26112,23639694,52141721445,57870945,KSQ
004830,KR7004830006,덕성,KOSPI,,3325,2,-50,-1.48,3330,3385,3290,28313,94575362,52136000000,15680000,STK
101140,KR7101140002,인바이오젠,KOSPI,,5190,1,20,0.39,5000,5330,5000,1701,8890350,52129481040,10044216,STK
024910,KR7024910002,경창산업,KOSDAQ,중견기업부,1454,2,-35,-2.35,1477,1487,1436,14468,21091406,52080833270,35819005,KSQ
384470,KR7384470001,코어라인소프트,KOSDAQ,기술성장기업부,2900,2,-30,-1.02,2930,2960,2815,42467,122618972,52045406800,17946692,KSQ
104620,KR7104620000,노랑풍선,KOSDAQ,중견기업부,3095,2,-55,-1.75,3100,3155,3070,13826,42953360,52028658440,16810552,KSQ
435570,KR7435570007,에르코스,KOSDAQ,벤처기업부,6830,2,-230,-3.26,6990,7220,6770,7272,50194930,52023993890,7616983,KSQ
063440,KR7063440002,SM Life Design,KOSDAQ,중견기업부,1146,2,-9,-0.78,1150,1159,1133,22798,26153064,51935991144,45319364,KSQ
053450,KR7053450003,세코닉스,KOSDAQ,우량기업부,3510,2,-145,-3.97,3650,3650,3510,10167,36342630,51922738530,14792803,KSQ
457370,KR7457370005,한켐,KOSDAQ,중견기업부,6440,2,-490,-7.07,6850,6910,6420,82953,542984310,51920142960,8062134,KSQ
228340,KR7228340006,동양파일,KOSDAQ,중견기업부,2595,2,-175,-6.32,2695,2800,2565,135783,358712869,51900000000,20000000,KSQ
155650,KR7155650005,와이엠씨,KOSDAQ,우량기업부,2735,2,-45,-1.62,2845,2845,2710,12030,33022015,51894869130,18974358,KSQ
123700,KR7123700007,SJM,KOSPI,,3320,2,-80,-2.35,3400,3410,3210,13338,44723985,51808261360,15604898,STK
027830,KR7027830009,대성창투,KOSDAQ,중견기업부,959,2,-2,-0.21,957,965,945,30374,28956063,51786000000,54000000,KSQ
000725,KR7000721001,현대건설우,KOSPI,,49100,2,-1100,-2.19,50300,50500,48800,1456,72483750,51785426300,1054693,STK
053270,KR7053270005,구영테크,KOSDAQ,우량기업부,1889,2,-11,-0.58,1880,1900,1879,24413,46147974,51778255045,27410405,KSQ
040610,KR7040610008,SG&G,KOSDAQ,중견기업부,3035,2,-55,-1.78,3060,3125,3005,5957,18181996,51727319930,17043598,KSQ
096610,KR7096610001,알에프세미,KOSDAQ,투자주의환기종목(소속부없음),2965,0,0,0.0,0,0,0,0,0,51550708615,17386411,KSQ
260930,KR7260930003,씨티케이,KOSDAQ,중견기업부,2665,2,-65,-2.38,2730,2950,2650,49158,135521490,51545340015,19341591,KSQ
033230,KR7033230004,인성정보,KOSDAQ,중견기업부,1019,2,-10,-0.97,1009,1035,1007,63746,64993607,51475172220,50515380,KSQ
011230,KR7011230000,삼화전자,KOSPI,,2680,2,-205,-7.11,2965,2985,2655,1319789,3723651080,51364303800,19165785,STK
064240,KR7064240005,홈캐스트,KOSDAQ,벤처기업부,1475,3,0,0.0,1475,1534,1463,20277,30291447,51174020225,34694251,KSQ
037440,KR7037440005,희림,KOSDAQ,우량기업부,3670,2,-80,-2.13,3690,3750,3590,131904,483177315,51095483250,13922475,KSQ
122310,KR7122310006,제노레이,KOSDAQ,우량기업부,3505,2,-15,-0.43,3495,3505,3385,6444,22142735,51011223220,14553844,KSQ
020760,KR7020760005,일진디스플,KOSPI,,902,0,0,0.0,0,0,0,0,0,50984432422,56523761,STK
950200,KR8840150005,소마젠,KOSDAQ,외국기업(소속부없음),2650,2,-70,-2.57,2720,2735,2645,8437,22651259,50975540450,19236053,KSQ
476040,KR7476040001,오가노이드사이언스,KOSDAQ,기술성장기업부,7740,1,90,1.18,7900,8250,7600,18824,148203495,50973782400,6585760,KSQ
064800,KR7064800006,포니링크,KOSDAQ,중견기업부,1993,2,-7,-0.35,2000,2015,1970,10078,20056056,50943987787,25561459,KSQ
263600,KR7263600009,덕우전자,KOSDAQ,중견기업부,3195,2,-25,-0.78,3170,3260,3160,14956,48063615,50897340450,15930310,KSQ
419080,KR7419080007,엔젯,KOSDAQ,기술성장기업부,4675,1,40,0.86,4635,4910,4425,44540,207132075,50825744475,10871817,KSQ
452400,KR7452400005,이닉스,KOSDAQ,우량기업부,5600,2,-270,-4.6,5830,5900,5590,18791,108237030,50799996800,9071428,KSQ
082850,KR7082850009,우리바이오,KOSDAQ,중견기업부,1047,2,-40,-3.68,1093,1093,1045,39707,42020252,50734037166,48456578,KSQ
006980,KR7006980007,우성,KOSPI,,16330,1,300,1.87,16020,16600,15800,1260,20399300,50459700000,3090000,STK
393970,KR7393970009,대진첨단소재,KOSDAQ,관리종목(소속부없음),2825,0,0,0.0,0,0,0,0,0,50428566500,17850820,KSQ
192250,KR7192250009,케이사인,KOSDAQ,벤처기업부,7130,2,-450,-5.94,7310,7560,7050,93501,681862570,50388601250,7067125,KSQ
460870,KR7460870009,에스엠씨지,KOSDAQ,벤처기업부,2510,2,-10,-0.4,2520,2570,2425,44477,111304020,50383993040,20073304,KSQ
463480,KR7463480004,모티브링크,KOSDAQ,중견기업부,4065,2,-105,-2.52,4250,4250,4065,2834,11796145,50366805270,12390358,KSQ
071670,KR7071670004,에이테크솔루션,KOSDAQ,중견기업부,5020,2,-250,-4.74,5200,5270,4980,13196,66910590,50200000000,10000000,KSQ
191420,KR7191420009,테고사이언스,KOSDAQ,벤처기업부,6180,2,-30,-0.48,6240,6400,6050,5623,34944660,50112594120,8108834,KSQ
081180,KR7081180002,쎄크,KOSDAQ,기술성장기업부,5670,2,-580,-9.28,6250,6250,5660,37749,221084660,50040783450,8825535,KSQ
057540,KR7057540007,옴니시스템,KOSDAQ,중견기업부,837,1,25,3.08,805,857,749,769944,614216704,49713002316,59394268,KSQ
089230,KR7089230007,THE E&M,KOSDAQ,중견기업부,1291,2,-37,-2.79,1316,1347,1268,100264,129723858,49601968014,38421354,KSQ
145170,KR7145170007,노브랜드,KOSDAQ,중견기업부,2930,2,-105,-3.46,2985,3045,2920,19818,58723635,49541626650,16908405,KSQ
001465,KR7001461003,BYC우,KOSPI,,23000,2,-350,-1.5,23500,23500,22950,57,1319150,49538550000,2153850,STK
0013V0,KR70013V0002,삼진식품,KOSDAQ,중견기업부,4960,3,0,0.0,4950,5070,4870,14055,69709145,49196533760,9918656,KSQ
391710,KR7391710001,코닉오토메이션,KOSDAQ,벤처기업부,1151,2,-59,-4.88,1190,1190,1130,104156,120127447,49056160970,42620470,KSQ
054930,KR7054930003,유신,KOSDAQ,우량기업부,16350,2,-330,-1.98,16680,16820,16240,5316,87401370,49050000000,3000000,KSQ
072990,KR7072990005,에이치시티,KOSDAQ,우량기업부,3380,2,-5,-0.15,3450,3515,3375,13166,45174950,49003936280,14498206,KSQ
294140,KR7294140009,레몬,KOSDAQ,관리종목(소속부없음),1960,2,-65,-3.21,2010,2105,1955,32807,66100040,48833043280,24914818,KSQ
317530,KR7317530004,에피소드컴퍼니,KOSDAQ,기술성장기업부,2785,2,-95,-3.3,2865,2865,2740,3499,9760119,48723246370,17494882,KSQ
256630,KR7256630005,포인트엔지니어링,KOSDAQ,벤처기업부,4195,2,-240,-5.41,4265,4340,4155,6521,27446835,48659541730,11599414,KSQ
046210,KR7046210001,HLB파나진,KOSDAQ,벤처기업부,1068,1,7,0.66,1157,1322,1041,1191643,1407679934,48623861280,45527960,KSQ
011000,KR7011000007,진원생명과학,KOSPI,,2670,0,0,0.0,0,0,0,0,0,48531471270,18176581,STK
317830,KR7317830008,에스피시스템스,KOSDAQ,벤처기업부,4500,2,-415,-8.44,4720,4865,4455,35684,164350360,48482181000,10773818,KSQ
021050,KR7021050000,서원,KOSPI,,1019,2,-21,-2.02,1030,1041,1013,84175,86372988,48376607210,47474590,STK
009320,KR7009320003,아진전자부품,KOSPI,,981,2,-7,-0.71,976,1002,974,70248,69622849,48363074370,49299770,STK
038010,KR7038010005,제일테크노스,KOSDAQ,우량기업부,5370,2,-120,-2.19,5480,5540,5350,19643,107160680,48330000000,9000000,KSQ
170790,KR7170790000,파이오링크,KOSDAQ,우량기업부,7530,2,-180,-2.33,7690,7750,7500,5155,39159360,48171932550,6397335,KSQ
097800,KR7097800007,윈팩,KOSDAQ,중견기업부,1759,2,-74,-4.04,1833,1834,1729,75318,132737258,48003189155,27290045,KSQ
037950,KR7037950003,엘컴텍,KOSDAQ,중견기업부,2835,1,30,1.07,2785,2950,2785,11226,32439150,47881741005,16889503,KSQ
023810,KR7023810005,인팩,KOSPI,,4785,2,-40,-0.83,4825,4875,4700,18236,86913315,47850000000,10000000,STK
082660,KR7082660002,코스나인,KOSDAQ,관리종목(소속부없음),480,0,0,0.0,0,0,0,0,0,47827617120,99640869,KSQ
066670,KR7066670001,디티씨,KOSDAQ,중견기업부,2555,1,10,0.39,2545,2590,2530,6973,17778305,47757850490,18691918,KSQ
311690,KR7311690002,CJ 바이오사이언스,KOSDAQ,기술성장기업부,3655,2,-80,-2.14,3735,3775,3630,9340,34470210,47754263610,13065462,KSQ
056360,KR7056360001,코위버,KOSDAQ,벤처기업부,4870,2,-190,-3.75,5050,5060,4790,26075,127294730,47710416000,9796800,KSQ
37550K,KR737550K011,DL이앤씨우,KOSPI,,22550,2,-900,-3.84,23500,23500,22500,1873,43219525,47668106750,2113885,STK
418250,KR7418250007,시큐레터,KOSDAQ,관리종목(소속부없음),6550,0,0,0.0,0,0,0,0,0,47629012750,7271605,KSQ
317850,KR7317850006,대모,KOSDAQ,벤처기업부,5720,2,-150,-2.56,5740,5860,5650,23341,134234310,47615682400,8324420,KSQ
004060,KR7004060000,SG세계물산,KOSPI,,2350,2,-65,-2.69,2410,2445,2335,50025,118849000,47569865600,20242496,STK
219550,KR7219550001,디와이디,KOSDAQ,관리종목(소속부없음),1230,2,-8,-0.65,1309,1349,1206,40047,51155952,47568104880,38673256,KSQ
101670,KR7101670008,하이드로리튬,KOSDAQ,중견기업부,837,2,-54,-6.06,873,878,833,250774,214412837,47522505519,56777187,KSQ
003680,KR7003680006,한성기업,KOSPI,,7620,2,-580,-7.07,8010,8130,7410,640416,4936993560,47316504300,6209515,STK
35320K,KR735320K011,대덕전자1우,KOSPI,,22550,2,-1950,-7.96,24000,24100,22350,4472,103218200,47253953450,2095519,STK
001620,KR7001620004,케이비아이동국실업,KOSPI,,2120,2,-20,-0.93,2120,2140,2105,6770,14384140,47188244720,22258606,STK
052460,KR7052460003,아이크래프트,KOSDAQ,벤처기업부,3230,1,105,3.36,3140,3300,3080,126785,408424320,47183633280,14607936,KSQ
373160,KR7373160001,데이원컴퍼니,KOSDAQ,기술성장기업부,3415,1,25,0.74,3485,3485,3390,156,531950,47152506635,13807469,KSQ
084650,KR7084650001,랩지노믹스,KOSDAQ,중견기업부,635,2,-21,-3.2,651,657,634,312267,200195284,47142393650,74239990,KSQ
007815,KR7007811003,코리아써우,KOSPI,,15880,2,-2320,-12.75,17750,17750,15880,452,7508140,47079277200,2964690,STK
019990,KR7019990001,에너토크,KOSDAQ,중견기업부,4820,2,-145,-2.92,4965,5000,4785,19013,92560635,47024344160,9756088,KSQ
023440,KR7023440001,제이스코홀딩스,KOSDAQ,관리종목(소속부없음),521,0,0,0.0,0,0,0,0,0,46964378481,90142761,KSQ
357250,KR7357250000,미래에셋맵스리츠,KOSPI,,1878,2,-2,-0.11,1880,1900,1878,34070,64250858,46940807190,24995105,STK
015710,KR7015710007,코콤,KOSDAQ,우량기업부,2670,2,-35,-1.29,2670,2750,2650,3552,9565025,46806435000,17530500,KSQ
180060,KR7180060006,탑선,KONEX,일반기업부,4995,2,-5,-0.1,5200,5200,4700,830,4057920,46691591670,9347666,KNX
006125,KR7006121008,SK디스커버리우,KOSPI,,37850,2,-550,-1.43,38350,38450,37550,828,31554000,46620034250,1231705,STK
011300,KR7011300001,우성머티리얼스,KOSPI,,2765,1,10,0.36,2755,2810,2690,35315,97373337,46496441845,16816073,STK
092300,KR7092300003,현우산업,KOSDAQ,우량기업부,2305,2,-45,-1.91,2325,2450,2265,60040,139603290,46445452655,20149871,KSQ
352910,KR7352910004,오비고,KOSDAQ,기술성장기업부,3675,2,-70,-1.87,3730,3730,3645,3197,11782695,46443922350,12637802,KSQ
069460,KR7069460004,대호에이엘,KOSPI,,2660,0,0,0.0,0,0,0,0,0,46322277400,17414390,STK
372910,KR7372910000,한컴라이프케어,KOSPI,,1673,1,11,0.66,1653,1719,1653,25354,42503166,46299281238,27674406,STK
004540,KR7004540001,깨끗한나라,KOSPI,,1241,2,-23,-1.82,1250,1283,1231,162527,204228042,46215700013,37240693,STK
198080,KR7198080004,캐프,KOSDAQ,우량기업부,2140,2,-50,-2.28,2180,2180,2130,14980,32197257,46085295900,21535185,KSQ
053980,KR7053980009,오상자이엘,KOSDAQ,우량기업부,2425,2,-30,-1.22,2450,2500,2410,24202,58902435,46033248775,18982783,KSQ
314140,KR7314140005,알피바이오,KOSDAQ,우량기업부,5310,2,-90,-1.67,5410,5460,5190,9200,48677110,46018376910,8666361,KSQ
065130,KR7065130007,탑엔지니어링,KOSDAQ,중견기업부,2875,2,-95,-3.2,2945,2945,2845,20035,57591565,46011500000,16004000,KSQ
099410,KR7099410003,동방선기,KOSDAQ,벤처기업부,3285,1,220,7.18,3065,3635,3005,493450,1658362909,45990000000,14000000,KSQ
060560,KR7060560000,HC홈센타,KOSDAQ,중견기업부,1811,3,0,0.0,1890,1900,1778,7260,13176962,45977669811,25388001,KSQ
189980,KR7189980006,흥국에프엔비,KOSDAQ,우량기업부,1143,2,-27,-2.31,1165,1165,1110,10845,12428284,45877536261,40137827,KSQ
471820,KR7471820001,셀로맥스사이언스,KOSDAQ,벤처기업부,4055,2,-35,-0.86,4005,4095,4000,3664,14714805,45833174345,11302879,KSQ
241790,KR7241790005,티이엠씨씨엔에스,KOSDAQ,우량기업부,4580,2,-195,-4.08,4775,4775,4540,26054,119537740,45812063720,10002634,KSQ
28513K,KR728513K010,SK케미칼우,KOSPI,,21650,2,-100,-0.46,20750,22200,20750,3449,74976325,45799037850,2115429,STK
376290,KR7376290003,씨유테크,KOSDAQ,벤처기업부,2590,2,-5,-0.19,2595,2665,2570,2265,5936690,45732925000,17657500,KSQ
440290,KR7440290005,HB인베스트먼트,KOSDAQ,중견기업부,1658,2,-12,-0.72,1675,1690,1640,40853,68291075,45605660940,27506430,KSQ
179530,KR7179530001,애드바이오텍,KOSDAQ,기술성장기업부,1690,2,-48,-2.76,1739,1840,1684,70177,122699816,45546005310,26950299,KSQ
217500,KR7217500008,러셀,KOSDAQ,벤처기업부,1428,2,-42,-2.86,1470,1470,1420,84930,121479409,45427536000,31812000,KSQ
041650,KR7041650003,상신브레이크,KOSPI,,2115,2,-80,-3.64,2175,2195,2100,33941,72101140,45412116750,21471450,STK
009835,KR7009831009,한화솔루션우,KOSPI,,17600,2,-350,-1.95,17950,18430,16660,8089,142194585,45326142400,2575349,STK
002920,KR7002920007,유성기업,KOSPI,,1743,3,0,0.0,1740,1752,1740,8209,14347546,45226492500,25947500,STK
127710,KR7127710002,아시아경제,KOSDAQ,중견기업부,1026,1,9,0.88,1014,1026,999,8257,8301616,45194489460,44049210,KSQ
094940,KR7094940004,푸른로보틱스,KOSDAQ,벤처기업부,5400,2,-350,-6.09,5710,5820,5340,38144,211927355,45151484400,8361386,KSQ
163280,KR7163280001,에어레인,KOSDAQ,기술성장기업부,3315,2,-85,-2.5,3400,3470,3300,28367,95453090,45094203570,13603078,KSQ
005030,KR7005030002,부산주공,KOSPI,,486,0,0,0.0,0,0,0,0,0,45092532168,92782988,STK
109080,KR7109080002,옵티시스,KOSDAQ,벤처기업부,7980,2,-330,-3.97,8220,8300,7950,8259,66464800,44975280000,5636000,KSQ
321260,KR7321260002,프로이천,KOSDAQ,벤처기업부,1593,2,-74,-4.44,1653,1684,1578,109972,177077320,44909989812,28192084,KSQ
048770,KR7048770002,TPC로보틱스,KOSDAQ,벤처기업부,2860,2,-320,-10.06,3180,3180,2850,166133,491526067,44896254260,15697991,KSQ
074610,KR7074610007,이엔플러스,KOSPI,,5110,0,0,0.0,0,0,0,0,0,44815400070,8770137,STK
007680,KR7007680002,대원,KOSDAQ,중견기업부,3385,1,10,0.3,3370,3440,3350,12603,42711525,44758968130,13222738,KSQ
052790,KR7052790003,액토즈소프트,KOSDAQ,중견기업부,4095,2,-65,-1.56,4175,4175,4000,18075,73058945,44736019965,10924547,KSQ
000950,KR7000950006,전방,KOSPI,,26600,2,-400,-1.48,25900,27850,25600,1097,29593850,44688000000,1680000,STK
004910,KR7004910006,조광페인트,KOSPI,,3485,1,20,0.58,3490,3585,3465,31083,109275775,44608000000,12800000,STK
226330,KR7226330009,신테카바이오,KOSDAQ,기술성장기업부,1835,4,423,29.96,1412,1835,1406,1125872,1974551071,44514301625,24258475,KSQ
460470,KR7460470008,아이빔테크놀로지,KOSDAQ,기술성장기업부,2940,1,15,0.51,2905,3070,2900,14589,43620385,44450947800,15119370,KSQ
099220,KR7099220006,SDN,KOSDAQ,중견기업부,704,2,-40,-5.38,744,760,689,267730,188008444,44312822400,62944350,KSQ
950220,KR8840140006,네오이뮨텍,KOSDAQ,기술성장기업부,1295,1,2,0.15,1305,1311,1264,75666,97420315,44304332800,34211840,KSQ
457600,KR7457600005,벡트,KOSDAQ,벤처기업부,3230,2,-80,-2.42,3350,3375,3190,78595,257509855,44275225000,13707500,KSQ
086060,KR7086060001,진바이오텍,KOSDAQ,중견기업부,5140,2,-20,-0.39,5200,5200,5020,17778,91332720,44258417180,8610587,KSQ
073110,KR7073110009,엘엠에스,KOSDAQ,벤처기업부,4970,2,-40,-0.8,4865,4995,4865,87,430885,44211902350,8895755,KSQ
288330,KR7288330004,파라택시스코리아,KOSDAQ,관리종목(소속부없음),416,0,0,0.0,0,0,0,0,0,44129674368,106080948,KSQ
317690,KR7317690006,퀀타매트릭스,KOSDAQ,기술성장기업부,2185,2,-70,-3.1,2255,2325,2140,26048,56778575,43995038365,20135029,KSQ
003080,KR7003080009,SB성보,KOSPI,,2195,3,0,0.0,2200,2220,2170,18739,41126135,43943900000,20020000,STK
072470,KR7072470008,우리산업홀딩스,KOSDAQ,중견기업부,2325,1,20,0.87,2345,2360,2295,8710,20221655,43913067825,18887341,KSQ
413640,KR7413640004,비아이매트릭스,KOSDAQ,벤처기업부,6090,2,-180,-2.87,6220,6270,5920,9900,59608160,43890264600,7206940,KSQ
023350,KR7023350002,한국종합기술,KOSPI,,4005,2,-95,-2.32,4130,4130,4000,20562,82887480,43854750000,10950000,STK
143540,KR7143540003,영우디에스피,KOSDAQ,벤처기업부,983,2,-28,-2.77,1010,1010,962,113120,110587449,43841696785,44599895,KSQ
479960,KR7479960007,위너스일렉,KOSDAQ,중견기업부,6140,2,-70,-1.13,6200,6250,6110,3480,21318180,43753640000,7126000,KSQ
261520,KR7261520001,이지스,KOSDAQ,기술성장기업부,4255,2,-330,-7.2,4530,4530,4230,68208,295686978,43732039000,10277800,KSQ
092780,KR7092780006,DYP,KOSPI,,3320,2,-95,-2.78,3415,3435,3250,14275,47661140,43719287200,13168460,STK
025880,KR7025880006,케이씨피드,KOSDAQ,우량기업부,2615,2,-10,-0.38,2630,2665,2600,45659,120098585,43711968670,16715858,KSQ
000910,KR7000910000,유니온,KOSPI,,2795,2,-15,-0.53,2810,2915,2750,33844,95679440,43634475105,15611619,STK
088280,KR7088280003,쏘닉스,KOSDAQ,기술성장기업부,2520,2,-205,-7.52,2700,2700,2500,71952,185744135,43612354800,17306490,KSQ
461030,KR7461030009,아이엠비디엑스,KOSDAQ,기술성장기업부,3035,2,-80,-2.57,3095,3150,3000,4755,14625960,43505259095,14334517,KSQ
051390,KR7051390003,YW,KOSDAQ,중견기업부,3820,3,0,0.0,3785,3850,3735,21956,83821322,43377505760,11355368,KSQ
481850,KR7481850006,신한글로벌액티브리츠,KOSPI,,997,2,-13,-1.29,1009,1009,996,11035,11052284,43347231008,43477664,STK
190650,KR7190650002,코리아에셋투자증권,KOSDAQ,우량기업부,6780,2,-20,-0.29,6750,6800,6710,1106,7468950,43310640000,6388000,KSQ
094970,KR7094970001,제이엠티,KOSDAQ,벤처기업부,2585,2,-60,-2.27,2640,2640,2565,98062,254285181,43294200400,16748240,KSQ
270870,KR7270870009,뉴트리,KOSDAQ,중견기업부,4690,1,30,0.64,4660,4700,4500,8011,37218020,43149050560,9200224,KSQ
066130,KR7066130006,하츠,KOSDAQ,우량기업부,3365,1,5,0.15,3315,3400,3315,10180,34282270,43072000000,12800000,KSQ
008420,KR7008420002,문배철강,KOSPI,,2100,2,-50,-2.33,2150,2150,2085,28493,60023900,43057360500,20503505,STK
0010V0,KR70010V0005,제이피아이헬스케어,KOSDAQ,벤처기업부,8420,2,-50,-0.59,8610,8610,8320,10394,87513470,42987468000,5105400,KSQ
011390,KR7011390002,부산산업,KOSPI,,40600,2,-450,-1.1,40950,41300,39950,772,31324450,42873600000,1056000,STK
238120,KR7238120000,얼라인드,KOSDAQ,기술성장기업부,3015,2,-65,-2.11,3090,3135,2955,15138,45719526,42868096110,14218274,KSQ
037230,KR7037230000,한국팩키지,KOSDAQ,우량기업부,1435,1,48,3.46,1400,1676,1400,1480763,2270287609,42763469245,29800327,KSQ
340360,KR7340360007,다보링크,KOSDAQ,투자주의환기종목(소속부없음),821,2,-51,-5.85,870,898,786,271605,225667643,42743535812,52062772,KSQ
189690,KR7189690001,포시에스,KOSDAQ,벤처기업부,1556,2,-19,-1.21,1570,1572,1550,9730,15124568,42512983764,27321969,KSQ
024950,KR7024950008,삼천리자전거,KOSDAQ,중견기업부,3425,2,-45,-1.3,3470,3470,3360,17385,58940180,42470000000,12400000,KSQ
097870,KR7097870000,효성오앤비,KOSDAQ,중견기업부,4995,2,-105,-2.06,5050,5240,4990,38547,196932155,42407550000,8490000,KSQ
056700,KR7056700008,신화인터텍,KOSDAQ,중견기업부,1455,2,-25,-1.69,1460,1485,1443,80210,116664511,42391557405,29135091,KSQ
222420,KR7222420002,쎄노텍,KOSDAQ,벤처기업부,875,2,-3,-0.34,869,898,854,123828,107464021,42366207625,48418523,KSQ
078590,KR7078590007,휴림에이텍,KOSDAQ,중견기업부,4235,1,870,25.85,4370,4370,3775,3227172,13351818913,42315353465,9991819,KSQ
296160,KR7296160005,프로젠,KONEX,일반기업부,2750,2,-45,-1.61,2795,2795,2700,3937,10716630,42281467250,15375079,KNX
225190,KR7225190008,LK삼양,KOSDAQ,중견기업부,600,2,-63,-9.5,663,671,591,750258,468762267,42281064000,70468440,KSQ
129890,KR7129890000,앱코,KOSDAQ,벤처기업부,928,2,-24,-2.52,943,960,919,135543,127059440,42266318656,45545602,KSQ
382150,KR7382150001,온코크로스,KOSDAQ,기술성장기업부,3235,2,-135,-4.01,3370,3470,3110,27016,87839365,42204955190,13046354,KSQ
273060,KR7273060004,와이즈버즈,KOSDAQ,중견기업부,855,1,10,1.18,831,879,831,37810,32193844,42018359400,49144280,KSQ
263020,KR7263020000,디케이앤디,KOSDAQ,벤처기업부,3035,2,-50,-1.62,3080,3095,3010,21473,65082640,41992703110,13836146,KSQ
215380,KR7215380007,콜마바이오텍,KOSDAQ,벤처기업부,2495,2,-55,-2.16,2650,2665,2460,29521,75575092,41989792120,16829576,KSQ
068330,KR7068330000,일신바이오,KOSDAQ,중견기업부,945,1,3,0.32,911,965,911,96376,90124383,41784252300,44216140,KSQ
277070,KR7277070009,린드먼아시아,KOSDAQ,중견기업부,3050,1,25,0.83,3090,3090,2960,347,1048460,41760600000,13692000,KSQ
178780,KR7178780003,일월지엠엘,KOSDAQ,벤처기업부,2235,2,-80,-3.46,2315,2315,2225,3597,8071670,41658600825,18639195,KSQ
052220,KR7052220001,iMBC,KOSDAQ,중견기업부,1811,2,-16,-0.88,1828,1830,1800,5797,10487393,41653000000,23000000,KSQ
131400,KR7131400004,이브이첨단소재,KOSDAQ,벤처기업부,698,2,-43,-5.8,730,754,683,1040378,737459086,41595133636,59591882,KSQ
114450,KR7114450000,그린생명과학,KOSDAQ,벤처기업부,2075,2,-15,-0.72,2045,2100,2045,65185,134500080,41500000000,20000000,KSQ
019490,KR7019490002,엑시큐어하이트론,KOSPI,,541,0,0,0.0,0,0,0,0,0,41349858070,76432270,STK
262260,KR7262260003,에이프로,KOSDAQ,우량기업부,2735,2,-120,-4.2,2855,2855,2715,36506,100678275,41237400100,15077660,KSQ
047400,KR7047400007,유니온머티리얼,KOSPI,,980,1,1,0.1,971,1020,950,41562,40940993,41160000000,42000000,STK
033540,KR7033540006,파라텍,KOSDAQ,중견기업부,787,0,0,0.0,0,0,0,0,0,41117862497,52246331,KSQ
224110,KR7224110007,에이텍모빌리티,KOSDAQ,벤처기업부,8090,2,-20,-0.25,7890,8120,7890,2051,16437210,41100322740,5080386,KSQ
017180,KR7017180001,명문제약,KOSPI,,1210,2,-10,-0.82,1222,1252,1200,199940,246102747,41083679340,33953454,STK
140520,KR7140520008,대창스틸,KOSDAQ,중견기업부,1944,2,-6,-0.31,1945,1962,1942,11723,22812154,41036368392,21109243,KSQ
060850,KR7060850005,영림원소프트랩,KOSDAQ,벤처기업부,5030,2,-170,-3.27,5160,5160,5010,3479,17522560,40898930000,8131000,KSQ
153460,KR7153460001,네이블,KOSDAQ,중견기업부,6240,1,120,1.96,6100,6400,6070,1912,11794000,40747287360,6530014,KSQ
038070,KR7038070009,서린바이오,KOSDAQ,중견기업부,4380,2,-20,-0.45,4400,4445,4325,6023,26411085,40736960880,9300676,KSQ
159580,KR7159580000,제로투세븐,KOSDAQ,중견기업부,2030,2,-40,-1.93,2070,2090,1997,14257,29042897,40666251080,20032636,KSQ
263810,KR7263810004,상신전자,KOSDAQ,중견기업부,2545,3,0,0.0,2565,2570,2500,48993,124413196,40528679625,15924825,KSQ
017040,KR7017040007,광명전기,KOSPI,,932,0,0,0.0,0,0,0,0,0,40390657180,43337615,STK
012280,KR7012280004,영화금속,KOSPI,,815,2,-2,-0.24,817,829,813,45570,37235875,40362471575,49524505,STK
026910,KR7026910000,광진실업,KOSDAQ,중견기업부,5090,2,-110,-2.12,5250,5480,4995,57178,300769300,40355179340,7928326,KSQ
066900,KR7066900002,디에이피,KOSDAQ,관리종목(소속부없음),1774,2,-26,-1.44,1781,1800,1695,2081,3624048,40348748322,22744503,KSQ
196450,KR7196450001,코아시아씨엠,KOSDAQ,중견기업부,889,2,-33,-3.58,920,921,883,13084,11726485,40289480000,45320000,KSQ
042940,KR7042940007,상지건설,KOSDAQ,중견기업부,5870,2,-290,-4.71,6160,6190,5800,55511,330656775,40084539440,6828712,KSQ
263920,KR7263920001,휴엠앤씨,KOSDAQ,중견기업부,4085,2,-20,-0.49,4130,4140,3980,7953,32474350,40069871210,9809026,KSQ
315640,KR7315640003,딥노이드,KOSDAQ,기술성장기업부,1362,1,2,0.15,1362,1380,1310,80119,108231961,40004979984,29372232,KSQ
014910,KR7014910004,성문전자,KOSPI,,1830,2,-150,-7.58,1990,1991,1820,336901,635959553,39998780310,21857257,STK
002290,KR7002290005,삼일기업공사,KOSDAQ,우량기업부,3220,2,-10,-0.31,3250,3250,3200,7491,24019850,39928000000,12400000,KSQ
008870,KR7008870008,금비,KOSPI,,39900,1,300,0.76,39600,40000,39150,219,8677450,39900000000,1000000,STK
299900,KR7299900001,위지윅스튜디오,KOSDAQ,중견기업부,233,0,0,0.0,0,0,0,0,0,39854389972,171048884,KSQ
089790,KR7089790000,제이티,KOSDAQ,벤처기업부,3860,2,-205,-5.04,4050,4050,3815,42732,167762772,39817880180,10315513,KSQ
133820,KR7133820001,화인베스틸,KOSPI,,1072,2,-42,-3.77,1114,1125,1050,56424,61140150,39786746144,37114502,STK
480370,KR7480370006,씨케이솔루션,KOSPI,,1224,3,0,0.0,1201,1263,1201,46291,56757268,39757243392,32481408,STK
064090,KR7064090004,인크레더블버즈,KOSDAQ,관리종목(소속부없음),798,0,0,0.0,0,0,0,0,0,39694710510,49742745,KSQ
050120,KR7050120005,ES큐브,KOSDAQ,중견기업부,2925,2,-5,-0.17,2925,3000,2860,857,2501125,39674951550,13564086,KSQ
189860,KR7189860000,서전기전,KOSDAQ,벤처기업부,4085,2,-215,-5.0,4250,4250,4045,37446,154200165,39619516300,9698780,KSQ
177900,KR7177900008,쓰리에이로직스,KOSDAQ,기술성장기업부,4110,2,-85,-2.03,4035,4250,3960,13945,56303410,39569436000,9627600,KSQ
014190,KR7014190003,원익큐브,KOSDAQ,우량기업부,1116,2,-34,-2.96,1150,1158,1114,34605,39188915,39500899236,35395071,KSQ
200580,KR7200580009,메디쎄이,KONEX,일반기업부,10600,2,-80,-0.75,10800,11190,10600,3417,36482770,39496437400,3726079,KNX
004410,KR7004410007,서울식품,KOSPI,,998,2,-20,-1.96,1017,1198,992,2911673,3213633019,39376102974,39455013,STK
171010,KR7171010002,램테크놀러지,KOSDAQ,벤처기업부,2750,2,-50,-1.79,2800,2815,2715,19268,52823435,39321568000,14298752,KSQ
261200,KR7261200000,덴티스,KOSDAQ,중견기업부,2485,3,0,0.0,2500,2560,2445,26550,66024241,39287104500,15809700,KSQ
037330,KR7037330008,인지디스플레,KOSDAQ,우량기업부,893,2,-5,-0.56,898,919,883,24078,21590729,39189505032,43885224,KSQ
026940,KR7026940007,부국철강,KOSPI,,1955,2,-70,-3.46,2005,2005,1939,185145,364831175,39100000000,20000000,STK
307280,KR7307280008,원바이오젠,KOSDAQ,벤처기업부,5510,1,140,2.61,5500,5570,5350,12587,68785725,39091394770,7094627,KSQ
000890,KR7000890004,보해양조,KOSPI,,1413,2,-40,-2.75,1454,1464,1375,352140,501403025,39032747325,27624025,STK
361570,KR7361570005,알비더블유,KOSDAQ,중견기업부,1357,2,-20,-1.45,1377,1389,1340,15525,21118412,39004645887,28743291,KSQ
122830,KR7122830003,원포유,KONEX,일반기업부,1190,1,111,10.29,1095,1239,1000,766,802905,38974862150,32751985,KNX
134790,KR7134790005,시디즈,KOSPI,,19470,1,100,0.52,19370,19500,19240,776,15057520,38940000000,2000000,STK
011420,KR7011420007,갤럭시아에스엠,KOSPI,,1411,2,-52,-3.55,1442,1445,1389,57601,81947160,38872547684,27549644,STK
122690,KR7122690001,서진오토모티브,KOSDAQ,중견기업부,1684,2,-4,-0.24,1689,1689,1662,15155,25414370,38865315544,23079166,KSQ
072770,KR7072770001,멤레이비티,KOSDAQ,중견기업부,936,1,63,7.22,887,1065,881,371491,366445118,38855323728,41512098,KSQ
234100,KR7234100006,폴라리스세원,KOSDAQ,우량기업부,2660,2,-25,-0.93,2670,2730,2600,8530,22775400,38840351760,14601636,KSQ
084870,KR7084870005,TBH글로벌,KOSPI,,1896,1,3,0.16,1877,1929,1801,14049,26350831,38788853376,20458256,STK
145270,KR7145270005,케이탑리츠,KOSPI,,807,3,0,0.0,808,822,805,20899,16918024,38785044618,48060774,STK
104200,KR7104200001,NHN벅스,KOSDAQ,중견기업부,2610,2,-10,-0.38,2695,2695,2535,18345,47697020,38699905500,14827550,KSQ
199550,KR7199550005,레이저옵텍,KOSDAQ,벤처기업부,2605,2,-35,-1.33,2640,2650,2555,6246,16246475,38673285555,14845791,KSQ
191600,KR7191600006,블루탑,KONEX,일반기업부,13520,2,-30,-0.22,13520,13520,13520,1,13520,38652706560,2858928,KNX
355690,KR7355690009,에이텀,KOSDAQ,기술성장기업부,4100,1,190,4.86,3885,4100,3810,37061,145315830,38560418000,9404980,KSQ
227950,KR7227950003,엔투텍,KOSDAQ,벤처기업부,1112,2,-24,-2.11,1136,1147,1103,27512,30955621,38373128408,34508209,KSQ
290670,KR7290670009,대보마그네틱,KOSDAQ,중견기업부,4880,2,-190,-3.75,5010,5060,4810,5331,26115105,38345380800,7857660,KSQ
043340,KR7043340009,에쎈테크,KOSDAQ,중견기업부,805,2,-11,-1.35,800,842,785,17392,13927373,38237500000,47500000,KSQ
049830,KR7049830003,승일,KOSDAQ,중견기업부,6230,2,-50,-0.8,6340,6340,6200,128,795180,38203057760,6132112,KSQ
258610,KR7258610005,케일럼,KOSDAQ,중견기업부,1045,2,-19,-1.79,1064,1074,1042,22175,23548102,38126890835,36485063,KSQ
044960,KR7044960003,이글벳,KOSDAQ,중견기업부,3015,2,-5,-0.17,3005,3070,2990,36135,109803955,38115277245,12641883,KSQ
050860,KR7050860006,아세아텍,KOSDAQ,우량기업부,1694,2,-3,-0.18,1681,1702,1672,2571,4335576,38115000000,22500000,KSQ
221980,KR7221980006,케이디켐,KOSDAQ,우량기업부,9440,2,-110,-1.15,9550,9550,9400,245,2321840,38088512000,4034800,KSQ
012160,KR7012160008,영흥,KOSPI,,2435,1,55,2.31,2360,2445,2300,18713,44863022,38036411805,15620703,STK
219420,KR7219420007,링크제니시스,KOSDAQ,기술성장기업부,3310,2,-115,-3.36,3410,3410,3265,23678,78148070,37964068170,11469507,KSQ
123570,KR7123570004,이엠넷,KOSDAQ,중견기업부,1699,1,14,0.83,1685,1702,1660,518,867343,37847056522,22276078,KSQ
007530,KR7007530009,와이엠,KOSDAQ,중견기업부,1698,3,0,0.0,1698,1711,1662,6139,10344851,37787684238,22254231,KSQ
051490,KR7051490001,나라엠앤디,KOSDAQ,우량기업부,2660,2,-25,-0.93,2605,2695,2605,2542,6736715,37772000000,14200000,KSQ
023960,KR7023960008,에쓰씨엔지니어링,KOSPI,,993,2,-5,-0.5,998,1005,979,26303,25941220,37769723175,38035975,STK
204020,KR7204020002,그리티,KOSDAQ,우량기업부,1939,2,-29,-1.47,1968,1992,1939,8205,16191732,37715163248,19450832,KSQ
290120,KR7290120005,DH오토리드,KOSDAQ,중견기업부,2380,2,-10,-0.42,2385,2465,2335,5577,13287975,37663921260,15825177,KSQ
256150,KR7256150004,한독크린텍,KOSDAQ,벤처기업부,4485,1,35,0.79,4500,4500,4450,546,2434480,37651575000,8395000,KSQ
150900,KR7150900009,파수AI,KOSDAQ,벤처기업부,3215,2,-95,-2.87,3310,3310,3165,13222,42835095,37628109230,11703922,KSQ
466410,KR7466410008,사이냅소프트,KOSDAQ,벤처기업부,7470,2,-150,-1.97,7620,7700,7350,1630,12247850,37626561810,5037023,KSQ
229000,KR7229000005,젠큐릭스,KOSDAQ,기술성장기업부,1606,2,-63,-3.77,1634,1680,1600,49840,80972634,37625632990,23428165,KSQ
065500,KR7065500001,오리엔트정공,KOSDAQ,중견기업부,1128,2,-35,-3.01,1162,1168,1118,104668,119775024,37498004736,33242912,KSQ
369370,KR7369370002,블리츠웨이엔터테인먼트,KOSDAQ,벤처기업부,750,0,0,0.0,0,0,0,0,0,37403933250,49871911,KSQ
900250,KYG2115T1076,크리스탈신소재,KOSDAQ,외국기업(소속부없음),1040,2,-31,-2.89,1071,1080,1020,87697,91659035,37247601040,35815001,KSQ
065440,KR7065440000,이루온,KOSDAQ,벤처기업부,1364,2,-69,-4.82,1432,1433,1350,143610,198300527,37203127280,27275020,KSQ
360350,KR7360350003,코셈,KOSDAQ,기술성장기업부,6840,2,-100,-1.44,6890,7190,6810,8800,61398770,37195714800,5437970,KSQ
014570,KR7014570006,고려제약,KOSDAQ,중견기업부,3370,2,-30,-0.88,3400,3410,3360,2613,8863035,37070000000,11000000,KSQ
105760,KR7105760003,포스뱅크,KOSDAQ,우량기업부,3635,1,15,0.41,3595,3650,3540,8560,30809896,37043874245,10190887,KSQ
045060,KR7045060001,오공,KOSDAQ,우량기업부,2185,2,-5,-0.23,2190,2205,2175,7390,16206215,37018213190,16941974,KSQ
321820,KR7321820003,아티스트컴퍼니,KOSDAQ,기술성장기업부,2370,2,-140,-5.58,2680,2680,2315,66454,160600905,36951561120,15591376,KSQ
352700,KR7352700009,씨앤투스,KOSDAQ,벤처기업부,1404,2,-12,-0.85,1404,1422,1389,24706,34757768,36892766196,26276899,KSQ
081580,KR7081580003,성우전자,KOSDAQ,중견기업부,2370,2,-5,-0.21,2360,2415,2350,38258,90762570,36754298910,15508143,KSQ
263770,KR7263770000,유에스티,KOSDAQ,우량기업부,1549,3,0,0.0,1570,1571,1511,498,776493,36711566428,23700172,KSQ
203450,KR7203450002,유니온바이오메트릭스,KOSDAQ,벤처기업부,2602,2,-28,-1.06,2690,2690,2550,3069,7939684,36633576214,14079007,KSQ
246690,KR7246690002,TS인베스트먼트,KOSDAQ,중견기업부,1540,1,4,0.26,1532,1586,1506,92722,142987640,36618387960,23778174,KSQ
046310,KR7046310009,백금T&A,KOSDAQ,우량기업부,2230,2,-45,-1.98,2260,2275,2210,22302,50006800,36613569430,16418641,KSQ
196300,KR7196300008,HLB펩,KOSDAQ,관리종목(소속부없음),3900,1,15,0.39,4200,4995,3780,105290,455975609,36568112100,9376439,KSQ
221840,KR7221840002,하이즈항공,KOSDAQ,중견기업부,1951,2,-23,-1.17,1974,2000,1932,5036,9953523,36484794511,18700561,KSQ
002880,KR7002880003,디와이에이,KOSPI,,779,2,-4,-0.51,777,790,769,171443,133523516,36436942105,46773995,STK
002870,KR7002870004,신풍,KOSPI,,1042,2,-12,-1.14,1046,1067,1030,41914,43739486,36426965400,34958700,STK
000215,KR7000211003,DL우,KOSPI,,21600,2,-50,-0.23,20900,22000,20900,1952,42125600,36420084000,1686115,STK
052600,KR7052600004,한네트,KOSDAQ,중견기업부,3140,2,-85,-2.64,3225,3230,3100,13519,43127452,36310018000,11563700,KSQ
024120,KR7024120008,KB오토시스,KOSDAQ,중견기업부,3155,2,-45,-1.41,3225,3230,3155,2958,9393820,36282500000,11500000,KSQ
305090,KR7305090003,마이크로디지탈,KOSDAQ,기술성장기업부,1944,2,-61,-3.04,1988,2070,1899,62473,125009228,36198934344,18620851,KSQ
013000,KR7013000005,세우글로벌,KOSPI,,1261,2,-34,-2.63,1274,1295,1236,9405,11888102,36197044091,28705031,STK
100660,KR7100660000,서암기계공업,KOSDAQ,중견기업부,2870,2,-80,-2.71,2955,2955,2865,39348,114387980,36162000000,12600000,KSQ
010400,KR7010400000,우진아이엔에스,KOSPI,,4730,1,10,0.21,4730,4785,4500,34447,160696185,36052060000,7622000,STK
373200,KR7373200005,엑스플러스,KOSDAQ,벤처기업부,1437,2,-42,-2.84,1489,1489,1383,81353,117271281,35987131569,25043237,KSQ
237820,KR7237820006,플레이디,KOSDAQ,중견기업부,2805,2,-30,-1.06,2780,2860,2780,8215,23206955,35980127700,12827140,KSQ
284620,KR7284620002,카이노스메드,KOSDAQ,투자주의환기종목(소속부없음),1087,0,0,0.0,0,0,0,0,0,35965517911,33086953,KSQ
011330,KR7011330008,유니켐,KOSPI,,3985,2,-60,-1.48,3835,4000,3460,134559,504898580,35939850255,9018783,STK
424980,KR7424980001,마이크로투나노,KOSDAQ,기술성장기업부,6070,2,-830,-12.03,6900,6900,6060,13543,86165680,35927662300,5918890,KSQ
059100,KR7059100008,아이컴포넌트,KOSDAQ,벤처기업부,5060,2,-120,-2.32,5160,5250,5040,4561,23293890,35778551600,7070860,KSQ
263700,KR7263700007,케어랩스,KOSDAQ,중견기업부,1840,2,-39,-2.08,1879,1903,1801,8946,16626951,35722128000,19414200,KSQ
068940,KR7068940006,셀피글로벌,KOSDAQ,관리종목(소속부없음),778,0,0,0.0,0,0,0,0,0,35720093048,45912716,KSQ
049800,KR7049800006,우진플라임,KOSPI,,1785,2,-15,-0.83,1800,1817,1763,2113,3781055,35700000000,20000000,STK
021650,KR7021650007,한국큐빅,KOSDAQ,중견기업부,2180,2,-40,-1.8,2230,2235,2175,1077,2394765,35644227340,16350563,KSQ
162120,KR7162120000,루켄테크놀러지스,KONEX,일반기업부,3190,1,15,0.47,3195,3195,3065,6527,20101230,35589560380,11156602,KNX
127980,KR7127980001,화인써키트,KOSDAQ,중견기업부,3000,2,-20,-0.66,3125,3125,2960,7192,21443245,35522052000,11840684,KSQ
019770,KR7019770007,서연탑메탈,KOSDAQ,우량기업부,3045,2,-75,-2.4,3090,3140,2970,6714,20262400,35474250000,11650000,KSQ
260660,KR7260660006,알리코제약,KOSDAQ,중견기업부,2310,2,-35,-1.49,2350,2360,2270,18262,42363575,35405418510,15327021,KSQ
263050,KR7263050007,유틸렉스,KOSDAQ,관리종목(소속부없음),959,0,0,0.0,0,0,0,0,0,35324626904,36834856,KSQ
250000,KR7250000007,보라티알,KOSDAQ,우량기업부,5230,2,-110,-2.06,5340,5340,5150,6995,36396090,35306333590,6750733,KSQ
458350,KR7458350006,에스팀,KOSDAQ,중견기업부,4065,2,-60,-1.45,4135,4135,3970,16884,67894666,35297208000,8683200,KSQ
043910,KR7043910009,자연과환경,KOSDAQ,벤처기업부,3105,2,-25,-0.8,3130,3190,3045,7376,22999565,35208045225,11339145,KSQ
101240,KR7101240000,씨큐브,KOSDAQ,우량기업부,3100,1,15,0.49,3055,3125,3025,3930,12152135,35206861200,11357052,KSQ
009460,KR7009460007,한창제지,KOSPI,,2945,2,-45,-1.51,3010,3025,2780,55609,161982660,35144148665,11933497,STK
089140,KR7089140008,넥스턴앤롤코리아,KOSDAQ,벤처기업부,2290,2,-15,-0.65,2290,2320,2225,53668,121512185,35074175860,15316234,KSQ
148930,KR7148930001,에이치와이티씨,KOSDAQ,중견기업부,3445,1,60,1.77,3400,3490,3395,70517,243688020,35053608785,10175213,KSQ
112190,KR7112190004,KC산업,KONEX,일반기업부,1287,2,-12,-0.92,1296,1296,1287,3,3870,35012692143,27204889,KNX
450330,KR7450330006,하스,KOSDAQ,기술성장기업부,4275,2,-65,-1.5,4340,4390,4230,1436,6132810,34998753825,8186843,KSQ
173940,KR7173940008,에프엔씨엔터,KOSDAQ,중견기업부,2270,1,70,3.18,2180,2350,2170,31081,70414360,34941674160,15392808,KSQ
184230,KR7184230001,SGA솔루션즈,KOSDAQ,벤처기업부,1849,2,-52,-2.74,1901,1901,1806,21350,39568450,34923873171,18887979,KSQ
207760,KR7207760000,미스터블루,KOSDAQ,중견기업부,420,3,0,0.0,429,429,412,25515,10677832,34893508860,83079783,KSQ
064520,KR7064520000,테크엘,KOSDAQ,중견기업부,1561,2,-30,-1.89,1608,1608,1543,1669,2588818,34890007782,22351062,KSQ
000760,KR7000760009,이화산업,KOSPI,,12460,1,230,1.88,12230,12950,12230,566,7099040,34888000000,2800000,STK
239890,KR7239890007,피엔에이치테크,KOSDAQ,기술성장기업부,3505,2,-25,-0.71,3530,3545,3435,4403,15369845,34824821275,9935755,KSQ
086040,KR7086040003,바이오톡스텍,KOSDAQ,벤처기업부,2175,3,0,0.0,2175,2180,2140,6807,14788895,34709187225,15958247,KSQ
083550,KR7083550004,케이엠,KOSDAQ,중견기업부,2550,2,-35,-1.35,2585,2625,2515,3327,8464945,34568220750,13556165,KSQ
032960,KR7032960007,동일기연,KOSDAQ,관리종목(소속부없음),1962,2,-22,-1.11,2010,2090,1960,10204,20441802,34517416950,17592975,KSQ
009140,KR7009140005,경인전자,KOSPI,,21900,2,-400,-1.79,22500,22500,21500,1051,22946200,34400454300,1570797,STK
365590,KR7365590009,하이딥,KOSDAQ,기술성장기업부,933,2,-17,-1.79,950,970,880,13755,12877032,34347975150,36814550,KSQ
004365,KR7004361002,세방우,KOSPI,,9300,1,280,3.1,9020,9470,8930,7038,65515980,34310025000,3689250,STK
057030,KR7057030009,YBM넷,KOSDAQ,중견기업부,2100,2,-10,-0.47,2150,2150,2085,3325,6992525,34256663700,16312697,KSQ
049470,KR7049470008,비트플래닛,KOSDAQ,중견기업부,1451,2,-59,-3.91,1522,1522,1450,8170,12152900,34163648449,23544899,KSQ
087600,KR7087600003,픽셀플러스,KOSDAQ,벤처기업부,4180,2,-80,-1.88,4215,4305,4180,1269,5380875,34136212440,8166558,KSQ
071850,KR7071850002,캐스텍코리아,KOSDAQ,투자주의환기종목(소속부없음),1407,2,-16,-1.12,1387,1416,1387,39,54171,34135139766,24260938,KSQ
465480,KR7465480002,인스피언,KOSDAQ,벤처기업부,3360,1,15,0.45,3320,3370,3285,5568,18466820,34062913920,10137772,KSQ
090410,KR7090410002,덕신이피씨,KOSDAQ,우량기업부,739,2,-2,-0.27,741,759,720,122456,90445579,34056146205,46084095,KSQ
208860,KR7208860007,다산디엠씨,KOSDAQ,벤처기업부,1002,1,12,1.21,989,1138,961,132162,136469529,34017872946,33949973,KSQ
033340,KR7033340001,좋은사람들,KOSDAQ,중견기업부,348,2,-18,-4.92,355,385,341,738306,263049907,33738794184,96950558,KSQ
025440,KR7025440009,DH오토웨어,KOSDAQ,투자주의환기종목(소속부없음),3455,2,-75,-2.12,3525,3525,3400,1017,3503960,33707823020,9756244,KSQ
200780,KR7200780005,비씨월드제약,KOSDAQ,중견기업부,3160,2,-30,-0.94,3120,3345,3120,4726,15024235,33703488760,10665661,KSQ
143210,KR7143210003,핸즈코퍼레이션,KOSPI,,1199,0,0,0.0,0,0,0,0,0,33571739817,27999783,STK
278650,KR7278650007,HLB바이오스텝,KOSDAQ,중견기업부,1925,1,116,6.41,2035,2350,1892,795376,1692139445,33557362300,17432396,KSQ
340810,KR7340810001,시선AI,KOSDAQ,기술성장기업부,2450,2,-160,-6.13,2565,2565,2350,147423,359437924,33430191200,13644976,KSQ
446070,KR7446070005,유니드비티플러스,KOSPI,,3145,2,-15,-0.47,3135,3160,3070,21941,68918325,33372271175,10611215,STK
128540,KR7128540002,에코캡,KOSDAQ,우량기업부,1250,2,-45,-3.47,1230,1299,1230,28696,36238691,33363075000,26690460,KSQ
332290,KR7332290006,누보,KOSDAQ,벤처기업부,836,1,23,2.83,812,879,806,310207,257642582,33360081744,39904404,KSQ
001070,KR7001070002,대한방직,KOSPI,,6280,2,-10,-0.16,6300,6370,6060,18017,113571470,33284000000,5300000,STK
465770,KR7465770006,STX그린로지스,KOSPI,,4640,1,90,1.98,4875,5210,4535,3504554,17249968114,33273588480,7171032,STK
033170,KR7033170002,시그네틱스,KOSDAQ,중견기업부,387,2,-14,-3.49,400,413,384,94273,36913165,33176859453,85728319,KSQ
006920,KR7006920003,모헨즈,KOSDAQ,중견기업부,3035,2,-85,-2.72,3090,3170,3000,71871,221468080,33142200000,10920000,KSQ
005360,KR7005360003,모나미,KOSPI,,1750,2,-227,-11.48,1957,1960,1720,2378397,4322574520,33070287250,18897307,STK
364950,KR7364950006,에이아이코리아,KOSDAQ,벤처기업부,3985,3,0,0.0,3955,4030,3910,21431,85127735,33061333325,8296445,KSQ
318410,KR7318410008,비비씨,KOSDAQ,중견기업부,5950,1,60,1.02,5880,5980,5800,1580,9269170,33053695850,5555243,KSQ
109820,KR7109820001,진매트릭스,KOSDAQ,기술성장기업부,1620,1,155,10.58,1448,1680,1447,127608,206456091,33037696800,20393640,KSQ
159910,KR7159910009,에코글로우,KOSDAQ,중견기업부,3155,2,-225,-6.66,3200,3210,3130,7516,23815215,33023691035,10467097,KSQ
432430,KR7432430007,와이랩,KOSDAQ,기술성장기업부,1996,2,-54,-2.63,2035,2075,1968,7249,14542298,32950606720,16508320,KSQ
215090,KR7215090002,솔디펜스,KOSDAQ,벤처기업부,1419,2,-26,-1.8,1428,1453,1380,95256,134915817,32857882959,23155661,KSQ
408900,KR7408900009,스튜디오미르,KOSDAQ,중견기업부,1003,2,-43,-4.11,1060,1060,993,87075,87594123,32851187787,32752929,KSQ
317870,KR7317870004,엔바이오니아,KOSDAQ,기술성장기업부,3715,1,30,0.81,3565,3940,3560,6093,22661205,32847639925,8841895,KSQ
046390,KR7046390001,삼화네트웍스,KOSDAQ,중견기업부,1900,2,-26,-1.35,1923,1939,1861,6213,11759871,32811428700,17269173,KSQ
495810,KR7495810004,유비씨,KONEX,일반기업부,13120,0,0,0.0,0,0,0,0,0,32800000000,2500000,KNX
186230,KR7186230009,그린플러스,KOSDAQ,벤처기업부,3000,2,-100,-3.23,3100,3130,2970,28346,85460831,32760564000,10920188,KSQ
053950,KR7053950002,경남제약,KOSDAQ,중견기업부,1669,1,66,4.12,1603,2025,1558,604256,1088294632,32745194181,19619649,KSQ
419120,KR7419120001,산돌,KOSDAQ,중견기업부,2300,2,-45,-1.92,2330,2350,2250,16148,36897130,32713104700,14223089,KSQ
393210,KR7393210000,토마토시스템,KOSDAQ,기술성장기업부,2095,2,-90,-4.12,2185,2185,2080,15690,33274989,32712469680,15614544,KSQ
016600,KR7016600009,큐캐피탈,KOSDAQ,중견기업부,2335,2,-25,-1.06,2325,2380,2300,12673,29669075,32600338335,13961601,KSQ
376930,KR7376930004,노을,KOSDAQ,기술성장기업부,630,2,-29,-4.4,659,672,628,92763,59586230,32313533490,51291323,KSQ
446840,KR7446840001,지슨,KOSDAQ,기술성장기업부,2925,2,-45,-1.52,3055,3350,2895,89626,274605245,32223601800,11016616,KSQ
038060,KR7038060000,루멘스,KOSDAQ,중견기업부,669,2,-31,-4.43,700,700,650,89163,60030442,32180953161,48103069,KSQ
020180,KR7020180006,대신정보통신,KOSDAQ,중견기업부,837,2,-14,-1.65,839,861,830,157904,132601546,32165001855,38428915,KSQ
308170,KR7308170000,씨티알모빌리티,KOSPI,,3720,3,0,0.0,3800,3830,3675,6525,24440967,32029200000,8610000,STK
215790,KR7215790007,이노인스트루먼트,KOSDAQ,중견기업부,795,2,-72,-8.3,890,890,789,1250273,1017317216,32025103455,40283149,KSQ
475460,KR7475460002,미트박스,KOSDAQ,벤처기업부,5650,2,-100,-1.74,5580,5810,5580,5054,28376360,31902866250,5646525,KSQ
080520,KR7080520000,오디텍,KOSDAQ,벤처기업부,2815,2,-70,-2.43,2865,2900,2780,3736,10649145,31872603855,11322417,KSQ
089150,KR7089150007,케이씨티,KOSDAQ,벤처기업부,1850,2,-60,-3.14,1886,1911,1823,41579,77207382,31727500000,17150000,KSQ
276730,KR7276730009,한울앤제주,KOSDAQ,투자주의환기종목(소속부없음),13340,2,-1150,-7.94,14490,14490,12460,24790,329977430,31640025440,2371816,KSQ
220180,KR7220180004,핸디소프트,KOSDAQ,벤처기업부,1321,2,-38,-2.8,1359,1364,1269,7456,9713451,31612642282,23930842,KSQ
459550,KR7459550000,알트,KOSDAQ,중견기업부,1252,1,51,4.25,1220,1543,1214,6510704,9133583274,31576392772,25220761,KSQ
363250,KR7363250002,진시스템,KOSDAQ,기술성장기업부,3710,1,120,3.34,3565,3795,3565,10122,37805610,31566097220,8508382,KSQ
075130,KR7075130005,플랜티넷,KOSDAQ,벤처기업부,1955,2,-55,-2.74,2010,2010,1950,8196,16226316,31519135600,16122320,KSQ
006570,KR7006570006,대림통상,KOSPI,,2065,2,-10,-0.48,2040,2110,2005,3666,7504855,31439625000,15225000,STK
064480,KR7064480007,브리지텍,KOSDAQ,벤처기업부,2630,1,10,0.38,2615,2640,2580,23222,60905834,31435075000,11952500,KSQ
299660,KR7299660001,셀리드,KOSDAQ,기술성장기업부,1065,2,-17,-1.57,1085,1135,1050,137872,150905731,31420670505,29502977,KSQ
103840,KR7103840005,우양,KOSDAQ,중견기업부,1918,2,-14,-0.72,1932,1987,1905,11758,22671176,31390808904,16366428,KSQ
066360,KR7066360009,체리부로,KOSDAQ,우량기업부,654,2,-15,-2.24,677,677,643,95820,62561277,31360617810,47952015,KSQ
452200,KR7452200009,민테크,KOSDAQ,기술성장기업부,1286,2,-60,-4.46,1347,1347,1275,52452,68870297,31291980800,24332800,KSQ
160550,KR7160550000,NEW,KOSDAQ,중견기업부,1121,2,-5,-0.44,1135,1139,1112,13575,15336448,31282744826,27906106,KSQ
262840,KR7262840002,아이퀘스트,KOSDAQ,벤처기업부,2955,2,-15,-0.51,2995,3060,2905,8124,23805465,31225343160,10566952,KSQ
258830,KR7258830009,세종메디칼,KOSDAQ,관리종목(소속부없음),412,0,0,0.0,0,0,0,0,0,31223976612,75786351,KSQ
002690,KR7002690006,동일제강,KOSPI,,1538,2,-7,-0.45,1532,1568,1532,16370,25230780,31221953680,20300360,STK
079000,KR7079000006,와토스코리아,KOSDAQ,중견기업부,4330,1,10,0.23,4385,4435,4295,15214,66379115,31176000000,7200000,KSQ
388610,KR7388610008,지에프씨생명과학,KOSDAQ,기술성장기업부,5850,2,-150,-2.5,5930,6000,5670,5090,29410465,31153490550,5325383,KSQ
060540,KR7060540002,에스에이티,KOSDAQ,중견기업부,1192,1,2,0.17,1182,1215,1167,136601,162999947,31150457328,26132934,KSQ
001380,KR7001380005,SG글로벌,KOSPI,,1383,2,-4,-0.29,1387,1394,1368,14869,20554627,31092704193,22482071,STK
105550,KR7105550008,엣지파운드리,KOSDAQ,중견기업부,397,0,0,0.0,0,0,0,0,0,31087899247,78307051,KSQ
068050,KR7068050004,팬엔터테인먼트,KOSDAQ,중견기업부,1121,2,-51,-4.35,1172,1195,1061,16150,18365682,31045059196,27694076,KSQ
027740,KR7027740000,마니커,KOSPI,,977,2,-7,-0.71,981,1005,973,53936,52911638,31025234878,31755614,STK
452160,KR7452160005,제이엔비,KOSDAQ,중견기업부,3215,2,-35,-1.08,3250,3265,3155,3595,11561060,30920349305,9617527,KSQ
297570,KR7297570004,아틀라스링크,KOSDAQ,벤처기업부,890,2,-41,-4.4,931,931,890,37153,33985669,30812884020,34621218,KSQ
337840,KR7337840003,유엑스엔,KONEX,일반기업부,6190,1,20,0.32,6200,6350,6000,37,227280,30810093620,4977398,KNX
310870,KR7310870001,디와이씨,KOSDAQ,벤처기업부,1405,2,-57,-3.9,1505,1505,1360,183293,257016491,30801255810,21922602,KSQ
024070,KR7024070005,WISCOM,KOSPI,,2005,1,5,0.25,2080,2080,1967,22443,44914289,30729508190,15326438,STK
036420,KR7036420008,콘텐트리중앙,KOSPI,,1595,2,-62,-3.74,1627,1640,1532,89889,141782695,30723381260,19262308,STK
133750,KR7133750000,메가엠디,KOSDAQ,중견기업부,1312,1,1,0.08,1325,1339,1299,3472,4547918,30710085024,23407077,KSQ
053290,KR7053290003,NE능률,KOSDAQ,중견기업부,1856,2,-6,-0.32,1862,1932,1819,33791,63433246,30672825792,16526307,KSQ
008250,KR7008250003,이건산업,KOSPI,,2800,2,-55,-1.93,2800,2905,2780,23517,66472460,30667378000,10952635,STK
003060,KR7003060001,에이프로젠바이오로직스,KOSPI,,2125,1,35,1.67,2150,2200,2080,108419,229576875,30626294750,14412374,STK
452300,KR7452300007,캡스톤파트너스,KOSDAQ,중견기업부,2160,2,-65,-2.92,2225,2290,2135,35759,77882846,30606130800,14169505,KSQ
025750,KR7025750001,한솔홈데코,KOSPI,,1898,2,-31,-1.61,1929,1929,1871,11610,21984239,30582529042,16113029,STK
007120,KR7007120009,미래아이앤지,KOSPI,,1118,1,8,0.72,1104,1169,1104,9200,10348091,30547241452,27323114,STK
035460,KR7035460005,기산텔레콤,KOSDAQ,벤처기업부,2045,2,-70,-3.31,2100,2135,2040,76559,159816230,30512095300,14920340,KSQ
002420,KR7002420008,세기상사,KOSPI,,5110,2,-140,-2.67,5200,5240,5020,3616,18614170,30506434280,5969948,STK
290090,KR7290090000,트윔,KOSDAQ,벤처기업부,4095,1,60,1.49,4095,4200,4065,1396,5762800,30469125960,7440568,KSQ
464280,KR7464280007,티디에스팜,KOSDAQ,중견기업부,5490,1,30,0.55,5520,5640,5360,7650,42027040,30359700000,5530000,KSQ
005820,KR7005820006,원림,KOSPI,,13190,2,-360,-2.66,13550,13590,13160,573,7686840,30310224300,2297970,STK
031510,KR7031510001,오스템,KOSDAQ,중견기업부,1081,2,-39,-3.48,1120,1120,1071,32644,35563743,30268000000,28000000,KSQ
246250,KR7246250005,에스엘에스바이오,KOSDAQ,관리종목(소속부없음),1969,0,0,0.0,0,0,0,0,0,30220617614,15348206,KSQ
227420,KR7227420007,도부,KONEX,일반기업부,794,0,0,0.0,0,0,0,0,0,30207340940,38044510,KNX
033830,KR7033830001,티비씨,KOSDAQ,중견기업부,1595,2,-3,-0.19,1582,1605,1582,17841,28487156,30156872350,18907130,KSQ
407400,KR7407400001,꿈비,KOSDAQ,벤처기업부,2055,3,0,0.0,2085,2195,2040,92357,195253115,30073967370,14634534,KSQ
351330,KR7351330006,이삭엔지니어링,KOSDAQ,벤처기업부,3620,2,-100,-2.69,3690,3805,3605,6068,22207470,30004442400,8288520,KSQ
012620,KR7012620001,원일특강,KOSDAQ,우량기업부,6810,2,-40,-0.58,6850,6980,6810,798,5487950,29964000000,4400000,KSQ
075970,KR7075970004,동국알앤에스,KOSDAQ,중견기업부,1622,2,-25,-1.52,1630,1645,1610,18488,29955055,29844800000,18400000,KSQ
014990,KR7014990006,인디에프,KOSPI,,1985,1,85,4.47,1900,2300,1868,237489,483149148,29819859015,15022599,STK
239610,KR7239610009,에이치엘사이언스,KOSDAQ,벤처기업부,5530,3,0,0.0,5490,5530,5460,835,4600970,29818395950,5392115,KSQ
091970,KR7091970004,LSK아이로봇,KOSDAQ,중견기업부,3955,1,40,1.02,3915,4200,3705,172544,684670800,29800054900,7534780,KSQ
023150,KR7023150006,MH에탄올,KOSPI,,4035,2,-145,-3.47,4290,4290,4020,8915,36320820,29772352410,7378526,STK
045510,KR7045510005,정원엔시스,KOSDAQ,중견기업부,922,2,-19,-2.02,970,1050,909,207321,199398019,29696967224,32209292,KSQ
131090,KR7131090003,시큐브,KOSDAQ,벤처기업부,3870,1,5,0.13,3865,3875,3825,3487,13429245,29637315270,7658221,KSQ
335810,KR7335810008,프리시젼바이오,KOSDAQ,기술성장기업부,1350,1,30,2.27,1333,1354,1320,13290,17771658,29631833100,21949506,KSQ
348030,KR7348030008,모비릭스,KOSDAQ,중견기업부,3085,1,35,1.15,3050,3095,3005,62298,189351418,29627723000,9603800,KSQ
006490,KR7006490007,프리티,KOSPI,,1000,2,-7,-0.7,1030,1030,981,39032,38986157,29577223000,29577223,STK
038950,KR7038950002,파인디지털,KOSDAQ,중견기업부,2895,2,-5,-0.17,2900,3075,2890,31,91385,29560164675,10210765,KSQ
014130,KR7014130009,한익스프레스,KOSPI,,2500,2,-130,-4.94,2635,2635,2450,43939,110571460,29544707500,11817883,STK
038620,KR7038620001,위즈코프,KOSDAQ,벤처기업부,1950,2,-40,-2.01,1990,1990,1942,18580,36359214,29534491350,15145893,KSQ
106240,KR7106240005,파인테크닉스,KOSDAQ,벤처기업부,1236,2,-34,-2.68,1280,1280,1200,37664,46560772,29512392240,23877340,KSQ
446440,KR7446440000,에피바이오텍,KONEX,일반기업부,12790,1,450,3.65,12790,12790,12790,1,12790,29504982410,2306879,KNX
088790,KR7088790001,진도,KOSPI,,2370,2,-40,-1.66,2410,2410,2355,5409,12882720,29501153280,12447744,STK
009810,KR7009810003,플레이그램,KOSPI,,1938,2,-35,-1.77,1957,1959,1877,2126,4057320,29435797500,15188750,STK
123750,KR7123750002,알톤,KOSDAQ,중견기업부,2130,1,20,0.95,2150,2150,2030,26550,55953725,29435021670,13819259,KSQ
095910,KR7095910006,에스에너지,KOSDAQ,중견기업부,788,2,-117,-12.93,980,980,783,1616559,1370827247,29389964292,37296909,KSQ
119500,KR7119500007,포메탈,KOSDAQ,중견기업부,2480,2,-35,-1.39,2500,2545,2470,20801,51825255,29381135360,11847232,KSQ
088340,KR7088340005,유라클,KOSDAQ,벤처기업부,6730,1,230,3.54,6450,6800,6410,16414,109577770,29372196640,4364368,KSQ
311390,KR7311390009,네오크레마,KOSDAQ,벤처기업부,2320,2,-25,-1.07,2270,2390,2270,13573,31628165,29356790480,12653789,KSQ
026040,KR7026040006,제이에스티나,KOSDAQ,중견기업부,1776,2,-35,-1.93,1850,1850,1753,15292,27319589,29310731040,16503790,KSQ
096630,KR7096630009,에스코넥,KOSDAQ,우량기업부,1843,2,-26,-1.39,1869,1894,1812,13901,25483053,29260063289,15876323,KSQ
032790,KR7032790008,엠젠솔루션,KOSDAQ,벤처기업부,1137,1,132,13.13,970,1300,939,829314,965345175,29198280522,25680106,KSQ
022220,KR7022220008,티케이지애강,KOSDAQ,중견기업부,563,2,-2,-0.35,565,592,539,5347,2998542,29160347977,51794579,KSQ
417860,KR7417860004,오브젠,KOSDAQ,벤처기업부,6180,2,-540,-8.04,6700,6700,6120,40398,256302220,29088679080,4706906,KSQ
351320,KR7351320007,넥사다이내믹스,KOSDAQ,중견기업부,973,2,-25,-2.51,997,999,954,15739,15336214,28896778666,29698642,KSQ
090370,KR7090370008,메타랩스,KOSPI,,1058,2,-10,-0.94,1111,1111,1052,8265,8827925,28888360962,27304689,STK
288620,KR7288620008,에스프리즘,KOSDAQ,벤처기업부,4130,2,-230,-5.28,4500,4500,4115,6634,27959785,28824575080,6979316,KSQ
069410,KR7069410009,엔텔스,KOSDAQ,벤처기업부,2810,2,-10,-0.35,2815,2845,2780,9947,28053705,28787955440,10244824,KSQ
002820,KR7002820009,SUN&L,KOSPI,,2275,2,-15,-0.66,2275,2295,2220,1193,2706220,28683174975,12607989,STK
010640,KR7010640001,진양폴리,KOSPI,,1717,1,117,7.31,1600,1730,1600,108437,181598940,28673900000,16700000,STK
462310,KR7462310004,뉴키즈온,KOSDAQ,중견기업부,3630,2,-25,-0.68,3655,3710,3540,7800,28259770,28671936150,7898605,KSQ
118000,KR7118000009,메타케어,KOSPI,,1295,2,-60,-4.43,1355,1355,1283,4977,6513993,28562241575,22055785,STK
038870,KR7038870002,에코심플렉스,KOSDAQ,중견기업부,2035,1,5,0.25,2015,2150,1971,37781,77795467,28520421215,14014949,KSQ
206400,KR7206400004,베노티앤알,KOSDAQ,중견기업부,760,3,0,0.0,760,779,742,60014,45239738,28507720080,37510158,KSQ
148250,KR7148250004,알엔투테크놀로지,KOSDAQ,벤처기업부,2090,2,-40,-1.88,2115,2175,2055,10442,21828755,28446371360,13610704,KSQ
271830,KR7271830002,팸텍,KOSDAQ,벤처기업부,964,2,-43,-4.27,975,996,958,147261,142890925,28428554728,29490202,KSQ
336060,KR7336060009,웨이버스,KOSDAQ,벤처기업부,590,0,0,0.0,0,0,0,0,0,28411568000,48155200,KSQ
317240,KR7317240000,TS트릴리온,KOSDAQ,벤처기업부,972,1,29,3.08,943,1024,901,534845,520869966,28359763092,29176711,KSQ
318010,KR7318010006,팜스빌,KOSDAQ,벤처기업부,3575,2,-115,-3.12,3690,3690,3440,20418,73623995,28347383350,7929338,KSQ
476080,KR7476080007,M83,KOSDAQ,중견기업부,3500,2,-90,-2.51,3465,3575,3430,9504,33166500,28269500000,8077000,KSQ
043220,KR7043220003,티에스넥스젠,KOSDAQ,관리종목(소속부없음),1710,0,0,0.0,0,0,0,0,0,28191099330,16486023,KSQ
065950,KR7065950008,웰크론,KOSDAQ,중견기업부,998,2,-32,-3.11,1020,1027,991,155830,156207359,28174839396,28231302,KSQ
068100,KR7068100007,케이웨더,KOSDAQ,기술성장기업부,2360,2,-50,-2.07,2420,2430,2300,4827,11356570,28148984960,11927536,KSQ
434480,KR7434480000,모니터랩,KOSDAQ,기술성장기업부,2285,2,-20,-0.87,2370,2400,2280,30427,71116235,28129035500,12310300,KSQ
066910,KR7066910001,손오공,KOSDAQ,중견기업부,2100,2,-255,-10.83,2280,2285,2040,291163,628706744,28111927200,13386632,KSQ
288980,KR7288980006,모아데이타,KOSDAQ,기술성장기업부,772,2,-4,-0.52,794,794,745,246871,189756275,28086424588,36381379,KSQ
354390,KR7354390007,바스칸바이오제약,KONEX,일반기업부,4000,3,0,0.0,3995,4000,3995,200,799990,28072988000,7018247,KNX
340440,KR7340440007,세림B&G,KOSDAQ,벤처기업부,987,1,48,5.11,990,1220,976,5501045,5944893858,28009445268,28378364,KSQ
065150,KR7065150005,대산F&B,KOSDAQ,중견기업부,1757,2,-70,-3.83,1893,1893,1678,139847,245686457,28003487680,15938240,KSQ
131220,KR7131220006,대한과학,KOSDAQ,벤처기업부,3750,2,-80,-2.09,3865,3865,3745,8894,33976910,27954337500,7454490,KSQ
039290,KR7039290002,인포뱅크,KOSDAQ,중견기업부,3205,2,-110,-3.32,3330,3380,3185,5630,18153195,27864199490,8693978,KSQ
227610,KR7227610003,아우딘퓨쳐스,KOSDAQ,벤처기업부,1435,2,-51,-3.43,1486,1542,1407,20099,29280351,27802509385,19374571,KSQ
050110,KR7050110006,캠시스,KOSDAQ,중견기업부,951,2,-48,-4.8,998,998,918,154550,147940016,27792806673,29224823,KSQ
187220,KR7187220009,디티앤씨,KOSDAQ,중견기업부,2410,2,-5,-0.21,2430,2590,2395,4698,11512925,27775088530,11524933,KSQ
257370,KR7257370007,피엔티엠에스,KOSDAQ,벤처기업부,2220,3,0,0.0,2290,2290,2115,8110,17709020,27760791420,12504861,KSQ
444530,KR7444530000,심플랫폼,KOSDAQ,기술성장기업부,4320,1,20,0.47,4300,4450,4220,5948,25631310,27728542080,6418644,KSQ
038880,KR7038880001,아이에이,KOSDAQ,투자주의환기종목(소속부없음),3680,2,-120,-3.16,3800,3815,3605,14235,52211814,27653076640,7514423,KSQ
206560,KR7206560005,덱스터,KOSDAQ,기술성장기업부,1085,0,0,0.0,0,0,0,0,0,27571733560,25411736,KSQ
005320,KR7005320007,온타이드,KOSPI,,806,2,-8,-0.98,829,829,781,53295,42516394,27555403070,34187845,STK
187270,KR7187270004,신화콘텍,KOSDAQ,벤처기업부,2710,2,-115,-4.07,2825,2825,2665,13285,36007995,27489819950,10143845,KSQ
197140,KR7197140007,디지캡,KOSDAQ,벤처기업부,2110,2,-10,-0.47,2120,2120,2085,9853,20813165,27457754940,13013154,KSQ
069140,KR7069140002,누리플랜,KOSDAQ,벤처기업부,1818,2,-2,-0.11,1820,1856,1796,21339,39218510,27444171672,15095804,KSQ
289220,KR7289220006,자이언트스텝,KOSDAQ,기술성장기업부,1224,2,-23,-1.84,1247,1273,1202,6508,8077518,27310158504,22312221,KSQ
450520,KR7450520002,인스웨이브,KOSDAQ,벤처기업부,1852,1,29,1.59,1960,1960,1752,4117,7521608,27232878456,14704578,KSQ
199480,KR7199480005,뱅크웨어글로벌,KOSDAQ,기술성장기업부,2665,2,-110,-3.96,2750,2750,2655,4522,12251121,27173907020,10196588,KSQ
290520,KR7290520006,신도기연,KOSDAQ,벤처기업부,1726,1,50,2.98,1690,1782,1610,20882,35036931,27160619064,15736164,KSQ
006345,KR7006341002,대원전선우,KOSPI,,10360,2,-740,-6.67,10860,10860,10260,70885,741139570,27155632000,2621200,STK
058110,KR7058110008,멕아이씨에스,KOSDAQ,기술성장기업부,1690,2,-97,-5.43,1772,1798,1690,69904,120255496,27125395700,16050530,KSQ
376180,KR7376180006,피코그램,KOSDAQ,벤처기업부,1461,1,94,6.88,1345,1553,1345,172329,253084194,27117676518,18561038,KSQ
138070,KR7138070008,신진에스엠,KOSDAQ,중견기업부,1549,2,-15,-0.96,1561,1563,1516,8329,12957430,27112462996,17503204,KSQ
044480,KR7044480002,빌리언스,KOSDAQ,중견기업부,815,2,-28,-3.32,843,854,815,22672,19133370,27099496540,33250916,KSQ
083640,KR7083640003,인콘,KOSDAQ,벤처기업부,1179,1,1,0.08,1160,1214,1142,7515,8922453,27067886397,22958343,KSQ
031310,KR7031310006,아이즈비전,KOSDAQ,중견기업부,904,2,-15,-1.63,913,930,903,51504,47120315,26890972504,29746651,KSQ
900070,KYG3931T1076,글로벌에스엠,KOSDAQ,외국기업(소속부없음),1000,1,1,0.1,1004,1018,980,20558,20481497,26871984000,26871984,KSQ
177830,KR7177830007,파버나인,KOSDAQ,벤처기업부,2370,2,-70,-2.87,2425,2425,2360,3451,8216935,26842603410,11325993,KSQ
188260,KR7188260004,세니젠,KOSDAQ,투자주의환기종목(소속부없음),1926,2,-72,-3.6,1920,1995,1919,1408,2729831,26773938468,13901318,KSQ
115160,KR7115160004,휴맥스,KOSDAQ,중견기업부,6200,2,-90,-1.43,6180,6400,6010,5705,34999590,26735280400,4312142,KSQ
311060,KR7311060008,엘에이티,KONEX,일반기업부,3385,2,-10,-0.29,3110,3385,3110,741,2304785,26647173590,7872134,KNX
017000,KR7017000001,신원종합개발,KOSDAQ,우량기업부,2280,2,-65,-2.77,2345,2380,2275,24293,55966395,26603101560,11668027,KSQ
030720,KR7030720007,동원수산,KOSPI,,5710,2,-60,-1.04,5770,5900,5680,32861,189287785,26573226550,4653805,STK
057680,KR7057680001,티사이언티픽,KOSDAQ,벤처기업부,1680,2,-60,-3.45,1759,1759,1676,10057,17271358,26532087120,15792909,KSQ
032750,KR7032750002,삼진,KOSDAQ,우량기업부,2935,2,-50,-1.68,3005,3005,2935,8224,24391045,26506343070,9031122,KSQ
093380,KR7093380004,풍강,KOSDAQ,중견기업부,2680,3,0,0.0,2680,2700,2650,5531,14761385,26476558840,9879313,KSQ
005110,KR7005110002,한창,KOSPI,,1254,0,0,0.0,0,0,0,0,0,26467434378,21106407,STK
093240,KR7093240000,형지엘리트,KOSPI,,431,2,-16,-3.58,447,475,420,927384,410562167,26459201629,61390259,STK
475660,KR7475660007,에스켐,KOSDAQ,기술성장기업부,3335,2,-120,-3.47,3490,3490,3330,9305,31512100,26445999725,7929835,KSQ
121890,KR7121890008,에스디시스템,KOSDAQ,중견기업부,1984,2,-66,-3.22,2050,2120,1927,15807,31458333,26370228864,13291446,KSQ
001810,KR7001810001,무림SP,KOSDAQ,중견기업부,1191,1,4,0.34,1177,1230,1177,17346,20846401,26365762500,22137500,KSQ
016920,KR7016920001,카스,KOSDAQ,중견기업부,994,2,-19,-1.88,1013,1013,981,34792,34635749,26334576772,26493538,KSQ
291230,KR7291230001,엔피,KOSDAQ,중견기업부,596,2,-16,-2.61,603,625,584,105963,63397530,26281081900,44095775,KSQ
376980,KR7376980009,원티드랩,KOSDAQ,기술성장기업부,2690,1,35,1.32,2655,2720,2590,31181,82405745,26271599860,9766394,KSQ
013720,KR7013720008,청보,KOSDAQ,중견기업부,431,0,0,0.0,0,0,0,0,0,26216929633,60828143,KSQ
130500,KR7130500002,GH신소재,KOSDAQ,중견기업부,1799,2,-61,-3.28,1859,1859,1797,25146,45532743,26166548548,14545052,KSQ
355390,KR7355390006,크라우드웍스,KOSDAQ,기술성장기업부,1646,2,-104,-5.94,1750,1750,1640,45638,76397123,26129170224,15874344,KSQ
356890,KR7356890004,싸이버원,KOSDAQ,벤처기업부,2185,2,-25,-1.13,2210,2295,2155,16242,36081960,26119107625,11953825,KSQ
032860,KR7032860009,더라미,KOSDAQ,중견기업부,646,1,20,3.19,649,664,610,18158,11497815,26095727498,40395863,KSQ
169330,KR7169330008,엠브레인,KOSDAQ,중견기업부,1424,2,-56,-3.78,1483,1483,1401,3264,4595978,26083291232,18316918,KSQ
198940,KR7198940009,한주라이트메탈,KOSDAQ,중견기업부,1310,2,-68,-4.93,1378,1380,1301,36422,48024425,26081785600,19909760,KSQ
238490,KR7238490007,힘스,KOSDAQ,벤처기업부,2300,2,-10,-0.43,2310,2325,2235,12756,28933266,26018142800,11312236,KSQ
013810,KR7013810007,스페코,KOSDAQ,중견기업부,1768,1,48,2.79,1818,1890,1737,83720,151059805,25910870960,14655470,KSQ
045300,KR7045300001,성우테크론,KOSDAQ,중견기업부,2455,2,-50,-2.0,2505,2505,2425,7814,19192695,25892914460,10547012,KSQ
290270,KR7290270008,휴네시온,KOSDAQ,벤처기업부,2695,1,55,2.08,2650,2760,2645,9854,26662640,25892676040,9607672,KSQ
080530,KR7080530009,코디,KOSDAQ,중견기업부,2330,2,-115,-4.7,2445,2455,2315,6633,15754992,25797023720,11071684,KSQ
016670,KR7016670002,디모아,KOSDAQ,중견기업부,2525,2,-165,-6.13,2690,2705,2525,5255,13797780,25740440850,10194234,KSQ
219750,KR7219750007,한국비티비,KOSDAQ,중견기업부,1964,1,9,0.46,2145,2145,1916,2152,4251708,25699680428,13085377,KSQ
33637K,KR733637K010,솔루스첨단소재1우,KOSPI,,1518,2,-39,-2.5,1550,1550,1513,5961,9098797,25667506788,16908766,STK
363260,KR7363260001,모비데이즈,KOSDAQ,벤처기업부,798,1,28,3.64,778,828,751,81223,64987233,25666687662,32163769,KSQ
348080,KR7348080003,큐라티스,KOSDAQ,중견기업부,2000,1,38,1.94,1976,2170,1944,81298,164023002,25655506000,12827753,KSQ
270210,KR7270210008,에스알바이오텍,KONEX,일반기업부,14990,1,490,3.38,14990,14990,14990,1,14990,25654605520,1711448,KNX
298060,KR7298060005,풍전약품,KOSDAQ,관리종목(소속부없음),2660,1,5,0.19,2640,2660,2590,3428,9010865,25635609020,9637447,KSQ
900310,HK0000341732,컬러레이,KOSDAQ,외국기업(소속부없음),2000,1,20,1.01,2045,2045,1941,13686,27033876,25616670000,12808335,KSQ
006740,KR7006740005,블루산업개발,KOSPI,,1079,1,196,22.2,904,1105,880,420252,432461843,25615271175,23739825,STK
007720,KR7007720006,소노스퀘어,KOSDAQ,중견기업부,1265,1,14,1.12,1210,1289,1210,37466,47775419,25502513850,20160090,KSQ
373170,KR7373170000,엠아이큐브솔루션,KOSDAQ,벤처기업부,1687,1,69,4.26,1627,1776,1580,5700,9319930,25496963730,15113790,KSQ
003535,KR7003531001,한화투자증권우,KOSPI,,5310,2,-410,-7.17,5770,5770,5290,22233,120388000,25488000000,4800000,STK
267790,KR7267790004,배럴,KOSDAQ,중견기업부,3310,2,-15,-0.45,3325,3395,3270,594,1986265,25451612790,7689309,KSQ
037370,KR7037370004,EG,KOSDAQ,벤처기업부,2945,2,-55,-1.83,3000,3020,2900,2726,8097867,25400542540,8624972,KSQ
002355,KR7002351005,넥센타이어1우B,KOSPI,,3905,3,0,0.0,3905,3955,3850,3283,12814545,25382500000,6500000,STK
033050,KR7033050006,제이엠아이,KOSDAQ,중견기업부,797,1,7,0.89,794,822,770,6447,5208645,25375944416,31839328,KSQ
318000,KR7318000007,KBG,KOSDAQ,벤처기업부,2895,2,-45,-1.53,2970,2970,2885,6578,19120365,25302945585,8740223,KSQ
146060,KR7146060009,율촌,KOSDAQ,중견기업부,1053,2,-25,-2.32,1067,1098,1045,67787,72096632,25288421535,24015595,KSQ
099390,KR7099390007,브레인즈컴퍼니,KOSDAQ,벤처기업부,3080,2,-35,-1.12,3115,3170,3065,9078,28202827,25281511640,8208283,KSQ
054940,KR7054940002,엑사이엔씨,KOSDAQ,중견기업부,760,0,0,0.0,0,0,0,0,0,25211896480,33173548,KSQ
035200,KR7035200005,프럼파스트,KOSDAQ,벤처기업부,2730,2,-15,-0.55,2725,2805,2645,15351,41193709,25170548130,9219981,KSQ
025890,KR7025890005,한국주강,KOSPI,,2255,1,5,0.22,2250,2260,2240,1530,3443445,25131109080,11144616,STK
097780,KR7097780001,에코볼트,KOSDAQ,중견기업부,1235,1,14,1.15,1225,1275,1222,3605,4482557,25061964915,20293089,KSQ
225220,KR7225220003,제놀루션,KOSDAQ,벤처기업부,1305,3,0,0.0,1305,1309,1251,6843,8864367,25042977405,19190021,KSQ
333050,KR7333050003,이노테나,KOSDAQ,벤처기업부,5080,2,-320,-5.93,5370,5370,5060,949,4897320,25016053600,4924420,KSQ
195500,KR7195500004,마니커에프앤지,KOSDAQ,중견기업부,1565,2,-22,-1.39,1574,1587,1545,13698,21458847,25005570000,15978000,KSQ
462510,KR7462510009,라메디텍,KOSDAQ,기술성장기업부,2840,1,15,0.53,2750,2855,2750,30546,86644170,25000420600,8802965,KSQ
027040,KR7027040005,서울전자통신,KOSDAQ,중견기업부,1796,2,-24,-1.32,1800,1839,1793,62501,112436013,24996313124,13917769,KSQ
043200,KR7043200005,파루,KOSDAQ,벤처기업부,596,2,-33,-5.25,629,629,595,74751,45540646,24915371740,41804315,KSQ
114630,KR7114630007,폴라리스우노,KOSDAQ,우량기업부,1443,2,-23,-1.57,1465,1484,1436,37198,54027160,24870462864,17235248,KSQ
023790,KR7023790009,동일스틸럭스,KOSDAQ,중견기업부,1902,2,-66,-3.35,1968,2300,1800,3933352,8211308478,24858774816,13069808,KSQ
318020,KR7318020005,포인트모바일,KOSDAQ,벤처기업부,2020,2,-20,-0.98,2050,2060,2005,8183,16620500,24848569440,12301272,KSQ
079170,KR7079170007,한창산업,KOSDAQ,우량기업부,4770,2,-20,-0.42,4740,4780,4720,1326,6302725,24804000000,5200000,KSQ
462980,KR7462980004,아이지넷,KOSDAQ,기술성장기업부,1359,2,-40,-2.86,1398,1399,1320,60658,81586465,24780599883,18234437,KSQ
300120,KR7300120003,라온피플,KOSDAQ,벤처기업부,500,1,22,4.6,478,509,470,129692,63013010,24752008000,49504016,KSQ
208350,KR7208350009,지란지교시큐리티,KOSDAQ,벤처기업부,3055,1,10,0.33,3060,3100,3000,8576,25937160,24750296350,8101570,KSQ
109960,KR7109960005,앱토크롬,KOSDAQ,투자주의환기종목(소속부없음),1634,1,10,0.62,1623,1645,1605,2165,3521877,24726068722,15132233,KSQ
237750,KR7237750005,피앤씨테크,KOSDAQ,벤처기업부,3805,2,-180,-4.52,3985,4005,3780,5046,19363365,24719563000,6496600,KSQ
033250,KR7033250002,체시스,KOSPI,,3855,2,-40,-1.03,3750,3935,3690,36961,138043505,24672000000,6400000,STK
047080,KR7047080007,한빛소프트,KOSDAQ,중견기업부,992,2,-20,-1.98,1012,1014,984,67021,66564262,24623783104,24822362,KSQ
051380,KR7051380004,피씨디렉트,KOSDAQ,중견기업부,1605,2,-93,-5.48,1698,1698,1571,20776,33397605,24620815560,15340072,KSQ
054780,KR7054780002,키이스트,KOSDAQ,중견기업부,1249,2,-2,-0.16,1248,1258,1238,17184,21430372,24552583457,19657793,KSQ
021880,KR7021880000,메이슨캐피탈,KOSDAQ,중견기업부,1157,2,-21,-1.78,1186,1186,1145,60557,70811603,24549735080,21218440,KSQ
036480,KR7036480002,대성미생물,KOSDAQ,중견기업부,6460,2,-50,-0.77,6510,6510,6410,1177,7586870,24548000000,3800000,KSQ
052300,KR7052300001,오션인더블유,KOSDAQ,중견기업부,1510,2,-74,-4.67,1586,1599,1450,45824,70941901,24528633280,16244128,KSQ
083660,KR7083660001,CSA 코스믹,KOSDAQ,중견기업부,230,0,0,0.0,0,0,0,0,0,24526966090,106638983,KSQ
091340,KR7091340000,S&K폴리텍,KOSDAQ,중견기업부,2095,2,-40,-1.87,2135,2155,2080,16922,35620305,24519295495,11703721,KSQ
406820,KR7406820001,뷰티스킨,KOSDAQ,벤처기업부,1730,2,-72,-4.0,1797,1819,1699,185421,322897417,24455551610,14136157,KSQ
048470,KR7048470009,대동스틸,KOSDAQ,중견기업부,2530,2,-70,-2.69,2590,2610,2510,36845,94205435,24414500000,9650000,KSQ
0010F0,KR70010F0005,보원케미칼,KOSDAQ,벤처기업부,2190,2,-85,-3.74,2235,2270,2120,40214,88384230,24404486190,11143601,KSQ
296640,KR7296640006,이노에이엑스,KOSDAQ,벤처기업부,4710,1,50,1.07,4680,4730,4615,2563,12037765,24389566920,5178252,KSQ
193250,KR7193250008,링크드,KOSDAQ,중견기업부,1820,1,20,1.11,1800,1875,1793,2898,5216802,24331458060,13368933,KSQ
378800,KR7378800007,샤페론,KOSDAQ,기술성장기업부,526,3,0,0.0,526,586,504,949656,518876451,24323834306,46243031,KSQ
085810,KR7085810000,알티캐스트,KOSDAQ,중견기업부,1717,2,-11,-0.64,1734,1750,1650,5150,8679127,24273148301,14136953,KSQ
464580,KR7464580000,닷밀,KOSDAQ,기술성장기업부,1318,2,-110,-7.7,1416,1427,1274,42960,56577076,24259225302,18406089,KSQ
024890,KR7024890006,대원화성,KOSPI,,2940,2,-80,-2.65,3005,3070,2925,2537,7503725,24254500200,8249830,STK
073540,KR7073540007,에프알텍,KOSDAQ,벤처기업부,2125,2,-70,-3.19,2195,2200,2080,24527,52010290,24225000000,11400000,KSQ
053060,KR7053060000,세동,KOSDAQ,중견기업부,1370,1,6,0.44,1368,1395,1364,47152,64978160,24190664030,17657419,KSQ
039740,KR7039740006,한국정보공학,KOSDAQ,벤처기업부,3015,2,-55,-1.79,3070,3095,3000,3550,10802720,24175466955,8018397,KSQ
019175,KR7019171008,신풍제약우,KOSPI,,12120,2,-110,-0.9,12470,12470,12120,392,4779270,24133707600,1991230,STK
063760,KR7063760003,이엘피,KOSDAQ,벤처기업부,2585,2,-15,-0.58,2600,2650,2500,15965,40998840,24105461050,9325130,KSQ
033200,KR7033200007,모아텍,KOSDAQ,투자주의환기종목(소속부없음),2610,2,-45,-1.69,2850,2850,2485,21544,54615840,24023820690,9204529,KSQ
208710,KR7208710004,포톤,KOSDAQ,중견기업부,1822,2,-48,-2.57,1876,1879,1810,41528,76247044,24014200504,13180132,KSQ
102950,KR7102950003,아하,KONEX,일반기업부,1829,1,130,7.65,1900,1900,1710,4265,7564771,23999960587,13121903,KNX
018680,KR7018680009,서울제약,KOSDAQ,벤처기업부,2055,2,-75,-3.52,2185,2185,1990,26797,55344079,23959900545,11659319,KSQ
254120,KR7254120009,자비스,KOSDAQ,기술성장기업부,779,2,-18,-2.26,797,806,732,59064,45455261,23957576330,30754270,KSQ
367000,KR7367000007,플래티어,KOSDAQ,벤처기업부,2850,2,-90,-3.06,2940,2940,2810,6618,18896955,23906389950,8388207,KSQ
003495,KR7003491008,대한항공우,KOSPI,,21500,2,-350,-1.6,21900,21900,21500,735,15913350,23882071000,1110794,STK
233990,KR7233990001,질경이,KONEX,일반기업부,1478,4,192,14.93,1478,1478,1478,1,1478,23837973252,16128534,KNX
019660,KR7019660000,글로본,KOSDAQ,중견기업부,1707,2,-127,-6.92,1824,1824,1705,8808,15204102,23802976431,13944333,KSQ
243870,KR7243870003,아이티센코어,KONEX,일반기업부,8200,0,0,0.0,0,0,0,0,0,23719574200,2892631,KNX
430690,KR7430690008,한싹,KOSDAQ,벤처기업부,2175,2,-190,-8.03,2465,2465,2105,67700,152524365,23697286200,10895304,KSQ
051630,KR7051630002,진양화학,KOSPI,,1117,2,-80,-6.68,1165,1186,1110,279037,317003054,23680400000,21200000,STK
044780,KR7044780005,에이치케이,KOSDAQ,벤처기업부,1279,1,24,1.91,1255,1283,1254,39751,50173182,23668901573,18505787,KSQ
109670,KR7109670000,씨싸이트,KOSDAQ,중견기업부,4055,1,115,2.92,3780,4245,3755,11689,46701445,23667421110,5836602,KSQ
222980,KR7222980005,한국맥널티,KOSDAQ,벤처기업부,2140,2,-45,-2.06,2200,2205,2140,1321,2865580,23607373620,11031483,KSQ
290560,KR7290560002,파라택시스이더리움,KOSDAQ,벤처기업부,1048,2,-39,-3.59,1100,1109,1046,58076,62262382,23436141040,22362730,KSQ
007770,KR7007770001,한일화학,KOSDAQ,중견기업부,6650,1,30,0.45,6780,6780,6650,2438,16364390,23341500000,3510000,KSQ
455180,KR7455180000,케이지에이,KOSDAQ,벤처기업부,1672,1,8,0.48,1663,1800,1610,60979,102952760,23338304352,13958316,KSQ
002360,KR7002360006,SH에너지화학,KOSPI,,2100,3,0,0.0,2100,2195,2080,57113,121031318,23338083300,11113373,STK
009310,KR7009310004,참엔지니어링,KOSPI,,5330,0,0,0.0,0,0,0,0,0,23329484620,4377014,STK
060380,KR7060380003,동양에스텍,KOSDAQ,중견기업부,1184,2,-4,-0.34,1188,1190,1171,6711,7915260,23324800000,19700000,KSQ
232830,KR7232830000,아이티센피엔에스,KOSDAQ,벤처기업부,1407,2,-3,-0.21,1466,1466,1391,5893,8289016,23262952482,16533726,KSQ
004270,KR7004270005,남성,KOSPI,,6400,1,90,1.43,6250,6600,6250,7189,46200030,23175782400,3621216,STK
354200,KR7354200008,엔젠바이오,KOSDAQ,기술성장기업부,2585,4,595,29.9,2150,2585,1995,2179101,5279860845,23101067055,8936583,KSQ
206950,KR7206950008,볼빅,KONEX,일반기업부,1640,1,201,13.97,1640,1640,1640,1,1640,23086714600,14077265,KNX
207490,KR7207490004,에이펙스인텍,KONEX,일반기업부,6410,0,0,0.0,0,0,0,0,0,23076000000,3600000,KNX
000040,KR7000040006,KR모터스,KOSPI,,267,0,0,0.0,0,0,0,0,0,23062174128,86375184,STK
134060,KR7134060003,이퓨쳐,KOSDAQ,벤처기업부,4830,1,35,0.73,4795,5020,4770,4297,20787940,23035477500,4769250,KSQ
387570,KR7387570005,파인메딕스,KOSDAQ,기술성장기업부,4090,2,-110,-2.62,4035,4155,3990,4315,17357450,23009931000,5625900,KSQ
019570,KR7019570001,플루토스,KOSDAQ,중견기업부,481,0,0,0.0,0,0,0,0,0,22955735101,47725021,KSQ
403360,KR7403360001,라피치,KONEX,일반기업부,6390,0,0,0.0,0,0,0,0,0,22913370630,3585817,KNX
368970,KR7368970000,오에스피,KOSDAQ,관리종목(소속부없음),2245,1,75,3.46,2220,2340,2160,103164,227106890,22892186425,10196965,KSQ
070590,KR7070590005,인티큐브,KOSDAQ,중견기업부,1649,2,-1,-0.06,1650,1669,1635,2699,4437653,22887330129,13879521,KSQ
067010,KR7067010009,이씨에스,KOSDAQ,벤처기업부,2100,2,-35,-1.64,2110,2135,2075,6103,12834480,22865850000,10888500,KSQ
353190,KR7353190002,휴럼,KOSDAQ,중견기업부,2900,2,-75,-2.52,2955,2955,2885,1952,5688360,22839483600,7875684,KSQ
131100,KR7131100000,티엔엔터테인먼트,KOSDAQ,중견기업부,707,3,0,0.0,725,737,707,14908,10769391,22798433868,32246724,KSQ
464500,KR7464500008,아이언디바이스,KOSDAQ,기술성장기업부,1628,2,-75,-4.4,1703,1730,1620,13266,21831332,22781032164,13993263,KSQ
032080,KR7032080004,아즈텍WB,KOSDAQ,중견기업부,1059,1,12,1.15,1048,1152,1022,46550,49423745,22758999711,21491029,KSQ
342870,KR7342870003,오아,KOSDAQ,중견기업부,4170,2,-230,-5.23,4400,4520,4150,4553,19605390,22727321490,5450197,KSQ
056730,KR7056730005,CNT85,KOSDAQ,중견기업부,1532,2,-44,-2.79,1570,1636,1531,1769,2736886,22707667084,14822237,KSQ
059180,KR7059180000,엔더블유시,KONEX,일반기업부,4265,2,-30,-0.7,4265,4265,4265,250,1066250,22664593850,5314090,KNX
398120,KR7398120006,에스지헬스케어,KOSDAQ,벤처기업부,1910,2,-31,-1.6,2040,2040,1890,16092,30951365,22617286010,11841511,KSQ
405920,KR7405920000,나라셀라,KOSDAQ,중견기업부,1755,2,-1,-0.06,1765,1799,1691,1023,1771362,22601023380,12878076,KSQ
179720,KR7179720008,머니무브,KONEX,일반기업부,8200,0,0,0.0,0,0,0,0,0,22550147600,2750018,KNX
210120,KR7210120002,캔버스엔,KOSDAQ,중견기업부,930,0,0,0.0,0,0,0,0,0,22540854540,24237478,KSQ
397810,KR7397810003,애드포러스,KOSDAQ,벤처기업부,4365,2,-95,-2.13,4500,4510,4330,5834,25500709,22526761050,5160770,KSQ
347770,KR7347770000,핌스,KOSDAQ,중견기업부,985,1,9,0.92,981,1000,955,28296,27609626,22514186370,22857042,KSQ
054090,KR7054090006,삼진엘앤디,KOSDAQ,중견기업부,902,2,-7,-0.77,909,927,900,25886,23541392,22513227264,24959232,KSQ
432980,KR7432980001,엠에프씨,KOSDAQ,기술성장기업부,2620,2,-20,-0.76,2640,2650,2595,4436,11604060,22510364040,8591742,KSQ
403490,KR7403490006,우듬지팜,KOSDAQ,벤처기업부,490,2,-18,-3.54,508,519,485,39295,19268166,22506907360,45932464,KSQ
008775,KR7008771008,호텔신라우,KOSPI,,29900,2,-150,-0.5,30100,30150,29300,612,18166800,22481182100,751879,STK
359090,KR7359090008,씨엔알리서치,KOSDAQ,중견기업부,1948,2,-15,-0.76,1963,1963,1917,4065,7906749,22390590564,11494143,KSQ
004870,KR7004870002,티웨이홀딩스,KOSPI,,988,2,-187,-15.91,1175,1175,928,398445,396343650,22361105624,22632698,STK
258790,KR7258790005,소프트캠프,KOSDAQ,벤처기업부,4460,1,40,0.9,4420,4605,4310,9192,41378720,22292221760,4998256,KSQ
153490,KR7153490008,우리이앤엘하루틴,KOSDAQ,우량기업부,433,1,3,0.7,432,434,430,6631,2857095,22290840000,51480000,KSQ
014100,KR7014100002,메디앙스,KOSDAQ,중견기업부,1878,2,-10,-0.53,1888,1890,1859,4898,9178824,22160400000,11800000,KSQ
383930,KR7383930005,디티앤씨알오,KOSDAQ,중견기업부,1730,2,-55,-3.08,1799,1799,1685,34408,59504327,22116541440,12784128,KSQ
065650,KR7065650004,하이퍼코퍼레이션,KOSDAQ,중견기업부,2020,2,-20,-0.98,1997,2025,1997,2561,5169556,22110893740,10945987,KSQ
429270,KR7429270002,시지트로닉스,KOSDAQ,기술성장기업부,3410,2,-35,-1.02,3445,3575,3385,31161,107615055,21991877710,6449231,KSQ
331520,KR7331520007,밸로프,KOSDAQ,중견기업부,2160,1,140,6.93,2165,2180,2025,41831,88698010,21973416480,10172878,KSQ
065370,KR7065370009,위세아이텍,KOSDAQ,벤처기업부,2975,2,-80,-2.62,3130,3130,2900,12909,38455198,21967263150,7383954,KSQ
188040,KR7188040000,바이오포트,KOSDAQ,벤처기업부,4675,2,-125,-2.6,4785,4785,4520,5372,24929617,21875764900,4679308,KSQ
424760,KR7424760007,벨로크,KOSDAQ,벤처기업부,2175,1,55,2.59,2155,2225,2090,72237,156482302,21868250400,10054368,KSQ
076080,KR7076080001,웰크론한텍,KOSDAQ,중견기업부,965,2,-36,-3.6,962,997,961,3109,3017674,21803360540,22594156,KSQ
352940,KR7352940001,인바이오,KOSDAQ,벤처기업부,2000,2,-15,-0.74,2015,2015,1965,1281,2563567,21735460000,10867730,KSQ
130740,KR7130740004,티피씨글로벌,KOSDAQ,중견기업부,1925,2,-75,-3.75,2000,2080,1880,62864,123068743,21707607075,11276679,KSQ
069640,KR7069640001,한세엠케이,KOSPI,,997,1,5,0.5,985,1030,975,5432,5372463,21670274557,21735481,STK
317860,KR7317860005,노드메이슨,KONEX,일반기업부,4795,1,5,0.1,4780,4795,4780,400,1915410,21640865925,4513215,KNX
131180,KR7131180002,딜리,KOSDAQ,벤처기업부,3685,2,-45,-1.21,3730,3730,3685,929,3430580,21630950000,5870000,KSQ
241840,KR7241840008,에이스토리,KOSDAQ,중견기업부,2265,2,-45,-1.95,2305,2360,2245,5843,13368265,21608086410,9539994,KSQ
115480,KR7115480006,씨유메디칼,KOSDAQ,중견기업부,1779,1,11,0.62,1768,1831,1759,3952,7008371,21570216669,12124911,KSQ
080720,KR7080720006,한국유니온제약,KOSDAQ,관리종목(소속부없음),2725,0,0,0.0,0,0,0,0,0,21562456300,7912828,KSQ
215480,KR7215480005,토박스코리아,KOSDAQ,중견기업부,2005,1,11,0.55,2010,2020,1976,10870,21742026,21533700000,10740000,KSQ
032280,KR7032280000,삼일,KOSDAQ,중견기업부,1325,1,42,3.27,1307,1336,1273,53298,70116822,21483006750,16213590,KSQ
223310,KR7223310004,사토시홀딩스,KOSDAQ,중견기업부,4120,2,-105,-2.49,4035,4250,4015,3987,16388680,21443125040,5204642,KSQ
006200,KR7006200000,한국전자홀딩스,KOSPI,,2285,2,-95,-3.99,2385,2385,2280,15630,36094548,21389032695,9360627,STK
33626L,KR733626K021,두산퓨얼셀2우B,KOSPI,,7160,2,-180,-2.45,7450,7450,7050,998,7115855,21381908000,2986300,STK
058450,KR7058450008,한주에이알티,KOSDAQ,투자주의환기종목(소속부없음),4260,2,-20,-0.47,4500,4500,4245,11382,49033020,21356964720,5013372,KSQ
415380,KR7415380005,스튜디오삼익,KOSDAQ,중견기업부,1860,2,-40,-2.11,1899,1899,1852,3684,6880384,21283933500,11442975,KSQ
403810,KR7403810005,아이엘로보틱스,KONEX,일반기업부,2140,1,110,5.42,2030,2330,2030,1173,2686765,21265920440,9937346,KNX
277410,KR7277410007,인산가,KOSDAQ,벤처기업부,5520,1,60,1.1,5550,5650,5370,4441,24273400,21203148000,3841150,KSQ
054410,KR7054410006,케이피티유,KOSDAQ,중견기업부,3700,1,25,0.68,3745,3745,3690,3466,12902950,21187842800,5726444,KSQ
139670,KR7139670004,키네마스터,KOSDAQ,중견기업부,1494,2,-51,-3.3,1545,1595,1471,5731,8689635,21093502140,14118810,KSQ
017250,KR7017250002,인터엠,KOSDAQ,중견기업부,1001,2,-13,-1.28,1014,1032,1000,8925,8974430,21066512467,21045467,KSQ
067730,KR7067730002,로지시스,KOSDAQ,중견기업부,2175,2,-65,-2.9,2225,2225,2155,10240,22291255,21040780350,9673922,KSQ
001420,KR7001420009,태원물산,KOSPI,,2765,2,-140,-4.82,2905,2955,2735,21054,59134460,21014000000,7600000,STK
034940,KR7034940007,조아제약,KOSDAQ,중견기업부,676,1,70,11.55,617,781,613,9247604,6764110469,20942363052,30979827,KSQ
076340,KR7076340009,지에이이노더스,KONEX,일반기업부,4295,3,0,0.0,4295,4295,4295,1,4295,20922920700,4871460,KNX
090150,KR7090150004,아이윈,KOSDAQ,중견기업부,499,0,0,0.0,0,0,0,0,0,20895771207,41875293,KSQ
331660,KR7331660001,한국미라클피플사,KONEX,일반기업부,3785,2,-110,-2.82,3785,3785,3785,265,1003025,20817500000,5500000,KNX
377030,KR7377030002,비트맥스,KOSDAQ,관리종목(소속부없음),1456,2,-44,-2.93,1488,1500,1381,9076,13238964,20808718112,14291702,KSQ
080470,KR7080470008,성창오토텍,KOSDAQ,벤처기업부,2850,2,-45,-1.55,2895,2900,2850,5600,16122330,20805000000,7300000,KSQ
023770,KR7023770001,플레이위드,KOSDAQ,중견기업부,2325,2,-5,-0.21,2330,2375,2305,3981,9293880,20800600875,8946495,KSQ
024940,KR7024940009,PN풍년,KOSDAQ,벤처기업부,2070,2,-25,-1.19,2065,2145,2055,92368,193445212,20700000000,10000000,KSQ
362990,KR7362990004,드림인사이트,KOSDAQ,벤처기업부,1232,1,2,0.16,1226,1249,1202,6373,7723235,20698307168,16800574,KSQ
032680,KR7032680001,소프트센,KOSDAQ,중견기업부,987,2,-4,-0.4,1000,1007,977,40879,40438295,20584754547,20855881,KSQ
373110,KR7373110006,엑셀세라퓨틱스,KOSDAQ,기술성장기업부,1190,2,-9,-0.75,1215,1215,1156,10382,12349192,20580328860,17294394,KSQ
377330,KR7377330006,이지트로닉스,KOSDAQ,기술성장기업부,2525,1,50,2.02,2475,2565,2380,2834,7078355,20553383850,8139954,KSQ
195990,KR7195990007,루트K,KOSDAQ,관리종목(소속부없음),630,0,0,0.0,0,0,0,0,0,20522721240,32575748,KSQ
224060,KR7224060004,더코디,KOSDAQ,투자주의환기종목(소속부없음),3975,2,-5,-0.13,3995,4085,3855,23487,92156995,20513869950,5160722,KSQ
049120,KR7049120009,파인디앤씨,KOSDAQ,벤처기업부,1931,2,-7,-0.36,1910,1977,1891,7211,13784871,20471811253,10601663,KSQ
096690,KR7096690003,에이루트,KOSDAQ,중견기업부,5080,1,40,0.79,5200,5200,5020,1433,7312290,20436037360,4022842,KSQ
039310,KR7039310008,세중,KOSDAQ,중견기업부,1126,1,25,2.27,1133,1172,1102,47336,53635964,20404997042,18121667,KSQ
469750,KR7469750004,아이비젼웍스,KOSDAQ,벤처기업부,590,2,-39,-6.2,629,629,585,72768,43446957,20329323790,34456481,KSQ
131760,KR7131760001,파인텍,KOSDAQ,벤처기업부,2340,4,540,30.0,1836,2340,1733,1651676,3654827804,20325979440,8686316,KSQ
021040,KR7021040001,대호특수강,KOSDAQ,중견기업부,935,2,-14,-1.48,949,949,914,4174,3928518,20293963690,21704774,KSQ
096870,KR7096870001,엘디티,KOSDAQ,벤처기업부,2425,1,80,3.41,2335,2425,2315,45850,108488636,20243897575,8347999,KSQ
405000,KR7405000001,플라즈맵,KOSDAQ,벤처기업부,5270,2,-250,-4.53,5520,5700,4910,74818,387191687,20228599880,3838444,KSQ
278990,KR7278990007,EMB,KONEX,일반기업부,2500,2,-200,-7.41,2500,2500,2500,10,25000,20161942500,8064777,KNX
440320,KR7440320000,오픈놀,KOSDAQ,기술성장기업부,2020,1,33,1.66,1987,2075,1881,18674,36971766,20159600000,9980000,KSQ
101680,KR7101680007,한국정밀기계,KOSDAQ,중견기업부,2390,1,95,4.14,2305,2400,2230,38786,89268100,20085560000,8404000,KSQ
115570,KR7115570004,스타플렉스,KOSDAQ,중견기업부,2515,3,0,0.0,2515,2550,2430,2805,6928620,20081037620,7984508,KSQ
002070,KR7002070001,비비안,KOSPI,,8350,1,1270,17.94,6940,8970,6780,288922,2356940550,20076272400,2404344,STK
301300,KR7301300000,바이브컴퍼니,KOSDAQ,기술성장기업부,1525,2,-73,-4.57,1615,1649,1455,33404,51107249,20060935800,13154712,KSQ
252500,KR7252500004,세화피앤씨,KOSDAQ,중견기업부,482,2,-21,-4.17,503,503,480,14759,7213154,19996439980,41486390,KSQ
192390,KR7192390003,윈하이텍,KOSDAQ,벤처기업부,1810,2,-41,-2.22,1848,1851,1800,6383,11663819,19968334490,11032229,KSQ
016100,KR7016100000,리더스코스메틱,KOSDAQ,중견기업부,1043,2,-49,-4.49,1081,1081,1022,5004,5186132,19922232442,19100894,KSQ
275630,KR7275630002,에스에스알,KOSDAQ,벤처기업부,3790,2,-210,-5.25,4165,4165,3750,5617,22024770,19911932320,5253808,KSQ
015020,KR7015020001,이스타코,KOSPI,,928,0,0,0.0,0,0,0,0,0,19883142400,21425800,STK
372800,KR7372800003,아이티아이즈,KOSDAQ,벤처기업부,2825,2,-85,-2.92,2980,2980,2755,18680,52473010,19880058925,7037189,KSQ
238200,KR7238200000,비피도,KOSDAQ,벤처기업부,2425,2,-75,-3.0,2525,2525,2425,3130,7760180,19836500000,8180000,KSQ
279600,KR7279600001,미디어젠,KOSDAQ,벤처기업부,4200,2,-180,-4.11,4365,4365,3960,4572,18679655,19676080200,4684781,KSQ
351870,KR7351870001,차이커뮤니케이션,KOSDAQ,중견기업부,1759,1,58,3.41,1713,2020,1713,31098,55909106,19631569278,11160642,KSQ
365900,KR7365900000,브이씨,KOSDAQ,벤처기업부,2675,2,-95,-3.43,2770,2770,2630,4152,11170650,19555052500,7310300,KSQ
001685,KR7001681006,대상우,KOSPI,,14260,1,90,0.64,14170,14300,14100,2521,35898275,19539379980,1370223,STK
065690,KR7065690000,파커스,KOSDAQ,투자주의환기종목(소속부없음),1389,2,-25,-1.77,1403,1413,1327,17247,23874441,19514520759,14049331,KSQ
317120,KR7317120004,라닉스,KOSDAQ,기술성장기업부,1275,2,-77,-5.7,1350,1350,1270,12098,15758690,19456500000,15260000,KSQ
073570,KR7073570004,리튬포어스,KOSDAQ,관리종목(소속부없음),1611,2,-59,-3.53,1659,1659,1610,8935,14470674,19392135408,12037328,KSQ
140430,KR7140430000,카티스,KOSDAQ,중견기업부,1811,2,-112,-5.82,1944,1959,1770,74785,138253428,19358697177,10689507,KSQ
361670,KR7361670003,삼영에스앤씨,KOSDAQ,기술성장기업부,3415,2,-85,-2.43,3515,3515,3400,2340,8090662,19355052070,5667658,KSQ
357430,KR7357430008,마스턴프리미어리츠,KOSPI,,634,1,8,1.28,627,748,627,111508,77064267,19340364638,30505307,STK
322780,KR7322780008,코퍼스코리아,KOSDAQ,중견기업부,2145,3,0,0.0,2040,2200,2010,50012,105428900,19251010350,8974830,KSQ
071950,KR7071950000,코아스,KOSPI,,1544,2,-97,-5.91,1670,1670,1504,94102,149012551,19236997080,12459195,STK
214610,KR7214610008,롤링스톤,KOSDAQ,관리종목(소속부없음),2290,0,0,0.0,0,0,0,0,0,19197807380,8383322,KSQ
015260,KR7015260003,에이엔피,KOSPI,,407,2,-27,-6.22,412,431,390,660684,268013570,19176575858,47116894,STK
274400,KR7274400001,이노시뮬레이션,KOSDAQ,기술성장기업부,2110,1,70,3.43,2040,2145,1999,18348,37691887,19172500230,9086493,KSQ
438700,KR7438700007,버넥트,KOSDAQ,기술성장기업부,1719,2,-44,-2.5,1763,1776,1672,14845,25312657,19158065910,11144890,KSQ
322970,KR7322970005,무진메디,KONEX,일반기업부,1899,1,19,1.01,1910,1940,1860,831,1562538,19152723411,10085689,KNX
196700,KR7196700009,웹스,KOSDAQ,벤처기업부,1327,2,-115,-7.98,1410,1410,1270,96043,128112906,19061219088,14364144,KSQ
048830,KR7048830004,엔피케이,KOSDAQ,중견기업부,1015,2,-20,-1.93,1035,1057,999,23001,23384374,19004781845,18723923,KSQ
069330,KR7069330009,유아이디,KOSDAQ,벤처기업부,1119,2,-61,-5.17,1177,1177,1083,37523,41887839,18969930306,16952574,KSQ
001000,KR7001000009,신라섬유,KOSDAQ,중견기업부,780,2,-15,-1.89,796,879,773,552241,454469225,18936481200,24277540,KSQ
353590,KR7353590003,오토앤,KOSDAQ,중견기업부,1470,2,-50,-3.29,1506,1520,1470,7359,10996431,18927087900,12875570,KSQ
154030,KR7154030001,아시아종묘,KOSDAQ,벤처기업부,1569,2,-45,-2.79,1575,1625,1569,8990,14374233,18925069323,12061867,KSQ
115610,KR7115610008,이미지스,KOSDAQ,벤처기업부,1601,2,-9,-0.56,1610,1657,1555,49160,77608584,18921849169,11818769,KSQ
328380,KR7328380001,솔트웨어,KOSDAQ,벤처기업부,2755,1,5,0.18,2670,2800,2670,5156,13952694,18878789025,6852555,KSQ
037400,KR7037400009,우리엔터프라이즈,KOSDAQ,중견기업부,718,1,17,2.43,703,769,703,107828,78247696,18828362428,26223346,KSQ
031860,KR7031860000,디에이치엑스컴퍼니,KOSDAQ,관리종목(소속부없음),693,0,0,0.0,0,0,0,0,0,18714758139,27005423,KSQ
222670,KR7222670002,플럼라인생명과학,KONEX,일반기업부,4635,0,0,0.0,0,0,0,0,0,18692639820,4032932,KNX
032800,KR7032800005,판타지오,KOSDAQ,중견기업부,1497,2,-3,-0.2,1500,1518,1491,18284,27355298,18654898434,12461522,KSQ
054220,KR7054220009,비츠로시스,KOSDAQ,벤처기업부,1480,2,-53,-3.46,1535,1539,1460,34774,51677667,18634111680,12590616,KSQ
038530,KR7038530002,케이바이오랩스,KOSDAQ,중견기업부,805,1,5,0.63,793,810,761,54079,42396325,18630009545,23142869,KSQ
0203K0,KR70203K0005,송우인포텍,KONEX,일반기업부,6210,0,0,0.0,0,0,0,0,0,18630000000,3000000,KNX
084440,KR7084440007,유비온,KOSDAQ,기술성장기업부,971,2,-37,-3.67,983,1024,942,9166,8927352,18577580791,19132421,KSQ
101400,KR7101400000,엔시트론,KOSDAQ,중견기업부,1562,2,-38,-2.38,1640,1640,1558,32900,52081366,18340672856,11741788,KSQ
110020,KR7110020005,전진바이오팜,KOSDAQ,기술성장기업부,2020,2,-230,-10.22,2245,2245,1950,24759,50401182,18298699240,9058762,KSQ
00499K,KR700499K014,롯데지주우,KOSPI,,22700,3,0,0.0,22700,22700,22350,274,6191750,18287188100,805603,STK
065060,KR7065060006,지엔코,KOSDAQ,중견기업부,3050,2,-120,-3.79,3260,3260,3050,1894,5914590,18270677300,5990386,KSQ
103230,KR7103230009,에스앤더블류,KOSDAQ,중견기업부,2535,1,155,6.51,2400,2575,2375,58437,143122261,18252000000,7200000,KSQ
304840,KR7304840002,피플바이오,KOSDAQ,벤처기업부,746,2,-46,-5.81,816,817,738,194926,149392337,18143212360,24320660,KSQ
303530,KR7303530000,이노뎁,KOSDAQ,벤처기업부,2470,2,-45,-1.79,2550,2550,2425,14363,35364430,18128068530,7339299,KSQ
239340,KR7239340003,이스트에이드,KOSDAQ,중견기업부,671,2,-8,-1.18,678,729,641,187711,130145823,18103334414,26979634,KSQ
200350,KR7200350007,아티스트스튜디오,KOSDAQ,기술성장기업부,1811,2,-57,-3.05,1868,1879,1800,8282,15220820,18102801275,9996025,KSQ
043360,KR7043360007,디지아이,KOSDAQ,벤처기업부,2010,2,-210,-9.46,2220,2245,1999,17242,36081729,18090000000,9000000,KSQ
050760,KR7050760008,에스폴리텍,KOSDAQ,중견기업부,1098,1,27,2.52,1072,1180,1072,434034,492248529,17935476444,16334678,KSQ
078860,KR7078860004,아이오케이이엔엠,KOSDAQ,투자주의환기종목(소속부없음),2900,2,-95,-3.17,2985,3030,2780,4845,13812055,17913845200,6177188,KSQ
020400,KR7020400008,대동금속,KOSDAQ,중견기업부,2805,2,-75,-2.6,2800,2955,2800,8623,24543970,17891221260,6378332,KSQ
006050,KR7006050009,국영지앤엠,KOSDAQ,중견기업부,512,2,-43,-7.75,555,555,507,165221,87428350,17866364416,34895243,KSQ
236810,KR7236810008,엔비티,KOSDAQ,기술성장기업부,1044,2,-68,-6.12,1099,1112,1025,36501,38848996,17722344744,16975426,KSQ
431190,KR7431190008,케이쓰리아이,KOSDAQ,기술성장기업부,2365,2,-30,-1.25,2450,2450,2320,21888,51754675,17705435330,7486442,KSQ
285800,KR7285800009,진영,KOSDAQ,벤처기업부,1010,1,130,14.77,916,1144,906,8951219,9595704193,17652042700,17477270,KSQ
060230,KR7060230000,제이케이시냅스,KOSDAQ,중견기업부,1566,2,-128,-7.56,1676,1760,1541,224056,363111079,17633313468,11260098,KSQ
008600,KR7008600009,윌비스,KOSPI,,2620,0,0,0.0,0,0,0,0,0,17615839860,6723603,STK
098660,KR7098660004,에스티오,KOSDAQ,중견기업부,1407,1,7,0.5,1400,1434,1400,17611,24926163,17588873232,12500976,KSQ
060260,KR7060260007,뉴보텍,KOSDAQ,벤처기업부,1318,2,-2,-0.15,1327,1360,1295,62868,83236610,17585225208,13342356,KSQ
009440,KR7009440009,KC그린홀딩스,KOSPI,,756,0,0,0.0,0,0,0,0,0,17568790596,23239141,STK
240600,KR7240600007,유진테크놀로지,KOSDAQ,벤처기업부,2535,2,-55,-2.12,2590,2645,2405,19796,50155745,17562862785,6928151,KSQ
476710,KR7476710009,타조이엔터테인먼트,KONEX,일반기업부,17500,0,0,0.0,0,0,0,0,0,17500000000,1000000,KNX
079950,KR7079950002,인베니아,KOSDAQ,관리종목(소속부없음),1258,1,20,1.62,1217,1390,1150,213034,263874537,17359267800,13799100,KSQ
060900,KR7060900008,에이전트AI,KOSDAQ,중견기업부,4345,2,-40,-0.91,4385,4485,4210,26267,112972345,17341212185,3991073,KSQ
154040,KR7154040000,다산솔루에타,KOSDAQ,중견기업부,799,1,34,4.44,765,809,765,43533,34329321,17270875586,21615614,KSQ
108675,KR7108671009,LX하우시스우,KOSPI,,16670,2,-10,-0.06,16180,16820,16170,737,12282615,17208941100,1032330,STK
018620,KR7018620005,우진비앤지,KOSDAQ,벤처기업부,2480,1,35,1.43,2445,2550,2445,12982,32553890,17193795360,6932982,KSQ
482680,KR7482680006,미래에셋비전스팩7호,KOSDAQ,SPAC(소속부없음),2055,0,0,0.0,0,0,0,0,0,16881825000,8215000,KSQ
142760,KR7142760008,모아라이프플러스,KOSDAQ,기술성장기업부,400,1,21,5.54,410,435,385,355627,144320826,16866792000,42166980,KSQ
027580,KR7027580000,상보,KOSDAQ,중견기업부,1425,2,-34,-2.33,1447,1459,1413,14306,20501132,16866663375,11836255,KSQ
241820,KR7241820000,피씨엘,KOSDAQ,관리종목(소속부없음),6040,0,0,0.0,0,0,0,0,0,16803871920,2782098,KSQ
045520,KR7045520004,크린앤사이언스,KOSDAQ,중견기업부,2585,2,-55,-2.08,2670,2670,2585,5643,14918010,16802500000,6500000,KSQ
137940,KR7137940003,넥스트아이,KOSDAQ,중견기업부,1960,2,-50,-2.49,2020,2020,1958,15222,30261518,16732322040,8536899,KSQ
303030,KR7303030001,지니틱스,KOSDAQ,벤처기업부,1827,2,-72,-3.79,1921,1922,1823,48432,90116597,16730708652,9157476,KSQ
477380,KR7477380000,미래에셋비전스팩4호,KOSDAQ,SPAC(소속부없음),2060,2,-5,-0.24,2070,2070,2050,468,962140,16686000000,8100000,KSQ
335870,KR7335870002,윙스풋,KOSDAQ,중견기업부,994,1,11,1.12,988,995,975,6968,6853206,16649970162,16750473,KSQ
088290,KR7088290002,이원컴포텍,KOSDAQ,관리종목(소속부없음),2085,2,-145,-6.5,2160,2275,1982,8537,17561064,16630110120,7976072,KSQ
067770,KR7067770008,세진티에스,KOSDAQ,관리종목(소속부없음),1979,1,178,9.88,1780,1979,1770,79173,145916041,16616857547,8396593,KSQ
051780,KR7051780005,큐로홀딩스,KOSDAQ,중견기업부,2620,2,-155,-5.59,2890,2890,2580,11877,31228480,16599311300,6335615,KSQ
052960,KR7052960002,태양3C,KONEX,일반기업부,3395,0,0,0.0,0,0,0,0,0,16591629810,4887078,KNX
254160,KR7254160005,제이엠멀티,KONEX,일반기업부,3200,3,0,0.0,3200,3200,3200,2,6400,16512000000,5160000,KNX
419540,KR7419540000,비스토스,KOSDAQ,벤처기업부,2735,2,-175,-6.01,2890,2980,2720,46173,126307210,16295821955,5958253,KSQ
225590,KR7225590009,패션플랫폼,KOSDAQ,우량기업부,3180,2,-25,-0.78,3220,3245,3150,11364,36156480,16285975680,5121376,KSQ
043590,KR7043590009,웰킵스하이텍,KOSDAQ,중견기업부,1199,2,-51,-4.08,1228,1243,1150,16941,20443576,16268488819,13568381,KSQ
005725,KR7005721006,넥센우,KOSPI,,4490,2,-80,-1.75,4570,4570,4490,31,140985,16166694000,3600600,STK
306040,KR7306040007,에스제이그룹,KOSDAQ,중견기업부,1627,2,-71,-4.18,1698,1730,1624,154666,258115346,16051702156,9865828,KSQ
379390,KR7379390008,이성씨엔아이,KONEX,일반기업부,5580,0,0,0.0,0,0,0,0,0,15855346800,2841460,KNX
344860,KR7344860002,이노진,KOSDAQ,기술성장기업부,1304,2,-20,-1.51,1328,1328,1304,5304,6965760,15687120000,12030000,KSQ
0072Z0,KR70072Z0006,KB제33호스팩,KOSDAQ,SPAC(소속부없음),1980,2,-11,-0.55,1975,1990,1975,2194,4344586,15612300000,7885000,KSQ
469880,KR7469880009,하나30호스팩,KOSDAQ,관리종목(소속부없음),2110,3,0,0.0,2115,2115,2110,15516,32764760,15413550000,7305000,KSQ
0130H0,KR70130H0008,엔에이치스팩33호,KOSDAQ,SPAC(소속부없음),2000,1,3,0.15,1990,2005,1990,6891,13774466,15400000000,7700000,KSQ
0101C0,KR70101C0008,하나36호스팩,KOSDAQ,SPAC(소속부없음),1985,2,-12,-0.6,1984,1997,1984,3924,7790114,15363900000,7740000,KSQ
018700,KR7018700005,졸스,KOSDAQ,투자주의환기종목(소속부없음),1311,2,-217,-14.2,1479,1632,1265,979950,1408791544,15347334246,11706586,KSQ
477340,KR7477340004,에이치엠씨제7호스팩,KOSDAQ,SPAC(소속부없음),2040,1,5,0.25,2030,2040,2030,19260,39264350,15320400000,7510000,KSQ
368600,KR7368600003,아이씨에이치,KOSDAQ,기술성장기업부,589,2,-23,-3.76,632,633,578,220720,132859663,15193499435,25795415,KSQ
113810,KR7113810006,디젠스,KOSDAQ,중견기업부,465,0,0,0.0,0,0,0,0,0,15172043715,32628051,KSQ
030350,KR7030350003,드래곤플라이,KOSDAQ,관리종목(소속부없음),973,0,0,0.0,0,0,0,0,0,15171092867,15592079,KSQ
011090,KR7011090008,에넥스,KOSPI,,1279,2,-11,-0.85,1332,1490,1227,1018899,1391915913,15165172066,11857054,STK
065770,KR7065770000,CS,KOSDAQ,벤처기업부,1558,2,-80,-4.88,1638,1695,1534,75300,119520365,15121270270,9705565,KSQ
18064K,KR718064K016,한진칼우,KOSPI,,28100,2,-200,-0.71,28300,28300,27600,440,12296750,15083124600,536766,STK
336040,KR7336040001,타스컴,KONEX,일반기업부,2600,0,0,0.0,0,0,0,0,0,15053815400,5789929,KNX
900340,HK0000449303,윙입푸드,KOSDAQ,외국기업(소속부없음),1196,2,-31,-2.53,1226,1257,1180,36151,44169741,15048947472,12582732,KSQ
002025,KR7002021004,코오롱우,KOSPI,,12910,2,-350,-2.64,13260,13260,12760,6459,84047615,14981241670,1160437,STK
309930,KR7309930006,조이웍스앤코,KOSDAQ,중견기업부,777,2,-8,-1.02,785,835,760,47200,37149391,14961825753,19255889,KSQ
012340,KR7012340006,뉴인텍,KOSDAQ,투자주의환기종목(소속부없음),798,2,-128,-13.82,910,910,783,475622,402415892,14922848976,18700312,KSQ
0044K0,KR70044K0008,삼성스팩10호,KOSDAQ,SPAC(소속부없음),1976,2,-19,-0.95,1979,1997,1976,12157,24053831,14859520000,7520000,KSQ
200230,KR7200230001,텔콘RF제약,KOSDAQ,중견기업부,2060,2,-40,-1.9,2100,2250,2055,65696,138958147,14733847180,7152353,KSQ
473050,KR7473050003,유안타제15호스팩,KOSDAQ,SPAC(소속부없음),2082,1,2,0.1,2085,2085,2080,1169,2432540,14594820000,7010000,KSQ
0115H0,KR70115H0007,삼성스팩13호,KOSDAQ,SPAC(소속부없음),1981,2,-13,-0.65,1994,1998,1980,8169,16221119,14560350000,7350000,KSQ
377220,KR7377220009,프롬바이오,KOSDAQ,기술성장기업부,513,0,0,0.0,0,0,0,0,0,14523030000,28310000,KSQ
351020,KR7351020003,미쥬,KONEX,일반기업부,6990,0,0,0.0,0,0,0,0,0,14504250000,2075000,KNX
008470,KR7008470007,부스타,KOSDAQ,벤처기업부,1721,2,-9,-0.52,1785,1785,1721,12440,21539294,14464660800,8404800,KSQ
012170,KR7012170007,아센디오,KOSPI,,714,2,-54,-7.03,754,754,691,122254,87128227,14458638516,20250194,STK
148780,KR7148780000,비큐AI,KOSDAQ,기술성장기업부,457,0,0,0.0,0,0,0,0,0,14370696325,31445725,KSQ
002680,KR7002680007,한탑,KOSDAQ,중견기업부,2210,1,150,7.28,2075,2520,2070,1769127,4094705764,14284023390,6463359,KSQ
028080,KR7028080000,휴맥스홀딩스,KOSDAQ,중견기업부,5610,2,-70,-1.23,5980,5990,5600,695,4047130,14207465250,2532525,KSQ
478440,KR7478440001,미래에셋비전스팩6호,KOSDAQ,SPAC(소속부없음),2035,3,0,0.0,2040,2040,2035,351,714290,14102550000,6930000,KSQ
0165X0,KR70165X0006,메리츠제2호스팩,KOSDAQ,SPAC(소속부없음),1946,3,0,0.0,1943,1947,1943,10527,20468414,14089040000,7240000,KSQ
060480,KR7060480001,국일신동,KOSDAQ,중견기업부,1268,1,2,0.16,1272,1299,1262,21055,26903027,14062120000,11090000,KSQ
479880,KR7479880007,한국제15호스팩,KOSDAQ,SPAC(소속부없음),2045,3,0,0.0,2050,2050,2035,5463,11143810,14049150000,6870000,KSQ
434190,KR7434190005,탈로스,KONEX,일반기업부,1900,2,-145,-7.09,2100,2300,1900,166,340656,14001924600,7369434,KNX
115530,KR7115530008,씨엔플러스,KOSDAQ,중견기업부,1773,2,-66,-3.59,1839,1839,1771,7220,12953233,13979007513,7884381,KSQ
0099W0,KR70099W0008,미래에셋비전스팩11호,KOSDAQ,SPAC(소속부없음),1994,2,-6,-0.3,1992,1999,1992,4407,8786986,13958000000,7000000,KSQ
035620,KR7035620004,바른손이앤에이,KOSDAQ,중견기업부,749,1,41,5.79,725,910,719,1408102,1164467520,13938828582,18609918,KSQ
000087,KR7000082008,하이트진로2우B,KOSPI,,12280,2,-20,-0.16,12320,12450,12260,1597,19628740,13878094640,1130138,STK
019685,KR7019681006,대교우B,KOSPI,,711,1,9,1.28,700,718,697,5423,3792935,13812589890,19426990,STK
900300,HK0000312568,오가닉티코스메틱,KOSDAQ,외국기업(소속부없음),1774,2,-70,-3.8,1830,1837,1774,52800,95445240,13801892078,7780097,KSQ
177350,KR7177350006,베셀,KOSDAQ,투자주의환기종목(소속부없음),695,0,0,0.0,0,0,0,0,0,13783032890,19831702,KSQ
417180,KR7417180007,핑거스토리,KOSDAQ,중견기업부,3905,2,-95,-2.38,4000,4005,3900,2186,8595070,13705472220,3509724,KSQ
352770,KR7352770002,셀레스트라,KOSDAQ,관리종목(소속부없음),5250,0,0,0.0,0,0,0,0,0,13610136750,2592407,KSQ
418620,KR7418620001,E8,KOSDAQ,기술성장기업부,680,2,-10,-1.45,710,710,670,80446,55020760,13498324360,19850477,KSQ
900110,HK0000057197,딥커머스,KOSDAQ,외국기업(소속부없음),1093,2,-28,-2.5,1124,1128,1083,21765,23859043,13434698033,12291581,KSQ
244460,KR7244460002,올리패스,KOSDAQ,관리종목(소속부없음),1651,0,0,0.0,0,0,0,0,0,13415218661,8125511,KSQ
083470,KR7083470005,이엠앤아이,KOSDAQ,벤처기업부,628,2,-23,-3.53,667,667,623,148250,94609810,13401726612,21340329,KSQ
489480,KR7489480004,키움제11호스팩,KOSDAQ,SPAC(소속부없음),2025,2,-5,-0.25,2025,2025,2025,1267,2565675,13365000000,6600000,KSQ
191410,KR7191410000,육일씨엔에쓰,KOSDAQ,관리종목(소속부없음),1191,1,17,1.45,1151,1240,1131,103085,121842149,13344267705,11204255,KSQ
0134X0,KR70134X0004,대신밸런스제20호스팩,KOSDAQ,SPAC(소속부없음),1977,2,-1,-0.05,1978,1980,1975,7333,14497456,13324980000,6740000,KSQ
001795,KR7001791003,대한제당우,KOSPI,,2050,3,0,0.0,2095,2095,2035,16010,32816875,13289658000,6482760,STK
044380,KR7044380004,주연테크,KOSPI,,1028,2,-68,-6.2,1127,1191,1010,1030211,1140942353,13257412848,12896316,STK
208850,KR7208850008,이비테크,KONEX,일반기업부,4700,0,0,0.0,0,0,0,0,0,13255175000,2820250,KNX
389680,KR7389680000,유디엠텍,KOSDAQ,기술성장기업부,1592,2,-11,-0.69,1605,1649,1462,44219,69901273,13246543256,8320693,KSQ
456190,KR7456190008,큐라켐,KONEX,일반기업부,7210,0,0,0.0,0,0,0,0,0,13225202060,1834286,KNX
0164H0,KR70164H0007,한국제16호스팩,KOSDAQ,SPAC(소속부없음),1948,3,0,0.0,1947,1950,1947,29482,57428226,13149000000,6750000,KSQ
481890,KR7481890002,엔에이치스팩31호,KOSDAQ,SPAC(소속부없음),2070,2,-10,-0.48,2080,2080,2070,3745,7752420,13134150000,6345000,KSQ
005257,KR7005252002,녹십자홀딩스2우,KOSPI,,15520,3,0,0.0,15520,15520,15520,15,232800,13129764800,845990,STK
0099X0,KR70099X0007,IBKS제25호스팩,KOSDAQ,SPAC(소속부없음),2180,0,0,0.0,0,0,0,0,0,13036400000,5980000,KSQ
0096B0,KR70096B0006,삼성스팩12호,KOSDAQ,SPAC(소속부없음),1977,2,-13,-0.65,1975,1989,1975,19905,39365046,13008660000,6580000,KSQ
0097F0,KR70097F0001,미래에셋비전스팩10호,KOSDAQ,SPAC(소속부없음),1992,2,-2,-0.1,1990,1994,1981,12602,25016691,12948000000,6500000,KSQ
00806K,KR700806K010,대덕1우,KOSPI,,10640,2,-290,-2.65,10880,11100,10630,4134,44227580,12899478480,1212357,STK
489730,KR7489730002,디비금융제13호스팩,KOSDAQ,SPAC(소속부없음),2025,2,-5,-0.25,2030,2030,2025,4,8110,12822300000,6332000,KSQ
471050,KR7471050005,대신밸런스제17호스팩,KOSDAQ,관리종목(소속부없음),2100,1,5,0.24,2095,2105,2095,15803,33226410,12726000000,6060000,KSQ
0093G0,KR70093G0004,미래에셋비전스팩8호,KOSDAQ,SPAC(소속부없음),1986,2,-2,-0.1,1982,1988,1976,6721,13338410,12710400000,6400000,KSQ
478390,KR7478390008,KB제29호스팩,KOSDAQ,SPAC(소속부없음),2040,3,0,0.0,2040,2040,2030,19920,40593985,12688800000,6220000,KSQ
054180,KR7054180005,메디콕스,KOSDAQ,관리종목(소속부없음),2295,0,0,0.0,0,0,0,0,0,12686716395,5527981,KSQ
247660,KR7247660004,나노씨엠에스,KOSDAQ,기술성장기업부,2915,1,70,2.46,3125,3125,2870,11874,35140255,12662526800,4343920,KSQ
0037T0,KR70037T0008,KB제32호스팩,KOSDAQ,SPAC(소속부없음),1989,2,-4,-0.2,1976,1994,1976,318,630459,12590370000,6330000,KSQ
900120,KYG2114A1094,씨엑스아이,KOSDAQ,외국기업(소속부없음),1123,2,-45,-3.85,1189,1230,1111,11508,13414024,12543528180,11169660,KSQ
208640,KR7208640003,썸에이지,KOSDAQ,중견기업부,898,2,-122,-11.96,1027,1045,884,290537,274430071,12503774450,13924025,KSQ
0054V0,KR70054V0002,엔에이치스팩32호,KOSDAQ,SPAC(소속부없음),2010,3,0,0.0,2010,2015,2000,6858,13768403,12495165000,6216500,KSQ
009620,KR7009620006,삼보산업,KOSDAQ,투자주의환기종목(소속부없음),715,2,-42,-5.55,757,766,702,67758,49485565,12493229320,17473048,KSQ
492220,KR7492220009,KB제31호스팩,KOSDAQ,SPAC(소속부없음),2010,3,0,0.0,2010,2010,2005,433,869400,12482100000,6210000,KSQ
226340,KR7226340008,본느,KOSDAQ,중견기업부,1487,1,2,0.13,1512,1578,1482,9770,14720978,12476649708,8390484,KSQ
123840,KR7123840001,뉴온,KOSDAQ,투자주의환기종목(소속부없음),1955,2,-55,-2.74,2015,2050,1941,10404,21167526,12444415650,6365430,KSQ
0131D0,KR70131D0001,키움히어로제2호스팩,KOSDAQ,SPAC(소속부없음),1971,3,0,0.0,1971,1971,1964,8759,17236819,12437010000,6310000,KSQ
482520,KR7482520004,교보16호스팩,KOSDAQ,SPAC(소속부없음),2030,3,0,0.0,2030,2030,2030,3693,7496790,12383000000,6100000,KSQ
145995,KR7145991006,삼양사우,KOSPI,,33450,2,-500,-1.47,33950,33950,33200,17,567000,12378841500,370070,STK
101000,KR7101000008,KS인더스트리,KOSDAQ,중견기업부,311,0,0,0.0,0,0,0,0,0,12328645828,39641948,KSQ
065570,KR7065570004,삼영이엔씨,KOSDAQ,관리종목(소속부없음),764,0,0,0.0,0,0,0,0,0,12295692232,16093838,KSQ
0088D0,KR70088D0004,메리츠제1호스팩,KOSDAQ,SPAC(소속부없음),2110,2,-5,-0.24,2115,2125,2090,26911,56325515,12227450000,5795000,KSQ
289010,KR7289010001,아이스크림에듀,KOSDAQ,중견기업부,872,2,-5,-0.57,883,892,868,24405,21478528,12160263232,13945256,KSQ
0091W0,KR70091W0006,신영스팩11호,KOSDAQ,SPAC(소속부없음),1999,3,0,0.0,2005,2005,1997,478,955611,12129932000,6068000,KSQ
0041L0,KR70041L0000,하나35호스팩,KOSDAQ,SPAC(소속부없음),2000,2,-5,-0.25,2005,2005,2000,221,442015,12060000000,6030000,KSQ
477760,KR7477760003,DB금융스팩12호,KOSDAQ,SPAC(소속부없음),2050,2,-10,-0.49,2055,2060,2050,70,143825,11972000000,5840000,KSQ
250930,KR7250930005,예선테크,KOSDAQ,벤처기업부,1810,1,32,1.8,1956,1956,1801,29756,54773640,11946159280,6600088,KSQ
0132G0,KR70132G0007,교보20호스팩,KOSDAQ,SPAC(소속부없음),1996,1,3,0.15,2000,2000,1994,183,365052,11916120000,5970000,KSQ
009730,KR7009730003,이렘,KOSDAQ,투자주의환기종목(소속부없음),1486,1,6,0.41,1574,1574,1478,44670,67028718,11851597458,7975503,KSQ
482690,KR7482690005,대신밸런스제19호스팩,KOSDAQ,SPAC(소속부없음),2080,1,10,0.48,2060,2080,2060,7010,14516930,11679200000,5615000,KSQ
469900,KR7469900005,하나31호스팩,KOSDAQ,SPAC(소속부없음),2080,2,-5,-0.24,2082,2085,2080,778,1619243,11658400000,5605000,KSQ
0070X0,KR70070X0000,에스테크엠,KONEX,일반기업부,7700,1,220,2.94,8000,8000,7270,140,1018960,11627000000,1510000,KNX
0071M0,KR70071M0002,삼성스팩11호,KOSDAQ,SPAC(소속부없음),1996,1,6,0.3,1979,1997,1979,433,857246,11496960000,5760000,KSQ
477470,KR7477470009,미래에셋비전스팩5호,KOSDAQ,SPAC(소속부없음),2085,1,5,0.24,2085,2085,2085,2,4170,11425800000,5480000,KSQ
474660,KR7474660008,신한제12호스팩,KOSDAQ,SPAC(소속부없음),2060,2,-5,-0.24,2060,2060,2060,775,1596500,11371200000,5520000,KSQ
45226K,KR745226K018,한화갤러리아우,KOSPI,,3910,2,-165,-4.05,4130,4130,3910,1169,4608540,11356477700,2904470,STK
474490,KR7474490000,유안타제16호스팩,KOSDAQ,SPAC(소속부없음),2055,2,-5,-0.24,2060,2060,2050,13527,27732390,11323050000,5510000,KSQ
0105P0,KR70105P0009,유진스팩12호,KOSDAQ,SPAC(소속부없음),2000,2,-5,-0.25,1991,2005,1991,292,581760,11320000000,5660000,KSQ
487360,KR7487360000,신한제14호스팩,KOSDAQ,SPAC(소속부없음),2005,2,-5,-0.25,2010,2015,2005,4309,8652055,11308200000,5640000,KSQ
900100,USU652221081,파이온엑스,KOSDAQ,외국기업(소속부없음),2140,1,50,2.39,2090,2195,2075,3805,8043835,11290747000,5276050,KSQ
092600,KR7092600006,앤씨앤,KOSDAQ,벤처기업부,2250,2,-345,-13.29,2670,2670,2200,50037,116762794,11287581750,5016703,KSQ
496070,KR7496070004,신한제16호스팩,KOSDAQ,SPAC(소속부없음),2000,2,-5,-0.25,1991,2005,1991,2430,4859992,11240000000,5620000,KSQ
069920,KR7069920007,엑시온그룹,KOSDAQ,관리종목(소속부없음),1207,4,278,29.92,903,1207,841,538282,588882192,11220900847,9296521,KSQ
0129K0,KR70129K0006,신한제18호스팩,KOSDAQ,SPAC(소속부없음),1980,2,-8,-0.4,1987,1988,1975,786,1555662,11127600000,5620000,KSQ
289170,KR7289170003,바이오텐,KONEX,일반기업부,3050,2,-180,-5.57,3200,3200,3050,2,6250,10908901450,3576689,KNX
0096D0,KR70096D0004,미래에셋비전스팩9호,KOSDAQ,SPAC(소속부없음),1983,2,-13,-0.65,1978,1995,1978,1519,3014349,10906500000,5500000,KSQ
149010,KR7149010001,아이케이세미콘,KONEX,일반기업부,3470,1,5,0.14,3470,3470,3470,18,62460,10826400000,3120000,KNX
0098T0,KR70098T0004,교보19호스팩,KOSDAQ,SPAC(소속부없음),1999,2,-6,-0.3,2000,2000,1999,118,235947,10794600000,5400000,KSQ
169670,KR7169670007,코스텍시스템,KONEX,일반기업부,3750,2,-45,-1.19,3600,3750,3600,34,123000,10756503750,2868401,KNX
486630,KR7486630007,KB제30호스팩,KOSDAQ,SPAC(소속부없음),2025,3,0,0.0,2035,2035,2020,7167,14490520,10752750000,5310000,KSQ
065420,KR7065420002,에스아이리소스,KOSDAQ,중견기업부,150,5,-64,-29.91,224,230,150,24515281,4456808594,10736594850,71577299,KSQ
900270,HK0000214814,헝셩그룹,KOSDAQ,외국기업(소속부없음),420,0,0,0.0,0,0,0,0,0,10735805220,25561441,KSQ
493790,KR7493790000,유안타제17호스팩,KOSDAQ,SPAC(소속부없음),2015,2,-10,-0.49,2015,2015,2015,129,259935,10699650000,5310000,KSQ
308100,KR7308100007,형지글로벌,KOSDAQ,중견기업부,445,2,-31,-6.51,476,540,443,1046221,515694786,10690238560,24023008,KSQ
0004Y0,KR70004Y0000,디비금융제14호스팩,KOSDAQ,SPAC(소속부없음),2005,3,0,0.0,2000,2005,1996,635,1270590,10656575000,5315000,KSQ
0130D0,KR70130D0002,신한제17호스팩,KOSDAQ,SPAC(소속부없음),1981,2,-2,-0.1,1977,1989,1973,13115,25972451,10578540000,5340000,KSQ
253610,KR7253610000,루트락,KONEX,일반기업부,1027,0,0,0.0,0,0,0,0,0,10535038917,10258071,KNX
084695,KR7084691005,대상홀딩스우,KOSPI,,11530,1,90,0.79,11850,11850,11470,118,1379160,10532447460,913482,STK
217320,KR7217320001,썬테크,KONEX,일반기업부,10000,0,0,0.0,0,0,0,0,0,10500000000,1050000,KNX
489210,KR7489210005,교보17호스팩,KOSDAQ,SPAC(소속부없음),2025,3,0,0.0,2025,2025,2020,10981,22184275,10489500000,5180000,KSQ
043100,KR7043100007,알파AI,KOSDAQ,관리종목(소속부없음),520,0,0,0.0,0,0,0,0,0,10457241600,20110080,KSQ
004255,KR7004251005,NPC우,KOSPI,,1972,2,-13,-0.65,1985,1986,1942,676,1321867,10412160000,5280000,STK
38380K,KR738380K012,LX홀딩스1우,KOSPI,,7100,2,-100,-1.39,7310,7340,6900,2225,15809120,10403523500,1465285,STK
042040,KR7042040006,케이피엠테크,KOSDAQ,중견기업부,4210,2,-90,-2.09,4310,4380,4180,26033,110545660,10402640560,2470936,KSQ
217880,KR7217880004,틸론,KONEX,일반기업부,966,2,-27,-2.72,1054,1054,942,9448,8993998,10362562140,10727290,KNX
466690,KR7466690005,키움히어로제1호스팩,KOSDAQ,SPAC(소속부없음),2010,1,10,0.5,2000,2010,2000,390,780035,10240950000,5095000,KSQ
103660,KR7103660007,씨앗,KONEX,일반기업부,1699,1,19,1.13,1699,1699,1699,1,1699,10223683229,6017471,KNX
079190,KR7079190005,케스피온,KOSDAQ,벤처기업부,1063,2,-37,-3.36,1100,1100,1017,59034,63531204,10192977314,9588878,KSQ
478110,KR7478110000,이베스트스팩6호,KOSDAQ,SPAC(소속부없음),2030,3,0,0.0,2035,2035,2030,10,20325,10190600000,5020000,KSQ
0041B0,KR70041B0002,교보18호스팩,KOSDAQ,SPAC(소속부없음),2020,2,-10,-0.49,2030,2030,2020,553,1117220,10180800000,5040000,KSQ
233250,KR7233250000,메디안디노스틱,KONEX,일반기업부,5800,2,-1000,-14.71,6200,6200,5800,27,157570,10129897200,1746534,KNX
00781K,KR700781K015,코리아써키트2우B,KOSPI,,12900,2,-650,-4.8,13440,13440,12900,1556,20349880,10109717100,783699,STK
498390,KR7498390004,한화플러스제5호스팩,KOSDAQ,SPAC(소속부없음),2030,1,5,0.25,2035,2035,2025,4310,8747820,10068800000,4960000,KSQ
073190,KR7073190001,듀오백,KOSDAQ,관리종목(소속부없음),826,1,17,2.1,840,895,808,129801,108609597,9885601040,11968040,KSQ
238500,KR7238500003,솔루믹스,KONEX,일반기업부,475,0,0,0.0,0,0,0,0,0,9883469400,20807304,KNX
472220,KR7472220003,신영스팩10호,KOSDAQ,SPAC(소속부없음),2092,1,2,0.1,2095,2095,2090,162,339020,9811480000,4690000,KSQ
004105,KR7004101002,태양금속우,KOSPI,,2935,2,-95,-3.14,3000,3000,2880,13575,39651660,9685500000,3300000,STK
084180,KR7084180009,수성웹툰,KOSDAQ,관리종목(소속부없음),535,2,-98,-15.48,777,794,526,1397679,913857552,9669741405,18074283,KSQ
488060,KR7488060005,유진스팩11호,KOSDAQ,SPAC(소속부없음),2035,1,5,0.25,2030,2035,2030,2589,5256070,9605200000,4720000,KSQ
106080,KR7106080005,케이이엠텍,KOSDAQ,관리종목(소속부없음),1650,0,0,0.0,0,0,0,0,0,9506998050,5761817,KSQ
145210,KR7145210001,다이나믹디자인,KOSPI,,2240,0,0,0.0,0,0,0,0,0,9461011840,4223666,STK
050090,KR7050090000,비케이홀딩스,KOSDAQ,투자주의환기종목(소속부없음),400,2,-100,-20.0,467,527,396,851352,381800632,9413894000,23534735,KSQ
176590,KR7176590008,코나솔,KONEX,일반기업부,1605,3,0,0.0,1588,1605,1500,79,125607,9367394715,5836383,KNX
001755,KR7001751007,한양증권우,KOSPI,,19580,2,-270,-1.36,19860,19860,19400,314,6124090,9258794600,472870,STK
185190,KR7185190006,수프로,KONEX,일반기업부,997,1,1,0.1,900,998,847,22,19465,9210909125,9238625,KNX
008290,KR7008290009,원풍물산,KOSDAQ,관리종목(소속부없음),452,2,-63,-12.23,502,520,400,2290405,1045499734,9196771228,20346839,KSQ
484130,KR7484130000,하나34호스팩,KOSDAQ,SPAC(소속부없음),2025,2,-10,-0.49,2030,2030,2025,10736,21741210,9153000000,4520000,KSQ
224760,KR7224760009,엔에스컴퍼니,KONEX,일반기업부,2305,0,0,0.0,0,0,0,0,0,9081008500,3939700,KNX
469480,KR7469480008,IBKS제24호스팩,KOSDAQ,SPAC(소속부없음),2130,0,0,0.0,0,0,0,0,0,9009900000,4230000,KSQ
473950,KR7473950004,에스케이증권제13호스팩,KOSDAQ,SPAC(소속부없음),2035,3,0,0.0,2035,2035,2035,1,2035,8994700000,4420000,KSQ
003075,KR7003071008,코오롱글로벌우,KOSPI,,12120,2,-200,-1.62,12490,12490,11870,96,1161250,8977732440,740737,STK
199150,KR7199150004,데이터스트림즈,KONEX,일반기업부,2100,1,15,0.72,2100,2100,2100,1,2100,8964087300,4268613,KNX
467930,KR7467930004,IBKS제23호스팩,KOSDAQ,관리종목(소속부없음),2110,2,-5,-0.24,2110,2110,2110,26758,56459380,8925300000,4230000,KSQ
465320,KR7465320000,교보15호스팩,KOSDAQ,SPAC(소속부없음),2335,0,0,0.0,0,0,0,0,0,8896350000,3810000,KSQ
189350,KR7189350002,코셋,KONEX,일반기업부,1844,0,0,0.0,0,0,0,0,0,8851200000,4800000,KNX
468760,KR7468760004,유진스팩10호,KOSDAQ,SPAC(소속부없음),2080,0,0,0.0,0,0,0,0,0,8819200000,4240000,KSQ
291810,KR7291810000,핀텔,KOSDAQ,관리종목(소속부없음),774,2,-93,-10.73,820,834,760,1030750,813105128,8799383088,11368712,KSQ
487830,KR7487830002,신한제15호스팩,KOSDAQ,SPAC(소속부없음),2015,2,-5,-0.25,2010,2017,2010,8719,17559339,8765250000,4350000,KSQ
025870,KR7025870007,신라에스지,KOSDAQ,관리종목(소속부없음),2175,2,-155,-6.65,2195,2325,2115,54733,118469365,8700000000,4000000,KSQ
472230,KR7472230002,에스케이증권제11호스팩,KOSDAQ,SPAC(소속부없음),2080,2,-5,-0.24,2085,2085,2080,9054,18833328,8642400000,4155000,KSQ
011080,KR7011080009,형지I&C,KOSDAQ,중견기업부,2010,2,-115,-5.41,2165,2245,2000,82578,173092250,8635486620,4296262,KSQ
001067,KR7001062009,JW중외제약2우B,KOSPI,,41050,2,-650,-1.56,41450,41450,41050,14,575900,8619391650,209973,STK
0068Y0,KR70068Y0003,비엔케이제3호스팩,KOSDAQ,SPAC(소속부없음),1995,1,5,0.25,1997,1997,1995,16,31922,8598450000,4310000,KSQ
244880,KR7244880001,나눔테크,KONEX,일반기업부,1700,2,-24,-1.39,1730,1734,1700,7,12032,8534000000,5020000,KNX
312610,KR7312610009,에이에프더블류,KOSDAQ,관리종목(소속부없음),419,2,-37,-8.11,469,469,412,68778,29480610,8487636072,20256888,KSQ
487720,KR7487720005,키움제10호스팩,KOSDAQ,SPAC(소속부없음),2000,2,-15,-0.74,2020,2020,2000,8,16020,8460000000,4230000,KSQ
236340,KR7236340006,메디젠휴먼케어,KONEX,일반기업부,2800,1,100,3.7,2700,2800,2700,13,35400,8441011600,3014647,KNX
000225,KR7000221002,유유제약1우,KOSPI,,3635,2,-115,-3.07,3730,3745,3575,8963,32610445,8240290550,2266930,STK
114920,KR7114920002,대주이엔티,KONEX,일반기업부,2370,1,30,1.28,1990,2675,1990,16,34135,8222715000,3469500,KNX
0041J0,KR70041J0004,엘에스스팩1호,KOSDAQ,SPAC(소속부없음),1988,2,-7,-0.35,1995,1995,1987,24,47862,8170680000,4110000,KSQ
225430,KR7225430008,케이엠제약,KOSDAQ,관리종목(소속부없음),1456,2,-56,-3.7,1500,1506,1413,10722,15623811,8120708960,5577410,KSQ
224810,KR7224810002,엄지하우스,KONEX,일반기업부,1932,1,175,9.96,1932,1932,1932,1,1932,8114400000,4200000,KNX
087260,KR7087260006,모바일어플라이언스,KOSDAQ,벤처기업부,247,0,0,0.0,0,0,0,0,0,8040556667,32552861,KSQ
03481K,KR703481K019,해성산업1우,KOSDAQ,중견기업부,5790,2,-350,-5.7,6110,6110,5790,1712,10016190,7975452870,1377453,KSQ
012205,KR7012201000,계양전기우,KOSPI,,6800,1,140,2.1,6550,7000,6550,15892,106452300,7949737200,1169079,STK
001515,KR7001511005,SK증권우,KOSPI,,4000,2,-120,-2.91,4005,4030,4000,1332,5345275,7825028000,1956257,STK
086220,KR7086220001,광동헬스바이오,KONEX,일반기업부,615,3,0,0.0,615,615,615,167,102705,7803036975,12687865,KNX
33637L,KR733637K028,솔루스첨단소재2우B,KOSPI,,2045,2,-25,-1.21,2065,2070,2025,689,1410225,7726615320,3778296,STK
299480,KR7299480004,지앤이헬스케어,KONEX,일반기업부,694,1,49,7.6,694,694,694,1,694,7703915642,11100743,KNX
199730,KR7199730003,바이오인프라,KOSDAQ,벤처기업부,1580,2,-290,-15.51,1890,2000,1522,129330,220101717,7685699860,4864367,KSQ
035290,KR7035290006,골드앤에스,KOSDAQ,관리종목(소속부없음),1605,2,-145,-8.29,1752,1910,1605,16733,27830108,7652075040,4767648,KSQ
079970,KR7079970000,투비소프트,KOSDAQ,관리종목(소속부없음),596,0,0,0.0,0,0,0,0,0,7646223464,12829234,KSQ
475250,KR7475250007,하나33호스팩,KOSDAQ,SPAC(소속부없음),2060,0,0,0.0,0,0,0,0,0,7622000000,3700000,KSQ
474930,KR7474930005,신한제13호스팩,KOSDAQ,SPAC(소속부없음),2090,2,-5,-0.24,2090,2090,2065,304,630110,7565800000,3620000,KSQ
178600,KR7178600003,대동고려삼,KONEX,일반기업부,1699,1,109,6.86,1700,1700,1352,794,1074771,7559870400,4449600,KNX
212310,KR7212310007,오건에코텍,KONEX,일반기업부,635,0,0,0.0,0,0,0,0,0,7514663025,11834115,KNX
318660,KR7318660008,타임기술,KONEX,일반기업부,3485,3,0,0.0,3480,3485,3480,31,107890,7500071985,2152101,KNX
001770,KR7001770007,SHD,KOSPI,,6170,1,80,1.31,6070,6630,5970,5282,32794900,7495797260,1214878,STK
066830,KR7066830001,제노텍,KONEX,일반기업부,1290,3,0,0.0,1290,1290,1290,50,64500,7310662200,5667180,KNX
121850,KR7121850002,코이즈,KOSDAQ,관리종목(소속부없음),1430,2,-36,-2.46,1470,1471,1370,13537,19512991,7231508570,5056999,KSQ
001065,KR7001061001,JW중외제약우,KOSPI,,20800,3,0,0.0,20500,20800,20500,31,641800,7112580800,341951,STK
276040,KR7276040003,스코넥,KOSDAQ,관리종목(소속부없음),327,0,0,0.0,0,0,0,0,0,7073119545,21630335,KSQ
199290,KR7199290008,바이오프로테크,KONEX,일반기업부,428,4,55,14.75,428,428,428,1,428,6987182176,16325192,KNX
447690,KR7447690009,아이오바이오,KONEX,일반기업부,2495,1,320,14.71,2495,2495,2495,1,2495,6918026220,2772756,KNX
473000,KR7473000008,에스케이증권제12호스팩,KOSDAQ,SPAC(소속부없음),2055,1,5,0.24,2055,2055,2055,8831,18147705,6802050000,3310000,KSQ
475240,KR7475240008,하나32호스팩,KOSDAQ,SPAC(소속부없음),2085,2,-5,-0.24,2085,2085,2085,10,20850,6672000000,3200000,KSQ
234070,KR7234070001,에이원큐브텍,KONEX,일반기업부,920,0,0,0.0,0,0,0,0,0,6403846760,6960703,KNX
276240,KR7276240009,엘리비젼,KONEX,일반기업부,510,1,60,13.33,451,515,451,5004,2576922,6279700380,12313138,KNX
251280,KR7251280004,안지오랩,KONEX,일반기업부,1798,1,8,0.45,1799,1799,1798,6,10789,6278382260,3491870,KNX
004985,KR7004981007,성신양회우,KOSPI,,8380,2,-190,-2.22,8650,8650,8250,798,6697750,6164705100,735645,STK
311960,KR7311960009,인터로이드,KONEX,일반기업부,1996,1,96,5.05,1900,2100,1803,32,62950,6113077344,3062664,KNX
26490K,KR726490K013,크라운제과우,KOSPI,,7460,1,190,2.61,7200,7700,7060,3429,25714155,5770757600,773560,STK
267080,KR7267080000,세븐브로이맥주,KONEX,일반기업부,486,0,0,0.0,0,0,0,0,0,5769504288,11871408,KNX
000325,KR7000321000,노루홀딩스우,KOSPI,,23500,2,-300,-1.26,24500,24500,23000,512,11793750,5723636500,243559,STK
002995,KR7002991008,금호건설우,KOSPI,,19250,2,-3050,-13.68,21600,21600,19130,18798,376401430,5626120500,292266,STK
092590,KR7092590009,럭스피아,KONEX,일반기업부,770,1,98,14.58,770,770,770,1,770,5614145460,7291098,KNX
004835,KR7004831004,덕성우,KOSPI,,3960,2,-140,-3.41,4095,4190,3910,8993,35899035,5512320000,1392000,STK
044180,KR7044180008,KD,KOSDAQ,관리종목(소속부없음),205,0,0,0.0,0,0,0,0,0,5477148795,26717799,KSQ
313760,KR7313760001,캐리,KOSDAQ,관리종목(소속부없음),468,0,0,0.0,0,0,0,0,0,5244963048,11207186,KSQ
217910,KR7217910009,에스제이켐,KONEX,일반기업부,361,0,0,0.0,0,0,0,0,0,5050578442,13990522,KNX
266350,KR7266350008,팡스카이,KONEX,일반기업부,398,0,0,0.0,0,0,0,0,0,5026568860,12629570,KNX
258050,KR7258050004,테크트랜스,KONEX,일반기업부,449,0,0,0.0,0,0,0,0,0,5004531101,11145949,KNX
327610,KR7327610002,펨토바이오메드,KONEX,일반기업부,585,0,0,0.0,0,0,0,0,0,4993610310,8536086,KNX
236030,KR7236030003,씨알푸드,KONEX,일반기업부,2455,2,-95,-3.73,2455,2455,2455,1,2455,4991830060,2033332,KNX
215570,KR7215570003,크로넥스,KONEX,일반기업부,800,1,1,0.13,800,800,681,302,206090,4985955200,6232444,KNX
346010,KR7346010002,타이드,KONEX,일반기업부,1000,0,0,0.0,0,0,0,0,0,4860062000,4860062,KNX
090355,KR7090351008,노루페인트우,KOSPI,,10490,1,170,1.65,10580,10580,10490,73,771780,4858191740,463126,STK
116100,KR7116100009,태양기계,KONEX,일반기업부,649,1,20,3.18,649,649,649,1,649,4828550914,7439986,KNX
043090,KR7043090000,더테크놀로지,KOSDAQ,투자주의환기종목(소속부없음),1140,0,0,0.0,0,0,0,0,0,4718944500,4139425,KSQ
052770,KR7052770005,아이톡시,KOSDAQ,관리종목(소속부없음),312,0,0,0.0,0,0,0,0,0,4545457488,14568774,KSQ
000145,KR7000141002,하이트진로홀딩스우,KOSPI,,9400,1,120,1.29,9500,9500,9400,220,2079100,4425614000,470810,STK
009415,KR7009411000,태영건설우,KOSPI,,6600,2,-140,-2.08,6530,6650,6530,1605,10601580,4289828400,649974,STK
332190,KR7332190008,오션스바이오,KONEX,일반기업부,2790,0,0,0.0,0,0,0,0,0,4123170810,1477839,KNX
093510,KR7093510006,엔지브이아이,KONEX,일반기업부,683,0,0,0.0,0,0,0,0,0,4111660000,6020000,KNX
341170,KR7341170009,퓨쳐메디신,KONEX,일반기업부,389,1,14,3.73,319,400,319,1669,563713,4097416745,10533205,KNX
000545,KR7000541003,흥국화재우,KOSPI,,5160,2,-210,-3.91,5340,5340,5160,2119,11064030,3962880000,768000,STK
266470,KR7266470004,바이오인프라생명과학,KONEX,일반기업부,139,2,-5,-3.47,135,158,123,9368,1200112,3873376641,27866019,KNX
005965,KR7005961008,동부건설우,KOSPI,,16180,2,-50,-0.31,16200,16200,16100,17,274240,3652343760,225732,STK
121060,KR7121060008,유니포인트,KONEX,일반기업부,700,2,-76,-9.79,700,799,700,3482,2437499,3635648100,5193783,KNX
208890,KR7208890004,미래엔에듀파트너,KONEX,일반기업부,900,0,0,0.0,0,0,0,0,0,3604968000,4005520,KNX
136660,KR7136660008,큐엠씨,KONEX,일반기업부,1500,1,100,7.14,1500,1500,1201,1010,1214598,3541425000,2360950,KNX
014825,KR7014821003,동원시스템즈우,KOSPI,,13350,2,-10,-0.07,13360,13360,13340,109,1455160,3525881850,264111,STK
402420,KR7402420004,켈스,KONEX,일반기업부,1500,2,-199,-11.71,1500,1500,1500,1,1500,3523144500,2348763,KNX
202960,KR7202960001,판도라티비,KONEX,일반기업부,281,2,-5,-1.75,322,323,280,84,27036,3348278542,11915582,KNX
413300,KR7413300005,티엘엔지니어링,KONEX,일반기업부,2470,1,270,12.27,2470,2470,2470,1,2470,3338242050,1351515,KNX
007575,KR7007571003,일양약품우,KOSPI,,7380,1,90,1.23,7400,7440,7200,812,6002980,3284690400,445080,STK
014285,KR7014281000,금강공업우,KOSPI,,5470,3,0,0.0,5470,5470,5360,22,120230,3226616250,589875,STK
216400,KR7216400002,인바이츠바이오코아,KONEX,일반기업부,394,4,51,14.87,394,394,394,10704,4217376,3038258110,7711315,KNX
005745,KR7005741004,크라운해태홀딩스우,KOSPI,,5050,2,-50,-0.98,5190,5190,4925,170,852185,3033666300,600726,STK
296520,KR7296520000,가이아코퍼레이션,KONEX,일반기업부,623,0,0,0.0,0,0,0,0,0,2907545984,4667008,KNX
014915,KR7014911002,성문전자우,KOSPI,,4770,1,100,2.14,4870,4870,4670,34,164515,2862000000,600000,STK
36328K,KR736328K013,티와이홀딩스우,KOSPI,,2415,2,-110,-4.36,2515,2520,2360,3655,8859650,2837501835,1174949,STK
245450,KR7245450002,씨앤에스링크,KONEX,일반기업부,1599,3,0,0.0,1599,1599,1599,1,1599,2526356040,1579960,KNX
000227,KR7000222000,유유제약2우B,KOSPI,,7430,2,-60,-0.8,7500,7500,7310,6563,48844950,2399592800,322960,STK
008355,KR7008351009,남선알미우,KOSPI,,7390,1,420,6.03,7400,7500,7390,1546,11488410,2275307100,307890,STK
001525,KR7001521004,동양우,KOSPI,,8210,3,0,0.0,8170,8210,8000,104,846190,2156069150,262615,STK
448780,KR7448780007,마이크로엔엑스,KONEX,일반기업부,765,1,13,1.73,765,765,765,1,765,2048425200,2677680,KNX
021045,KR7021041009,대호특수강우,KOSDAQ,중견기업부,2245,2,-130,-5.47,2305,2305,2160,3253,7148525,1904864540,848492,KSQ
302920,KR7302920004,더콘텐츠온,KONEX,일반기업부,410,0,0,0.0,0,0,0,0,0,1866467190,4552359,KNX
004545,KR7004541009,깨끗한나라우,KOSPI,,4560,2,-225,-4.7,4785,5110,4535,10516,49916725,1669689600,366160,STK
140660,KR7140660002,위월드,KONEX,일반기업부,651,2,-24,-3.56,651,651,651,1,651,1619201052,2487252,KNX
001527,KR7001522002,동양2우B,KOSPI,,7850,2,-300,-3.68,7910,8220,7800,872,6968830,1614784250,205705,STK
266170,KR7266170000,레드우즈,KONEX,일반기업부,1050,0,0,0.0,0,0,0,0,0,1366092000,1301040,KNX
011155,KR7011151008,CJ씨푸드1우,KOSPI,,6780,4,1560,29.89,6000,6780,6000,31817,209322140,1356000000,200000,STK
004415,KR7004411005,서울식품우,KOSPI,,6020,1,930,18.27,5500,6610,5500,51899,323769590,1339149000,222450,STK
002785,KR7002781003,진흥기업우B,KOSPI,,1467,2,-3,-0.2,1470,1505,1455,13361,19579027,1257538806,857218,STK
223220,KR7223220005,로지스몬,KONEX,일반기업부,219,1,20,10.05,190,228,172,7083,1382709,1248939261,5702919,KNX
279060,KR7279060008,이노벡스,KONEX,일반기업부,115,0,0,0.0,0,0,0,0,0,1127904590,9807866,KNX
002787,KR7002782001,진흥기업2우B,KOSPI,,3225,1,305,10.45,2930,3225,2915,16135,49470760,950755800,294808,STK
390110,KR7390110005,애니메디솔루션,KONEX,일반기업부,79,4,10,14.49,79,79,79,4101,323979,766066713,9697047,KNX
032685,KR7032681009,소프트센우,KOSDAQ,중견기업부,9030,4,2080,29.93,9030,9030,9030,132,1191960,644398860,71362,KSQ
