,Code,ISU_CD,Name,Market,Dept,Close,ChangeCode,Changes,ChagesRatio,Open,High,Low,Volume,Amount,Marcap,Stocks,MarketId
0,005930,KR7005930003,삼성전자,KOSPI,,82100,1,900,1.11,81500,82200,81200,15636581,1277382060700,490119147355000,5969782550,STK
1,000660,KR7000660001,SK하이닉스,KOSPI,,237500,1,4000,1.71,233500,238000,231000,1946949,457635765500,172900561687500,728002365,STK
2,373220,KR7373220003,LG에너지솔루션,KOSPI,,340500,2,-2500,-0.73,343000,346000,340500,75946,26006884000,79677000000000,234000000,STK
3,005380,KR7005380001,현대차,KOSPI,,285500,2,-1000,-0.35,285500,288000,282500,466264,132850777500,59788322530500,209416191,STK
4,207940,KR7207940008,삼성바이오로직스,KOSPI,,748000,2,-7000,-0.93,753000,756000,748000,18534,13899207000,53238152000000,71174000,STK
5,005935,KR7005931001,삼성전자우,KOSPI,,64200,1,800,1.26,63700,64300,63200,1026021,65430743000,52829326140000,822886700,STK
6,000270,KR7000270009,기아,KOSPI,,130100,2,-2200,-1.66,131400,131600,128700,877749,114151336300,52021580051700,399858417,STK
7,068270,KR7068270008,셀트리온,KOSPI,,180700,2,-2700,-1.47,183200,183200,180700,236009,42875722400,39210675396100,216993223,STK
8,105560,KR7105560007,KB금융,KOSPI,,80800,1,1900,2.41,78800,81000,78600,546189,43746399400,32603694617600,403511072,STK
9,005490,KR7005490008,POSCO홀딩스,KOSPI,,371500,2,-1500,-0.4,372000,373500,370000,155454,57712921000,31418211945000,84571230,STK
10,035420,KR7035420009,NAVER,KOSPI,,167300,2,-600,-0.36,167500,169700,166500,462888,77514221950,27170957776200,162408594,STK
11,006400,KR7006400006,삼성SDI,KOSPI,,391000,2,-1500,-0.38,390000,395000,388500,159098,62296810500,26886931230000,68764530,STK
12,051910,KR7051910008,LG화학,KOSPI,,363000,1,3500,0.97,359500,366000,358000,166291,60292522500,25625020509000,70592343,STK
13,055550,KR7055550008,신한지주,KOSPI,,47600,1,1250,2.7,46350,47700,46350,537745,25356867850,24247116986400,509393214,STK
14,028260,KR7028260008,삼성물산,KOSPI,,135300,2,-100,-0.07,135100,135900,134300,122884,16627206000,24054189677100,177784107,STK
15,012330,KR7012330007,현대모비스,KOSPI,,239000,2,-3000,-1.24,238500,241500,236500,157115,37560312500,22225827466000,92995094,STK
16,003670,KR7003670007,포스코퓨처엠,KOSPI,,262000,2,-5500,-2.06,267500,271000,261000,161870,42927692500,20295363640000,77463220,STK
17,035720,KR7035720002,카카오,KOSPI,,42500,2,-300,-0.7,42550,42800,42200,575757,24499687700,18844299400000,443395280,STK
18,247540,KR7247540008,에코프로비엠,KOSDAQ GLOBAL,우량기업부,189500,2,-4600,-2.37,194200,199000,189400,628205,121119286700,18533354688000,97801344,KSQ
19,066570,KR7066570003,LG전자,KOSPI,,108600,1,600,0.56,107200,109000,106700,1004467,108556272500,17772152600400,163647814,STK
20,086790,KR7086790003,하나금융지주,KOSPI,,60100,1,1100,1.86,59200,60200,58800,393822,23468043800,17570631539800,292356598,STK
21,032830,KR7032830002,삼성생명,KOSPI,,87700,1,300,0.34,86600,88200,86400,139811,12232667200,17540000000000,200000000,STK
22,042700,KR7042700005,한미반도체,KOSPI,,179000,1,2000,1.13,177400,182100,176000,860742,154290548900,17361860486000,96993634,STK
23,000810,KR7000810002,삼성화재,KOSPI,,356500,1,12000,3.48,342000,359000,340000,68287,24084945500,16889129390500,47374837,STK
24,138040,KR7138040001,메리츠금융지주,KOSPI,,77800,1,1100,1.43,76400,78000,76100,152803,11843563800,14838024869200,190720114,STK
25,259960,KR7259960003,크래프톤,KOSPI,,291000,1,1000,0.34,287500,294500,284500,82751,24007425000,13935467073000,47888203,STK
26,011200,KR7011200003,HMM,KOSPI,,19130,1,620,3.35,18600,19750,18590,5917896,113580789470,13563925558480,709039496,STK
27,196170,KR7196170005,알테오젠,KOSDAQ GLOBAL,기술성장기업부,252000,2,-3000,-1.18,255000,259500,250000,567119,143966535500,13393429056000,53148528,KSQ
28,034020,KR7034020008,두산에너빌리티,KOSPI,,20850,2,-300,-1.42,21200,21300,20600,7199459,150760730250,13355699894100,640561146,STK
29,402340,KR7402340004,SK스퀘어,KOSPI,,97900,2,-600,-0.61,97300,98400,94700,354171,34048030100,13192021084000,134749960,STK
30,015760,KR7015760002,한국전력,KOSPI,,20000,2,-100,-0.5,20100,20200,19980,765319,15348345040,12839281540000,641964077,STK
31,003550,KR7003550001,LG,KOSPI,,81000,2,-700,-0.86,81700,81800,80400,98475,7976362500,12741380433000,157300993,STK
32,012450,KR7012450003,한화에어로스페이스,KOSPI,,249500,2,-1500,-0.6,253500,255500,242000,670985,166503090000,12632185000000,50630000,STK
33,086520,KR7086520004,에코프로,KOSDAQ,우량기업부,94200,2,-1900,-1.98,96000,97000,94100,635715,60490629700,12541631628000,133138340,KSQ
34,329180,KR7329180004,HD현대중공업,KOSPI,,140400,1,1600,1.15,140500,141600,139000,150884,21159862500,12463745486400,88773116,STK
35,018260,KR7018260000,삼성에스디에스,KOSPI,,151700,1,400,0.26,150600,153800,150500,69727,10624600200,11738212260000,77377800,STK
36,096770,KR7096770003,SK이노베이션,KOSPI,,122500,1,17800,17.0,113100,126000,112700,7785340,941900756800,11727609775000,95735590,STK
37,034730,KR7034730002,SK,KOSPI,,159700,2,-7400,-4.43,165100,166900,156900,755199,120302288800,11578681669100,72502703,STK
38,009150,KR7009150004,삼성전기,KOSPI,,151700,2,-300,-0.2,151600,153500,150900,304197,46216582200,11331033683200,74693696,STK
39,033780,KR7033780008,KT&G,KOSPI,,86600,1,200,0.23,86000,86900,86000,96403,8352253200,11285928240200,130322497,STK
40,047050,KR7047050000,포스코인터내셔널,KOSPI,,62500,1,400,0.64,63400,63500,59100,2698881,164678074800,10995174250000,175922788,STK
41,017670,KR7017670001,SK텔레콤,KOSPI,,51100,2,-100,-0.2,51200,51300,51100,223918,11460459400,10975771708300,214790053,STK
42,024110,KR7024110009,기업은행,KOSPI,,13520,1,130,0.97,13390,13530,13350,508701,6845971240,10781197748880,797425869,STK
43,316140,KR7316140003,우리금융지주,KOSPI,,14330,1,190,1.34,14140,14350,14110,823998,11730050730,10641336209330,742591501,STK
44,009540,KR7009540006,HD한국조선해양,KOSPI,,148300,1,2600,1.78,147200,149700,145700,350135,51830140500,10495653102800,70773116,STK
45,267260,KR7267260008,HD현대일렉트릭,KOSPI,,289500,2,-5500,-1.86,291500,296500,287500,163086,47537214500,10435645582500,36047135,STK
46,010130,KR7010130003,고려아연,KOSPI,,499000,1,3000,0.6,494000,499000,493000,19667,9767249000,10330938217000,20703283,STK
47,323410,KR7323410001,카카오뱅크,KOSPI,,21350,1,250,1.18,21050,21450,20950,357455,7604032300,10182373024950,476926137,STK
48,090430,KR7090430000,아모레퍼시픽,KOSPI,,173000,2,-5400,-3.03,177400,178000,172300,233626,40737034400,10119247307000,58492759,STK
49,042660,KR7042660001,한화오션,KOSPI,,32100,2,-1000,-3.02,33150,33400,32050,1086285,35282460950,9834120657900,306358899,STK
50,030200,KR7030200000,KT,KOSPI,,36650,1,250,0.69,36350,36650,36350,146815,5365755750,9236594755250,252021685,STK
51,352820,KR7352820005,하이브,KOSPI,,203000,1,2500,1.25,200500,205000,199900,226315,45971522100,8455375691000,41652097,STK
52,028300,KR7028300002,HLB,KOSDAQ,중견기업부,63400,3,0,0.0,63300,64700,62700,905087,57769551000,8295596077600,130845364,KSQ
53,086280,KR7086280005,현대글로비스,KOSPI,,214500,1,500,0.23,212500,224000,211000,188396,40850647000,8043750000000,37500000,STK
54,003490,KR7003490000,대한항공,KOSPI,,21450,2,-100,-0.46,21500,21650,21350,549833,11807821950,7898333178450,368220661,STK
55,010140,KR7010140002,삼성중공업,KOSPI,,8940,2,-110,-1.22,9060,9090,8930,3007224,26996192170,7867200000000,880000000,STK
56,005830,KR7005830005,DB손해보험,KOSPI,,110000,1,3800,3.58,105800,111300,105000,86493,9452122500,7788000000000,70800000,STK
57,010950,KR7010950004,S-Oil,KOSPI,,68300,1,400,0.59,68000,68800,67500,209321,14309824700,7689404693600,112582792,STK
58,450080,KR7450080007,에코프로머티,KOSPI,,103500,2,-4800,-4.43,107100,109000,103400,681576,71902325700,7148806893000,69070598,STK
59,011790,KR7011790003,SKC,KOSPI,,176900,2,-5600,-3.07,185700,186500,175600,406018,73388589600,6698901916200,37868298,STK
60,443060,KR7443060009,HD현대마린솔루션,KOSPI,,143800,1,700,0.49,144400,147700,143400,116941,17030773300,6391910000000,44450000,STK
61,011070,KR7011070000,LG이노텍,KOSPI,,264000,2,-1000,-0.38,265000,267000,262000,58032,15383305000,6248116248000,23667107,STK
62,000100,KR7000100008,유한양행,KOSPI,,77500,1,1300,1.71,76900,79700,75900,709979,55520130600,6216202460000,80209064,STK
63,022100,KR7022100002,포스코DX,KOSPI,,39950,2,-300,-0.75,40000,40750,39400,409274,16382137000,6073787423550,152034729,STK
64,326030,KR7326030004,SK바이오팜,KOSPI,,77300,2,-100,-0.13,77000,78900,76900,63821,4973709000,6053614225000,78313250,STK
65,005387,KR7005382007,현대차2우B,KOSPI,,168700,1,200,0.12,168500,169800,167000,41064,6916821300,6032609261700,35759391,STK
66,097950,KR7097950000,CJ제일제당,KOSPI,,396000,3,0,0.0,392500,400000,388000,30057,11894011500,5961457656000,15054186,STK
67,051900,KR7051900009,LG생활건강,KOSPI,,375000,2,-6500,-1.7,382000,386000,374500,56345,21359901500,5856823875000,15618197,STK
68,161390,KR7161390000,한국타이어앤테크놀로지,KOSPI,,46750,2,-250,-0.53,47100,47550,46700,207402,9738558800,5791159475750,123875069,STK
69,010120,KR7010120004,LS ELECTRIC,KOSPI,,188600,2,-5900,-3.03,193900,195400,187500,343724,65266320500,5658000000000,30000000,STK
70,267250,KR7267250009,HD현대,KOSPI,,70900,1,900,1.29,70000,71000,69600,157862,11141426500,5600609726500,78993085,STK
71,066970,KR7066970005,엘앤에프,KOSPI,,153800,1,600,0.39,153300,156000,153100,108514,16743889100,5582130704400,36294738,STK
72,036460,KR7036460004,한국가스공사,KOSPI,,60000,1,4200,7.53,59200,60000,56500,7511515,439213988400,5538780000000,92313000,STK
73,034220,KR7034220004,LG디스플레이,KOSPI,,11020,1,410,3.86,10550,11080,10390,4732679,51547784830,5510000000000,500000000,STK
74,088980,KR7088980008,맥쿼리인프라,KOSPI,,12520,2,-10,-0.08,12530,12530,12420,1348603,16826955700,5455982564600,435781355,STK
75,348370,KR7348370008,엔켐,KOSDAQ,벤처기업부,267000,2,-4000,-1.48,271000,277500,267000,114147,30902688000,5428256049000,20330547,KSQ
76,241560,KR7241560002,두산밥캣,KOSPI,,53200,1,200,0.38,53100,53900,52800,133992,7143263900,5333255631200,100249166,STK
77,009830,KR7009830001,한화솔루션,KOSPI,,30500,1,150,0.49,30500,31150,30000,730444,22337371550,5242722348000,171892536,STK
78,047810,KR7047810007,한국항공우주,KOSPI,,52800,2,-1100,-2.04,54000,54400,52600,386417,20534331300,5146685649600,97475107,STK
79,011170,KR7011170008,롯데케미칼,KOSPI,,120300,1,8000,7.12,112500,120300,112500,174185,20442404800,5145882905700,42775419,STK
80,454910,KR7454910001,두산로보틱스,KOSPI,,77400,2,-1300,-1.65,78700,80400,77100,490577,38672686200,5017066452000,64819980,STK
81,005070,KR7005070008,코스모신소재,KOSPI,,150400,2,-4900,-3.16,155100,155900,150400,143080,21831659500,4889617702400,32510756,STK
82,003230,KR7003230000,삼양식품,KOSPI,,641000,2,-32000,-4.75,678000,692000,638000,161377,107127677000,4828662615000,7533015,STK
83,001570,KR7001570001,금양,KOSPI,,82600,2,-2200,-2.59,84100,85200,82500,198895,16592051400,4794933056200,58050037,STK
84,180640,KR7180640005,한진칼,KOSPI,,71400,2,-3200,-4.29,74700,75800,71200,41881,3067186000,4766826720600,66762279,STK
85,079550,KR7079550000,LIG넥스원,KOSPI,,213500,1,2500,1.18,209500,216500,201000,296872,62115734500,4697000000000,22000000,STK
86,251270,KR7251270005,넷마블,KOSPI,,53800,2,-700,-1.28,54400,54700,53800,75429,4094338200,4624298407600,85953502,STK
87,006260,KR7006260004,LS,KOSPI,,140000,2,-1100,-0.78,141200,142800,137400,310221,43117354000,4508000000000,32200000,STK
88,064350,KR7064350002,현대로템,KOSPI,,40400,2,-500,-1.22,40500,41050,39200,1898072,75938950400,4409348637200,109142293,STK
89,028050,KR7028050003,삼성E&A,KOSPI,,22350,1,100,0.45,22300,22650,22100,458102,10296318500,4380600000000,196000000,STK
90,029780,KR7029780004,삼성카드,KOSPI,,37150,1,250,0.68,37100,37550,36850,62811,2335865100,4304157800650,115858891,STK
91,006800,KR7006800007,미래에셋증권,KOSPI,,7200,1,70,0.98,7130,7210,7080,312991,2240764250,4286278137600,595316408,STK
92,032640,KR7032640005,LG유플러스,KOSPI,,9810,1,40,0.41,9750,9840,9740,341152,3339445570,4283157451410,436611361,STK
93,011780,KR7011780004,금호석유,KOSPI,,154600,1,4300,2.86,150200,155000,148700,82261,12644757700,4278196173400,27672679,STK
94,036570,KR7036570000,엔씨소프트,KOSPI,,193800,1,3900,2.05,187600,197800,186300,87791,17075736400,4254689463600,21954022,STK
95,307950,KR7307950006,현대오토에버,KOSPI,,155000,2,-1000,-0.64,156600,159300,154000,93962,14706499100,4250717210000,27423982,STK
96,078930,KR7078930005,GS,KOSPI,,44650,1,400,0.9,44250,44750,43800,67596,3005786000,4148671627700,92915378,STK
97,021240,KR7021240007,코웨이,KOSPI,,55900,1,700,1.27,55300,56400,55300,61488,3434216600,4125398702100,73799619,STK
98,005940,KR7005940002,NH투자증권,KOSPI,,12470,1,130,1.05,12280,12470,12250,276210,3416285100,4083828968530,327492299,STK
99,005385,KR7005381009,현대차우,KOSPI,,167200,1,200,0.12,167000,167600,165400,27446,4565355100,3991396393600,23871988,STK
100,058470,KR7058470006,리노공업,KOSDAQ GLOBAL,우량기업부,257000,2,-3500,-1.34,260000,262000,253000,86912,22283598500,3917289090000,15242370,KSQ
101,302440,KR7302440003,SK바이오사이언스,KOSPI,,50800,1,200,0.4,50600,51200,50200,46996,2388216000,3902849700000,76827750,STK
102,004020,KR7004020004,현대제철,KOSPI,,29200,1,250,0.86,29100,29500,28950,344459,10070765700,3896616922000,133445785,STK
103,068760,KR7068760008,셀트리온제약,KOSDAQ,우량기업부,93300,2,-1300,-1.37,94400,94900,93200,38326,3601869600,3880967724900,41596653,KSQ
104,272210,KR7272210006,한화시스템,KOSPI,,20450,2,-250,-1.21,21000,21000,19630,3654272,73581432820,3863401505050,188919389,STK
105,000250,KR7000250001,삼천당제약,KOSDAQ,중견기업부,162800,2,-1000,-0.61,161600,165900,158100,1379116,222981235500,3818876441600,23457472,KSQ
106,377300,KR7377300009,카카오페이,KOSPI,,28350,1,100,0.35,28350,28800,28200,161970,4619263350,3814663167000,134556020,STK
107,071050,KR7071050009,한국금융지주,KOSPI,,68000,1,1000,1.49,67100,68200,66700,71892,4851574600,3789367456000,55725992,STK
108,271560,KR7271560005,오리온,KOSPI,,95500,1,200,0.21,95000,97000,94100,315378,30149951000,3775700606000,39536132,STK
109,000720,KR7000720003,현대건설,KOSPI,,32400,1,350,1.09,32100,32650,32050,225015,7293877100,3607926786000,111355765,STK
110,128940,KR7128940004,한미약품,KOSPI,,280000,2,-1000,-0.36,280500,284000,279000,17070,4806808500,3587077480000,12810991,STK
111,001040,KR7001040005,CJ,KOSPI,,122900,2,-1900,-1.52,124800,125200,122700,64085,7917748600,3585853054200,29176998,STK
112,000150,KR7000150003,두산,KOSPI,,213000,2,-8500,-3.84,221500,221500,210500,60681,12971942500,3519576855000,16523835,STK
113,214150,KR7214150005,클래시스,KOSDAQ GLOBAL,우량기업부,53600,2,-1700,-3.07,55100,55400,53500,137160,7461221000,3430374218400,63999519,KSQ
114,016360,KR7016360000,삼성증권,KOSPI,,38200,1,300,0.79,38050,38200,37700,248192,9421370950,3411260000000,89300000,STK
115,007660,KR7007660004,이수페타시스,KOSPI,,53800,2,-800,-1.47,54700,55300,53200,1129319,61114415100,3402657342200,63246419,STK
116,361610,KR7361610009,SK아이이테크놀로지,KOSPI,,46650,1,2700,6.14,44350,49400,44150,1007797,47676712000,3326032666800,71297592,STK
117,298040,KR7298040007,효성중공업,KOSPI,,355500,2,-9000,-2.47,362000,368500,352000,67257,24048550000,3314876814000,9324548,STK
118,403870,KR7403870009,HPSP,KOSDAQ GLOBAL,중견기업부,39550,2,-1600,-3.89,41150,41150,39500,831206,33485823350,3280045395200,82934144,KSQ
119,010620,KR7010620003,HD현대미포,KOSPI,,80500,1,1000,1.26,80400,82000,79900,319899,25903014700,3215342994500,39942149,STK
120,277810,KR7277810008,레인보우로보틱스,KOSDAQ,기술성장기업부,165400,2,-300,-0.18,166100,166800,165200,53160,8822154900,3208736513200,19399858,KSQ
121,039490,KR7039490008,키움증권,KOSPI,,122300,1,600,0.49,120500,122400,120500,20775,2528636900,3121916143800,25526706,STK
122,004370,KR7004370003,농심,KOSPI,,513000,2,-10000,-1.91,520000,527000,510000,31420,16253610000,3120395346000,6082642,STK
123,003410,KR7003410008,쌍용C&E,KOSPI,,7000,3,0,0.0,7000,7010,7000,201621,1411576970,3106508062000,443786866,STK
124,035250,KR7035250000,강원랜드,KOSPI,,14410,2,-10,-0.07,14430,14440,14350,465840,6703358920,3082882605000,213940500,STK
125,257720,KR7257720003,실리콘투,KOSDAQ,벤처기업부,50100,2,-600,-1.18,50700,52100,49250,948443,47767895200,3025500623400,60389234,KSQ
126,001450,KR7001450006,현대해상,KOSPI,,32700,1,750,2.35,31950,32800,31850,265164,8626009400,2923380000000,89400000,STK
127,001440,KR7001440007,대한전선,KOSPI,,15650,2,-50,-0.32,15780,16000,15510,2450415,38575801290,2917900245000,186447300,STK
128,145020,KR7145020004,휴젤,KOSDAQ GLOBAL,우량기업부,230000,2,-2000,-0.86,236000,236000,228000,22769,5235654000,2898927590000,12604033,KSQ
129,002790,KR7002790004,아모레G,KOSPI,,33750,2,-550,-1.6,34100,34600,33600,76134,2586315350,2782963575000,82458180,STK
130,175330,KR7175330000,JB금융지주,KOSPI,,14140,1,190,1.36,13950,14240,13920,190938,2702207080,2758476419720,195083198,STK
131,278470,KR7278470000,에이피알,KOSPI,,360500,2,-15500,-4.12,373500,378500,360000,128697,47031241000,2747074169000,7620178,STK
132,263750,KR7263750002,펄어비스,KOSDAQ GLOBAL,우량기업부,42750,1,1100,2.64,41700,43350,41550,230754,9869668050,2746595801250,64247855,KSQ
133,141080,KR7141080002,리가켐바이오,KOSDAQ GLOBAL,기술성장기업부,74500,1,6700,9.88,68200,77400,67700,3434112,255919434000,2724267426000,36567348,KSQ
134,052690,KR7052690005,한전기술,KOSPI,,70300,3,0,0.0,70900,72000,69900,166619,11820579500,2686866000000,38220000,STK
135,018880,KR7018880005,한온시스템,KOSPI,,5010,2,-10,-0.2,5050,5080,4980,1329646,6673238225,2674338000000,533800000,STK
136,138930,KR7138930003,BNK금융지주,KOSPI,,8150,1,120,1.49,8030,8170,8000,322394,2612719550,2625020769700,322088438,STK
137,004990,KR7004990008,롯데지주,KOSPI,,25000,1,250,1.01,24800,25050,24650,162469,4044769700,2622730925000,104909237,STK
138,088350,KR7088350004,한화생명,KOSPI,,2975,1,65,2.23,2920,2980,2880,1196321,3520360710,2583876750000,868530000,STK
139,000990,KR7000990002,DB하이텍,KOSPI,,57600,1,11750,25.63,48800,58900,47300,13709744,739854072800,2557358668800,44398588,STK
140,020150,KR7020150009,롯데에너지머티리얼즈,KOSPI,,55400,2,-300,-0.54,56300,58000,55200,321839,18247107600,2554540259000,46110835,STK
141,002380,KR7002380004,KCC,KOSPI,,280500,1,500,0.18,278000,283500,278000,7296,2057121000,2492655115500,8886471,STK
142,383220,KR7383220001,F&F,KOSPI,,64600,2,-500,-0.77,65500,65800,64500,47878,3118885300,2474637045000,38307075,STK
143,357780,KR7357780006,솔브레인,KOSDAQ,우량기업부,310000,2,-5500,-1.74,319000,326000,310000,26361,8367554000,2411355460000,7778566,KSQ
144,081660,KR7081660003,휠라홀딩스,KOSPI,,40000,3,0,0.0,39800,40450,39800,15435,618913300,2403833560000,60095839,STK
145,007070,KR7007070006,GS리테일,KOSPI,,21650,1,300,1.41,21350,21750,21250,94845,2038520150,2267143011300,104717922,STK
146,028670,KR7028670008,팬오션,KOSPI,,4240,1,175,4.31,4085,4265,4065,3614278,15155229150,2266574730880,534569512,STK
147,012750,KR7012750006,에스원,KOSPI,,59300,1,600,1.02,58900,59400,58300,22778,1346515100,2253351255400,37999178,STK
148,000120,KR7000120006,CJ대한통운,KOSPI,,98200,2,-700,-0.71,98700,99700,97500,32172,3164319300,2240172180800,22812344,STK
149,039030,KR7039030002,이오테크닉스,KOSDAQ GLOBAL,우량기업부,179300,2,-3600,-1.97,183800,186400,179200,131180,23892666900,2208895315000,12319550,KSQ
150,078600,KR7078600004,대주전자재료,KOSDAQ,우량기업부,142600,2,-400,-0.28,140100,146300,138000,246660,35239842100,2207532561800,15480593,KSQ
151,008930,KR7008930000,한미사이언스,KOSPI,,32200,1,550,1.74,31700,32600,31650,112333,3626633150,2202207910000,68391550,STK
152,008770,KR7008770000,호텔신라,KOSPI,,55500,1,200,0.36,55400,55600,55200,75982,4211213500,2178270715500,39248121,STK
153,204320,KR7204320006,HL만도,KOSPI,,46200,1,950,2.1,45350,46600,44800,294631,13572690450,2169418944000,46957120,STK
154,005290,KR7005290002,동진쎄미켐,KOSDAQ,우량기업부,41700,2,-1150,-2.68,42850,43100,41700,380444,16076008300,2143984399800,51414494,KSQ
155,014680,KR7014680003,한솔케미칼,KOSPI,,185300,2,-600,-0.32,185600,187700,183800,22438,4156224100,2100411633500,11335195,STK
156,030000,KR7030000004,제일기획,KOSPI,,18170,1,20,0.11,18200,18220,18140,169963,3089317110,2090299058250,115041225,STK
157,192820,KR7192820009,코스맥스,KOSPI,,178200,2,-8900,-4.76,189000,191000,177400,98041,17813599500,2022482503800,11349509,STK
158,035900,KR7035900000,JYP Ent.,KOSDAQ GLOBAL,우량기업부,56500,1,300,0.53,56000,57500,56000,267634,15196613100,2007585798000,35532492,KSQ
159,005850,KR7005850003,에스엘,KOSPI,,43200,2,-1000,-2.26,44550,44800,42850,323162,14082694300,2006576064000,46448520,STK
160,000880,KR7000880005,한화,KOSPI,,26450,1,50,0.19,26450,26500,26050,132963,3499514150,1982658540750,74958735,STK
161,026960,KR7026960005,동서,KOSPI,,19880,1,80,0.4,19730,20100,19550,62157,1234262000,1982036000000,99700000,STK
162,051915,KR7051911006,LG화학우,KOSPI,,253500,1,500,0.2,254000,256500,250000,7006,1778272000,1949110800000,7688800,STK
163,112610,KR7112610001,씨에스윈드,KOSPI,,46050,2,-100,-0.22,46150,46700,45750,101109,4670956200,1941993108150,42171403,STK
164,282330,KR7282330000,BGF리테일,KOSPI,,110300,2,-1000,-0.9,111200,111300,109800,42949,4733533000,1906414831800,17283906,STK
165,041510,KR7041510009,에스엠,KOSDAQ,우량기업부,80600,2,-200,-0.25,81000,81800,80500,62188,5038517300,1901315473200,23589522,KSQ
166,073240,KR7073240004,금호타이어,KOSPI,,6610,1,50,0.76,6520,6710,6460,294651,1950829780,1898790497070,287260287,STK
167,089030,KR7089030001,테크윙,KOSDAQ,우량기업부,50200,2,-1400,-2.71,50500,52800,50200,406807,20875977100,1875152979000,37353645,KSQ
168,035760,KR7035760008,CJ ENM,KOSDAQ GLOBAL,중견기업부,85400,2,-1000,-1.16,85700,86300,84300,34559,2941043600,1872749751600,21929154,KSQ
169,065350,KR7065350001,신성델타테크,KOSDAQ,우량기업부,66900,1,1000,1.52,65900,69000,65800,272454,18397402300,1838676121200,27483948,KSQ
170,023530,KR7023530009,롯데쇼핑,KOSPI,,64900,1,1300,2.04,63800,65700,63300,71999,4670153900,1835940199500,28288755,STK
171,017800,KR7017800004,현대엘리베이,KOSPI,,46750,1,2800,6.37,43600,46900,43600,193309,8799345800,1827568998750,39092385,STK
172,007310,KR7007310006,오뚜기,KOSPI,,455000,2,-3500,-0.76,463000,464500,455000,4939,2266325000,1823562650000,4007830,STK
173,137400,KR7137400008,피엔티,KOSDAQ GLOBAL,우량기업부,80100,2,-4400,-5.21,81300,84400,79000,617974,50230320000,1821569959800,22741198,KSQ
174,237690,KR7237690003,에스티팜,KOSDAQ GLOBAL,우량기업부,92800,1,500,0.54,92500,96700,92300,306006,28878003000,1806214470400,19463518,KSQ
175,012510,KR7012510004,더존비즈온,KOSPI,,59100,2,-1800,-2.96,60400,60400,58100,220305,13006481100,1795622534400,30382784,STK
176,293490,KR7293490009,카카오게임즈,KOSDAQ GLOBAL,우량기업부,21550,2,-150,-0.69,21700,21900,21200,176143,3798785000,1781012507600,82645592,KSQ
177,280360,KR7280360009,롯데웰푸드,KOSPI,,187000,2,-1500,-0.8,192800,198500,186300,64449,12432371100,1764265338000,9434574,STK
178,010060,KR7010060002,OCI홀딩스,KOSPI,,89900,1,100,0.11,89600,91500,89600,37740,3409352800,1758802071700,19563983,STK
179,240810,KR7240810002,원익IPS,KOSDAQ GLOBAL,우량기업부,35300,2,-1200,-3.29,36550,36800,35300,216391,7740866800,1732661705300,49083901,KSQ
180,103140,KR7103140000,풍산,KOSPI,,61700,1,3000,5.11,59500,63400,59300,802881,49565191800,1729097952600,28024278,STK
181,009420,KR7009420001,한올바이오파마,KOSPI,,33000,3,0,0.0,32750,33700,32650,135932,4531462150,1723941054000,52240638,STK
182,036930,KR7036930006,주성엔지니어링,KOSDAQ GLOBAL,우량기업부,35050,2,-1550,-4.23,36750,38250,35000,1553846,56982009000,1691134880600,48249212,KSQ
183,417200,KR7417200003,LS머트리얼즈,KOSDAQ,중견기업부,24850,2,-250,-1.0,25350,25450,24750,514711,12869993050,1681168576150,67652659,KSQ
184,051600,KR7051600005,한전KPS,KOSPI,,37000,2,-200,-0.54,37650,37700,36850,141923,5284403000,1665000000000,45000000,STK
185,018670,KR7018670000,SK가스,KOSPI,,178400,1,3200,1.83,176500,180700,173600,13629,2425477700,1646675529600,9230244,STK
186,036830,KR7036830008,솔브레인홀딩스,KOSDAQ GLOBAL,우량기업부,77500,2,-1100,-1.4,80800,80800,76900,167300,13103695700,1624714340000,20964056,KSQ
187,042670,KR7042670000,HD현대인프라코어,KOSPI,,8090,1,100,1.25,8050,8160,8030,944005,7640458270,1614791934770,199603453,STK
188,139480,KR7139480008,이마트,KOSPI,,57400,1,500,0.88,56900,58000,56900,123058,7069713000,1600072010600,27875819,STK
189,011210,KR7011210002,현대위아,KOSPI,,58800,2,-400,-0.68,59700,59700,58500,82604,4868588000,1599070880400,27195083,STK
190,161890,KR7161890009,한국콜마,KOSPI,,67700,2,-900,-1.31,69800,71400,67500,367271,25500372200,1598063712900,23605077,STK
191,047040,KR7047040001,대우건설,KOSPI,,3825,1,120,3.24,3710,3890,3690,2565304,9822175790,1589756590350,415622638,STK
192,178320,KR7178320008,서진시스템,KOSDAQ,우량기업부,28500,1,150,0.53,28400,29350,27950,460898,13229639050,1587519055500,55702423,KSQ
193,298050,KR7298050006,효성첨단소재,KOSPI,,353500,1,4000,1.14,349500,358500,345000,21273,7543663500,1583661618000,4479948,STK
194,004170,KR7004170007,신세계,KOSPI,,160100,1,3400,2.17,156700,160400,156500,23244,3693764600,1576213478100,9845181,STK
195,031980,KR7031980006,피에스케이홀딩스,KOSDAQ,우량기업부,72500,2,-4000,-5.23,76300,77900,72400,370761,27476287400,1563273637500,21562395,KSQ
196,204270,KR7204270003,제이앤티씨,KOSDAQ,중견기업부,26600,2,-2100,-7.32,27600,28300,26250,1559832,42229595800,1538769195600,57848466,KSQ
197,064760,KR7064760002,티씨케이,KOSDAQ GLOBAL,우량기업부,130600,2,-7500,-5.43,136800,137000,130200,68754,9117188000,1524755000000,11675000,KSQ
198,111770,KR7111770004,영원무역,KOSPI,,34350,1,900,2.69,33450,34450,33400,74369,2527703850,1522098925800,44311468,STK
199,004490,KR7004490009,세방전지,KOSPI,,108700,2,-3700,-3.29,111600,112200,107300,52694,5756105200,1521800000000,14000000,STK
200,298020,KR7298020009,효성티앤씨,KOSPI,,348500,2,-4500,-1.27,353000,358500,347500,13007,4554363500,1508197177000,4327682,STK
201,232140,KR7232140004,와이씨,KOSDAQ,우량기업부,18370,2,-1160,-5.94,19740,19740,18320,2997440,56550114660,1507173079500,82045350,KSQ
202,121600,KR7121600001,나노신소재,KOSDAQ,우량기업부,123200,2,-700,-0.56,123900,127000,122300,102397,12711162400,1502556809600,12196078,KSQ
203,457190,KR7457190007,이수스페셜티케미컬,KOSPI,,49550,2,-3050,-5.8,52300,53100,49000,374187,18948475100,1496820274000,30208280,STK
204,214450,KR7214450009,파마리서치,KOSDAQ GLOBAL,우량기업부,143000,1,4200,3.03,139800,144600,138700,178795,25551437000,1489062289000,10413023,KSQ
205,002710,KR7002710002,TCC스틸,KOSPI,,56700,1,700,1.25,57000,59700,56200,298985,17280433300,1486316619900,26213697,STK
206,000080,KR7000080002,하이트진로,KOSPI,,20850,2,-350,-1.65,21450,21900,20800,474746,10132923250,1462285789350,70133611,STK
207,000240,KR7000240002,한국앤컴퍼니,KOSPI,,15400,1,190,1.25,15210,15410,15160,28829,440741250,1462002696000,94935240,STK
208,336260,KR7336260005,두산퓨얼셀,KOSPI,,22250,1,150,0.68,22350,22700,22100,428321,9568335150,1457235403500,65493726,STK
209,112040,KR7112040001,위메이드,KOSDAQ,중견기업부,41750,1,600,1.46,41250,42650,41200,145507,6100411900,1417349165250,33948483,KSQ
210,095340,KR7095340006,ISC,KOSDAQ,우량기업부,66700,2,-1400,-2.06,68500,68500,66600,115706,7797562800,1413843768600,21197058,KSQ
211,014820,KR7014820005,동원시스템즈,KOSPI,,48650,1,300,0.62,48800,49900,48400,87364,4305863650,1410425869300,28991282,STK
212,328130,KR7328130000,루닛,KOSDAQ,기술성장기업부,48000,1,100,0.21,48000,48850,47900,128043,6171382450,1383870240000,28830630,KSQ
213,006280,KR7006280002,녹십자,KOSPI,,117300,1,2200,1.91,115100,117700,115100,9932,1161285500,1370830907400,11686538,STK
214,139130,KR7139130009,DGB금융지주,KOSPI,,8010,1,80,1.01,7890,8020,7880,298152,2374290230,1354858122330,169145833,STK
215,375500,KR7375500006,DL이앤씨,KOSPI,,34550,1,550,1.62,34000,36100,33600,299456,10492431650,1336864674650,38693623,STK
216,067160,KR7067160002,SOOP,KOSDAQ GLOBAL,우량기업부,115700,1,9900,9.36,107100,117000,106700,268395,30488989900,1329944541900,11494767,KSQ
217,185750,KR7185750007,종근당,KOSPI,,100500,1,100,0.1,100400,102000,99800,20021,2019375300,1324029210000,13174420,STK
218,009240,KR7009240003,한샘,KOSPI,,55800,1,1000,1.82,55000,56000,54500,16177,895477300,1313193182400,23533928,STK
219,039200,KR7039200001,오스코텍,KOSDAQ,벤처기업부,34550,1,1150,3.44,33550,35200,33350,410394,14223467200,1312691490750,37993965,KSQ
220,003690,KR7003690005,코리안리,KOSPI,,7910,1,110,1.41,7890,7950,7800,181326,1427816870,1308057130660,165367526,STK
221,140860,KR7140860008,파크시스템스,KOSDAQ,우량기업부,186500,2,-5200,-2.71,190000,191000,180000,18318,3437799200,1301874253500,6980559,KSQ
222,214370,KR7214370009,케어젠,KOSDAQ,벤처기업부,24150,1,1200,5.23,23200,24400,22900,192377,4604125800,1297217250000,53715000,KSQ
223,006040,KR7006040000,동원산업,KOSPI,,35950,1,50,0.14,35550,36200,35500,34073,1222395850,1294987125250,36021895,STK
224,006360,KR7006360002,GS건설,KOSPI,,15120,1,220,1.48,14900,15210,14770,253922,3823385450,1293992128800,85581490,STK
225,034230,KR7034230003,파라다이스,KOSDAQ,우량기업부,14060,1,160,1.15,13900,14070,13870,214460,2995481590,1290309019380,91771623,KSQ
226,108320,KR7108320003,LX세미콘,KOSPI,,79000,1,8000,11.27,71200,80900,70700,820395,63389633500,1284879700000,16264300,STK
227,005300,KR7005300009,롯데칠성,KOSPI,,137600,2,-1100,-0.79,138100,139000,136300,20275,2789219700,1276774438400,9278884,STK
228,137310,KR7137310009,에스디바이오센서,KOSPI,,10240,1,80,0.79,10110,10330,10110,60285,616688710,1274648094720,124477353,STK
229,082740,KR7082740002,한화엔진,KOSPI,,15220,2,-430,-2.75,15880,16940,15060,3432212,55138888000,1270065501240,83447142,STK
230,395400,KR7395400005,SK리츠,KOSPI,,4675,2,-25,-0.53,4710,4735,4630,421535,1972534045,1262870274325,270132679,STK
231,084370,KR7084370006,유진테크,KOSDAQ,우량기업부,54900,1,200,0.37,55500,57400,54700,194269,10852899300,1258090705800,22916042,KSQ
232,253450,KR7253450001,스튜디오드래곤,KOSDAQ GLOBAL,우량기업부,41700,3,0,0.0,41800,42000,41150,28451,1186019250,1253439366600,30058498,KSQ
233,281740,KR7281740001,레이크머티리얼즈,KOSDAQ,우량기업부,18840,2,-770,-3.93,19410,19640,18840,449810,8603937730,1238363524320,65730548,KSQ
234,000400,KR7000400002,롯데손해보험,KOSPI,,3990,1,40,1.01,3945,4040,3880,1029723,4102360320,1238241916800,310336320,STK
235,018290,KR7018290007,브이티,KOSDAQ,우량기업부,34250,2,-2200,-6.04,36700,37000,34100,1330124,46471870100,1226081739750,35798007,KSQ
236,145720,KR7145720009,덴티움,KOSPI,,109000,2,-700,-0.64,109700,109900,108700,34944,3815270400,1206502470000,11068830,STK
237,166090,KR7166090001,하나머티리얼즈,KOSDAQ GLOBAL,우량기업부,60400,2,-200,-0.33,60000,61200,59200,60129,3615262000,1194571509600,19777674,KSQ
238,000210,KR7000210005,DL,KOSPI,,56900,1,1100,1.97,56100,57100,55000,72303,4028879900,1192389799600,20955884,STK
239,069620,KR7069620003,대웅제약,KOSPI,,102700,2,-300,-0.29,103100,104000,102500,12383,1275394100,1189941252500,11586575,STK
240,001720,KR7001720002,신영증권,KOSPI,,72000,1,800,1.12,71000,72000,70500,3227,229145800,1183680000000,16440000,STK
241,103590,KR7103590006,일진전기,KOSPI,,24800,2,-500,-1.98,25300,25600,24550,407823,10183540350,1182597672000,47685390,STK
242,006110,KR7006110001,삼아알미늄,KOSPI,,80300,2,-1100,-1.35,80600,83000,80100,49495,4035427100,1181366854800,14711916,STK
243,067310,KR7067310003,하나마이크론,KOSDAQ,우량기업부,22500,2,-350,-1.53,23100,23100,22400,309852,7016363400,1173813187500,52169475,KSQ
244,004000,KR7004000006,롯데정밀화학,KOSPI,,45450,1,800,1.79,44650,45450,44600,38963,1755891350,1172610000000,25800000,STK
245,004800,KR7004800009,효성,KOSPI,,57000,2,-300,-0.52,57300,57700,56800,32973,1889171000,1166581038000,20466334,STK
246,140410,KR7140410002,메지온,KOSDAQ,중견기업부,38900,2,-350,-0.89,38950,39650,38500,56925,2226788550,1157454990300,29754627,KSQ
247,001120,KR7001120005,LX인터내셔널,KOSPI,,29800,1,1250,4.38,28500,29850,28200,282517,8224605200,1155048000000,38760000,STK
248,222800,KR7222800005,심텍,KOSDAQ GLOBAL,우량기업부,36150,2,-750,-2.03,37250,37250,36100,239917,8749696250,1151527269450,31854143,KSQ
249,033100,KR7033100009,제룡전기,KOSDAQ,우량기업부,71600,3,0,0.0,72300,73900,71400,393994,28605482600,1150068484400,16062409,KSQ
250,069960,KR7069960003,현대백화점,KOSPI,,48850,1,800,1.66,48050,49200,48050,26406,1288334800,1143209242850,23402441,STK
251,352480,KR7352480008,씨앤씨인터내셔널,KOSDAQ,벤처기업부,113900,2,-2600,-2.23,115400,119700,111800,80459,9167451600,1140587879900,10013941,KSQ
252,294870,KR7294870001,HDC현대산업개발,KOSPI,,17300,2,-10,-0.06,17310,17490,17160,65009,1124162140,1140196809000,65907330,STK
253,336370,KR7336370002,솔루스첨단소재,KOSPI,,16140,2,-200,-1.22,16470,16790,16100,210633,3468955470,1133307932160,70217344,STK
254,317330,KR7317330009,덕산테코피아,KOSDAQ,우량기업부,56400,2,-4800,-7.84,61100,61400,56200,527129,30885929100,1125728546400,19959726,KSQ
255,440110,KR7440110005,파두,KOSDAQ,기술성장기업부,22800,2,-650,-2.77,23150,23500,22550,326736,7489596500,1121111112000,49171540,KSQ
256,009970,KR7009970005,영원무역홀딩스,KOSPI,,82200,1,1000,1.23,82700,82700,80500,3907,319941400,1120845662400,13635592,STK
257,051980,KR7051980001,중앙첨단소재,KOSDAQ,중견기업부,12560,2,-560,-4.27,13140,13580,12400,2530891,32609222200,1120575128400,89217765,KSQ
258,005420,KR7005420005,코스모화학,KOSPI,,29050,2,-150,-0.51,29250,29400,29000,72087,2099025100,1115759023400,38408228,STK
259,089860,KR7089860001,롯데렌탈,KOSPI,,30300,1,800,2.71,29650,30350,29450,148481,4443010050,1110012108900,36634063,STK
260,353200,KR7353200009,대덕전자,KOSPI,,22450,1,250,1.13,22100,22550,22000,262263,5854115900,1109409966250,49416925,STK
261,248070,KR7248070005,솔루엠,KOSPI,,22000,1,200,0.92,21850,22150,21750,110890,2436298400,1100122122000,50005551,STK
262,096530,KR7096530001,씨젠,KOSDAQ,우량기업부,20950,2,-350,-1.64,21250,21600,20900,110948,2344946050,1094134574300,52225994,KSQ
263,001740,KR7001740000,SK네트웍스,KOSPI,,4940,1,70,1.44,4870,5230,4860,1740032,8734279560,1093112835880,221277902,STK
264,298380,KR7298380007,에이비엘바이오,KOSDAQ,기술성장기업부,22650,1,650,2.95,22000,23000,21750,429701,9731816350,1088282420850,48047789,KSQ
265,120110,KR7120110002,코오롱인더,KOSPI,,39200,1,600,1.55,38600,39350,38600,44476,1739189600,1078748367200,27519091,STK
266,393890,KR7393890009,더블유씨피,KOSDAQ GLOBAL,기술성장기업부,31350,1,150,0.48,31350,32350,31200,87981,2787738000,1056385839300,33696518,KSQ
267,267270,KR7267270007,HD현대건설기계,KOSPI,,56000,2,-500,-0.88,56300,56900,55900,60895,3426163400,1055437376000,18847096,STK
268,003620,KR7003620002,KG모빌리티,KOSPI,,5340,3,0,0.0,5310,5370,5300,100000,534203980,1042651260300,195253045,STK
269,950160,KR8840120008,코오롱티슈진,KOSDAQ,외국기업(소속부없음),13300,2,-300,-2.21,13510,13600,13160,116475,1558926250,1040960676000,78267720,KSQ
270,056190,KR7056190002,에스에프에이,KOSDAQ GLOBAL,우량기업부,28600,1,400,1.42,28650,30400,28250,463992,13549562200,1026990536000,35908760,KSQ
271,319660,KR7319660007,피에스케이,KOSDAQ GLOBAL,우량기업부,35450,1,50,0.14,35200,36600,35200,211326,7596204650,1026870011300,28966714,KSQ
272,281820,KR7281820001,케이씨텍,KOSPI,,48800,1,3400,7.49,46300,50000,46300,671095,32666317300,1018043932800,20861556,STK
273,082640,KR7082640004,동양생명,KOSPI,,6290,3,0,0.0,6190,6470,6150,663750,4209327680,1014945499650,161358585,STK
274,195940,KR7195940002,HK이노엔,KOSDAQ GLOBAL,중견기업부,35600,1,100,0.28,35650,36150,35500,87293,3128023650,1008544119600,28329891,KSQ
275,074600,KR7074600008,원익QnC,KOSDAQ GLOBAL,우량기업부,38350,2,-200,-0.52,38350,38700,37900,277710,10611978350,1008144800000,26288000,KSQ
276,042000,KR7042000000,카페24,KOSDAQ,기술성장기업부,41250,1,3900,10.44,39200,42850,38450,9849367,401409487750,1000438477500,24253054,KSQ
277,001680,KR7001680008,대상,KOSPI,,28850,1,150,0.52,28500,29300,28400,457912,13248316750,999595521250,34648025,STK
278,383310,KR7383310000,에코프로에이치엔,KOSDAQ GLOBAL,중견기업부,65300,2,-900,-1.36,66000,67000,65200,50940,3346901000,999412059600,15304932,KSQ
279,213420,KR7213420003,덕산네오룩스,KOSDAQ GLOBAL,우량기업부,40150,1,100,0.25,40100,40500,39950,62436,2507956750,996971836850,24831179,KSQ
280,287410,KR7287410005,제이시스메디칼,KOSDAQ GLOBAL,우량기업부,12880,1,20,0.16,12860,12890,12860,242133,3116784530,987095495120,76637849,KSQ
281,192080,KR7192080000,더블유게임즈,KOSPI,,45650,1,1150,2.58,44750,45750,44150,56332,2543232350,981288108900,21495906,STK
282,005180,KR7005180005,빙그레,KOSPI,,99500,2,-900,-0.9,100700,102100,98600,134189,13419914600,980198479500,9851241,STK
283,036540,KR7036540003,SFA반도체,KOSDAQ,우량기업부,5900,1,120,2.08,5870,5990,5800,2127349,12527649220,970315787700,164460303,KSQ
284,067630,KR7067630004,HLB생명과학,KOSDAQ,중견기업부,8960,2,-90,-0.99,9120,9150,8910,384183,3467376880,964616235520,107658062,KSQ
285,365340,KR7365340009,성일하이텍,KOSDAQ,기술성장기업부,79400,1,300,0.38,78900,81300,78800,17650,1412503200,963526701800,12135097,KSQ
286,001800,KR7001800002,오리온홀딩스,KOSPI,,15360,1,290,1.92,15060,15440,15060,44156,673930770,962233681920,62645422,STK
287,365550,KR7365550003,ESR켄달스퀘어리츠,KOSPI,,4505,1,130,2.97,4370,4515,4345,340128,1498499065,959965945000,213089000,STK
288,229640,KR7229640008,LS에코에너지,KOSPI,,31300,2,-1000,-3.1,32000,32250,31200,366821,11594494200,958558712700,30624879,STK
289,300720,KR7300720000,한일시멘트,KOSPI,,13820,1,200,1.47,13590,13860,13550,74777,1024229800,957194482800,69261540,STK
290,002840,KR7002840007,미원상사,KOSPI,,201000,2,-500,-0.25,202000,202000,199200,1267,254990200,954750000000,4750000,STK
291,456040,KR7456040005,OCI,KOSPI,,106200,2,-1300,-1.21,108600,108700,104700,40292,4283548300,950754969000,8952495,STK
292,086900,KR7086900008,메디톡스,KOSDAQ,우량기업부,129000,1,1000,0.78,127700,129200,127000,22329,2862890600,941506113000,7298497,KSQ
293,225570,KR7225570001,넥슨게임즈,KOSDAQ,우량기업부,14280,2,-280,-1.92,14560,14710,14230,210846,3040660580,939677835600,65803770,KSQ
294,008730,KR7008730004,율촌화학,KOSPI,,37800,2,-900,-2.33,38850,38900,37550,48715,1853948750,937440000000,24800000,STK
295,003090,KR7003090008,대웅,KOSPI,,16010,2,-240,-1.48,16190,16380,16000,59794,965865290,930853099800,58141980,STK
296,039130,KR7039130000,하나투어,KOSPI,,57600,1,600,1.05,57500,57900,57100,56771,3265274800,923857056000,16039185,STK
297,183300,KR7183300003,코미코,KOSDAQ GLOBAL,우량기업부,88300,2,-1100,-1.23,89500,90000,88000,53736,4771285700,923678397200,10460684,KSQ
298,085660,KR7085660009,차바이오텍,KOSDAQ,중견기업부,16370,2,-180,-1.09,16850,16880,16360,184895,3065115730,921867431910,56314443,KSQ
299,006650,KR7006650006,대한유화,KOSPI,,140400,1,2100,1.52,138500,143000,137000,39601,5573338200,912600000000,6500000,STK
300,009520,KR7009520008,포스코엠텍,KOSDAQ GLOBAL,우량기업부,21700,1,750,3.58,21000,23300,21000,1628958,36467880950,903646655100,41642703,KSQ
301,078130,KR7078130002,국일제지,KOSDAQ,관리종목(소속부없음),800,0,0,0.0,0,0,0,0,0,901924696800,1127405871,KSQ
302,214320,KR7214320004,이노션,KOSPI,,22400,2,-50,-0.22,22450,22550,22100,52078,1160432700,896000000000,40000000,STK
303,399720,KR7399720002,가온칩스,KOSDAQ,벤처기업부,77400,2,-2500,-3.13,79900,80500,77200,101938,7963706300,889195968000,11488320,KSQ
304,098460,KR7098460009,고영,KOSDAQ,우량기업부,12850,1,40,0.31,12810,13580,12740,1697588,22387984400,882213601750,68654755,KSQ
305,285130,KR7285130001,SK케미칼,KOSPI,,51100,1,100,0.2,50600,51700,50400,17009,871051500,881668311300,17253783,STK
306,085620,KR7085620003,미래에셋생명,KOSPI,,4860,1,195,4.18,4740,4860,4650,71422,342728615,860298678540,177016189,STK
307,089590,KR7089590004,제주항공,KOSPI,,10640,1,20,0.19,10610,10650,10550,71699,758775270,858020080400,80640985,STK
308,222080,KR7222080004,씨아이에스,KOSDAQ,우량기업부,11890,2,-240,-1.98,12150,12240,11850,374445,4496104240,849432015640,71440876,KSQ
309,025320,KR7025320003,시노펙스,KOSDAQ,우량기업부,10090,2,-120,-1.18,10200,10230,10070,1342566,13598391390,845722974240,83817936,KSQ
310,003540,KR7003540002,대신증권,KOSPI,,16650,1,80,0.48,16420,16720,16420,85143,1405192210,845377110000,50773400,STK
311,000815,KR7000811000,삼성화재우,KOSPI,,263500,1,8000,3.13,256000,264500,254000,9400,2444726500,841092000000,3192000,STK
312,271940,KR7271940009,일진하이솔루스,KOSPI,,23150,1,300,1.31,23000,23250,22800,25670,590844900,840650348500,36313190,STK
313,105630,KR7105630008,한세실업,KOSPI,,21000,1,200,0.96,20750,21100,20650,54010,1125116950,840000000000,40000000,STK
314,023590,KR7023590003,다우기술,KOSPI,,18700,1,120,0.65,18580,18730,18570,18756,349251860,839005737900,44866617,STK
315,049770,KR7049770001,동원F&B,KOSPI,,43400,2,-600,-1.36,44150,44300,43000,59084,2566718100,837429908000,19295620,STK
316,025900,KR7025900002,동화기업,KOSDAQ,중견기업부,16520,2,-440,-2.59,17300,17460,16500,147821,2483636370,835119700800,50552040,KSQ
317,310210,KR7310210000,보로노이,KOSDAQ,기술성장기업부,46900,1,600,1.3,46300,47450,45650,116320,5431893500,833892552500,17780225,KSQ
318,090460,KR7090460007,비에이치,KOSPI,,24150,2,-550,-2.23,24850,25400,24100,621538,15254077950,832314752850,34464379,STK
319,066575,KR7066571001,LG전자우,KOSPI,,48050,1,550,1.16,47500,48100,47150,33677,1607916550,825786915600,17185992,STK
320,009450,KR7009450008,경동나비엔,KOSPI,,56500,1,2600,4.82,54200,56900,53600,90277,5029832900,823125448000,14568592,STK
321,003030,KR7003030004,세아제강지주,KOSPI,,198100,2,-2400,-1.2,200500,200500,196300,4732,934387500,820462251700,4141657,STK
322,119860,KR7119860005,커넥트웨이브,KOSDAQ,우량기업부,18010,1,10,0.06,17960,18010,17960,23314,419519140,815878105940,45301394,KSQ
323,101490,KR7101490001,에스앤에스텍,KOSDAQ,우량기업부,37750,2,-750,-1.95,38500,38850,37750,140167,5338321100,809792124250,21451447,KSQ
324,348950,KR7348950007,제이알글로벌리츠,KOSPI,,4090,2,-25,-0.61,4115,4120,4090,275958,1130749145,807267840000,197376000,STK
325,093370,KR7093370005,후성,KOSPI,,7510,2,-70,-0.92,7600,7650,7500,270224,2042686980,805487528300,107255330,STK
326,007340,KR7007340003,DN오토모티브,KOSPI,,79700,2,-200,-0.25,80400,80400,79500,6408,510698600,796522198500,9994005,STK
327,330590,KR7330590001,롯데리츠,KOSPI,,3275,2,-5,-0.15,3280,3305,3255,214929,702549400,795723095100,242968884,STK
328,100090,KR7100090000,SK오션플랜트,KOSPI,,13410,2,-470,-3.39,13750,13880,13350,364652,4930971230,793812566880,59195568,STK
329,114090,KR7114090004,GKL,KOSPI,,12810,2,-30,-0.23,12840,12880,12760,53123,680507250,792371132700,61855670,STK
330,195870,KR7195870001,해성디에스,KOSPI,,46400,1,1750,3.92,44950,47150,44950,111108,5141860300,788800000000,17000000,STK
331,086450,KR7086450004,동국제약,KOSDAQ GLOBAL,우량기업부,17730,1,60,0.34,17790,17830,17610,94475,1672387790,788275800000,44460000,KSQ
332,002350,KR7002350007,넥센타이어,KOSPI,,8070,2,-80,-0.98,8150,8190,8070,21419,173793470,788179767390,97667877,STK
333,069260,KR7069260008,TKG휴켐스,KOSPI,,19280,1,120,0.63,19160,19290,19110,24824,476194330,788139176640,40878588,STK
334,020560,KR7020560009,아시아나항공,KOSPI,,10560,1,100,0.96,10460,10580,10440,63578,669773410,785788227840,74411764,STK
335,348210,KR7348210006,넥스틴,KOSDAQ GLOBAL,우량기업부,75600,1,4000,5.59,71900,76500,71600,221168,16465730400,783016416000,10357360,KSQ
336,087010,KR7087010005,펩트론,KOSDAQ,기술성장기업부,37900,1,550,1.47,37400,39550,36800,365792,14058120100,782913565000,20657350,KSQ
337,006120,KR7006120000,SK디스커버리,KOSPI,,41150,1,100,0.24,41050,41400,40700,20619,846849250,773037933250,18785855,STK
338,241710,KR7241710003,코스메카코리아,KOSDAQ,우량기업부,72300,2,-2400,-3.21,75000,77500,69100,204161,14820758400,772164000000,10680000,KSQ
339,009900,KR7009900002,명신산업,KOSPI,,14610,2,-220,-1.48,14820,14870,14610,104906,1541336630,766588643130,52470133,STK
340,192400,KR7192400000,쿠쿠홀딩스,KOSPI,,21350,2,-50,-0.23,21350,21400,21100,11249,239540950,759252649750,35562185,STK
341,272290,KR7272290008,이녹스첨단소재,KOSDAQ GLOBAL,우량기업부,37550,1,1800,5.03,36400,38200,36000,725534,27097938350,758572257900,20201658,KSQ
342,036810,KR7036810000,에프에스티,KOSDAQ,우량기업부,34800,2,-1250,-3.47,36050,36200,34650,447366,15768716450,757136257200,21756789,KSQ
343,178920,KR7178920005,PI첨단소재,KOSPI,,25750,2,-500,-1.9,26200,26250,25650,42226,1093264950,756182791500,29366322,STK
344,010780,KR7010780005,아이에스동서,KOSPI,,24950,3,0,0.0,25050,25300,24850,29313,733181700,753165051200,30186976,STK
345,122870,KR7122870009,와이지엔터테인먼트,KOSDAQ GLOBAL,우량기업부,40200,1,200,0.5,40000,40550,40000,54895,2212272750,751380169800,18691049,KSQ
346,025540,KR7025540006,한국단자,KOSPI,,72100,3,0,0.0,71900,72600,71500,10118,728927000,750921500000,10415000,STK
347,001430,KR7001430008,세아베스틸지주,KOSPI,,20750,2,-400,-1.89,21150,21150,20700,85016,1771640450,744138969250,35862119,STK
348,268280,KR7268280005,미원에스씨,KOSPI,,148600,1,600,0.41,151200,154300,148000,278,41576100,743000000000,5000000,STK
349,005880,KR7005880000,대한해운,KOSPI,,2325,1,45,1.97,2295,2395,2275,7208412,16917182195,742087594500,319177460,STK
350,032350,KR7032350001,롯데관광개발,KOSPI,,9730,1,110,1.14,9630,9770,9580,233055,2256801020,741388860590,76196183,STK
351,237880,KR7237880000,클리오,KOSDAQ,우량기업부,41000,2,-1250,-2.96,42450,43000,40900,84858,3519245750,740925473000,18071353,KSQ
352,278280,KR7278280003,천보,KOSDAQ,우량기업부,73900,2,-300,-0.4,73900,75500,73700,10593,786568100,739000000000,10000000,KSQ
353,080220,KR7080220007,제주반도체,KOSDAQ,우량기업부,21400,2,-600,-2.73,22150,22150,21400,590726,12779571850,737076626200,34442833,KSQ
354,336570,KR7336570007,원텍,KOSDAQ,기술성장기업부,8230,2,-80,-0.96,8310,8410,8220,542115,4496994800,735273294370,89340619,KSQ
355,181710,KR7181710005,NHN,KOSPI,,21650,1,500,2.36,21250,21850,21050,52317,1127184000,731036562950,33766123,STK
356,015750,KR7015750003,성우하이텍,KOSDAQ,우량기업부,9100,2,-120,-1.3,9230,9270,9050,703330,6426461120,728000000000,80000000,KSQ
357,418550,KR7418550000,제이오,KOSDAQ,기술성장기업부,22800,2,-450,-1.94,23350,23650,22800,122742,2835135200,724407824400,31772273,KSQ
358,003850,KR7003850005,보령,KOSPI,,10510,1,420,4.16,10130,10560,10090,175899,1826388610,721931900000,68690000,STK
359,003530,KR7003530003,한화투자증권,KOSPI,,3335,1,85,2.62,3255,3335,3240,521862,1713444500,715516829625,214547775,STK
360,194480,KR7194480000,데브시스터즈,KOSDAQ,벤처기업부,59300,1,2800,4.96,56700,60600,56500,152072,9006126200,712393434000,12013380,KSQ
361,048410,KR7048410005,현대바이오,KOSDAQ,중견기업부,17870,1,170,0.96,17780,18220,17710,124368,2234677160,711594264960,39820608,KSQ
362,064550,KR7064550007,바이오니아,KOSDAQ,우량기업부,27250,2,-400,-1.45,27650,28000,27100,136802,3767147950,703330429750,25810291,KSQ
363,003240,KR7003240009,태광산업,KOSPI,,630000,1,4000,0.64,627000,631000,625000,192,120670000,701442000000,1113400,STK
364,064960,KR7064960008,SNT모티브,KOSPI,,47850,1,250,0.53,47600,48000,47000,20231,962616250,699717057600,14623136,STK
365,005440,KR7005440003,현대지에프홀딩스,KOSPI,,4485,1,30,0.67,4455,4515,4450,67112,300324340,699230789985,155904301,STK
366,003380,KR7003380003,하림지주,KOSDAQ GLOBAL,우량기업부,6190,1,20,0.32,6120,6210,6120,85859,529338350,693314793990,112005621,KSQ
367,297890,KR7297890006,HB솔루션,KOSDAQ,우량기업부,9470,1,10,0.11,9460,9600,9260,1662580,15649416620,692392591460,73114318,KSQ
368,041190,KR7041190000,우리기술투자,KOSDAQ,우량기업부,8220,1,80,0.98,8120,8320,8080,399726,3280878360,690480000000,84000000,KSQ
369,058970,KR7058970005,엠로,KOSDAQ,기술성장기업부,61400,1,700,1.15,60700,62600,60400,74091,4584384600,688424168000,11212120,KSQ
370,079160,KR7079160008,CJ CGV,KOSPI,,5600,1,50,0.9,5540,5650,5540,115973,647448880,685621188000,122432355,STK
371,000640,KR7000640003,동아쏘시오홀딩스,KOSPI,,107900,1,900,0.84,107000,109500,106600,4766,513859100,685047712700,6348913,STK
372,005250,KR7005250006,녹십자홀딩스,KOSPI,,14540,1,40,0.28,14460,14640,14450,11464,166563650,683790173400,47028210,STK
373,001340,KR7001340009,백광산업,KOSPI,,15140,1,240,1.61,14710,15630,14700,710795,10775013020,680064681980,44918407,STK
374,114840,KR7114840002,아이패밀리에스씨,KOSDAQ,벤처기업부,39300,2,-550,-1.38,40550,42050,38850,290555,11632370050,676036399200,17201944,KSQ
375,014830,KR7014830004,유니드,KOSPI,,99800,2,-400,-0.4,101300,101600,99600,29257,2934755300,675406480000,6767600,STK
376,003570,KR7003570009,SNT다이내믹스,KOSPI,,20250,1,770,3.95,19650,21100,19520,137165,2796689650,673367114250,33252697,STK
377,131970,KR7131970006,두산테스나,KOSDAQ GLOBAL,우량기업부,39300,1,150,0.38,39250,39800,39050,124509,4912283150,668358043800,17006566,KSQ
378,136510,KR7136510005,스마트솔루션즈,KOSDAQ,관리종목(소속부없음),11600,0,0,0.0,0,0,0,0,0,666441355600,57451841,KSQ
379,215200,KR7215200007,메가스터디교육,KOSDAQ GLOBAL,우량기업부,56800,2,-300,-0.53,57000,57800,56700,14883,850183300,660349813600,11625877,KSQ
380,003160,KR7003160009,디아이,KOSPI,,23300,2,-900,-3.72,24000,24850,23250,2022422,48566577550,659390000000,28300000,STK
381,016380,KR7016380008,KG스틸,KOSPI,,6590,1,10,0.15,6570,6630,6550,86294,568872220,659058631230,100008897,STK
382,001060,KR7001060003,JW중외제약,KOSPI,,28200,2,-250,-0.88,28750,28800,28100,45015,1277773550,656663226000,23285930,STK
383,420770,KR7420770000,기가비스,KOSDAQ,중견기업부,51800,2,-700,-1.33,53300,53400,51300,51222,2667320900,656604264400,12675758,KSQ
384,272450,KR7272450008,진에어,KOSPI,,12550,2,-70,-0.55,12620,12720,12500,71179,896158200,655110000000,52200000,STK
385,000670,KR7000670000,영풍,KOSPI,,354500,1,6500,1.87,346500,357000,345500,1466,516192000,653003180000,1842040,STK
386,030190,KR7030190003,NICE평가정보,KOSPI,,10760,2,-90,-0.83,10850,10880,10700,67642,729818220,646758529200,60107670,STK
387,344820,KR7344820006,KCC글라스,KOSPI,,40400,1,200,0.5,40250,40500,40150,7855,317275150,645208684800,15970512,STK
388,019170,KR7019170000,신풍제약,KOSPI,,12140,2,-290,-2.33,12440,12440,12140,96289,1177604610,643237778600,52984990,STK
389,475150,KR7475150009,SK이터닉스,KOSPI,,22950,2,-350,-1.5,22800,23550,22250,968355,22200621500,642544254450,27997571,STK
390,007390,KR7007390008,네이처셀,KOSDAQ,중견기업부,9950,1,60,0.61,10100,10390,9900,329274,3319891750,638363702200,64157156,KSQ
391,001530,KR7001530005,DI동일,KOSPI,,25200,1,350,1.41,24900,25250,24750,170847,4295737700,635434934400,25215672,STK
392,017860,KR7017860008,DS단석,KOSPI,,108000,1,12900,13.56,95000,112500,95000,378227,40025189300,633031632000,5861404,STK
393,381970,KR7381970003,케이카,KOSPI,,13130,2,-370,-2.74,13500,13500,13130,95389,1260445780,632630618490,48182073,STK
394,047920,KR7047920004,HLB제약,KOSDAQ,기술성장기업부,19880,2,-170,-0.85,20050,20300,19810,198590,3972036250,631786280720,31779994,KSQ
395,101360,KR7101360006,에코앤드림,KOSDAQ,벤처기업부,54600,1,2100,4.0,53800,56200,53000,701502,38292855600,625458451800,11455283,KSQ
396,192650,KR7192650000,드림텍,KOSPI,,9060,2,-90,-0.98,9150,9180,9050,185454,1689246110,623983599720,68872362,STK
397,403550,KR7403550007,쏘카,KOSPI,,18960,2,-10,-0.05,18810,19120,18550,30435,572057720,621786601920,32794652,STK
398,031430,KR7031430002,신세계인터내셔날,KOSPI,,17350,2,-40,-0.23,17250,17470,17250,19651,341114860,619395000000,35700000,STK
399,161000,KR7161000005,애경케미칼,KOSPI,,12730,1,60,0.47,12730,12970,12690,106587,1362622340,619298065570,48648709,STK
400,006380,KR7006380000,카프로,KOSPI,,3660,0,0,0.0,0,0,0,0,0,618539985360,168999996,STK
401,372170,KR7372170001,윤성에프앤씨,KOSDAQ,기술성장기업부,76900,2,-1900,-2.41,79500,80000,76700,31761,2482112100,613588791200,7979048,KSQ
402,039440,KR7039440003,에스티아이,KOSDAQ,우량기업부,38750,2,-950,-2.39,39950,40350,38500,560212,22031171900,613412500000,15830000,KSQ
403,057050,KR7057050007,현대홈쇼핑,KOSPI,,51100,1,1100,2.2,50300,51600,50100,9143,466702300,613200000000,12000000,STK
404,053800,KR7053800009,안랩,KOSDAQ,우량기업부,61000,1,600,0.99,60400,61800,60300,14195,865880400,610845155000,10013855,KSQ
405,059090,KR7059090001,미코,KOSDAQ,중견기업부,18250,2,-450,-2.41,18700,18900,18040,905480,16695414490,609856198500,33416778,KSQ
406,017810,KR7017810003,풀무원,KOSPI,,15930,2,-180,-1.12,16210,16480,15900,249014,4038222930,607260234060,38120542,STK
407,000070,KR7000070003,삼양홀딩스,KOSPI,,70600,1,400,0.57,70200,71300,70200,8146,575898300,604637532600,8564271,STK
408,003280,KR7003280005,흥아해운,KOSPI,,2510,1,150,6.36,2390,2615,2375,22744052,57479707805,603466496490,240424899,STK
409,003470,KR7003470002,유안타증권,KOSPI,,3010,1,260,9.45,2740,3010,2730,1043553,2984474460,600785693760,199596576,STK
410,007700,KR7007700008,F&F홀딩스,KOSPI,,15340,1,210,1.39,15030,15370,15030,5413,82677710,600014389780,39114367,STK
411,189300,KR7189300007,인텔리안테크,KOSDAQ,우량기업부,55700,2,-900,-1.59,56700,56800,55600,34498,1941750300,597846703800,10733334,KSQ
412,003960,KR7003960002,사조대림,KOSPI,,65200,3,0,0.0,65900,66700,63100,154143,10052379500,597523248400,9164467,STK
413,131290,KR7131290009,티에스이,KOSDAQ,우량기업부,53700,2,-1800,-3.24,55800,55900,52500,145984,7904723200,593998737300,11061429,KSQ
414,091120,KR7091120006,이엠텍,KOSDAQ,우량기업부,34550,2,-3200,-8.48,37550,38100,34500,734547,26660059500,591942938800,17132936,KSQ
415,335890,KR7335890000,비올,KOSDAQ,벤처기업부,10110,2,-10,-0.1,10260,10600,10100,1564935,16178421230,590617353750,58419125,KSQ
416,071320,KR7071320006,지역난방공사,KOSPI,,51000,1,2200,4.51,48800,51700,48700,44230,2226807000,590515944000,11578744,STK
417,084850,KR7084850007,아이티엠반도체,KOSDAQ GLOBAL,중견기업부,26000,2,-400,-1.52,26400,26850,25600,92768,2427612050,589756284000,22682934,KSQ
418,091810,KR7091810002,티웨이항공,KOSPI,,2690,2,-10,-0.37,2700,2720,2670,337191,909599325,579369445440,215378976,STK
419,002240,KR7002240000,고려제강,KOSPI,,23050,2,-150,-0.65,23200,23200,22800,21209,486924150,576250000000,25000000,STK
420,171090,KR7171090004,선익시스템,KOSDAQ,중견기업부,60500,1,200,0.33,62300,63600,59300,214167,13068975400,574411502500,9494405,KSQ
421,000370,KR7000370007,한화손해보험,KOSPI,,4920,1,200,4.24,4765,4945,4700,439788,2128704190,574355461800,116738915,STK
422,099320,KR7099320004,쎄트렉아이,KOSDAQ,우량기업부,52400,2,-1000,-1.87,53700,54400,51100,88492,4612111300,573846967200,10951278,KSQ
423,200880,KR7200880003,서연이화,KOSPI,,21100,1,100,0.48,21250,21700,20850,740078,15709118200,570300020700,27028437,STK
424,376300,KR7376300000,디어유,KOSDAQ,기술성장기업부,23900,2,-300,-1.24,24450,24450,23900,26224,631607100,567347903400,23738406,KSQ
425,145990,KR7145990008,삼양사,KOSPI,,55000,2,-700,-1.26,56200,56400,54300,109765,6073802200,567239695000,10313449,STK
426,058610,KR7058610007,에스피지,KOSDAQ,우량기업부,25550,2,-150,-0.58,25600,25850,25450,59456,1523270950,566631548000,22177360,KSQ
427,069080,KR7069080000,웹젠,KOSDAQ GLOBAL,우량기업부,16200,1,60,0.37,16140,16310,16070,29117,470615510,566204320800,34950884,KSQ
428,018250,KR7018250001,애경산업,KOSPI,,21400,2,-850,-3.82,22100,22250,21300,125019,2704413700,565172609000,26409935,STK
429,030610,KR7030610000,교보증권,KOSPI,,4945,1,45,0.92,4900,4960,4890,20347,100388910,563546842145,113962961,STK
430,079370,KR7079370003,제우스,KOSDAQ,우량기업부,18160,2,-640,-3.4,18870,18930,18160,626931,11508839210,563268538400,31016990,KSQ
431,170900,KR7170900005,동아에스티,KOSPI,,63600,2,-300,-0.47,64000,64400,62800,21188,1349344400,561907971600,8835031,STK
432,033240,KR7033240003,자화전자,KOSPI,,25350,2,-50,-0.2,25600,25650,25150,78739,1999860400,561651304500,22155870,STK
433,046890,KR7046890000,서울반도체,KOSDAQ GLOBAL,우량기업부,9610,1,60,0.63,9550,9630,9540,71308,684721470,560314894000,58305400,KSQ
434,199800,KR7199800004,툴젠,KOSDAQ,기술성장기업부,70300,3,0,0.0,69600,72000,69500,26305,1855039400,558249347400,7940958,KSQ
435,251970,KR7251970000,펌텍코리아,KOSDAQ,우량기업부,44800,2,-650,-1.43,45450,46300,43500,149411,6691370650,555520000000,12400000,KSQ
436,017960,KR7017960006,한국카본,KOSPI,,10650,1,50,0.47,10710,10720,10600,73170,779848690,552825013800,51908452,STK
437,340570,KR7340570001,티앤엘,KOSDAQ,우량기업부,67900,2,-2300,-3.28,70000,71000,66900,137523,9413694800,551891200000,8128000,KSQ
438,115450,KR7115450009,HLB테라퓨틱스,KOSDAQ,중견기업부,6920,2,-80,-1.14,6960,7100,6900,293363,2050635260,548404034960,79249138,KSQ
439,030520,KR7030520001,한글과컴퓨터,KOSDAQ,우량기업부,22600,2,-400,-1.74,23100,23150,22550,350305,7977988450,546462214400,24179744,KSQ
440,016800,KR7016800005,퍼시스,KOSPI,,47500,1,1650,3.6,45850,48150,45850,2548,119866700,546250000000,11500000,STK
441,005610,KR7005610001,SPC삼립,KOSPI,,63000,1,2200,3.62,61100,63200,60700,13651,849471600,543627567000,8629009,STK
442,099190,KR7099190001,아이센스,KOSDAQ,우량기업부,19490,1,160,0.83,19590,19900,19360,76393,1499016320,538650450770,27637273,KSQ
443,228760,KR7228760005,지노믹트리,KOSDAQ,기술성장기업부,22100,1,1000,4.74,21050,22500,20900,371137,8181426600,538407559300,24362333,KSQ
444,455900,KR7455900001,엔젤로보틱스,KOSDAQ,기술성장기업부,36000,2,-750,-2.04,36750,37050,35800,157153,5704054100,538033716000,14945381,KSQ
445,001200,KR7001200005,유진투자증권,KOSPI,,5510,1,1170,26.96,4390,5550,4335,9581668,47467893375,533733963180,96866418,STK
446,383800,KR7383800000,LX홀딩스,KOSPI,,6980,1,80,1.16,6940,6990,6870,91568,633850070,532439216200,76280690,STK
447,950210,KR8702070002,프레스티지바이오파마,KOSPI,,8820,1,50,0.57,8830,8950,8790,12826,113440420,530048087100,60096155,STK
448,293940,KR7293940003,신한알파리츠,KOSPI,,6010,2,-20,-0.33,6060,6060,6000,119053,715644920,529481739230,88100123,STK
449,445090,KR7445090004,에이직랜드,KOSDAQ,벤처기업부,49250,2,-550,-1.1,50500,51500,49100,316982,15981874350,525911397000,10678404,KSQ
450,002030,KR7002030005,아세아,KOSPI,,247000,2,-4500,-1.79,253000,253000,246500,1274,315505500,522565056000,2115648,STK
451,032500,KR7032500001,케이엠더블유,KOSDAQ,중견기업부,13100,2,-300,-2.24,13600,13610,13070,134407,1776382060,521653567300,39820883,KSQ
452,017940,KR7017940008,E1,KOSPI,,75500,1,2100,2.86,74400,76000,73800,13162,990687600,517930000000,6860000,STK
453,009470,KR7009470006,삼화전기,KOSPI,,78100,1,2100,2.76,76300,80200,75200,219216,17196080400,516539342000,6613820,STK
454,284740,KR7284740008,쿠쿠홈시스,KOSPI,,22850,1,50,0.22,22700,23050,22550,12270,278843400,512692990500,22437330,STK
455,144510,KR7144510005,지씨셀,KOSDAQ,우량기업부,32150,1,250,0.78,32250,32800,31900,14283,462094200,507981059600,15800344,KSQ
456,060370,KR7060370004,LS마린솔루션,KOSDAQ,중견기업부,17660,1,900,5.37,16790,18450,16400,1947984,34638200750,506961752460,28706781,KSQ
457,161580,KR7161580006,필옵틱스,KOSDAQ,중견기업부,22200,2,-850,-3.69,23300,23400,22150,619333,14052562450,506361487200,22809076,KSQ
458,053030,KR7053030003,바이넥스,KOSDAQ,우량기업부,15940,1,1020,6.84,14880,16690,14780,2995513,48107797370,506271105120,31761048,KSQ
459,460930,KR7460930001,현대힘스,KOSDAQ,중견기업부,14460,2,-130,-0.89,14630,14890,14440,153360,2242509990,503555040000,34824000,KSQ
460,025980,KR7025980004,아난티,KOSDAQ,우량기업부,5680,1,20,0.35,5650,5720,5650,155969,885525030,503415435040,88629478,KSQ
461,460860,KR7460860000,동국제강,KOSPI,,10140,1,130,1.3,9960,10310,9960,233184,2359748200,503025292380,49608017,STK
462,110990,KR7110990009,디아이티,KOSDAQ,우량기업부,26550,1,850,3.31,26100,27150,25550,419130,11121988750,501795000000,18900000,KSQ
463,00680K,KR700680K019,미래에셋증권2우B,KOSPI,,3580,1,15,0.42,3575,3585,3560,67722,241583095,501200000000,140000000,STK
464,179900,KR7179900006,유티아이,KOSDAQ,벤처기업부,30200,2,-700,-2.27,30700,31250,29950,79044,2397857350,491864229000,16286895,KSQ
465,394280,KR7394280002,오픈엣지테크놀로지,KOSDAQ,기술성장기업부,22450,2,-550,-2.39,23100,23300,22400,252679,5772996900,490369894650,21842757,KSQ
466,304360,KR7304360001,에스바이오메딕스,KOSDAQ,기술성장기업부,42900,1,6150,16.73,37250,43200,37250,951738,38405666200,490221560400,11427076,KSQ
467,071970,KR7071970008,STX중공업,KOSPI,,17120,1,460,2.76,16820,17900,16820,463743,8069033950,488821693280,28552669,STK
468,290650,KR7290650001,엘앤씨바이오,KOSDAQ,우량기업부,21450,1,100,0.47,21250,21800,21250,39652,849685950,486590911950,22684891,KSQ
469,090435,KR7090431008,아모레퍼시픽우,KOSPI,,46050,2,-1500,-3.15,47550,47750,45900,9300,431868550,486188071500,10557830,STK
470,114190,KR7114190002,강원에너지,KOSDAQ,우량기업부,18500,2,-310,-1.65,18810,19300,18250,258671,4821461070,483276203000,26123038,KSQ
471,010690,KR7010690006,화신,KOSPI,,13800,1,60,0.44,13740,13930,13430,747711,10208449280,481901658000,34920410,STK
472,012630,KR7012630000,HDC,KOSPI,,8060,2,-20,-0.25,8020,8110,7990,27186,218368990,481518271260,59741721,STK
473,095500,KR7095500005,미래나노텍,KOSDAQ,우량기업부,15480,2,-240,-1.53,15720,16060,15450,238674,3755019610,480034784520,31009999,KSQ
474,253590,KR7253590004,네오셈,KOSDAQ,우량기업부,10840,2,-560,-4.91,11400,11410,10800,905299,9960845720,475541737760,43869164,KSQ
475,389020,KR7389020009,자람테크놀로지,KOSDAQ,기술성장기업부,76600,2,-7400,-8.81,83400,85300,76200,160500,13183936200,474746118000,6197730,KSQ
476,241590,KR7241590009,화승엔터프라이즈,KOSPI,,7780,2,-290,-3.59,8070,8110,7730,521563,4089684190,471384567280,60589276,STK
477,026890,KR7026890004,스틱인베스트먼트,KOSPI,,11310,1,370,3.38,11050,11350,10950,218970,2464546770,471380159250,41678175,STK
478,082920,KR7082920000,비츠로셀,KOSDAQ,우량기업부,20850,3,0,0.0,20700,22000,20600,107038,2278119700,471326760000,22605600,KSQ
479,084690,KR7084690007,대상홀딩스,KOSPI,,13000,1,750,6.12,12000,13700,11910,8119218,106360129170,470762994000,36212538,STK
480,358570,KR7358570000,지아이이노베이션,KOSDAQ,기술성장기업부,10640,1,310,3.0,10260,10810,10160,322179,3417454070,470254207360,44196824,KSQ
481,095610,KR7095610002,테스,KOSDAQ,우량기업부,23750,2,-100,-0.42,23950,24100,23450,142577,3382870200,469495367500,19768226,KSQ
482,078340,KR7078340007,컴투스,KOSDAQ GLOBAL,우량기업부,36800,1,450,1.24,36300,37150,36250,49504,1817378450,468749384000,12737755,KSQ
483,094360,KR7094360005,칩스앤미디어,KOSDAQ,벤처기업부,22400,2,-400,-1.75,22850,22900,22300,150401,3393118150,466437977600,20823124,KSQ
484,006730,KR7006730006,서부T&D,KOSDAQ,우량기업부,7020,1,10,0.14,7010,7060,6990,86353,605752360,466316999460,66426923,KSQ
485,215000,KR7215000001,골프존,KOSDAQ GLOBAL,우량기업부,74300,1,800,1.09,73500,74600,73500,14580,1081474900,466263334500,6275415,KSQ
486,075580,KR7075580001,세진중공업,KOSPI,,8150,2,-390,-4.57,8550,8640,8120,524852,4367022570,463323066400,56849456,STK
487,200130,KR7200130003,콜마비앤에이치,KOSDAQ GLOBAL,우량기업부,15680,2,-10,-0.06,15770,15860,15640,47040,740070670,461235949440,29415558,KSQ
488,299030,KR7299030007,하나기술,KOSDAQ,벤처기업부,56400,2,-1200,-2.08,57400,57800,56100,66705,3785503900,460258234800,8160607,KSQ
489,378340,KR7378340004,필에너지,KOSDAQ,중견기업부,21650,2,-250,-1.14,22200,22200,21550,90026,1954507100,460005820300,21247382,KSQ
490,091700,KR7091700005,파트론,KOSDAQ GLOBAL,우량기업부,7800,1,50,0.65,7750,7800,7740,77115,600019160,459562069200,58918214,KSQ
491,049070,KR7049070006,인탑스,KOSDAQ,우량기업부,26650,1,1000,3.9,25850,26950,25650,562163,14898925300,458380000000,17200000,KSQ
492,095660,KR7095660007,네오위즈,KOSDAQ,우량기업부,20800,1,150,0.73,20550,20900,20500,54019,1121729550,458301355200,22033719,KSQ
493,108860,KR7108860008,셀바스AI,KOSDAQ,우량기업부,16790,1,280,1.7,16680,16950,16590,271729,4570923530,451899324100,26914790,KSQ
494,294090,KR7294090006,이오플로우,KOSDAQ,기술성장기업부,14800,2,-1350,-8.36,15650,15700,14400,2939681,43998652410,450166967600,30416687,KSQ
495,166480,KR7166480004,코아스템켐온,KOSDAQ,벤처기업부,13650,1,110,0.81,13540,13740,13280,126122,1696249470,448680632400,32870376,KSQ
496,089010,KR7089010003,켐트로닉스,KOSDAQ,우량기업부,29150,2,-600,-2.02,30000,30350,29050,231124,6815390250,446996185900,15334346,KSQ
497,104700,KR7104700000,한국철강,KOSPI,,10510,2,-490,-4.45,11000,11100,10500,300922,3241798550,446149500000,42450000,STK
498,206650,KR7206650004,유바이오로직스,KOSDAQ,기술성장기업부,12220,2,-300,-2.4,12690,12690,12220,112478,1390802020,445838231540,36484307,KSQ
499,092040,KR7092040005,아미코젠,KOSDAQ,기술성장기업부,8080,1,240,3.06,8110,8190,7860,1474065,11820492650,444548243760,55018347,KSQ
500,032190,KR7032190001,다우데이타,KOSDAQ,우량기업부,11590,1,60,0.52,11530,11620,11470,40887,470952010,443897000000,38300000,KSQ
501,230360,KR7230360000,에코마케팅,KOSDAQ,우량기업부,13840,2,-220,-1.56,14100,14250,13830,36299,509562200,443821521360,32068029,KSQ
502,068240,KR7068240001,다원시스,KOSDAQ,중견기업부,11620,1,240,2.11,11390,11680,11390,95548,1100810100,443459137940,38163437,KSQ
503,432320,KR7432320000,KB스타리츠,KOSPI,,4330,2,-10,-0.23,4340,4385,4300,69643,300848265,439123854050,101414285,STK
504,104830,KR7104830005,원익머트리얼즈,KOSDAQ,우량기업부,34700,2,-50,-0.14,34800,34900,34300,10493,362902050,437497600000,12608000,KSQ
505,001820,KR7001820000,삼화콘덴서,KOSPI,,41750,2,-100,-0.24,41900,42050,41150,43312,1799630900,433991250000,10395000,STK
506,950140,KR8840110108,잉글우드랩,KOSDAQ,외국기업(소속부없음),21700,2,-2300,-9.58,24050,24400,21500,921104,20564062350,431132692200,19867866,KSQ
507,252990,KR7252990007,샘씨엔에스,KOSDAQ,기술성장기업부,7320,2,-70,-0.95,7460,7460,7300,273605,2012187050,427400621160,58388063,KSQ
508,900140,KYG5307W1015,엘브이엠씨홀딩스,KOSPI,,2490,2,-10,-0.4,2495,2500,2450,467913,1161352520,427255143390,171588411,STK
509,083450,KR7083450007,GST,KOSDAQ,우량기업부,45700,2,-1200,-2.56,47050,47200,45700,161228,7477301500,425820946500,9317745,KSQ
510,265520,KR7265520007,AP시스템,KOSDAQ,우량기업부,27850,3,0,0.0,27950,28100,27600,131951,3673699250,425587574850,15281421,KSQ
511,377740,KR7377740006,바이오노트,KOSPI,,4160,1,40,0.97,4160,4160,4120,8054,33317345,424553159680,102056048,STK
512,102710,KR7102710001,이엔에프테크놀로지,KOSDAQ,우량기업부,29700,2,-1200,-3.88,30750,31100,29600,97188,2936929150,424348729200,14287836,KSQ
513,093050,KR7093050003,LF,KOSPI,,14500,1,10,0.07,14680,14680,14450,12223,177203280,423980000000,29240000,STK
514,005160,KR7005160007,동국산업,KOSDAQ,우량기업부,7800,2,-90,-1.14,7860,8120,7770,300992,2394402040,423106959600,54244482,KSQ
515,011930,KR7011930005,신성이엔지,KOSPI,,2055,1,5,0.24,2050,2090,2050,1013932,2099163355,423017950305,205848151,STK
516,082270,KR7082270000,젬백스,KOSDAQ,벤처기업부,10560,2,-20,-0.19,10470,10650,10460,53772,564734480,422338477440,39994174,KSQ
517,089970,KR7089970008,브이엠,KOSDAQ,우량기업부,17490,2,-780,-4.27,18240,18440,17490,258899,4645686930,421082156550,24075595,KSQ
518,453340,KR7453340002,현대그린푸드,KOSPI,,12420,1,30,0.24,12390,12590,12310,38648,483093020,420800951880,33880914,STK
519,058650,KR7058650003,세아홀딩스,KOSPI,,105200,2,-300,-0.28,104500,105900,104000,153,15991700,420800000000,4000000,STK
520,372320,KR7372320002,큐로셀,KOSDAQ,기술성장기업부,29850,3,0,0.0,29850,30600,29700,92965,2796580600,420590231250,14090125,KSQ
521,314930,KR7314930009,바이오다인,KOSDAQ,기술성장기업부,14130,2,-110,-0.77,14240,14930,13920,292150,4218590650,420566775390,29764103,KSQ
522,027360,KR7027360007,아주IB투자,KOSDAQ,우량기업부,3475,2,-40,-1.14,3540,3545,3440,734864,2556687975,420285285850,120945406,KSQ
523,060280,KR7060280005,큐렉소,KOSDAQ,중견기업부,10210,1,20,0.2,10260,10490,10170,115469,1190390930,419528797900,41089990,KSQ
524,439090,KR7439090002,마녀공장,KOSDAQ,중견기업부,25600,2,-400,-1.54,26400,26800,25600,609278,15928179950,419283456000,16378260,KSQ
525,360070,KR7360070007,탑머티리얼,KOSDAQ,벤처기업부,51900,2,-600,-1.14,52400,53700,51900,28001,1472835800,418892321700,8071143,KSQ
526,020000,KR7020000006,한섬,KOSPI,,17880,1,90,0.51,17820,17920,17780,14553,259833040,418365180000,23398500,STK
527,003300,KR7003300001,한일홀딩스,KOSPI,,13490,3,0,0.0,13510,13540,13430,1425,19220290,415935605160,30832884,STK
528,097520,KR7097520001,엠씨넥스,KOSPI,,23100,1,350,1.54,22850,23250,22750,113712,2623499700,415285609200,17977732,STK
529,286940,KR7286940002,롯데이노베이트,KOSPI,,27400,2,-50,-0.18,27450,27850,27400,29054,801746850,414544655800,15129367,STK
530,183190,KR7183190008,아세아시멘트,KOSPI,,10710,1,10,0.09,10370,10800,10370,37955,404692530,412355199060,38501886,STK
531,126560,KR7126560002,현대퓨처넷,KOSPI,,3715,2,-65,-1.72,3780,3780,3690,83955,312390535,409403940675,110202945,STK
532,034310,KR7034310003,NICE,KOSPI,,10890,1,50,0.46,10820,10960,10810,37685,409457330,408412864530,37503477,STK
533,005810,KR7005810007,풍산홀딩스,KOSPI,,28300,1,350,1.25,28200,28700,27950,22803,647239300,408009363600,14417292,STK
534,130660,KR7130660004,한전산업,KOSPI,,12480,2,-640,-4.88,13060,13070,12450,1290945,16441809970,406848000000,32600000,STK
535,003520,KR7003520004,영진약품,KOSPI,,2220,1,25,1.14,2195,2240,2185,121628,269014505,406021862820,182892731,STK
536,445680,KR7445680002,큐리옥스바이오시스템즈,KOSDAQ,기술성장기업부,50600,1,1450,2.95,49200,51300,48550,82593,4155577650,405938095200,8022492,KSQ
537,034950,KR7034950006,한국기업평가,KOSDAQ,우량기업부,89100,2,-100,-0.11,89200,89600,89000,1106,98730400,404559797400,4540514,KSQ
538,126700,KR7126700004,하이비젼시스템,KOSDAQ,우량기업부,27050,2,-100,-0.37,27000,27500,26600,465549,12619585500,404184129600,14942112,KSQ
539,357120,KR7357120005,코람코라이프인프라리츠,KOSPI,,4560,1,40,0.88,4530,4570,4500,173182,785007380,403717201440,88534474,STK
540,200710,KR7200710002,에이디테크놀로지,KOSDAQ,중견기업부,29850,2,-750,-2.45,30600,30700,29650,107869,3243544450,401208536700,13440822,KSQ
541,077970,KR7077970002,STX엔진,KOSPI,,17400,1,790,4.76,17050,17680,16810,317059,5507377550,400354929600,23008904,STK
542,218410,KR7218410009,RFHIC,KOSDAQ,우량기업부,15060,1,200,1.35,14970,15120,14800,101651,1518331320,398855696520,26484442,KSQ
543,043150,KR7043150002,바텍,KOSDAQ,우량기업부,26850,1,150,0.56,26700,27000,26700,16961,455785700,398836773600,14854256,KSQ
544,122640,KR7122640006,예스티,KOSDAQ,벤처기업부,19190,2,-310,-1.59,19590,19630,19130,101900,1968680690,394431183240,20553996,KSQ
545,005389,KR7005383005,현대차3우B,KOSPI,,165300,2,-400,-0.24,165700,165900,164000,9939,1637840400,393480781200,2380404,STK
546,093320,KR7093320000,케이아이엔엑스,KOSDAQ,우량기업부,80100,1,5900,7.95,74700,84400,74700,74906,6037338100,390888000000,4880000,KSQ
547,078350,KR7078350006,한양디지텍,KOSDAQ,우량기업부,25450,2,-300,-1.17,25700,26350,25400,178411,4622632850,387969521900,15244382,KSQ
548,243070,KR7243070000,휴온스,KOSDAQ GLOBAL,우량기업부,32350,1,50,0.15,32350,32700,32000,9487,306716750,387542162750,11979665,KSQ
549,448730,KR7448730002,삼성FN리츠,KOSPI,,5010,2,-30,-0.6,5050,5050,5000,54905,275038650,387273000000,77300000,STK
550,101160,KR7101160000,월덱스,KOSDAQ,우량기업부,23450,2,-150,-0.64,23600,23800,23300,57546,1350003450,387182785850,16510993,KSQ
551,033270,KR7033270000,유나이티드제약,KOSPI,,23700,3,0,0.0,23650,23900,23600,16195,383825150,387111581400,16333822,STK
552,148150,KR7148150006,세경하이테크,KOSDAQ,우량기업부,10840,1,190,1.78,10660,11040,10620,476859,5189398920,386595050000,35663750,KSQ
553,089980,KR7089980007,상아프론테크,KOSDAQ,우량기업부,24150,2,-100,-0.41,24150,24550,24000,40581,984160350,386135243550,15989037,KSQ
554,006405,KR7006401004,삼성SDI우,KOSPI,,238500,2,-1500,-0.63,242500,242500,237500,716,171386000,385868196000,1617896,STK
555,003545,KR7003541000,대신증권우,KOSPI,,14830,2,-20,-0.13,14850,14850,14500,45706,675374660,385580000000,26000000,STK
556,151860,KR7151860004,KG에코솔루션,KOSDAQ,우량기업부,7770,1,20,0.26,7730,7830,7730,48718,379230170,385415325540,49603002,KSQ
557,094800,KR7094800000,맵스리얼티1,KOSPI,,4150,2,-50,-1.19,4200,4205,4145,39097,162739025,385262473650,92834331,STK
558,060250,KR7060250008,NHN KCP,KOSDAQ GLOBAL,우량기업부,9570,2,-100,-1.03,9620,9710,9530,99378,953009840,384337047270,40160611,KSQ
559,029530,KR7029530003,신도리코,KOSPI,,38000,1,500,1.33,37500,38100,37350,4048,152870000,383041102000,10080029,STK
560,004690,KR7004690004,삼천리,KOSPI,,94400,1,3700,4.08,91000,95000,90700,25625,2384246900,382794360000,4055025,STK
561,108670,KR7108670001,LX하우시스,KOSPI,,42650,1,1100,2.65,41700,42700,41250,17227,720419250,382471125500,8967670,STK
562,002960,KR7002960003,한국쉘석유,KOSPI,,294000,2,-2500,-0.84,296500,297000,293000,2807,826695000,382200000000,1300000,STK
563,002310,KR7002310001,아세아제지,KOSPI,,8520,2,-150,-1.73,8670,8670,8500,57557,493453730,381546985200,44782510,STK
564,003000,KR7003000007,부광약품,KOSPI,,5570,3,0,0.0,5560,5620,5530,62203,346201600,381292517470,68454671,STK
565,200670,KR7200670008,휴메딕스,KOSDAQ,우량기업부,33900,2,-800,-2.31,34700,35050,33800,51319,1756538100,380694627000,11229930,KSQ
566,045100,KR7045100005,한양이엔지,KOSDAQ,우량기업부,21100,3,0,0.0,21400,21450,20850,55336,1169310600,379800000000,18000000,KSQ
567,115390,KR7115390007,락앤락,KOSPI,,8750,3,0,0.0,8750,8770,8750,10656,93257560,379106096250,43326411,STK
568,256840,KR7256840000,한국비엔씨,KOSDAQ,벤처기업부,5570,2,-60,-1.07,5600,5670,5530,372744,2086724180,378272307510,67912443,KSQ
569,005090,KR7005090006,SGC에너지,KOSPI,,26200,2,-250,-0.95,26300,26600,26150,9324,244796500,377524524600,14409333,STK
570,206640,KR7206640005,바디텍메드,KOSDAQ,우량기업부,16050,2,-20,-0.12,15950,16350,15950,42899,692498900,376959288000,23486560,KSQ
571,126720,KR7126720002,수산인더스트리,KOSPI,,26250,2,-450,-1.69,26300,27200,26050,52410,1390359050,375007500000,14286000,STK
572,044490,KR7044490001,태웅,KOSDAQ,우량기업부,18740,2,-220,-1.16,18960,19150,18600,61441,1152107670,374938319940,20007381,KSQ
573,123890,KR7123890006,한국자산신탁,KOSPI,,2995,1,10,0.34,2995,3000,2985,56126,167890750,371313367240,123977752,STK
574,215600,KR7215600008,신라젠,KOSDAQ,중견기업부,3605,2,-40,-1.1,3590,3640,3590,293853,1060452530,370835985625,102867125,KSQ
575,041020,KR7041020009,폴라리스오피스,KOSDAQ,우량기업부,7450,2,-140,-1.84,7590,7590,7420,716381,5361942450,370454960100,49725498,KSQ
576,136480,KR7136480001,하림,KOSDAQ,우량기업부,3475,2,-25,-0.71,3480,3540,3450,962782,3359927035,369078714450,106209702,KSQ
577,457550,KR7457550002,우진엔텍,KOSDAQ,중견기업부,39800,2,-1550,-3.75,41650,41700,39700,312735,12691237650,368999292200,9271339,KSQ
578,323990,KR7323990002,박셀바이오,KOSDAQ,기술성장기업부,16020,1,20,0.13,16000,16160,15980,94014,1509317490,368351064000,22993200,KSQ
579,033500,KR7033500000,동성화인텍,KOSDAQ,우량기업부,12250,1,70,0.57,12250,12330,12140,71610,876011100,367371301500,29989494,KSQ
580,107640,KR7107640005,한중엔시에스,KONEX,일반기업부,51500,2,-1900,-3.56,50600,53700,48100,8207,408319550,366582819500,7118113,KNX
581,306200,KR7306200007,세아제강,KOSPI,,129200,2,-300,-0.23,130500,132000,128400,10223,1324515500,366449960000,2836300,STK
582,051360,KR7051360006,토비스,KOSDAQ,벤처기업부,22600,2,-550,-2.38,23300,23400,22600,113945,2613609100,365375510800,16167058,KSQ
583,249420,KR7249420001,일동제약,KOSPI,,13020,2,-120,-0.91,13140,13190,12980,50210,655597150,365373763020,28062501,STK
584,00104K,KR700104K010,CJ4우(전환),KOSPI,,86200,2,-1200,-1.37,87400,87400,86000,5732,495165300,364325334400,4226512,STK
585,033640,KR7033640004,네패스,KOSDAQ,중견기업부,15740,1,370,2.41,15320,15750,15320,96417,1495195060,362951839480,23059202,KSQ
586,397030,KR7397030008,에이프릴바이오,KOSDAQ,기술성장기업부,16670,1,1690,11.28,15120,16720,14960,1133072,18173412140,362099905500,21721650,KSQ
587,006220,KR7006220008,제주은행,KOSPI,,11210,1,30,0.27,11190,11330,11180,100797,1131448190,360163556540,32128774,STK
588,003920,KR7003920006,남양유업,KOSPI,,500000,2,-2000,-0.4,505000,505000,497500,869,434991000,360000000000,720000,STK
589,064800,KR7064800006,젬백스링크,KOSDAQ,중견기업부,3115,1,220,7.6,2875,3235,2875,1586020,4945325715,359348412290,115360646,KSQ
590,094170,KR7094170008,동운아나텍,KOSDAQ,벤처기업부,18960,2,-10,-0.05,19050,19060,18920,70156,1331807430,359344727760,18952781,KSQ
591,036620,KR7036620003,감성코퍼레이션,KOSDAQ,우량기업부,3955,2,-30,-0.75,4050,4060,3835,1149792,4517659815,358896047860,90744892,KSQ
592,243840,KR7243840006,신흥에스이씨,KOSDAQ,우량기업부,9220,2,-200,-2.12,9420,9480,9200,133005,1235634910,358833502700,38919035,KSQ
593,032820,KR7032820003,우리기술,KOSDAQ,우량기업부,2285,2,-25,-1.08,2320,2325,2235,6909032,15757659010,358367031295,156834587,KSQ
594,338220,KR7338220007,뷰노,KOSDAQ,기술성장기업부,26100,2,-850,-3.15,27200,27450,26000,142462,3775730700,358071511500,13719215,KSQ
595,077360,KR7077360006,덕산하이메탈,KOSDAQ,우량기업부,7860,2,-280,-3.44,8110,8180,7850,291509,2326879960,357134835720,45437002,KSQ
596,072710,KR7072710007,농심홀딩스,KOSPI,,76900,2,-300,-0.39,77500,78400,76300,12769,986532400,356646051000,4637790,STK
597,007810,KR7007810005,코리아써키트,KOSPI,,15070,3,0,0.0,15200,15200,15000,53351,803329610,355964717570,23620751,STK
598,035150,KR7035150002,백산,KOSPI,,15810,1,570,3.74,15300,16000,15110,246521,3881688850,355962150000,22515000,STK
599,007690,KR7007690001,국도화학,KOSPI,,39300,1,4400,12.61,39050,40200,37550,272135,10616326000,354117208800,9010616,STK
600,093230,KR7093230001,이아이디,KOSPI,,1392,0,0,0.0,0,0,0,0,0,354103029120,254384360,STK
601,114810,KR7114810005,한솔아이원스,KOSDAQ,중견기업부,12150,2,-190,-1.54,12340,12360,11790,297016,3573132820,353725064100,29113174,KSQ
602,025860,KR7025860008,남해화학,KOSPI,,7120,2,-10,-0.14,7140,7160,7080,43595,310082050,353713362160,49678843,STK
603,031330,KR7031330004,에스에이엠티,KOSDAQ,우량기업부,3535,1,30,0.86,3495,3555,3485,195656,688146400,353482561845,99995067,KSQ
604,416180,KR7416180008,신성에스티,KOSDAQ,중견기업부,39050,1,1000,2.63,38650,40750,38250,259629,10282971700,353003330900,9039778,KSQ
605,041830,KR7041830001,인바디,KOSDAQ,우량기업부,25750,2,-700,-2.65,26450,26550,25750,23372,607654700,352357386500,13683782,KSQ
606,425040,KR7425040003,티이엠씨,KOSDAQ,기술성장기업부,16530,2,-270,-1.61,16800,16890,16520,85869,1427056680,352066882860,21298662,KSQ
607,038500,KR7038500005,삼표시멘트,KOSDAQ,우량기업부,3260,1,60,1.88,3170,3370,3160,2828793,9229718425,351807157560,107916306,KSQ
608,001390,KR7001390004,KG케미칼,KOSPI,,5130,1,10,0.2,5140,5170,5100,183831,943012500,351246175200,68469040,STK
609,319400,KR7319400008,현대무벡스,KOSDAQ,우량기업부,2980,1,5,0.17,2965,3015,2960,161135,479334705,350767047740,117707063,KSQ
610,267980,KR7267980001,매일유업,KOSDAQ,우량기업부,44650,1,950,2.17,44400,45450,44350,24225,1088462850,350218436700,7843638,KSQ
611,013030,KR7013030002,하이록코리아,KOSDAQ,우량기업부,27150,1,350,1.31,27050,27200,26700,34595,932695600,349041757500,12856050,KSQ
612,425420,KR7425420007,티에프이,KOSDAQ,벤처기업부,30600,2,-1250,-3.92,32450,32450,30600,41266,1285991300,348258600000,11381000,KSQ
613,029960,KR7029960002,코엔텍,KOSDAQ,우량기업부,6950,1,30,0.43,6920,6970,6900,51634,358206670,347500000000,50000000,KSQ
614,036530,KR7036530004,SNT홀딩스,KOSPI,,21300,1,100,0.47,21450,21450,20850,11296,238877950,347272771800,16303886,STK
615,009290,KR7009290008,광동제약,KOSPI,,6620,1,20,0.3,6620,6680,6560,78121,516399140,347026033620,52420851,STK
616,054950,KR7054950001,제이브이엠,KOSDAQ,우량기업부,28650,2,-450,-1.55,29100,29200,28650,31287,903310450,346375405800,12089892,KSQ
617,023160,KR7023160005,태광,KOSDAQ,우량기업부,13050,1,550,4.4,13010,13300,12370,3691279,47494078340,345825000000,26500000,KSQ
618,060980,KR7060980000,HL홀딩스,KOSPI,,33900,2,-50,-0.15,34000,34150,33800,11215,380156600,344742999000,10169410,STK
619,053610,KR7053610002,프로텍,KOSDAQ,우량기업부,31250,2,-650,-2.04,31700,32050,31250,27254,857917350,343750000000,11000000,KSQ
620,270520,KR7270520000,지오릿에너지,KOSDAQ,벤처기업부,2325,2,-20,-0.85,2305,2430,2305,979368,2314529400,343561841550,147768534,KSQ
621,000430,KR7000430009,대원강업,KOSPI,,5520,2,-20,-0.36,5560,5570,5450,147096,809272100,342240000000,62000000,STK
622,060150,KR7060150000,인선이엔티,KOSDAQ,우량기업부,7340,1,130,1.8,7240,7350,7210,156357,1140678840,341776912080,46563612,KSQ
623,027410,KR7027410000,BGF,KOSPI,,3570,1,70,2.0,3500,3575,3500,52536,186270725,341708943870,95716791,STK
624,451800,KR7451800007,한화리츠,KOSPI,,4830,2,-115,-2.33,4945,4945,4785,95524,462057685,340998000000,70600000,STK
625,123860,KR7123860009,아나패스,KOSDAQ,벤처기업부,28100,1,2050,7.87,26050,28450,26000,412789,11391483200,340667961500,12123415,KSQ
626,118990,KR7118990001,모트렉스,KOSDAQ,우량기업부,13640,1,100,0.74,13650,13810,13400,166445,2262319300,339117543600,24861990,KSQ
627,000680,KR7000680009,LS네트웍스,KOSPI,,4290,1,25,0.59,4245,4310,4240,101476,434257470,338064938640,78803016,STK
628,005690,KR7005690003,파미셀,KOSPI,,5620,2,-10,-0.18,5670,5680,5580,122356,687001430,337295337680,60016964,STK
629,083650,KR7083650002,비에이치아이,KOSDAQ,중견기업부,10900,1,30,0.28,10880,11010,10560,845022,9113913140,337293687500,30944375,KSQ
630,001470,KR7001470004,삼부토건,KOSPI,,1590,1,16,1.02,1572,1650,1561,2792856,4466390801,337140025680,212037752,STK
631,00088K,KR700088K015,한화3우B,KOSPI,,14930,1,50,0.34,14840,14950,14820,18503,274865170,335506960000,22472000,STK
632,441270,KR7441270006,파인엠텍,KOSDAQ,중견기업부,9060,1,70,0.78,8980,9560,8980,300779,2762891990,335110383060,36987901,KSQ
633,034120,KR7034120006,SBS,KOSPI,,18010,2,-390,-2.12,18330,18330,17900,188609,3406954380,334107796380,18551238,STK
634,000155,KR7000151001,두산우,KOSPI,,83600,2,-1300,-1.53,84500,85600,82800,4822,402568800,334104223200,3996462,STK
635,054450,KR7054450002,텔레칩스,KOSDAQ,우량기업부,22050,1,100,0.46,21900,22200,21650,128108,2806647650,333930337650,15144233,KSQ
636,007460,KR7007460009,에이프로젠,KOSPI,,1215,2,-60,-4.71,1263,1292,1215,2586656,3224343308,333927268470,274837258,STK
637,004700,KR7004700001,조광피혁,KOSPI,,50100,1,300,0.6,49600,50100,49600,107,5333100,333121813800,6649138,STK
638,051370,KR7051370005,인터플렉스,KOSDAQ,우량기업부,14270,2,-260,-1.79,14540,14890,14250,139540,2018704740,332883025440,23327472,KSQ
639,050890,KR7050890003,쏠리드,KOSDAQ,우량기업부,5420,2,-10,-0.18,5440,5460,5350,234429,1263102350,331821288800,61221640,KSQ
640,051905,KR7051901007,LG생활건강우,KOSPI,,157700,2,-2200,-1.38,159900,162400,157600,3323,529089800,331122216900,2099697,STK
641,443670,KR7443670005,에스피소프트,KOSDAQ,벤처기업부,15540,1,100,0.65,15250,15870,15060,313847,4857106630,329401784040,21197026,KSQ
642,119610,KR7119610004,인터로조,KOSDAQ,관리종목(소속부없음),24900,0,0,0.0,0,0,0,0,0,329090302200,13216478,KSQ
643,100790,KR7100790005,미래에셋벤처투자,KOSDAQ,우량기업부,6190,1,60,0.98,6120,6230,6030,187127,1148912110,328841484460,53124634,KSQ
644,001940,KR7001940006,KISCO홀딩스,KOSPI,,20250,1,250,1.25,20100,20250,20000,4708,94359950,327571695000,16176380,STK
645,453450,KR7453450009,그리드위즈,KOSDAQ,벤처기업부,41200,2,-3050,-6.89,44200,44200,40950,729380,30917992000,327241300000,7942750,KSQ
646,298830,KR7298830001,슈어소프트테크,KOSDAQ,벤처기업부,6210,2,-220,-3.42,6560,6590,6200,1798934,11506755250,326764368810,52619061,KSQ
647,226320,KR7226320000,잇츠한불,KOSPI,,14890,2,-450,-2.93,15590,15590,14850,35849,539051410,326527500350,21929315,STK
648,138580,KR7138580006,비즈니스온,KOSDAQ,벤처기업부,14460,2,-360,-2.43,14810,15040,14430,53461,787141870,326162116980,22556163,KSQ
649,348340,KR7348340001,뉴로메카,KOSDAQ,기술성장기업부,30900,2,-100,-0.32,30900,31850,30500,69599,2165190750,325428603000,10531670,KSQ
650,000500,KR7000500009,가온전선,KOSPI,,44050,2,-1250,-2.76,45500,46200,43650,209066,9275231850,324117521300,7357946,STK
651,330860,KR7330860008,네패스아크,KOSDAQ,우량기업부,26550,2,-250,-0.93,26900,27100,26100,68116,1806465350,323486394750,12184045,KSQ
652,101730,KR7101730000,위메이드맥스,KOSDAQ,우량기업부,9710,1,50,0.52,9680,9870,9630,23449,228620790,323297285320,33295292,KSQ
653,078150,KR7078150000,HB테크놀러지,KOSDAQ,우량기업부,3485,1,20,0.58,3510,3560,3470,3921989,13767124980,323114967260,92715916,KSQ
654,012030,KR7012030003,DB,KOSPI,,1601,1,280,21.2,1500,1717,1450,79859828,131343516847,322079466733,201173933,STK
655,108230,KR7108230004,톱텍,KOSDAQ,벤처기업부,8470,2,-50,-0.59,8530,8590,8310,132433,1115299330,322056885150,38023245,KSQ
656,323280,KR7323280008,태성,KOSDAQ,중견기업부,12440,2,-1230,-9.0,13790,13830,12220,1668754,21499197420,321209881200,25820730,KSQ
657,060720,KR7060720000,KH바텍,KOSDAQ,우량기업부,13560,2,-30,-0.22,13590,13730,13550,100892,1374071940,321066113520,23677442,KSQ
658,298690,KR7298690009,에어부산,KOSPI,,2745,2,-55,-1.96,2800,2805,2730,202269,556540775,320176800000,116640000,STK
659,025770,KR7025770009,한국정보통신,KOSDAQ,우량기업부,8550,1,30,0.35,8460,8560,8460,5666,48273630,320148517050,37444271,KSQ
660,220100,KR7220100002,퓨쳐켐,KOSDAQ,기술성장기업부,14480,1,370,2.62,14150,14950,14020,408431,5976202030,320039204400,22102155,KSQ
661,036200,KR7036200004,유니셈,KOSDAQ,우량기업부,10410,2,-490,-4.5,10930,11010,10370,861061,9127057790,319214561430,30664223,KSQ
662,003220,KR7003220001,대원제약,KOSPI,,14310,1,20,0.14,14340,14380,14290,22672,324833930,317541676140,22190194,STK
663,299900,KR7299900001,위지윅스튜디오,KOSDAQ,우량기업부,1854,2,-63,-3.29,1913,1950,1843,527671,989764891,317124630936,171048884,KSQ
664,014620,KR7014620009,성광벤드,KOSDAQ,우량기업부,11070,1,50,0.45,11130,11200,10950,199127,2200690340,316602000000,28600000,KSQ
665,322000,KR7322000001,HD현대에너지솔루션,KOSPI,,28150,1,350,1.26,27800,28450,27600,125693,3537850250,315280000000,11200000,STK
666,024720,KR7024720005,콜마홀딩스,KOSPI,,8530,2,-70,-0.81,8640,8640,8490,100845,862195910,313644005600,36769520,STK
667,214420,KR7214420002,토니모리,KOSPI,,12870,2,-870,-6.33,13740,14000,12710,1145714,15084940930,309585263130,24054799,STK
668,035600,KR7035600006,KG이니시스,KOSDAQ,우량기업부,11090,2,-40,-0.36,11120,11220,11030,49346,547982510,309460173060,27904434,KSQ
669,035890,KR7035890003,서희건설,KOSDAQ,우량기업부,1342,1,10,0.75,1329,1343,1329,151007,201725570,308402949294,229808457,KSQ
670,004430,KR7004430005,송원산업,KOSPI,,12760,1,90,0.71,12670,12760,12580,56915,719334100,306240000000,24000000,STK
671,088260,KR7088260005,이리츠코크렙,KOSPI,,4810,2,-15,-0.31,4870,4870,4810,47174,227151155,304673047900,63341590,STK
672,039840,KR7039840004,디오,KOSDAQ,우량기업부,19160,2,-320,-1.64,19450,19450,19110,32696,627493500,304294425800,15881755,KSQ
673,041960,KR7041960006,코미팜,KOSDAQ,벤처기업부,4300,1,30,0.7,4245,4335,4245,63495,273212175,303599195200,70604464,KSQ
674,263720,KR7263720005,디앤씨미디어,KOSDAQ,우량기업부,24150,2,-400,-1.63,24150,24650,24100,29951,727221550,302466022950,12524473,KSQ
675,086390,KR7086390002,유니테스트,KOSDAQ,중견기업부,14250,2,-150,-1.04,14360,14400,14070,136858,1943536940,301161295500,21134126,KSQ
676,126340,KR7126340009,비나텍,KOSDAQ,우량기업부,49350,1,150,0.3,49500,49750,49050,10867,536497250,300300573300,6085118,KSQ
677,357550,KR7357550003,석경에이티,KOSDAQ,기술성장기업부,55000,2,-1000,-1.79,56000,56700,54500,2604,144055700,300025000000,5455000,KSQ
678,950170,KR8392080006,JTC,KOSDAQ,외국기업(소속부없음),5790,2,-100,-1.7,5730,5970,5730,32239,187396220,299611354920,51746348,KSQ
679,029460,KR7029460003,케이씨,KOSPI,,22100,1,1500,7.28,20600,22300,20550,110887,2412413150,299544372400,13554044,STK
680,083930,KR7083930008,아바코,KOSDAQ,우량기업부,20050,2,-550,-2.67,20650,21100,19870,131025,2652184050,299001599900,14912798,KSQ
681,412540,KR7412540007,제일엠앤에스,KOSDAQ,기술성장기업부,14510,1,190,1.33,14320,14700,14180,81050,1170535690,298915649150,20600665,KSQ
682,002320,KR7002320000,한진,KOSPI,,19980,1,240,1.22,19840,20050,19620,23842,472803290,298653607440,14947628,STK
683,058820,KR7058820002,CMG제약,KOSDAQ,우량기업부,2150,1,15,0.7,2145,2195,2140,466811,1011230230,298618324600,138892244,KSQ
684,084110,KR7084110006,휴온스글로벌,KOSDAQ,중견기업부,23650,1,200,0.85,23150,23850,23100,22786,534895100,298498285800,12621492,KSQ
685,084010,KR7084010008,대한제강,KOSPI,,12740,2,-20,-0.16,12770,12890,12740,4041,51625430,298299417780,23414397,STK
686,003070,KR7003070000,코오롱글로벌,KOSPI,,15740,4,3630,29.98,12400,15740,11750,6381865,92768626190,298000902620,18932713,STK
687,089890,KR7089890008,코세스,KOSDAQ,우량기업부,17950,2,-700,-3.75,18570,18890,17860,187520,3462389990,297700067900,16584962,KSQ
688,006390,KR7006390009,한일현대시멘트,KOSPI,,15350,2,-80,-0.52,15430,15430,15280,13882,212976010,296679765200,19327672,STK
689,138490,KR7138490008,코오롱ENP,KOSPI,,7800,1,90,1.17,7690,7850,7660,54318,422560200,296400000000,38000000,STK
690,108490,KR7108490004,로보티즈,KOSDAQ,기술성장기업부,22700,2,-200,-0.87,22900,23050,22650,40694,930154650,296125313600,13045168,KSQ
691,100120,KR7100120005,뷰웍스,KOSDAQ,우량기업부,29450,1,500,1.73,29250,29450,28950,5588,163288900,294554924250,10001865,KSQ
692,058430,KR7058430000,포스코스틸리온,KOSPI,,48900,2,-100,-0.2,48600,50300,48600,48202,2374710300,293400000000,6000000,STK
693,092790,KR7092790005,넥스틸,KOSPI,,11280,2,-30,-0.27,12190,12360,10930,16494534,190961567090,293302560000,26002000,STK
694,080160,KR7080160005,모두투어,KOSDAQ,우량기업부,15470,1,10,0.06,15470,15580,15440,20089,311267530,292383000000,18900000,KSQ
695,099430,KR7099430001,바이오플러스,KOSDAQ,중견기업부,5040,2,-20,-0.4,5080,5140,5010,264353,1336517660,291971554560,57930864,KSQ
696,144960,KR7144960002,뉴파워프라즈마,KOSDAQ,우량기업부,6680,2,-80,-1.18,6730,6850,6680,160486,1084045120,291866728320,43692624,KSQ
697,083310,KR7083310003,엘오티베큠,KOSDAQ,우량기업부,16360,2,-110,-0.67,16500,16560,16320,93773,1537948380,291372139880,17810033,KSQ
698,003800,KR7003800000,에이스침대,KOSDAQ,우량기업부,26200,2,-250,-0.95,26200,26450,26200,1473,38754150,290558000000,11090000,KSQ
699,122900,KR7122900004,아이마켓코리아,KOSPI,,8690,1,10,0.12,8690,8720,8640,18928,164042740,290496619600,33428840,STK
700,001790,KR7001790005,대한제당,KOSPI,,3230,2,-65,-1.97,3295,3315,3230,592455,1934746420,289719953400,89696580,STK
701,064290,KR7064290000,인텍플러스,KOSDAQ,우량기업부,22500,2,-450,-1.96,23050,23400,22450,93144,2111695950,289439145000,12863962,KSQ
702,043370,KR7043370006,피에이치에이,KOSDAQ,우량기업부,13750,2,-290,-2.07,13910,14060,13460,97858,1342466740,288750000000,21000000,KSQ
703,017390,KR7017390006,서울가스,KOSPI,,57700,1,700,1.23,57200,57900,56600,9763,559992700,288500000000,5000000,STK
704,347850,KR7347850000,디앤디파마텍,KOSDAQ,기술성장기업부,27500,1,250,0.92,27250,28550,27100,48052,1338596100,288438947500,10488689,KSQ
705,092220,KR7092220003,KEC,KOSPI,,1436,1,22,1.56,1417,1445,1410,1229126,1756594031,288295870476,200763141,STK
706,001510,KR7001510007,SK증권,KOSPI,,609,1,42,7.41,568,624,566,7851396,4697391597,287807414139,472590171,STK
707,211050,KR7211050000,인카금융서비스,KOSDAQ,기술성장기업부,5590,2,-10,-0.18,5600,5690,5500,42526,236379410,287213082000,51379800,KSQ
708,078020,KR7078020005,이베스트투자증권,KOSDAQ,우량기업부,5140,1,130,2.59,5010,5150,4875,46740,236749605,285173316600,55481190,KSQ
709,009680,KR7009680000,모토닉,KOSPI,,8640,1,20,0.23,8700,8700,8560,23497,202442090,285120000000,33000000,STK
710,001780,KR7001780006,알루코,KOSPI,,2945,1,15,0.51,2925,2960,2915,170978,502207695,284727406240,96681632,STK
711,272550,KR7272550005,삼양패키징,KOSPI,,17990,1,60,0.33,17930,18050,17850,12242,219996650,284038191290,15788671,STK
712,097230,KR7097230007,HJ중공업,KOSPI,,3410,1,110,3.33,3400,3465,3295,159157,538292825,283965298210,83274281,STK
713,437730,KR7437730005,삼현,KOSDAQ,기술성장기업부,26850,2,-500,-1.83,27200,27250,26750,42851,1152727250,283782724650,10569189,KSQ
714,005390,KR7005390000,신성통상,KOSPI,,1974,1,132,7.17,1842,1997,1842,1756757,3447605545,283680361860,143708390,STK
715,056080,KR7056080005,유진로봇,KOSDAQ,중견기업부,7550,2,-60,-0.79,7610,7670,7550,65119,495382320,283216747600,37512152,KSQ
716,013890,KR7013890009,지누스,KOSPI,,13650,1,60,0.44,13500,14110,13500,155350,2149281790,283035534600,20735204,STK
717,052020,KR7052020005,에스티큐브,KOSDAQ,관리종목(소속부없음),6060,2,-140,-2.26,6200,6410,6060,83182,515537300,282967148940,46694249,KSQ
718,023410,KR7023410004,유진기업,KOSDAQ,우량기업부,3660,1,90,2.52,3590,3700,3555,271184,977768005,282957758580,77310863,KSQ
719,216080,KR7216080002,제테마,KOSDAQ,기술성장기업부,15840,2,-80,-0.5,15920,16180,15560,12379,195989930,282882742560,17858759,KSQ
720,388720,KR7388720005,유일로보틱스,KOSDAQ,벤처기업부,29100,1,600,2.11,29300,30200,28600,224377,6618527400,282811318200,9718602,KSQ
721,389260,KR7389260001,대명에너지,KOSDAQ,중견기업부,16570,2,-130,-0.78,16830,16900,16520,30130,500230080,282518500000,17050000,KSQ
722,417010,KR7417010006,나노팀,KOSDAQ,벤처기업부,14270,2,-190,-1.31,14460,14470,14110,77789,1108601480,281466160560,19724328,KSQ
723,018310,KR7018310003,삼목에스폼,KOSDAQ,우량기업부,19100,2,-130,-0.68,19100,19300,18960,18232,347404460,280770000000,14700000,KSQ
724,015360,KR7015360001,예스코홀딩스,KOSPI,,46750,1,1100,2.41,45650,47400,45600,10748,502107250,280500000000,6000000,STK
725,005500,KR7005500004,삼진제약,KOSPI,,20150,2,-200,-0.98,20200,20450,20100,22232,450235150,280085000000,13900000,STK
726,176750,KR7176750008,듀켐바이오,KONEX,일반기업부,10340,1,360,3.61,10090,10400,10090,21350,218973060,279440774800,27025220,KNX
727,084680,KR7084680008,이월드,KOSPI,,1967,2,-21,-1.06,1971,1988,1964,254866,502615685,278932781631,141806193,STK
728,061970,KR7061970000,LB세미콘,KOSDAQ,우량기업부,6370,1,80,1.27,6310,6400,6240,132383,838978150,278907851040,43784592,KSQ
729,000490,KR7000490003,대동,KOSPI,,10850,2,-50,-0.46,10850,10990,10830,100783,1098385750,278202549800,25640788,STK
730,174900,KR7174900001,앱클론,KOSDAQ,기술성장기업부,16130,1,170,1.07,16130,16600,15960,74132,1203316040,277664755660,17214182,KSQ
731,000480,KR7000480004,CR홀딩스,KOSPI,,5920,2,-60,-1.0,5920,6040,5830,37062,218631750,277591700800,46890490,STK
732,117580,KR7117580001,대성에너지,KOSPI,,10050,1,160,1.62,10120,10190,9890,522310,5234821580,276375000000,27500000,STK
733,071055,KR7071051007,한국금융지주우,KOSPI,,47150,1,400,0.86,46750,47150,46250,6737,314335500,276216534650,5858251,STK
734,011760,KR7011760006,현대코퍼레이션,KOSPI,,20800,2,-400,-1.89,21200,21400,20650,41555,865669000,275162492800,13228966,STK
735,001500,KR7001500008,현대차증권,KOSPI,,8660,1,170,2.0,8520,8670,8480,49027,421199280,274630786920,31712562,STK
736,339770,KR7339770000,교촌에프앤비,KOSPI,,10990,1,130,1.2,10670,11460,10670,226946,2529552150,274558114600,24982540,STK
737,090360,KR7090360009,로보스타,KOSDAQ,중견기업부,27850,2,-200,-0.71,27950,28250,27800,33673,942984600,271537500000,9750000,KSQ
738,030530,KR7030530000,원익홀딩스,KOSDAQ,우량기업부,3515,1,15,0.43,3505,3520,3490,77986,273022190,271491503215,77237981,KSQ
739,214430,KR7214430001,아이쓰리시스템,KOSDAQ,우량기업부,38200,2,-850,-2.18,39100,39500,38050,33838,1298715600,271478232000,7106760,KSQ
740,095700,KR7095700001,제넥신,KOSDAQ,기술성장기업부,6530,1,40,0.62,6600,6600,6490,33474,218642630,271064178820,41510594,KSQ
741,064260,KR7064260003,다날,KOSDAQ,우량기업부,3925,1,50,1.29,3885,3960,3885,442864,1737390980,270624982000,68949040,KSQ
742,001630,KR7001630003,종근당홀딩스,KOSPI,,54000,2,-400,-0.74,54400,54600,53700,1861,100493000,270532494000,5009861,STK
743,004560,KR7004560009,현대비앤지스틸,KOSPI,,17890,2,-220,-1.21,18150,18460,17780,119693,2168052310,269759928790,15078811,STK
744,179290,KR7179290002,엠아이텍,KOSDAQ,우량기업부,8300,2,-210,-2.47,8450,8580,8280,181799,1520766340,268635127400,32365678,KSQ
745,002150,KR7002150001,도화엔지니어링,KOSPI,,7960,1,10,0.13,7930,8020,7850,152946,1214017660,268411200000,33720000,STK
746,213500,KR7213500002,한솔제지,KOSPI,,11260,1,130,1.17,11090,11320,11080,42184,474963370,267994485760,23800576,STK
747,117730,KR7117730002,티로보틱스,KOSDAQ,벤처기업부,15000,2,-210,-1.38,15100,15350,14980,121515,1833384980,267555900000,17837060,KSQ
748,004360,KR7004360004,세방,KOSPI,,13830,1,290,2.14,13540,13900,13460,153781,2105612360,267039182700,19308690,STK
749,001230,KR7001230002,동국홀딩스,KOSPI,,8390,1,10,0.12,8300,8440,8300,86830,728668950,266806052370,31800483,STK
750,000540,KR7000540005,흥국화재,KOSPI,,4130,1,250,6.44,3850,4175,3850,193555,786709855,265322123850,64242645,STK
751,235980,KR7235980000,메드팩토,KOSDAQ,기술성장기업부,7900,2,-160,-1.99,8070,8240,7850,149505,1193248080,265287490500,33580695,KSQ
752,102120,KR7102120003,어보브반도체,KOSDAQ,우량기업부,14880,1,300,2.06,14530,15410,14210,1419059,21217152690,264577604640,17780753,KSQ
753,078520,KR7078520004,에이블씨엔씨,KOSPI,,10170,2,-520,-4.86,10720,10890,10080,394941,4079142510,264564017370,26014161,STK
754,112290,KR7112290002,와이씨켐,KOSDAQ,기술성장기업부,26150,2,-850,-3.15,27300,27500,26100,192191,5088963400,264390751750,10110545,KSQ
755,334890,KR7334890001,이지스밸류리츠,KOSPI,,5130,1,10,0.2,5110,5140,5100,29977,153497540,263904995970,51443469,STK
756,001270,KR7001270008,부국증권,KOSPI,,25400,1,100,0.4,25450,25450,25000,880,22217600,263395104400,10369886,STK
757,016580,KR7016580003,환인제약,KOSPI,,14150,2,-50,-0.35,14120,14260,14080,11276,159349410,263190990500,18600070,STK
758,009160,KR7009160003,SIMPAC,KOSPI,,4020,2,-15,-0.37,4035,4095,3980,35393,142651530,263026654320,65429516,STK
759,396270,KR7396270001,넥스트칩,KOSDAQ,기술성장기업부,14510,2,-90,-0.62,14700,14790,14250,703232,10245699750,262470519400,18088940,KSQ
760,005010,KR7005010004,휴스틸,KOSPI,,4660,2,-15,-0.32,4715,4730,4625,1012381,4731527745,261836429500,56188075,STK
761,006340,KR7006340004,대원전선,KOSPI,,3485,2,-80,-2.24,3570,3650,3480,3933836,13922719130,261302424875,74979175,STK
762,448280,KR7448280008,에코아이,KOSDAQ,중견기업부,26400,3,0,0.0,26400,26600,26250,16927,446571850,260753935200,9877043,KSQ
763,217270,KR7217270008,넵튠,KOSDAQ,중견기업부,5580,1,20,0.36,5560,5610,5520,20999,116831480,260095797000,46612150,KSQ
764,270660,KR7270660004,에브리봇,KOSDAQ,벤처기업부,21250,2,-50,-0.23,21300,21700,21200,68114,1459970750,259916017500,12231342,KSQ
765,018470,KR7018470005,조일알미늄,KOSPI,,2050,1,10,0.49,2040,2075,2030,658391,1351570235,259595028050,126631721,STK
766,079810,KR7079810008,디이엔티,KOSDAQ,중견기업부,11780,2,-90,-0.76,11820,11980,11700,99558,1176579280,259490947320,22028094,KSQ
767,071280,KR7071280002,로체시스템즈,KOSDAQ,우량기업부,16930,1,610,3.74,16410,17120,16150,171564,2867225220,258971488790,15296603,KSQ
768,005720,KR7005720008,넥센,KOSPI,,4820,1,30,0.63,4765,4835,4765,48698,234478535,258081969140,53543977,STK
769,214680,KR7214680001,디알텍,KOSDAQ,우량기업부,3495,2,-15,-0.43,3575,3670,3485,636176,2261712450,257676242460,73727108,KSQ
770,200470,KR7200470003,에이팩트,KOSDAQ,벤처기업부,6080,2,-100,-1.62,6200,6360,6060,760612,4693176600,257561525440,42362093,KSQ
771,371950,KR7371950007,풍원정밀,KOSDAQ,기술성장기업부,12240,1,650,5.61,11590,12340,11080,558613,6545558000,257535573120,21040488,KSQ
772,029480,KR7029480001,광무,KOSDAQ,중견기업부,5310,2,-410,-7.17,5780,5790,5220,1603937,8835688410,257392336230,48473133,KSQ
773,121800,KR7121800007,비덴트,KOSDAQ,관리종목(소속부없음),3320,0,0,0.0,0,0,0,0,0,256309348520,77201611,KSQ
774,004380,KR7004380002,삼익THK,KOSPI,,12170,3,0,0.0,12120,12230,12100,30233,367346030,255570000000,21000000,STK
775,304100,KR7304100001,솔트룩스,KOSDAQ,기술성장기업부,21050,2,-50,-0.24,20850,21150,20850,27945,586359650,255348456400,12130568,KSQ
776,051500,KR7051500007,CJ프레시웨이,KOSDAQ,우량기업부,21500,3,0,0.0,21700,21700,21400,22139,475846700,255239099000,11871586,KSQ
777,334970,KR7334970001,프레스티지바이오로직스,KOSDAQ,기술성장기업부,4150,2,-30,-0.72,4180,4215,4130,58544,244052975,255231096350,61501469,KSQ
778,307750,KR7307750000,국전약품,KOSDAQ,우량기업부,5190,2,-50,-0.95,5220,5300,5190,74863,390526930,254669506110,49069269,KSQ
779,034830,KR7034830000,한국토지신탁,KOSPI,,1004,1,4,0.4,1000,1006,1000,139458,139705845,253499186920,252489230,STK
780,011500,KR7011500006,한농화성,KOSPI,,16170,2,-510,-3.06,16600,16740,16150,116701,1914484370,252850969140,15637042,STK
781,047310,KR7047310008,파워로직스,KOSDAQ,중견기업부,6900,2,-30,-0.43,6930,7010,6900,102325,711605830,252614209500,36610755,KSQ
782,032620,KR7032620007,유비케어,KOSDAQ,우량기업부,4835,1,20,0.42,4785,4860,4770,102420,491961730,252373167065,52197139,KSQ
783,005950,KR7005950001,이수화학,KOSPI,,11070,1,10,0.09,11050,11490,11050,39455,437810890,251540720730,22722739,STK
784,053210,KR7053210001,스카이라이프,KOSPI,,5280,2,-10,-0.19,5300,5310,5270,6050,31966430,250921202400,47522955,STK
785,194370,KR7194370003,제이에스코퍼레이션,KOSPI,,18780,1,840,4.68,18130,18950,17900,157005,2913182630,250442586780,13335601,STK
786,033160,KR7033160003,엠케이전자,KOSDAQ,중견기업부,11320,2,-110,-0.96,11440,11510,11300,76794,872937370,249790866920,22066331,KSQ
787,036030,KR7036030005,케이티알파,KOSDAQ,우량기업부,5090,2,-20,-0.39,5060,5110,5000,44836,226098310,249508150470,49019283,KSQ
788,095720,KR7095720009,웅진씽크빅,KOSPI,,2160,1,35,1.65,2300,2300,2140,255879,560111105,249492927600,115505985,STK
789,007570,KR7007570005,일양약품,KOSPI,,13060,3,0,0.0,13060,13100,13050,7041,91990880,249258771840,19085664,STK
790,290690,KR7290690007,소룩스,KOSDAQ,벤처기업부,8490,2,-40,-0.47,8530,8670,8470,94804,810092910,248741293500,29298150,KSQ
791,004090,KR7004090007,한국석유,KOSPI,,19580,1,80,0.41,20200,20500,19350,1754966,34738183350,248550869600,12694120,STK
792,362320,KR7362320004,청담글로벌,KOSDAQ,중견기업부,12080,2,-650,-5.11,12310,13540,11850,2009410,25995368870,248259583200,20551290,KSQ
793,008490,KR7008490005,서흥,KOSPI,,21400,1,350,1.66,21050,21500,21050,8953,190595650,247579018200,11569113,STK
794,203400,KR7203400007,에이비온,KOSDAQ,기술성장기업부,10150,2,-20,-0.2,10190,10780,10110,172611,1806156190,246754985400,24310836,KSQ
795,950130,KR8840090003,엑세스바이오,KOSDAQ,외국기업(소속부없음),6770,3,0,0.0,6770,6850,6710,51094,347725220,246196784190,36365847,KSQ
796,002810,KR7002810000,삼영무역,KOSPI,,13330,1,50,0.38,13280,13350,13130,4871,64344780,246164416840,18466948,STK
797,096040,KR7096040001,이트론,KOSDAQ,투자주의환기종목(소속부없음),271,0,0,0.0,0,0,0,0,0,245561580945,906131295,KSQ
798,102460,KR7102460003,이연제약,KOSPI,,13210,1,150,1.15,13010,13440,13010,6406,84547400,245531773310,18586811,STK
799,003120,KR7003120003,일성아이에스,KOSPI,,18460,1,10,0.05,18570,18570,18420,690,12727430,245518000000,13300000,STK
800,092230,KR7092230002,KPX홀딩스,KOSPI,,58000,1,500,0.87,57600,58000,57500,1105,63913700,245029468000,4224646,STK
801,268600,KR7268600004,셀리버리,KOSDAQ,관리종목(소속부없음),6680,0,0,0.0,0,0,0,0,0,244941204600,36667845,KSQ
802,146320,KR7146320007,비씨엔씨,KOSDAQ,벤처기업부,19140,2,-500,-2.55,19620,19850,19120,51473,996219660,244856546220,12792923,KSQ
803,150840,KR7150840007,인트로메딕,KOSDAQ,관리종목(소속부없음),5850,0,0,0.0,0,0,0,0,0,244813584600,41848476,KSQ
804,034810,KR7034810002,해성산업,KOSDAQ,우량기업부,7470,1,50,0.67,7460,7520,7410,25310,188420470,243199721790,32556857,KSQ
805,452260,KR7452260003,한화갤러리아,KOSPI,,1250,1,28,2.29,1216,1277,1216,1164557,1463352788,242324512500,193859610,STK
806,405100,KR7405100009,큐알티,KOSDAQ,벤처기업부,19700,2,-750,-3.67,20650,20650,19700,120764,2403282550,242099229700,12289301,KSQ
807,037710,KR7037710001,광주신세계,KOSPI,,30350,1,150,0.5,30250,30400,30200,2059,62413800,241500716500,7957190,STK
808,354320,KR7354320004,알멕,KOSDAQ,기술성장기업부,37750,3,0,0.0,38000,38500,37500,9060,342778700,241274632750,6391381,KSQ
809,126600,KR7126600006,BGF에코머티리얼즈,KOSDAQ,우량기업부,4465,3,0,0.0,4445,4525,4445,38111,170639285,241258572875,54033275,KSQ
810,254490,KR7254490006,미래반도체,KOSDAQ,중견기업부,16660,1,270,1.65,16440,17130,16360,57599,965191270,240537080000,14438000,KSQ
811,013120,KR7013120001,동원개발,KOSDAQ,우량기업부,2645,1,15,0.57,2645,2660,2610,60472,159327875,240187424500,90808100,KSQ
812,092730,KR7092730001,네오팜,KOSDAQ,우량기업부,29250,2,-1100,-3.62,30450,31150,29250,93642,2813660200,240065309250,8207361,KSQ
813,081000,KR7081000002,일진다이아,KOSPI,,16900,2,-150,-0.88,17180,17200,16870,35924,610203200,240030277500,14202975,STK
814,402030,KR7402030001,코난테크놀로지,KOSDAQ,기술성장기업부,21000,2,-150,-0.71,21350,21400,21000,18472,390364600,239855448000,11421688,KSQ
815,001130,KR7001130004,대한제분,KOSPI,,141900,1,100,0.07,141800,143100,140400,603,85609400,239811000000,1690000,STK
816,102940,KR7102940004,코오롱생명과학,KOSDAQ,중견기업부,21000,3,0,0.0,21100,21150,20800,5303,111121400,239659476000,11412356,KSQ
817,145170,KR7145170007,노브랜드,KOSDAQ,중견기업부,30150,2,-2050,-6.37,31600,36150,30150,2605916,88084478950,239299856550,7936977,KSQ
818,900290,HK0000307485,GRT,KOSDAQ,외국기업(소속부없음),3550,2,-20,-0.56,3600,3600,3520,33771,119885835,239181250000,67375000,KSQ
819,025000,KR7025000001,KPX케미칼,KOSPI,,49400,1,450,0.92,49300,49750,48800,5985,294517400,239096000000,4840000,STK
820,037560,KR7037560000,LG헬로비전,KOSPI,,3085,1,55,1.82,3020,3100,3020,173594,532342905,238923578525,77446865,STK
821,096760,KR7096760004,JW홀딩스,KOSPI,,3230,2,-10,-0.31,3235,3245,3200,28638,92113220,238777562660,73924942,STK
822,107600,KR7107600009,새빗켐,KOSDAQ,벤처기업부,48300,2,-100,-0.21,48700,49050,47900,12135,585410900,238435123500,4936545,KSQ
823,094480,KR7094480001,갤럭시아머니트리,KOSDAQ,중견기업부,6060,2,-70,-1.14,6120,6140,6040,52027,316142350,237732818280,39229838,KSQ
824,011810,KR7011810009,STX,KOSPI,,7660,1,60,0.79,7600,7870,7600,186293,1435966200,237597320820,31017927,STK
825,122990,KR7122990005,와이솔,KOSDAQ,우량기업부,8400,2,-30,-0.36,8360,8460,8270,33032,276316960,236770304400,28186941,KSQ
826,086890,KR7086890001,이수앱지스,KOSDAQ,기술성장기업부,6650,2,-40,-0.6,6630,6740,6620,36174,240710740,236432643650,35553781,KSQ
827,042600,KR7042600007,새로닉스,KOSDAQ,우량기업부,18960,2,-70,-0.37,18910,19300,18910,10881,206927260,235550963040,12423574,KSQ
828,086710,KR7086710001,선진뷰티사이언스,KOSDAQ,중견기업부,19270,2,-1230,-6.0,20750,21450,19010,791800,15828515250,235157205600,12203280,KSQ
829,356860,KR7356860007,티엘비,KOSDAQ,우량기업부,23900,2,-950,-3.82,24850,24850,23850,169967,4097089750,234999857000,9832630,KSQ
830,404990,KR7404990004,신한서부티엔디리츠,KOSPI,,4190,2,-30,-0.71,4285,4285,4125,52900,219992090,234455153960,55955884,STK
831,160980,KR7160980009,싸이맥스,KOSDAQ,우량기업부,21450,2,-600,-2.72,22300,22300,21350,93057,2031856950,234325012350,10924243,KSQ
832,101670,KR7101670008,하이드로리튬,KOSDAQ,벤처기업부,4645,1,115,2.54,4465,4910,4465,3890113,18540435020,233781326440,50329672,KSQ
833,045970,KR7045970001,코아시아,KOSDAQ,중견기업부,8880,2,-400,-4.31,9160,9260,8640,405820,3637176190,233676098880,26314876,KSQ
834,052400,KR7052400009,코나아이,KOSDAQ,우량기업부,15680,1,20,0.13,15660,15800,15530,6313,99006470,233631984320,14899999,KSQ
835,101530,KR7101530004,해태제과식품,KOSPI,,8010,2,-310,-3.73,8250,8440,7920,256014,2086936230,233225744220,29116822,STK
836,003350,KR7003350006,한국화장품제조,KOSPI,,51300,2,-1700,-3.21,52700,53500,50500,111787,5750730800,232491600000,4532000,STK
837,100840,KR7100840008,SNT에너지,KOSPI,,11230,2,-60,-0.53,11290,11630,10920,239341,2670904260,232245193090,20680783,STK
838,007860,KR7007860000,서연,KOSPI,,9890,2,-10,-0.1,10000,10010,9740,117630,1160917900,232215657160,23479844,STK
839,016590,KR7016590002,신대양제지,KOSPI,,5750,2,-40,-0.69,5790,5800,5750,8500,49043290,231712465000,40297820,STK
840,432720,KR7432720001,퀄리타스반도체,KOSDAQ,기술성장기업부,21050,2,-500,-2.32,21550,21600,20850,67381,1423242950,231321397000,10989140,KSQ
841,282880,KR7282880004,코윈테크,KOSDAQ,우량기업부,20700,2,-200,-0.96,20750,21150,20550,28207,588046150,230635404900,11141807,KSQ
842,271980,KR7271980005,제일약품,KOSPI,,15660,3,0,0.0,15720,15730,15620,3117,48819750,230278295520,14704872,STK
843,298000,KR7298000001,효성화학,KOSPI,,60700,1,300,0.5,59800,62000,59800,6842,416292700,230162927700,3791811,STK
844,042370,KR7042370007,비츠로테크,KOSDAQ,우량기업부,8770,2,-100,-1.13,8810,8930,8750,177447,1566693160,229774219250,26200025,KSQ
845,008350,KR7008350001,남선알미늄,KOSPI,,1780,2,-8,-0.45,1773,1788,1772,194664,346309745,229760780200,129079090,STK
846,053080,KR7053080008,케이엔솔,KOSDAQ,우량기업부,17660,2,-610,-3.34,18450,18450,17650,175225,3141937200,229576591620,12999807,KSQ
847,036420,KR7036420008,콘텐트리중앙,KOSPI,,11870,2,-160,-1.33,12030,12030,11810,23671,281985060,228643595960,19262308,STK
848,453860,KR7453860009,에이에스텍,KOSDAQ,벤처기업부,40300,2,-2950,-6.82,43000,43650,40250,186899,7727286800,227985764500,5657215,KSQ
849,207760,KR7207760000,미스터블루,KOSDAQ,중견기업부,2745,3,0,0.0,2780,2810,2720,1270302,3511699040,227950490385,83042073,KSQ
850,000020,KR7000020008,동화약품,KOSPI,,8130,1,70,0.87,8110,8210,8060,95915,781837820,227082851100,27931470,STK
851,293480,KR7293480000,하나제약,KOSPI,,12770,1,70,0.55,12720,12830,12650,17888,227342830,226960520420,17772946,STK
852,205470,KR7205470008,휴마시스,KOSDAQ,우량기업부,1751,2,-12,-0.68,1751,1772,1751,280502,492840493,226535640759,129375009,KSQ
853,007160,KR7007160005,사조산업,KOSPI,,45300,1,1300,2.95,43900,45850,43850,61549,2772687300,226500000000,5000000,STK
854,451760,KR7451760003,컨텍,KOSDAQ,기술성장기업부,15150,2,-10,-0.07,15390,15430,15110,76071,1162726490,226348211400,14940476,KSQ
855,039570,KR7039570007,HDC랩스,KOSPI,,8700,1,40,0.46,8660,8770,8630,13908,121062900,225831128700,25957601,STK
856,382840,KR7382840007,원준,KOSDAQ,중견기업부,14780,2,-220,-1.47,15000,15110,14780,34810,518643890,225713967180,15271581,KSQ
857,092070,KR7092070002,디엔에프,KOSDAQ,우량기업부,19460,2,-690,-3.42,20100,20300,19340,91328,1800652400,225188356680,11571858,KSQ
858,078160,KR7078160009,메디포스트,KOSDAQ,벤처기업부,6560,2,-20,-0.3,6630,6630,6520,14589,95659690,224468669600,34217785,KSQ
859,008060,KR7008060006,대덕,KOSPI,,6620,1,70,1.07,6550,6640,6550,44315,292730130,224352793000,33890150,STK
860,377450,KR7377450002,리파인,KOSDAQ,중견기업부,12940,1,40,0.31,12930,13000,12800,55366,715559910,224250200000,17330000,KSQ
861,047560,KR7047560008,이스트소프트,KOSDAQ,중견기업부,19330,2,-640,-3.2,19860,20050,19310,187716,3689577200,224087509560,11592732,KSQ
862,452430,KR7452430002,사피엔반도체,KOSDAQ,기술성장기업부,28000,2,-1050,-3.61,28800,29450,28000,391332,11257444700,223792576000,7992592,KSQ
863,017890,KR7017890005,한국알콜,KOSDAQ,우량기업부,10340,2,-70,-0.67,10420,10500,10320,56612,589636460,223403558400,21605760,KSQ
864,211270,KR7211270004,AP위성,KOSDAQ,벤처기업부,14810,1,10,0.07,14780,15100,14720,59129,876574110,223368922240,15082304,KSQ
865,035080,KR7035080001,그래디언트,KOSDAQ,우량기업부,15360,2,-10,-0.07,15290,15710,15280,31757,490295280,223143690240,14527584,KSQ
866,086980,KR7086980000,쇼박스,KOSDAQ,중견기업부,3560,2,-35,-0.97,3565,3590,3555,51880,184948345,222991280000,62638000,KSQ
867,102260,KR7102260007,동성케미컬,KOSPI,,4485,1,15,0.34,4470,4490,4465,22211,99434555,222858430080,49689728,STK
868,001460,KR7001460005,BYC,KOSPI,,35600,1,100,0.28,36000,36300,35450,1263,44971950,222362940000,6246150,STK
869,204620,KR7204620009,글로벌텍스프리,KOSDAQ,중견기업부,3915,2,-50,-1.26,3950,3985,3915,427968,1683947010,222324424920,56787848,KSQ
870,000390,KR7000390005,삼화페인트,KOSPI,,8170,1,30,0.37,8150,8210,8010,74730,606569740,222252341730,27203469,STK
871,322310,KR7322310004,오로스테크놀로지,KOSDAQ,벤처기업부,23650,2,-1150,-4.64,24950,25050,23550,84342,2025113600,221518718300,9366542,KSQ
872,109610,KR7109610006,에스와이,KOSDAQ,중견기업부,4525,1,5,0.11,4495,4555,4475,190385,859741715,221305985000,48907400,KSQ
873,037270,KR7037270006,YG PLUS,KOSPI,,3485,1,20,0.58,3465,3530,3455,57726,201525315,221051493850,63429410,STK
874,044990,KR7044990000,에이치엔에스하이텍,KONEX,일반기업부,29350,3,0,0.0,29850,29850,29050,3925,114800850,220449728400,7511064,KNX
875,027970,KR7027970003,한국제지,KOSPI,,1159,2,-1,-0.09,1151,1178,1151,70801,82331603,220416576683,190178237,STK
876,024060,KR7024060006,흥구석유,KOSDAQ,중견기업부,14680,1,20,0.14,14910,15080,14590,969068,14341966820,220200000000,15000000,KSQ
877,005430,KR7005430004,한국공항,KOSPI,,69500,2,-400,-0.57,69900,70600,69200,5326,371778000,220061672500,3166355,STK
878,432430,KR7432430007,와이랩,KOSDAQ,기술성장기업부,13580,1,180,1.34,13400,14180,13320,1282931,17680991630,218941105600,16122320,KSQ
879,024850,KR7024850000,HLB이노베이션,KOSDAQ,중견기업부,3000,3,0,0.0,3000,3030,2955,74863,224791325,217134165000,72378055,KSQ
880,217820,KR7217820000,원익피앤이,KOSDAQ,우량기업부,4565,1,25,0.55,4515,4650,4515,84090,385849360,216630061835,47454559,KSQ
881,109070,KR7109070003,주성코퍼레이션,KOSPI,,4100,0,0,0.0,0,0,0,0,0,216521943000,52810230,STK
882,057880,KR7057880007,푸른소나무,KOSDAQ,관리종목(소속부없음),8790,0,0,0.0,0,0,0,0,0,216061434720,24580368,KSQ
883,036800,KR7036800001,나이스정보통신,KOSDAQ,우량기업부,21600,2,-100,-0.46,21700,21700,21600,2271,49154400,216000000000,10000000,KSQ
884,038290,KR7038290003,마크로젠,KOSDAQ,중견기업부,19900,1,290,1.48,19500,20150,19500,26087,518107660,215743860000,10841400,KSQ
885,458870,KR7458870003,씨어스테크놀로지,KOSDAQ,기술성장기업부,17500,2,-1000,-5.41,17880,19910,17430,5936930,110912474760,215142900000,12293880,KSQ
886,190510,KR7190510008,나무가,KOSDAQ,우량기업부,13210,2,-10,-0.08,13320,13320,13180,39997,529446970,214852512640,16264384,KSQ
887,004980,KR7004980009,성신양회,KOSPI,,8750,1,30,0.34,8720,8810,8650,64109,559625260,214515638750,24516073,STK
888,278650,KR7278650007,HLB바이오스텝,KOSDAQ,우량기업부,2470,2,-40,-1.59,2500,2520,2455,280434,697122310,214224554830,86730589,KSQ
889,071840,KR7071840003,롯데하이마트,KOSPI,,9070,1,60,0.67,9130,9130,9010,9191,83244190,214121947840,23607712,STK
890,079940,KR7079940003,가비아,KOSDAQ,우량기업부,15800,1,320,2.07,15480,15930,15480,28771,454193220,213863807200,13535684,KSQ
891,149950,KR7149950008,아바텍,KOSDAQ,중견기업부,13700,3,0,0.0,13550,13870,13550,3542,48606050,213822750000,15607500,KSQ
892,006060,KR7006060008,화승인더,KOSPI,,3865,2,-10,-0.26,3875,3880,3830,97887,377867715,213811800000,55320000,STK
893,000140,KR7000140004,하이트진로홀딩스,KOSPI,,9200,1,20,0.22,9250,9250,9160,8863,81620600,213502238000,23206765,STK
894,377190,KR7377190004,디앤디플랫폼리츠,KOSPI,,3315,2,-40,-1.19,3380,3380,3250,93815,309937330,213486000000,64400000,STK
895,045390,KR7045390002,대아티아이,KOSDAQ,우량기업부,3025,1,15,0.5,3015,3045,3015,171260,519132830,213181965425,70473377,KSQ
896,210980,KR7210980009,SK디앤디,KOSPI,,11440,2,-100,-0.87,11540,11590,11400,53545,612407430,212982850080,18617382,STK
897,000050,KR7000050005,경방,KOSPI,,7750,3,0,0.0,7750,7900,7680,1255,9697880,212468342500,27415270,STK
898,001520,KR7001520006,동양,KOSPI,,888,1,6,0.68,881,890,881,142388,126012012,211951447944,238684063,STK
899,003580,KR7003580008,HLB글로벌,KOSPI,,4465,2,-40,-0.89,4505,4550,4430,83637,375073590,211689632780,47410892,STK
900,297090,KR7297090003,씨에스베어링,KOSDAQ,중견기업부,7760,1,20,0.26,7710,7930,7710,38839,302104490,211615200000,27270000,KSQ
901,005860,KR7005860002,한일사료,KOSDAQ,우량기업부,5370,1,110,2.09,5260,5430,5240,830590,4445097200,211597788450,39403685,KSQ
902,074610,KR7074610007,이엔플러스,KOSPI,,2910,1,5,0.17,2920,2935,2890,217580,631959010,211492104090,72677699,STK
903,462520,KR7462520008,조선내화,KOSPI,,17830,2,-270,-1.49,17920,18000,17680,11168,199005860,211377645440,11855168,STK
904,005945,KR7005941000,NH투자증권우,KOSPI,,11190,2,-10,-0.09,11090,11250,11090,17550,195970830,211166131920,18870968,STK
905,048530,KR7048530000,인트론바이오,KOSDAQ,기술성장기업부,6180,1,180,3.0,6060,6230,5950,159568,975543510,211051709160,34150762,KSQ
906,036220,KR7036220002,오상헬스케어,KOSDAQ,벤처기업부,14530,2,-680,-4.47,14900,15100,14470,71908,1056041870,210531214480,14489416,KSQ
907,019680,KR7019680008,대교,KOSPI,,2485,1,15,0.61,2510,2550,2480,48349,121043595,210486582250,84702850,STK
908,226950,KR7226950004,올릭스,KOSDAQ,기술성장기업부,12660,2,-600,-4.52,13260,13460,12560,77580,1000672040,210059746020,16592397,KSQ
909,009155,KR7009151002,삼성전기우,KOSPI,,72200,3,0,0.0,72300,73000,72000,3389,245080100,209884244800,2906984,STK
910,003200,KR7003200003,일신방직,KOSPI,,9010,2,-60,-0.66,9080,9140,9000,54986,497421290,209752800000,23280000,STK
911,097955,KR7097951008,CJ제일제당 우,KOSPI,,157800,1,1100,0.7,157500,157900,156900,1774,278989000,209468927400,1327433,STK
912,104460,KR7104460001,디와이피엔에프,KOSDAQ,중견기업부,19550,2,-70,-0.36,19850,19850,19500,15714,307776170,209451368750,10713625,KSQ
913,107590,KR7107590002,미원홀딩스,KOSPI,,90100,2,-100,-0.11,90000,90300,90000,17,1532100,209032000000,2320000,STK
914,290550,KR7290550003,디케이티,KOSDAQ,우량기업부,10910,2,-40,-0.37,10960,11150,10700,97907,1070945970,208935173450,19150795,KSQ
915,088390,KR7088390000,이녹스,KOSDAQ,우량기업부,22250,1,250,1.14,22100,22450,21600,41437,912579450,208835029000,9385844,KSQ
916,322510,KR7322510009,제이엘케이,KOSDAQ,기술성장기업부,12860,2,-180,-1.38,13050,13300,12730,136374,1763768410,208276856320,16195712,KSQ
917,417310,KR7417310000,코람코더원리츠,KOSPI,,5140,3,0,0.0,5140,5150,5100,369208,1900327660,207656000000,40400000,STK
918,091580,KR7091580001,상신이디피,KOSDAQ,우량기업부,15450,2,-220,-1.4,15550,15690,15360,35191,546732110,207465983550,13428219,KSQ
919,143240,KR7143240000,사람인,KOSDAQ,우량기업부,17700,3,0,0.0,17700,17780,17630,3805,67360120,207253955100,11709263,KSQ
920,460850,KR7460850001,동국씨엠,KOSPI,,6930,1,10,0.14,6950,6960,6910,25444,176356060,207197686080,29898656,STK
921,452200,KR7452200009,민테크,KOSDAQ,기술성장기업부,9430,2,-30,-0.32,9560,9880,9420,1067543,10340627070,206944179000,21945300,KSQ
922,452280,KR7452280001,한선엔지니어링,KOSDAQ,중견기업부,12170,1,2270,22.93,10000,12480,9870,15471433,180806868830,206920425000,17002500,KSQ
923,039980,KR7039980008,폴라리스AI,KOSDAQ,중견기업부,2885,2,-20,-0.69,2880,2935,2855,883763,2552248080,206788886445,71677257,KSQ
924,122450,KR7122450000,KX,KOSDAQ,우량기업부,4560,1,20,0.44,4485,4620,4480,57877,263046635,206731995840,45335964,KSQ
925,012320,KR7012320008,경동인베스트,KOSPI,,87400,1,4700,5.68,83000,90800,83000,69256,6082663700,206703010200,2365023,STK
926,049950,KR7049950009,미래컴퍼니,KOSDAQ,우량기업부,23400,3,0,0.0,23250,23550,23250,18658,436970450,206338485600,8817884,KSQ
927,093640,KR7093640001,케이알엠,KOSDAQ,벤처기업부,7050,2,-180,-2.49,7090,7140,6890,141846,991398170,206229293100,29252382,KSQ
928,095570,KR7095570008,AJ네트웍스,KOSPI,,4545,2,-135,-2.88,4620,4645,4545,117631,537826830,205673789655,45252759,STK
929,011040,KR7011040003,경동제약,KOSDAQ,중견기업부,6670,2,-70,-1.04,6740,6760,6630,104916,698719280,205227669220,30768766,KSQ
930,035810,KR7035810001,이지홀딩스,KOSDAQ,우량기업부,3150,1,5,0.16,3145,3185,3125,61895,194276515,205209411750,65145845,KSQ
931,001250,KR7001250000,GS글로벌,KOSPI,,2480,1,40,1.64,2435,2525,2435,945553,2354256705,204683734720,82533764,STK
932,002100,KR7002100006,경농,KOSPI,,10480,1,290,2.85,10210,10520,10210,164356,1715390450,204596586000,19522575,STK
933,033340,KR7033340001,좋은사람들,KOSDAQ,관리종목(소속부없음),2110,0,0,0.0,0,0,0,0,0,204565677380,96950558,KSQ
934,002020,KR7002020006,코오롱,KOSPI,,16190,1,220,1.38,15990,16740,15910,61015,998118280,204421836940,12626426,STK
935,096240,KR7096240007,크레버스,KOSDAQ,우량기업부,17990,1,80,0.45,17910,18050,17890,29147,524025820,203973858200,11338180,KSQ
936,402490,KR7402490007,그린리소스,KOSDAQ,기술성장기업부,24600,2,-250,-1.01,25000,25450,24600,118725,2969129850,203342222400,8265944,KSQ
937,036890,KR7036890002,진성티이씨,KOSDAQ,우량기업부,9040,1,10,0.11,9030,9070,9010,23847,215381650,203239702720,22482268,KSQ
938,011785,KR7011781002,금호석유우,KOSPI,,67100,2,-200,-0.3,67600,68700,66800,12788,868143000,202875910600,3023486,STK
939,396470,KR7396470007,워트,KOSDAQ,중견기업부,12500,2,-350,-2.72,12790,12870,12410,483852,6119521030,201500000000,16120000,KSQ
940,092200,KR7092200005,디아이씨,KOSPI,,5180,2,-160,-3.0,5350,5370,5160,365711,1908788440,201442787420,38888569,STK
941,199820,KR7199820002,제일일렉트릭,KOSDAQ,우량기업부,9060,2,-90,-0.98,9040,9370,9000,488713,4451341250,201313200000,22220000,KSQ
942,015860,KR7015860000,일진홀딩스,KOSPI,,4075,2,-15,-0.37,4105,4110,4050,52739,214827020,201090993225,49347483,STK
943,078070,KR7078070000,유비쿼스홀딩스,KOSDAQ,우량기업부,11030,2,-70,-0.63,11130,11160,10990,2109,23320850,200202221000,18150700,KSQ
944,002900,KR7002900009,TYM,KOSPI,,4440,1,30,0.68,4410,4450,4410,50177,222183415,200026244640,45050956,STK
945,068930,KR7068930007,디지털대성,KOSDAQ,우량기업부,7220,3,0,0.0,7220,7220,7200,26231,188966220,199815969240,27675342,KSQ
946,382900,KR7382900009,범한퓨얼셀,KOSDAQ,벤처기업부,22800,1,450,2.01,22100,23900,21850,684257,15689220350,199750800000,8761000,KSQ
947,048870,KR7048870000,시너지이노베이션,KOSDAQ,우량기업부,2415,1,10,0.42,2395,2425,2390,73187,176023590,199740650760,82708344,KSQ
948,105840,KR7105840003,우진,KOSPI,,9820,2,-70,-0.71,9890,9980,9710,412112,4072601020,199577889480,20323614,STK
949,002390,KR7002390003,한독,KOSPI,,14490,2,-40,-0.28,14520,14770,14450,28805,420172380,199433593170,13763533,STK
950,092870,KR7092870005,엑시콘,KOSDAQ,우량기업부,18380,2,-660,-3.47,19100,19180,18380,197138,3671419470,199400888860,10848797,KSQ
951,032300,KR7032300006,한국파마,KOSDAQ,중견기업부,18270,2,-110,-0.6,18230,18550,18180,19854,363541020,199265427270,10906701,KSQ
952,053300,KR7053300000,한국정보인증,KOSDAQ,우량기업부,4695,1,5,0.11,4690,4725,4675,34368,161212820,199262189895,42441361,KSQ
953,182360,KR7182360008,큐브엔터,KOSDAQ,우량기업부,14410,2,-140,-0.96,14460,14600,14350,45264,652530940,198925539670,13804687,KSQ
954,046440,KR7046440004,KG모빌리언스,KOSDAQ,우량기업부,5120,3,0,0.0,5130,5170,5110,27447,140889080,198786908160,38825568,KSQ
955,037070,KR7037070000,파세코,KOSDAQ,우량기업부,9930,2,-120,-1.19,10050,10200,9860,137963,1381839630,198600000000,20000000,KSQ
956,006620,KR7006620009,동구바이오제약,KOSDAQ,우량기업부,6970,1,180,2.65,6830,7050,6810,261889,1827043730,198400994240,28464992,KSQ
957,123040,KR7123040008,엠에스오토텍,KOSDAQ,우량기업부,4330,2,-60,-1.37,4350,4390,4315,122208,530078215,197700339410,45658277,KSQ
958,298540,KR7298540006,더네이쳐홀딩스,KOSDAQ,우량기업부,13400,2,-40,-0.3,13440,13500,13330,11773,157702820,197664418400,14751076,KSQ
959,090350,KR7090350000,노루페인트,KOSPI,,9870,1,120,1.23,9790,9930,9730,63380,621838630,197400000000,20000000,STK
960,083790,KR7083790006,CG인바이츠,KOSDAQ,벤처기업부,2560,1,265,11.55,2310,2570,2300,470092,1163435975,196849105920,76894182,KSQ
961,083420,KR7083420000,그린케미칼,KOSPI,,8200,2,-300,-3.53,8350,8420,8150,196384,1625170380,196800000000,24000000,STK
962,054210,KR7054210000,이랜텍,KOSDAQ,우량기업부,7780,1,60,0.78,7850,7900,7740,32672,255429710,196765613800,25291210,KSQ
963,028100,KR7028100006,동아지질,KOSPI,,13950,1,190,1.38,13760,14450,13710,191014,2693188360,196034411700,14052646,STK
964,264850,KR7264850009,이랜시스,KOSDAQ,우량기업부,6460,2,-100,-1.52,6540,6600,6450,213699,1391947820,195703193520,30294612,KSQ
965,001080,KR7001080001,만호제강,KOSPI,,47150,0,0,0.0,0,0,0,0,0,195672500000,4150000,STK
966,089600,KR7089600001,나스미디어,KOSDAQ,우량기업부,16910,2,-80,-0.47,16990,16990,16800,9008,152060090,195617636330,11568163,KSQ
967,236200,KR7236200002,슈프리마,KOSDAQ,우량기업부,27150,2,-250,-0.91,27150,27350,26900,26129,707435100,195297361950,7193273,KSQ
968,315640,KR7315640003,딥노이드,KOSDAQ,기술성장기업부,8710,1,160,1.87,8550,8820,8520,133262,1155879060,195289244280,22421268,KSQ
969,011150,KR7011150000,CJ씨푸드,KOSPI,,5430,2,-180,-3.21,5600,5690,5410,2467010,13697085590,195104097390,35930773,STK
970,321820,KR7321820003,아티스트유나이티드,KOSDAQ,기술성장기업부,14590,2,-50,-0.34,14360,14920,14260,129096,1884817230,195016651400,13366460,KSQ
971,009580,KR7009580002,무림P&P,KOSPI,,3125,3,0,0.0,3120,3140,3105,30683,95664815,194901012500,62368324,STK
972,219130,KR7219130002,타이거일렉,KOSDAQ,중견기업부,30800,2,-1800,-5.52,32350,32400,30750,71407,2232839200,194480132000,6314290,KSQ
973,023760,KR7023760002,한국캐피탈,KOSDAQ,우량기업부,616,2,-1,-0.16,615,618,613,123116,75679880,194415498816,315609576,KSQ
974,005680,KR7005680004,삼영전자,KOSPI,,9720,1,20,0.21,9620,9770,9620,38796,374507340,194400000000,20000000,STK
975,450140,KR7450140009,코오롱모빌리티그룹,KOSPI,,3095,3,0,0.0,3150,3150,3065,93989,290538765,194295588750,62777250,STK
976,006840,KR7006840003,AK홀딩스,KOSPI,,14650,1,80,0.55,14540,14670,14500,2004,29302550,194076768650,13247561,STK
977,131370,KR7131370009,알서포트,KOSDAQ,우량기업부,3640,2,-120,-3.19,3755,3755,3570,414046,1510923115,193892182120,53267083,KSQ
978,285490,KR7285490009,노바텍,KOSDAQ,우량기업부,18310,2,-150,-0.81,18330,18500,18300,12371,227126020,193643465610,10575831,KSQ
979,451250,KR7451250005,삐아,KOSDAQ,중견기업부,19970,2,-530,-2.59,21550,21550,19970,1066348,22282214890,193353274390,9682187,KSQ
980,004970,KR7004970000,신라교역,KOSPI,,12080,1,350,2.98,11730,12490,11550,183749,2235676490,193280000000,16000000,STK
981,016450,KR7016450009,한세예스24홀딩스,KOSPI,,4810,2,-60,-1.23,4900,4900,4800,8515,41126225,192400000000,40000000,STK
982,267850,KR7267850006,아시아나IDT,KOSPI,,17320,1,10,0.06,17280,17540,17280,11882,206769810,192252000000,11100000,STK
983,225530,KR7225530005,보광산업,KOSDAQ,우량기업부,5280,1,230,4.55,5150,5390,5040,171741,903467450,191868478560,36338727,KSQ
984,290670,KR7290670009,대보마그네틱,KOSDAQ,우량기업부,24400,1,500,2.09,24400,25050,24300,19659,483928850,191726904000,7857660,KSQ
985,044450,KR7044450005,KSS해운,KOSPI,,8260,1,100,1.23,8170,8400,8160,25621,212532590,190689368800,23085880,STK
986,033920,KR7033920000,무학,KOSPI,,6680,1,60,0.91,6700,6930,6550,276221,1861182920,190380000000,28500000,STK
987,060570,KR7060570009,드림어스컴퍼니,KOSDAQ,중견기업부,2510,2,-25,-0.99,2530,2575,2490,58004,146064880,189810148230,75621573,KSQ
988,065560,KR7065560005,녹원씨엔아이,KOSDAQ,관리종목(소속부없음),11540,0,0,0.0,0,0,0,0,0,189726555040,16440776,KSQ
989,094820,KR7094820008,일진파워,KOSDAQ,우량기업부,12580,2,-170,-1.33,12750,12760,12350,68271,861862720,189690159220,15078709,KSQ
990,060590,KR7060590007,씨티씨바이오,KOSDAQ,중견기업부,7840,2,-10,-0.13,7850,7920,7770,27502,215524750,189579196800,24181020,KSQ
991,079430,KR7079430005,현대리바트,KOSPI,,9230,1,480,5.49,8780,9300,8780,108432,985048770,189540652860,20535282,STK
992,030210,KR7030210009,다올투자증권,KOSPI,,3110,1,90,2.98,3040,3110,3010,120779,371130175,189433539660,60911106,STK
993,010955,KR7010951002,S-Oil우,KOSPI,,47100,1,100,0.21,47100,47100,46900,4899,230404400,189432761700,4021927,STK
994,067280,KR7067280008,멀티캠퍼스,KOSDAQ,우량기업부,31850,2,-100,-0.31,31950,32050,31450,1967,62651700,188767911150,5926779,KSQ
995,234080,KR7234080000,JW생명과학,KOSPI,,11910,1,10,0.08,11900,11970,11810,15135,179799540,188589538140,15834554,STK
996,067080,KR7067080002,대화제약,KOSDAQ,중견기업부,10110,2,-250,-2.41,10350,10350,10100,48192,491048480,188214331500,18616650,KSQ
997,136540,KR7136540002,윈스,KOSDAQ,우량기업부,13770,1,80,0.58,13650,13900,13610,13082,179687590,187880110740,13644162,KSQ
998,016790,KR7016790008,현대사료,KOSDAQ,관리종목(소속부없음),994,0,0,0.0,0,0,0,0,0,187340898626,188471729,KSQ
999,025950,KR7025950007,동신건설,KOSDAQ,우량기업부,22300,1,600,2.76,21700,22900,21450,49690,1098040500,187320000000,8400000,KSQ
1000,068290,KR7068290006,삼성출판사,KOSPI,,18680,1,140,0.76,19520,21450,18600,1059231,21540902540,186800000000,10000000,STK
1001,220260,KR7220260004,켐트로스,KOSDAQ,우량기업부,7010,2,-90,-1.27,7120,7310,7000,182235,1296339020,186173732070,26558307,KSQ
1002,194700,KR7194700001,노바렉스,KOSDAQ,우량기업부,9910,2,-220,-2.17,10030,10130,9810,75696,750406900,185860543680,18754848,KSQ
1003,388050,KR7388050007,지투파워,KOSDAQ,중견기업부,9930,2,-170,-1.68,10150,10150,9900,173924,1733170350,185784709410,18709437,KSQ
1004,101930,KR7101930006,인화정공,KOSDAQ,중견기업부,20450,1,3160,18.28,17500,21300,17210,519568,10412912480,185425732850,9067273,KSQ
1005,006910,KR7006910004,보성파워텍,KOSDAQ,중견기업부,3770,2,-60,-1.57,3835,3835,3750,530960,2005074740,185219436480,49129824,KSQ
1006,064090,KR7064090004,웨스트라이즈,KOSDAQ,중견기업부,5070,2,-90,-1.74,4980,5140,4685,366908,1827659475,185192219550,36527065,KSQ
1007,217330,KR7217330000,싸이토젠,KOSDAQ,기술성장기업부,8250,1,200,2.48,8200,8310,8000,32290,262859970,184990591500,22423102,KSQ
1008,011280,KR7011280005,태림포장,KOSPI,,2610,2,-5,-0.19,2590,2645,2590,29395,76443755,184803503400,70805940,STK
1009,248170,KR7248170003,샘표식품,KOSPI,,40450,1,2350,6.17,38700,45500,38300,2532428,107412237000,184787168700,4568286,STK
1010,138610,KR7138610001,나이벡,KOSDAQ,기술성장기업부,17970,2,-160,-0.88,18050,18400,17960,26155,473759390,184776399210,10282493,KSQ
1011,192440,KR7192440006,슈피겐코리아,KOSDAQ,우량기업부,29650,3,0,0.0,29650,29800,29450,2845,84208100,184315162950,6216363,KSQ
1012,136490,KR7136490000,선진,KOSPI,,7750,1,100,1.31,7510,7830,7510,51042,393517180,184291931000,23779604,STK
1013,462510,KR7462510009,라메디텍,KOSDAQ,기술성장기업부,21300,2,-1450,-6.37,23100,23200,20850,1187464,26255696700,184260655500,8650735,KSQ
1014,013990,KR7013990007,아가방컴퍼니,KOSDAQ,우량기업부,5590,1,50,0.9,6230,6380,5550,17119956,104353440510,183841326240,32887536,KSQ
1015,036560,KR7036560001,영풍정밀,KOSDAQ,우량기업부,11670,1,120,1.04,11550,11670,11500,11559,133732450,183802500000,15750000,KSQ
1016,004710,KR7004710000,한솔테크닉스,KOSPI,,5720,1,30,0.53,5690,5730,5640,30201,171646600,183668502160,32109878,STK
1017,228670,KR7228670006,레이,KOSDAQ,중견기업부,11890,2,-130,-1.08,11950,12280,11800,134466,1611321350,183490796070,15432363,KSQ
1018,048550,KR7048550008,SM C&C,KOSDAQ,중견기업부,1895,2,-16,-0.84,1907,1920,1893,159046,302618304,183259044900,96706620,KSQ
1019,004250,KR7004250007,NPC,KOSPI,,4985,1,25,0.5,4940,5000,4940,21559,106942655,183049200000,36720000,STK
1020,100250,KR7100250000,진양홀딩스,KOSPI,,3270,2,-10,-0.3,3245,3285,3245,14673,47954130,182777604840,55895292,STK
1021,019210,KR7019210004,와이지-원,KOSDAQ,우량기업부,5440,3,0,0.0,5440,5490,5390,46412,252750260,182641575360,33573819,KSQ
1022,051160,KR7051160000,지어소프트,KOSDAQ,우량기업부,11800,1,800,7.27,10970,12280,10910,1237152,14697648920,182598274000,15474430,KSQ
1023,027710,KR7027710003,팜스토리,KOSDAQ,우량기업부,1638,2,-9,-0.55,1647,1651,1633,351451,577133893,182500390800,111416600,KSQ
1024,230240,KR7230240004,에치에프알,KOSDAQ,우량기업부,13520,1,10,0.07,13460,13550,13230,27631,370069160,182371631520,13489026,KSQ
1025,035510,KR7035510007,신세계 I&C,KOSPI,,10580,1,100,0.95,10520,10650,10480,11416,120644050,181976000000,17200000,STK
1026,024810,KR7024810004,이화전기,KOSDAQ,관리종목(소속부없음),899,0,0,0.0,0,0,0,0,0,181597539712,201999488,KSQ
1027,217730,KR7217730001,강스템바이오텍,KOSDAQ,기술성장기업부,3235,1,155,5.03,3090,3570,3060,2608959,8802776505,181335172015,56054149,KSQ
1028,003555,KR7003551009,LG우,KOSPI,,59900,2,-200,-0.33,60300,60500,59900,5889,353746800,180995038000,3021620,STK
1029,110790,KR7110790003,크리스에프앤씨,KOSDAQ,우량기업부,7690,1,20,0.26,7670,7760,7660,4705,36200920,180184082400,23430960,KSQ
1030,038110,KR7038110003,에코플라스틱,KOSDAQ,우량기업부,4370,2,-75,-1.69,4445,4455,4365,198513,872816325,179910146900,41169370,KSQ
1031,156100,KR7156100000,엘앤케이바이오,KOSDAQ,벤처기업부,9020,1,90,1.01,9100,9190,8900,57865,520748130,179829421860,19936743,KSQ
1032,125210,KR7125210005,아모그린텍,KOSDAQ,우량기업부,10880,2,-110,-1.0,11010,11070,10840,62802,685910280,179485075200,16496790,KSQ
1033,016610,KR7016610008,DB금융투자,KOSPI,,4225,1,90,2.18,4140,4225,4130,58098,242309530,179335993525,42446389,STK
1034,066790,KR7066790007,씨씨에스,KOSDAQ,중견기업부,2745,1,15,0.55,2740,2935,2735,4339726,12282622690,178842347055,65152039,KSQ
1035,445180,KR7445180003,퓨릿,KOSDAQ,중견기업부,10620,1,100,0.95,10500,10680,10460,41676,441326490,178088776560,16769188,KSQ
1036,011000,KR7011000007,진원생명과학,KOSPI,,2225,2,-30,-1.33,2270,2270,2225,127215,284372645,178086852875,80039035,STK
1037,214390,KR7214390007,경보제약,KOSPI,,7440,0,0,0.0,0,0,0,0,0,177867038400,23906860,STK
1038,000520,KR7000520007,삼일제약,KOSPI,,8520,2,-220,-2.52,8790,8790,8470,92706,794702650,177824898840,20871467,STK
1039,025820,KR7025820002,이구산업,KOSPI,,5310,1,70,1.34,5300,5540,5280,1520739,8230529930,177577020000,33442000,STK
1040,063570,KR7063570006,한국전자금융,KOSDAQ,우량기업부,5200,1,20,0.39,5180,5270,5180,22024,115341090,177568185600,34147728,KSQ
1041,317400,KR7317400000,자이에스앤디,KOSPI,,4575,1,20,0.44,4555,4590,4495,30564,138990700,177430029000,38782520,STK
1042,472850,KR7472850007,폰드그룹,KOSDAQ,중견기업부,5480,1,90,1.67,5380,5570,5380,34753,189664390,177244752840,32343933,KSQ
1043,128820,KR7128820008,대성산업,KOSPI,,3915,1,30,0.77,3890,3925,3885,61410,239502220,177096896370,45235478,STK
1044,260870,KR7260870001,SK시그넷,KONEX,일반기업부,28850,1,750,2.67,28100,29000,27900,4712,134861650,176798858500,6128210,KNX
1045,370090,KR7370090003,퓨런티어,KOSDAQ,기술성장기업부,21500,2,-50,-0.23,21550,21850,21500,22208,479108900,175909345000,8181830,KSQ
1046,214180,KR7214180002,헥토이노베이션,KOSDAQ,우량기업부,13240,1,20,0.15,13300,13300,13100,5707,75108250,175525129400,13257185,KSQ
1047,070960,KR7070960000,모나용평,KOSPI,,3645,1,220,6.42,3430,3685,3430,184332,664525370,175445998785,48133333,STK
1048,064820,KR7064820004,케이프,KOSDAQ,우량기업부,5660,2,-170,-2.92,5830,5920,5650,79892,461772600,174903780480,30901728,KSQ
1049,093520,KR7093520005,매커스,KOSDAQ,우량기업부,10810,2,-190,-1.73,11010,11090,10770,61340,667250650,174723024520,16163092,KSQ
1050,084990,KR7084990001,헬릭스미스,KOSDAQ,기술성장기업부,3790,2,-20,-0.52,3810,3835,3770,30338,115121055,174691700630,46092797,KSQ
1051,272110,KR7272110008,케이엔제이,KOSDAQ,우량기업부,21900,2,-650,-2.88,22550,22550,21600,52684,1161482350,174661150500,7975395,KSQ
1052,134380,KR7134380005,미원화학,KOSPI,,79400,1,200,0.25,79200,79500,79200,53,4208000,174621879200,2199268,STK
1053,020120,KR7020120002,키다리스튜디오,KOSPI,,4705,1,105,2.28,4600,4750,4530,104257,487133665,174305034030,37046766,STK
1054,073010,KR7073010001,케이에스피,KOSDAQ,우량기업부,4335,2,-5,-0.12,4460,4545,4330,330385,1458613170,174229068750,40191250,KSQ
1055,239890,KR7239890007,피엔에이치테크,KOSDAQ,기술성장기업부,17470,1,850,5.11,16800,17780,16550,85021,1462564470,173577639850,9935755,KSQ
1056,067390,KR7067390005,아스트,KOSDAQ,투자주의환기종목(소속부없음),540,2,-16,-2.88,556,558,536,308199,166807636,173491227000,321280050,KSQ
1057,063080,KR7063080006,컴투스홀딩스,KOSDAQ,중견기업부,26300,1,500,1.94,25800,26500,25800,9230,242325150,173453549600,6595192,KSQ
1058,011330,KR7011330008,유니켐,KOSPI,,1787,1,1,0.06,1786,1806,1772,60382,107575005,172900970560,96754880,STK
1059,053690,KR7053690004,한미글로벌,KOSPI,,15770,1,50,0.32,15660,15830,15650,27532,433130530,172800563500,10957550,STK
1060,182400,KR7182400002,엔케이맥스,KOSDAQ,관리종목(소속부없음),2020,0,0,0.0,0,0,0,0,0,172748038620,85518831,KSQ
1061,418620,KR7418620001,이에이트,KOSDAQ,기술성장기업부,17890,1,720,4.19,17150,18000,16700,110877,1938788760,172647033530,9650477,KSQ
1062,175140,KR7175140003,휴먼테크놀로지,KOSDAQ,투자주의환기종목(소속부없음),7990,1,10,0.13,8100,8210,7790,180591,1449293460,171907183080,21515292,KSQ
1063,143160,KR7143160000,아이디스,KOSDAQ,우량기업부,15980,1,250,1.59,15730,16070,15730,17524,277563820,171247912200,10716390,KSQ
1064,123410,KR7123410003,코리아에프티,KOSDAQ,우량기업부,6150,2,-210,-3.3,6340,6430,6130,477984,2987500090,171222543600,27841064,KSQ
1065,363280,KR7363280009,티와이홀딩스,KOSPI,,3395,2,-15,-0.44,3450,3450,3375,19056,64574985,171207364860,50429268,STK
1066,080420,KR7080420003,모다이노칩,KOSDAQ,중견기업부,2145,1,45,2.14,2145,2150,2115,5165,10954450,171002879190,79721622,KSQ
1067,337930,KR7337930002,브랜드엑스코퍼레이션,KOSDAQ,우량기업부,5840,2,-90,-1.52,5950,6150,5790,501637,2997876010,170916879760,29266589,KSQ
1068,282690,KR7282690007,동아타이어,KOSPI,,12440,1,60,0.48,12390,12480,12360,9327,115686350,170838706600,13733015,STK
1069,424960,KR7424960003,스마트레이더시스템,KOSDAQ,기술성장기업부,10960,2,-60,-0.54,11020,11020,10810,55856,606898140,170639966400,15569340,KSQ
1070,015230,KR7015230006,대창단조,KOSPI,,5960,2,-100,-1.65,6060,6100,5800,66379,395797050,170290490800,28572230,STK
1071,038540,KR7038540001,상상인,KOSDAQ,우량기업부,3075,1,20,0.65,3045,3075,3030,24807,75791280,170134562475,55328313,KSQ
1072,451220,KR7451220008,아이엠티,KOSDAQ,기술성장기업부,21500,2,-1100,-4.87,22700,22750,21450,175310,3857683400,169304136500,7874611,KSQ
1073,015890,KR7015890007,태경산업,KOSPI,,5780,1,10,0.17,5780,5810,5740,35412,204486490,168942175000,29228750,STK
1074,023910,KR7023910003,대한약품,KOSDAQ,우량기업부,28150,3,0,0.0,28200,28350,28000,3349,94204950,168900000000,6000000,KSQ
1075,073490,KR7073490005,이노와이어리스,KOSDAQ,우량기업부,22150,2,-200,-0.89,22350,22500,22000,23289,516061950,168425188900,7603846,KSQ
1076,282720,KR7282720002,금양그린파워,KOSDAQ,중견기업부,13890,2,-40,-0.29,13930,14100,13670,85517,1188950980,168339855000,12119500,KSQ
1077,004140,KR7004140000,동방,KOSPI,,3505,1,520,17.42,3085,3765,2935,50305187,173549264660,168141039830,47971766,STK
1078,294570,KR7294570007,쿠콘,KOSDAQ,벤처기업부,16350,1,1100,7.21,15260,17770,15260,187271,3198153990,167664099750,10254685,KSQ
1079,014940,KR7014940001,오리엔탈정공,KOSDAQ,우량기업부,3675,1,45,1.24,3655,3765,3585,268091,978258325,167483204175,45573661,KSQ
1080,097800,KR7097800007,윈팩,KOSDAQ,중견기업부,1462,2,-37,-2.47,1486,1542,1440,7038665,10391789747,167343195460,114461830,KSQ
1081,119830,KR7119830008,아이텍,KOSDAQ,중견기업부,7800,1,290,3.86,8000,8450,7670,1343240,10625012840,167187516600,21434297,KSQ
1082,226340,KR7226340008,본느,KOSDAQ,중견기업부,3990,2,-255,-6.01,4235,4245,3945,2077603,8434920635,167154063510,41893249,KSQ
1083,183490,KR7183490002,엔지켐생명과학,KOSDAQ,기술성장기업부,1961,1,93,4.98,1884,1963,1861,552215,1055462158,166813567082,85065562,KSQ
1084,172670,KR7172670002,에이엘티,KOSDAQ,벤처기업부,18570,2,-910,-4.67,19580,19670,18520,73623,1392245320,166392009630,8960259,KSQ
1085,100130,KR7100130004,동국S&C,KOSDAQ,중견기업부,2910,1,15,0.52,2895,2925,2890,26901,78308305,166286130000,57143000,KSQ
1086,023900,KR7023900004,풍국주정,KOSDAQ,우량기업부,13160,2,-160,-1.2,13320,13320,13110,41616,549212780,165816000000,12600000,KSQ
1087,006890,KR7006890008,태경케미컬,KOSPI,,14270,2,-190,-1.31,14490,14490,14200,51444,736606900,165532000000,11600000,STK
1088,042520,KR7042520007,한스바이오메드,KOSDAQ,벤처기업부,12220,2,-60,-0.49,12210,12350,12130,16517,201558750,165292204740,13526367,KSQ
1089,084650,KR7084650001,랩지노믹스,KOSDAQ,우량기업부,2225,2,-20,-0.89,2270,2270,2220,228332,512593580,165183977750,74239990,KSQ
1090,042420,KR7042420000,네오위즈홀딩스,KOSDAQ,중견기업부,18630,1,630,3.5,17970,18740,17960,10201,187560220,165003413580,8856866,KSQ
1091,382800,KR7382800001,지앤비에스 에코,KOSDAQ,벤처기업부,5260,1,210,4.16,5070,5330,5010,210358,1087205520,164929014760,31355326,KSQ
1092,149980,KR7149980005,하이로닉,KOSDAQ,벤처기업부,8870,2,-250,-2.74,9120,9400,8810,250962,2248867040,164905389810,18591363,KSQ
1093,251370,KR7251370003,와이엠티,KOSDAQ,벤처기업부,10080,2,-10,-0.1,10090,10110,9960,14607,146460460,164449797120,16314464,KSQ
1094,140670,KR7140670001,알에스오토메이션,KOSDAQ,벤처기업부,17670,1,30,0.17,17740,17800,17540,55475,978640670,164386483800,9303140,KSQ
1095,109670,KR7109670000,씨싸이트,KOSDAQ,중견기업부,28700,2,-3000,-9.46,31050,32150,28650,284039,8634885650,163960832700,5712921,KSQ
1096,000320,KR7000320002,노루홀딩스,KOSPI,,12300,3,0,0.0,12250,12390,12180,12892,158138890,163481157300,13291151,STK
1097,365590,KR7365590009,하이딥,KOSDAQ,기술성장기업부,1131,2,-16,-1.39,1150,1158,1130,395408,452267171,163289073909,144375839,KSQ
1098,044340,KR7044340008,위닉스,KOSDAQ,우량기업부,9130,2,-20,-0.22,9110,9210,8970,32341,292750370,163184370250,17873425,KSQ
1099,090710,KR7090710005,휴림로봇,KOSDAQ,중견기업부,2305,1,30,1.32,2275,2315,2235,460382,1053175415,163180847670,70794294,KSQ
1100,033530,KR7033530007,에스제이지세종,KOSPI,,5860,2,-60,-1.01,5950,5950,5850,48986,288451700,163030831460,27820961,STK
1101,205100,KR7205100001,엑셈,KOSDAQ,우량기업부,2265,2,-25,-1.09,2300,2305,2255,211494,479914110,162997171215,71963431,KSQ
1102,008040,KR7008040008,사조동아원,KOSPI,,1154,1,17,1.5,1137,1194,1129,3403333,3952371697,162880868400,141144600,STK
1103,008970,KR7008970006,동양철관,KOSPI,,1149,1,1,0.09,1187,1187,1115,17907476,20586570849,162416312457,141354493,STK
1104,010820,KR7010820009,퍼스텍,KOSPI,,3330,3,0,0.0,3340,3345,3315,139306,464308875,162410553540,48771938,STK
1105,079960,KR7079960001,동양이엔피,KOSDAQ,우량기업부,20650,1,400,1.98,20300,20800,20250,41566,853965450,162309000000,7860000,KSQ
1106,234340,KR7234340008,헥토파이낸셜,KOSDAQ,우량기업부,17150,1,440,2.63,16860,17390,16700,61884,1065572840,162118950000,9453000,KSQ
1107,007540,KR7007540008,샘표,KOSPI,,56300,1,1200,2.18,55300,60700,54800,287201,16629746400,161907540000,2875800,STK
1108,950220,KR8840140006,네오이뮨텍,KOSDAQ,외국기업(소속부없음),1634,2,-28,-1.68,1658,1658,1600,289839,470996032,161549437810,98867465,KSQ
1109,289220,KR7289220006,자이언트스텝,KOSDAQ,기술성장기업부,7290,2,-120,-1.62,7340,7480,7250,32714,238980450,161267521050,22121745,KSQ
1110,264450,KR7264450008,유비쿼스,KOSDAQ,우량기업부,15700,1,100,0.64,15700,15850,15590,15864,249598870,160857584200,10245706,KSQ
1111,043610,KR7043610005,지니뮤직,KOSDAQ,우량기업부,2765,1,40,1.47,2705,2810,2695,113424,311721970,160689186070,58115438,KSQ
1112,104480,KR7104480009,티케이케미칼,KOSDAQ,우량기업부,1767,1,24,1.38,1744,1773,1744,275770,484884570,160612231878,90895434,KSQ
1113,139990,KR7139990006,아주스틸,KOSPI,,6050,1,20,0.33,6030,6100,6030,13410,81266550,160035743450,26452189,STK
1114,002620,KR7002620003,제일파마홀딩스,KOSPI,,10010,1,30,0.3,9960,10180,9950,7536,75396190,159893283550,15973355,STK
1115,203650,KR7203650007,드림시큐리티,KOSDAQ,우량기업부,3155,1,15,0.48,3170,3225,3140,104536,330021390,159661153870,50605754,KSQ
1116,009810,KR7009810003,플레이그램,KOSPI,,1259,1,79,6.69,1182,1315,1182,4027143,5189201131,159578485433,126750187,STK
1117,056090,KR7056090004,이노시스,KOSDAQ,중견기업부,1700,2,-80,-4.49,1749,1749,1691,1156820,1976064190,159485501700,93815001,KSQ
1118,277880,KR7277880001,티에스아이,KOSDAQ,기술성장기업부,7900,1,10,0.13,7860,7980,7860,18607,146868390,159270572800,20160832,KSQ
1119,131400,KR7131400004,이브이첨단소재,KOSDAQ,벤처기업부,2670,2,-25,-0.93,2695,2790,2655,655648,1784277890,159104984940,59589882,KSQ
1120,019550,KR7019550003,SBI인베스트먼트,KOSDAQ,중견기업부,981,1,2,0.2,980,997,967,910328,893116353,158987310075,162066575,KSQ
1121,000860,KR7000860007,강남제비스코,KOSPI,,24450,3,0,0.0,24400,24850,24300,1484,36188000,158925000000,6500000,STK
1122,00279K,KR700279K010,아모레G3우(전환),KOSPI,,22400,2,-500,-2.18,22850,23000,22250,14792,332103700,158865280000,7092200,STK
1123,085670,KR7085670008,뉴프렉스,KOSDAQ,우량기업부,6470,2,-20,-0.31,6570,6800,6450,432679,2862999610,158196423670,24450761,KSQ
1124,461030,KR7461030009,아이엠비디엑스,KOSDAQ,기술성장기업부,11270,1,20,0.18,11290,11640,11170,119338,1355565980,157980042500,14017750,KSQ
1125,008110,KR7008110009,대동전자,KOSPI,,15040,0,0,0.0,0,0,0,0,0,157776322880,10490447,STK
1126,068790,KR7068790005,DMS,KOSDAQ,우량기업부,6420,2,-40,-0.62,6550,6550,6390,52344,336697190,157759051620,24573061,KSQ
1127,372910,KR7372910000,한컴라이프케어,KOSPI,,5660,1,70,1.25,5590,5700,5580,97652,552123330,156637137960,27674406,STK
1128,092130,KR7092130004,이크레더블,KOSDAQ,중견기업부,12990,2,-50,-0.38,13090,13090,12850,3033,39335760,156446364000,12043600,KSQ
1129,419050,KR7419050000,삼기이브이,KOSDAQ,중견기업부,2735,2,-5,-0.18,2760,2780,2720,147969,407091135,156431716400,57196240,KSQ
1130,393210,KR7393210000,토마토시스템,KOSDAQ,기술성장기업부,10010,2,-70,-0.69,9990,10340,9800,286028,2862315700,156301585440,15614544,KSQ
1131,067000,KR7067000000,조이시티,KOSDAQ,우량기업부,2235,1,15,0.68,2235,2245,2215,84201,187866040,156234201810,69903446,KSQ
1132,036190,KR7036190007,금화피에스시,KOSDAQ,우량기업부,26000,1,100,0.39,26000,26000,25800,2736,70780550,156000000000,6000000,KSQ
1133,418420,KR7418420006,라온텍,KOSDAQ,기술성장기업부,5180,2,-130,-2.45,5280,5340,5180,91788,478555040,155961682940,30108433,KSQ
1134,014580,KR7014580005,태경비케이,KOSPI,,5650,2,-20,-0.35,5680,5700,5630,45507,257708130,155844515000,27583100,STK
1135,040910,KR7040910002,아이씨디,KOSDAQ,중견기업부,8390,1,70,0.84,8300,8420,8300,22726,189833580,155838167250,18574275,KSQ
1136,052260,KR7052260007,현대바이오랜드,KOSDAQ,중견기업부,5190,1,10,0.19,5180,5240,5130,85780,444010580,155700000000,30000000,KSQ
1137,096630,KR7096630009,에스코넥,KOSDAQ,중견기업부,1969,2,-51,-2.52,2015,2015,1964,1042998,2066669192,155653791645,79052205,KSQ
1138,262260,KR7262260003,에이프로,KOSDAQ,우량기업부,10720,2,-110,-1.02,10870,10870,10690,28507,306530100,155098589440,14468152,KSQ
1139,168360,KR7168360006,펨트론,KOSDAQ,벤처기업부,7280,2,-100,-1.36,7410,7420,7150,106289,776852820,154978707520,21288284,KSQ
1140,000970,KR7000970004,한국주철관,KOSPI,,6790,1,20,0.3,6790,7220,6740,614265,4277549770,154815395000,22800500,STK
1141,206560,KR7206560005,덱스터,KOSDAQ,기술성장기업부,6080,2,-10,-0.16,6060,6160,6040,41378,252445330,154503354880,25411736,KSQ
1142,456010,KR7456010008,아이씨티케이,KOSDAQ,기술성장기업부,11690,1,480,4.28,11350,12320,11260,828440,9798849240,154454078240,13212496,KSQ
1143,388870,KR7388870008,파로스아이바이오,KOSDAQ,기술성장기업부,11940,2,-80,-0.67,12020,12330,11900,90289,1092476540,154252406280,12918962,KSQ
1144,121440,KR7121440002,골프존뉴딘홀딩스,KOSDAQ,우량기업부,3600,1,10,0.28,3600,3605,3570,34149,122511540,154212544800,42836818,KSQ
1145,432470,KR7432470003,케이엔에스,KOSDAQ,벤처기업부,35450,2,-550,-1.53,36600,37100,35400,57921,2094671050,153756505100,4337278,KSQ
1146,164060,KR7164060006,이루다,KOSDAQ,벤처기업부,7450,2,-20,-0.27,7520,7740,7440,263458,1998120600,153562476850,20612413,KSQ
1147,234690,KR7234690006,녹십자웰빙,KOSDAQ,우량기업부,8650,1,90,1.05,8500,8740,8400,41342,353611830,153557187400,17752276,KSQ
1148,02826K,KR702826K016,삼성물산우B,KOSPI,,104600,2,-500,-0.48,106200,106200,104200,1880,196627900,153509914000,1467590,STK
1149,900250,KYG2115T1076,크리스탈신소재,KOSDAQ,외국기업(소속부없음),1175,1,1,0.09,1174,1179,1170,282254,331123647,153502004700,130640004,KSQ
1150,031440,KR7031440001,신세계푸드,KOSPI,,39600,1,200,0.51,39550,39950,39250,4096,162075550,153350208000,3872480,STK
1151,011700,KR7011700002,한신기계,KOSPI,,4725,2,-25,-0.53,4810,4810,4715,154160,730067410,153308063475,32446151,STK
1152,147830,KR7147830004,제룡산업,KOSDAQ,벤처기업부,7660,1,270,3.65,7170,8150,7040,9472655,73732809240,153200000000,20000000,KSQ
1153,049720,KR7049720006,고려신용정보,KOSDAQ,우량기업부,10700,1,70,0.66,10650,10720,10550,35977,383191930,153010000000,14300000,KSQ
1154,109740,KR7109740001,디에스케이,KOSDAQ,벤처기업부,5940,2,-50,-0.83,5930,6000,5890,4517,26780770,152719716600,25710390,KSQ
1155,103840,KR7103840005,우양,KOSDAQ,중견기업부,9330,2,-520,-5.28,9950,10230,9240,1377349,13351322040,152698773240,16366428,KSQ
1156,321550,KR7321550006,티움바이오,KOSDAQ,기술성장기업부,5850,2,-130,-2.17,5980,6040,5740,90238,530489580,152249134050,26025493,KSQ
1157,082800,KR7082800004,비보존 제약,KOSDAQ,중견기업부,3150,1,50,1.61,3105,3205,3075,48736,152537870,151866902250,48211715,KSQ
1158,338840,KR7338840002,와이바이오로직스,KOSDAQ,기술성장기업부,10280,2,-170,-1.63,10450,10900,10130,619720,6496256840,151830624480,14769516,KSQ
1159,078940,KR7078940004,퀀타피아,KOSDAQ,관리종목(소속부없음),2855,0,0,0.0,0,0,0,0,0,151584163690,53094278,KSQ
1160,067990,KR7067990002,도이치모터스,KOSDAQ,우량기업부,4860,1,10,0.21,4890,4890,4850,19699,95709915,151542333000,31181550,KSQ
1161,094280,KR7094280005,효성ITX,KOSPI,,13110,2,-110,-0.83,13220,13300,13070,8906,117077640,151528002000,11558200,STK
1162,124560,KR7124560004,태웅로직스,KOSDAQ,우량기업부,3930,2,-95,-2.36,3965,4065,3915,989921,3940715870,150977175120,38416584,KSQ
1163,033790,KR7033790007,스카이문스테크놀로지,KOSDAQ,중견기업부,8810,1,760,9.44,8010,9270,7920,2141419,18662030260,150801651000,17117100,KSQ
1164,091440,KR7091440008,한울소재과학,KOSDAQ,벤처기업부,10320,2,-90,-0.86,10410,10670,10270,25918,268749100,150740844720,14606671,KSQ
1165,023600,KR7023600000,삼보판지,KOSDAQ,우량기업부,9310,2,-90,-0.96,9470,9470,9300,6040,56345650,150542700000,16170000,KSQ
1166,003830,KR7003830007,대한화섬,KOSPI,,113100,2,-900,-0.79,111200,114200,110600,84,9417300,150196800000,1328000,STK
1167,105550,KR7105550008,엣지파운드리,KOSDAQ,중견기업부,2630,2,-55,-2.05,2700,2755,2610,207416,548091155,149951004330,57015591,KSQ
1168,210540,KR7210540001,디와이파워,KOSPI,,13580,1,30,0.22,13640,13640,13410,18545,250485110,149946394640,11041708,STK
1169,002170,KR7002170009,삼양통상,KOSPI,,49900,2,-50,-0.1,49950,49950,49750,870,43360000,149700000000,3000000,STK
1170,030960,KR7030960009,양지사,KOSDAQ,중견기업부,9350,1,110,1.19,9340,9400,9240,8894,82823670,149413000000,15980000,KSQ
1171,356680,KR7356680009,엑스게이트,KOSDAQ,벤처기업부,5230,2,-60,-1.13,5270,5360,5220,348659,1836118450,149282463160,28543492,KSQ
1172,357230,KR7357230002,에이치피오,KOSDAQ,중견기업부,3545,1,40,1.14,3565,3660,3535,72173,259511025,149207231415,42089487,KSQ
1173,033290,KR7033290008,코웰패션,KOSDAQ,우량기업부,2655,3,0,0.0,2665,2670,2640,85998,228355220,149094979155,56156301,KSQ
1174,353810,KR7353810005,이지바이오,KOSDAQ,우량기업부,4360,2,-75,-1.69,4440,4460,4325,109873,480640995,149075899200,34191720,KSQ
1175,376190,KR7376190005,LB루셈,KOSDAQ,중견기업부,6050,2,-10,-0.17,6060,6100,6010,14321,86638770,148830000000,24600000,KSQ
1176,400760,KR7400760005,NH올원리츠,KOSPI,,3525,2,-140,-3.82,3665,3675,3450,129857,467747565,148755000000,42200000,STK
1177,106190,KR7106190002,하이텍팜,KOSDAQ,우량기업부,13960,1,340,2.5,13620,14300,13500,66653,930091050,148439095080,10633173,KSQ
1178,014280,KR7014280002,금강공업,KOSPI,,5060,2,-10,-0.2,5040,5110,5040,23882,120990570,148406546420,29329357,STK
1179,010100,KR7010100006,한국무브넥스,KOSPI,,4865,2,-135,-2.7,5000,5030,4825,163252,798061635,148141293300,30450420,STK
1180,065660,KR7065660003,안트로젠,KOSDAQ,기술성장기업부,15200,1,190,1.27,15200,15280,15000,7310,110375950,147916869600,9731373,KSQ
1181,065510,KR7065510000,휴비츠,KOSDAQ,우량기업부,12150,2,-180,-1.46,12350,12500,12110,29150,358113190,147736357650,12159371,KSQ
1182,055490,KR7055490007,테이팩스,KOSPI,,30950,1,400,1.31,30300,31650,30100,46781,1447094900,147620667500,4769650,STK
1183,317870,KR7317870004,엔바이오니아,KOSDAQ,기술성장기업부,17340,1,260,1.52,17200,17680,16960,12017,207548610,147507045000,8506750,KSQ
1184,032860,KR7032860009,더라미,KOSDAQ,투자주의환기종목(소속부없음),3640,0,0,0.0,0,0,0,0,0,147040941320,40395863,KSQ
1185,072770,KR7072770001,율호,KOSDAQ,중견기업부,2125,2,-45,-2.07,2150,2175,2115,131630,280650325,146885941500,69122796,KSQ
1186,162300,KR7162300008,신스틸,KOSDAQ,중견기업부,3535,2,-5,-0.14,3535,3560,3485,239298,840071805,146601335370,41471382,KSQ
1187,084730,KR7084730001,팅크웨어,KOSDAQ,우량기업부,13190,1,160,1.23,13000,13510,13000,41852,556722790,146533302560,11109424,KSQ
1188,255440,KR7255440000,야스,KOSDAQ,벤처기업부,11210,2,-190,-1.67,11700,11700,11200,19182,215760190,146380180000,13058000,KSQ
1189,305090,KR7305090003,마이크로디지탈,KOSDAQ,기술성장기업부,9350,2,-130,-1.37,9290,9500,9160,90948,849607110,146202808400,15636664,KSQ
1190,065450,KR7065450009,빅텍,KOSDAQ,벤처기업부,5100,1,10,0.2,5090,5200,5060,976795,5006979880,146129280000,28652800,KSQ
1191,000700,KR7000700005,유수홀딩스,KOSPI,,5610,3,0,0.0,5620,5710,5580,27590,154945360,146094565320,26041812,STK
1192,016710,KR7016710006,대성홀딩스,KOSPI,,9080,1,100,1.11,8980,9120,8940,28706,258866230,146092287720,16089459,STK
1193,411080,KR7411080005,샌즈랩,KOSDAQ,기술성장기업부,9550,2,-140,-1.44,9700,9750,9510,60005,575644500,145624492900,15248638,KSQ
1194,001020,KR7001020007,페이퍼코리아,KOSPI,,817,1,2,0.25,834,834,815,5173,4236568,145412366721,177983313,STK
1195,293780,KR7293780003,압타바이오,KOSDAQ,기술성장기업부,6520,2,-70,-1.06,6630,6840,6480,113268,752674300,145388606320,22298866,KSQ
1196,010580,KR7010580009,에스엠벡셀,KOSPI,,1306,2,-78,-5.64,1380,1395,1304,376522,502747936,145294798560,111251760,STK
1197,024900,KR7024900003,덕양산업,KOSPI,,4460,2,-60,-1.33,4500,4560,4440,166514,745477600,145239810800,32564980,STK
1198,037460,KR7037460003,삼지전자,KOSDAQ,우량기업부,8900,2,-10,-0.11,8970,8970,8830,12883,114274140,145234845800,16318522,KSQ
1199,017370,KR7017370008,우신시스템,KOSPI,,7930,2,-110,-1.37,7990,8040,7880,79831,634892220,145230448220,18314054,STK
1200,366030,KR7366030005,공구우먼,KOSDAQ,중견기업부,6410,2,-160,-2.44,6600,6780,6410,376069,2481957150,145211178500,22653850,KSQ
1201,261200,KR7261200000,덴티스,KOSDAQ,벤처기업부,9180,1,80,0.88,9100,9220,9000,43939,400418240,145133046000,15809700,KSQ
1202,418470,KR7418470001,밀리의서재,KOSDAQ,벤처기업부,17060,2,-470,-2.68,17640,17740,17000,129022,2223959480,144997870340,8499289,KSQ
1203,009300,KR7009300005,삼아제약,KOSDAQ,우량기업부,22750,1,1850,8.85,21300,23050,20900,143225,3177387350,144917500000,6370000,KSQ
1204,058850,KR7058850009,KTcs,KOSPI,,3395,1,5,0.15,3395,3410,3370,179126,607720310,144915575000,42685000,STK
1205,001750,KR7001750009,한양증권,KOSPI,,11380,2,-40,-0.35,11400,11420,11350,3248,36941590,144850716920,12728534,STK
1206,259630,KR7259630002,엠플러스,KOSDAQ,중견기업부,11780,2,-120,-1.01,12050,12050,11750,73373,868557440,144686695560,12282402,KSQ
1207,067900,KR7067900001,와이엔텍,KOSDAQ,우량기업부,7940,1,70,0.89,7860,8120,7820,203960,1631538780,144505292460,18199659,KSQ
1208,126730,KR7126730001,코칩,KOSDAQ,벤처기업부,16970,2,-150,-0.88,17120,17250,16910,36481,620375240,144303716200,8503460,KSQ
1209,099440,KR7099440000,스맥,KOSDAQ,우량기업부,3585,2,-25,-0.69,3630,3645,3580,174020,626109750,144272567490,40243394,KSQ
1210,040300,KR7040300006,YTN,KOSDAQ,우량기업부,3435,2,-5,-0.15,3420,3495,3420,32526,111732895,144270000000,42000000,KSQ
1211,002990,KR7002990000,금호건설,KOSPI,,3900,1,10,0.26,4000,4100,3860,201356,794672095,144119020500,36953595,STK
1212,420570,KR7420570004,제이투케이바이오,KOSDAQ,벤처기업부,25750,2,-3750,-12.71,29650,29850,25500,292631,7873656700,143533461250,5574115,KSQ
1213,065680,KR7065680001,우주일렉트로,KOSDAQ,우량기업부,15050,1,60,0.4,14920,15050,14790,25845,385394700,143426500000,9530000,KSQ
1214,092190,KR7092190008,서울바이오시스,KOSDAQ,중견기업부,3125,3,0,0.0,3150,3150,3050,4815,14952555,143338696875,45868383,KSQ
1215,013570,KR7013570007,디와이,KOSPI,,5440,2,-10,-0.18,5450,5460,5410,61265,332534010,143178803520,26319633,STK
1216,090850,KR7090850009,현대이지웰,KOSDAQ,우량기업부,6020,2,-70,-1.15,6060,6070,5970,28946,173646790,142953093220,23746361,KSQ
1217,001360,KR7001360007,삼성제약,KOSPI,,1517,1,2,0.13,1517,1524,1515,81681,124031777,142843873843,94162079,STK
1218,066980,KR7066980004,한성크린텍,KOSDAQ,우량기업부,2750,3,0,0.0,2765,2790,2700,152302,416485750,142821593750,51935125,KSQ
1219,014470,KR7014470009,부방,KOSDAQ,중견기업부,2375,1,70,3.04,2285,2405,2285,581992,1375395310,142624117500,60052260,KSQ
1220,311320,KR7311320006,지오엘리먼트,KOSDAQ,기술성장기업부,11300,2,-290,-2.5,11630,11780,11210,41441,471478210,142544528000,12614560,KSQ
1221,123690,KR7123690000,한국화장품,KOSPI,,8870,2,-260,-2.85,9190,9250,8850,184304,1655751320,142523160000,16068000,STK
1222,073570,KR7073570004,리튬포어스,KOSDAQ,중견기업부,3960,1,250,6.74,3710,4295,3690,5017700,20518763840,142444835280,35970918,KSQ
1223,006580,KR7006580005,대양제지,KOSDAQ,관리종목(소속부없음),5300,2,-20,-0.38,5310,5310,5300,84115,445936880,142305000000,26850000,KSQ
1224,368770,KR7368770004,파이버프로,KOSDAQ,벤처기업부,4330,2,-120,-2.7,4460,4650,4310,805255,3616447000,142258794250,32854225,KSQ
1225,063170,KR7063170005,서울옥션,KOSDAQ,우량기업부,8000,1,140,1.78,7850,8040,7850,29542,234747300,142194136000,17774267,KSQ
1226,014530,KR7014530000,극동유화,KOSPI,,4070,1,35,0.87,4040,4080,4015,335931,1363736660,141918539400,34869420,STK
1227,013310,KR7013310008,아진산업,KOSDAQ,우량기업부,3655,2,-15,-0.41,3670,3675,3620,76262,277739725,141838057210,38806582,KSQ
1228,086960,KR7086960002,MDS테크,KOSDAQ,중견기업부,1616,1,9,0.56,1610,1639,1600,749125,1214537472,141677609408,87671788,KSQ
1229,003547,KR7003542008,대신증권2우B,KOSPI,,14160,2,-20,-0.14,14180,14190,14150,9301,131713660,141600000000,10000000,STK
1230,009070,KR7009070004,KCTC,KOSPI,,4720,1,230,5.12,4565,5280,4500,2442374,12193792755,141600000000,30000000,STK
1231,950190,KR8344390008,고스트스튜디오,KOSDAQ,외국기업(소속부없음),10420,1,10,0.1,10350,10480,10350,3064,31858380,141502474640,13579892,KSQ
1232,012610,KR7012610002,경인양행,KOSPI,,3395,1,5,0.15,3400,3430,3370,19477,65943910,141287559175,41616365,STK
1233,060560,KR7060560000,홈센타홀딩스,KOSDAQ,우량기업부,1104,1,22,2.03,1078,1120,1078,307555,339715327,140947155600,127669525,KSQ
1234,300080,KR7300080009,플리토,KOSDAQ,기술성장기업부,25600,2,-150,-0.58,25750,26000,25400,20073,515571050,140846515200,5501817,KSQ
1235,012860,KR7012860003,모베이스전자,KOSDAQ,우량기업부,1920,2,-14,-0.72,1915,1934,1910,170650,327053856,140608237440,73233457,KSQ
1236,082850,KR7082850009,우리바이오,KOSDAQ,우량기업부,2900,1,40,1.4,2860,2930,2850,222447,644909150,140466076200,48436578,KSQ
1237,200350,KR7200350007,래몽래인,KOSDAQ,기술성장기업부,14270,2,-510,-3.45,14530,15160,14250,252763,3699498950,140247743310,9828153,KSQ
1238,111380,KR7111380002,동인기연,KOSPI,,22850,1,150,0.66,22650,23050,22500,9856,223740050,140024800000,6128000,STK
1239,273640,KR7273640003,와이엠텍,KOSDAQ,벤처기업부,12720,2,-180,-1.4,12930,12930,12700,9950,127084630,139487520000,10966000,KSQ
1240,215360,KR7215360009,우리산업,KOSDAQ,벤처기업부,15260,2,-400,-2.55,15660,15700,15250,32573,502359970,139356807380,9132163,KSQ
1241,004080,KR7004080008,신흥,KOSPI,,14660,2,-110,-0.74,14680,14700,14650,75,1099520,139270000000,9500000,STK
1242,195990,KR7195990007,에이비프로바이오,KOSDAQ,중견기업부,489,2,-1,-0.2,493,494,485,342359,167389279,139213273569,284689721,KSQ
1243,089850,KR7089850002,유비벨록스,KOSDAQ,우량기업부,9400,2,-270,-2.79,9640,9650,9290,43497,411553870,138463870600,14730199,KSQ
1244,039560,KR7039560008,다산네트웍스,KOSDAQ,우량기업부,3495,1,10,0.29,3530,3530,3480,41756,145730505,138073403595,39505981,KSQ
1245,038390,KR7038390001,레드캡투어,KOSDAQ,우량기업부,16070,2,-20,-0.12,16090,16190,15900,2083,33356810,138032943600,8589480,KSQ
1246,003720,KR7003720000,삼영,KOSPI,,4055,2,-105,-2.52,4070,4130,4025,543959,2213048000,137870000000,34000000,STK
1247,004830,KR7004830006,덕성,KOSPI,,8770,1,20,0.23,8830,9070,8740,717257,6392298010,137513600000,15680000,STK
1248,015590,KR7015590003,KIB플러그에너지,KOSPI,,580,2,-20,-3.33,610,612,567,6018768,3496919379,137449295520,236981544,STK
1249,260930,KR7260930003,씨티케이,KOSDAQ,중견기업부,7100,2,-360,-4.83,7550,7550,7060,164530,1187702780,137325296100,19341591,KSQ
1250,443250,KR7443250006,레뷰코퍼레이션,KOSDAQ,벤처기업부,12280,2,-720,-5.54,12900,13080,12130,583389,7378912130,137282860080,11179386,KSQ
1251,054620,KR7054620000,APS,KOSDAQ,중견기업부,6900,1,210,3.14,6690,6900,6670,47385,323089600,137270124900,19894221,KSQ
1252,389500,KR7389500000,에스비비테크,KOSDAQ,기술성장기업부,22200,1,50,0.23,21950,22250,21900,13799,305157350,137082868800,6174904,KSQ
1253,407400,KR7407400001,꿈비,KOSDAQ,벤처기업부,11180,1,350,3.23,12500,13200,11070,12957657,161130616980,137060919320,12259474,KSQ
1254,289860,KR7289860009,지슨,KONEX,일반기업부,7900,2,-140,-1.74,7850,8090,7850,16413,128968210,136903674100,17329579,KNX
1255,228850,KR7228850004,레이언스,KOSDAQ,우량기업부,8210,1,10,0.12,8210,8270,8200,6955,57136410,136212224940,16591014,KSQ
1256,072870,KR7072870009,메가스터디,KOSDAQ,우량기업부,11400,2,-30,-0.26,11330,11450,11330,3134,35724620,135898932600,11920959,KSQ
1257,260970,KR7260970009,에스앤디,KOSDAQ,벤처기업부,46950,2,-1750,-3.59,48700,49450,46850,230577,11079846100,135814800300,2892754,KSQ
1258,007210,KR7007210008,벽산,KOSPI,,2010,1,5,0.25,2010,2020,2000,99778,200386185,135795600000,67560000,STK
1259,003650,KR7003650009,미창석유,KOSPI,,78000,2,-700,-0.89,78400,78400,77700,526,41002600,135694416000,1739672,STK
1260,001045,KR7001041003,CJ우,KOSPI,,60000,2,-300,-0.5,61000,61000,59900,1091,65522100,135613380000,2260223,STK
1261,012700,KR7012700001,리드코프,KOSDAQ,우량기업부,5120,1,10,0.2,5160,5160,5090,20622,105401530,135404211200,26446135,KSQ
1262,060310,KR7060310000,3S,KOSDAQ,중견기업부,2650,2,-60,-2.21,2705,2735,2645,522253,1399627425,135374301300,51084642,KSQ
1263,042510,KR7042510008,라온시큐어,KOSDAQ,벤처기업부,2415,1,25,1.05,2400,2435,2385,89163,214153450,135302478465,56025871,KSQ
1264,089470,KR7089470009,HDC현대EP,KOSPI,,4240,1,20,0.47,4225,4265,4225,8201,34805870,135256000000,31900000,STK
1265,314130,KR7314130006,지놈앤컴퍼니,KOSDAQ,기술성장기업부,8880,1,590,7.12,8350,9090,8220,419649,3709978400,135181829520,15223179,KSQ
1266,008700,KR7008700007,아남전자,KOSPI,,1752,2,-14,-0.79,1770,1770,1744,246079,431293657,135122684640,77124820,STK
1267,045660,KR7045660008,에이텍,KOSDAQ,우량기업부,16340,1,720,4.61,15500,16500,15500,74148,1194466760,134968400000,8260000,KSQ
1268,011560,KR7011560000,세보엠이씨,KOSDAQ,우량기업부,12800,2,-140,-1.08,12940,12940,12590,30209,384806630,134784000000,10530000,KSQ
1269,159010,KR7159010008,아스플로,KOSDAQ,벤처기업부,10080,2,-10,-0.1,10130,10150,10030,13024,131263620,134414169120,13334739,KSQ
1270,264660,KR7264660002,씨앤지하이테크,KOSDAQ,우량기업부,13940,2,-100,-0.71,14060,14090,13930,16076,224859210,134212870240,9627896,KSQ
1271,274090,KR7274090000,켄코아에어로스페이스,KOSDAQ,기술성장기업부,10390,2,-230,-2.17,10620,10620,10360,53235,555434620,134168418140,12913226,KSQ
1272,021080,KR7021080007,에이티넘인베스트,KOSDAQ,우량기업부,2795,2,-15,-0.53,2760,2825,2760,122801,341889980,134160000000,48000000,KSQ
1273,006660,KR7006660005,삼성공조,KOSPI,,16500,1,760,4.83,15870,18270,15420,8711365,147844207710,134084181000,8126314,STK
1274,170920,KR7170920003,엘티씨,KOSDAQ,벤처기업부,13670,2,-250,-1.8,13930,13990,13600,55215,756220810,134042825400,9805620,KSQ
1275,246710,KR7246710008,티앤알바이오팹,KOSDAQ,기술성장기업부,6220,2,-80,-1.27,6350,6370,6150,33490,207906290,134021270160,21546828,KSQ
1276,108380,KR7108380007,대양전기공업,KOSDAQ,우량기업부,13990,2,-40,-0.29,14150,14340,13910,65483,917433820,133846988670,9567333,KSQ
1277,012800,KR7012800009,대창,KOSPI,,1463,1,6,0.41,1457,1482,1457,520946,764104522,133338550037,91140499,STK
1278,384470,KR7384470001,코어라인소프트,KOSDAQ,기술성장기업부,10380,2,-150,-1.42,10510,10620,10310,69289,721013420,133061884320,12819064,KSQ
1279,215090,KR7215090002,휴센텍,KOSDAQ,관리종목(소속부없음),1505,0,0,0.0,0,0,0,0,0,132980225770,88358954,KSQ
1280,077500,KR7077500007,유니퀘스트,KOSPI,,6100,2,-10,-0.16,6110,6150,6070,36204,221229460,132943491500,21794015,STK
1281,199430,KR7199430000,케이엔알시스템,KOSDAQ,기술성장기업부,12210,1,90,0.74,12120,12450,12110,97712,1194795010,132694775730,10867713,KSQ
1282,348150,KR7348150004,고바이오랩,KOSDAQ,기술성장기업부,6860,1,50,0.73,6810,6950,6750,32515,222669630,132634697440,19334504,KSQ
1283,026150,KR7026150003,특수건설,KOSDAQ,중견기업부,7540,1,290,4.0,7380,7730,7250,137499,1034601300,132299335740,17546331,KSQ
1284,007330,KR7007330004,푸른저축은행,KOSDAQ,우량기업부,8770,2,-20,-0.23,8830,8830,8770,6813,59890140,132276156000,15082800,KSQ
1285,269620,KR7269620001,시스웍,KOSDAQ,관리종목(소속부없음),889,0,0,0.0,0,0,0,0,0,132090012299,148582691,KSQ
1286,047820,KR7047820006,초록뱀미디어,KOSDAQ,관리종목(소속부없음),5400,0,0,0.0,0,0,0,0,0,132051222000,24453930,KSQ
1287,310200,KR7310200001,애니플러스,KOSDAQ,우량기업부,2900,2,-40,-1.36,2940,2945,2890,99817,290186290,132010839100,45520979,KSQ
1288,009270,KR7009270000,신원,KOSPI,,1280,1,3,0.23,1276,1284,1276,112926,144391723,131310535680,102586356,STK
1289,142210,KR7142210004,유니트론텍,KOSDAQ,우량기업부,6820,2,-40,-0.58,6820,6880,6710,254965,1727445450,131258347440,19246092,KSQ
1290,000440,KR7000440008,중앙에너비스,KOSDAQ,중견기업부,20950,3,0,0.0,21250,21300,20850,21484,451911100,130458373500,6227130,KSQ
1291,011690,KR7011690005,와이투솔루션,KOSPI,,3565,2,-110,-2.99,3675,3780,3545,102292,369845950,130387714610,36574394,STK
1292,095190,KR7095190005,이엠코리아,KOSDAQ,중견기업부,3060,1,205,7.18,2900,3065,2870,242035,716548705,130297973220,42581037,KSQ
1293,039340,KR7039340005,한국경제TV,KOSDAQ,우량기업부,5660,1,10,0.18,5650,5670,5610,11744,66238150,130180000000,23000000,KSQ
1294,284620,KR7284620002,카이노스메드,KOSDAQ,기술성장기업부,4660,2,-15,-0.32,4665,4740,4510,65420,301947050,130118365360,27922396,KSQ
1295,439580,KR7439580002,블루엠텍,KOSDAQ,기술성장기업부,11950,1,30,0.25,11890,12010,11780,49543,590368860,130070838550,10884589,KSQ
1296,008260,KR7008260002,NI스틸,KOSPI,,4545,2,-25,-0.55,4600,4670,4480,50057,229030725,129987531765,28600117,STK
1297,261780,KR7261780001,차백신연구소,KOSDAQ,기술성장기업부,4845,2,-35,-0.72,4880,4905,4810,72320,350867270,129927144060,26816748,KSQ
1298,267320,KR7267320000,나인테크,KOSDAQ,벤처기업부,2975,1,5,0.17,2970,3000,2970,74478,221747695,129900709400,43664104,KSQ
1299,000180,KR7000180000,성창기업지주,KOSPI,,1862,2,-14,-0.75,1875,1875,1860,33680,62840984,129877479200,69751600,STK
1300,027050,KR7027050004,코리아나,KOSDAQ,중견기업부,3245,2,-85,-2.55,3335,3390,3240,405496,1337933865,129800000000,40000000,KSQ
1301,036010,KR7036010007,아비코전자,KOSDAQ,우량기업부,9760,2,-120,-1.21,9880,9990,9720,100290,981272960,129739035840,13292934,KSQ
1302,017900,KR7017900002,광전자,KOSPI,,2235,1,85,3.95,2145,2260,2145,223836,494017710,129504310305,57943763,STK
1303,417500,KR7417500006,제이아이테크,KOSDAQ,벤처기업부,3950,2,-70,-1.74,4050,4060,3945,89993,358952190,129499738800,32784744,KSQ
1304,012690,KR7012690004,모나리자,KOSPI,,3540,1,160,4.73,3500,3845,3500,6558700,23944567225,129462242700,36571255,STK
1305,027830,KR7027830009,대성창투,KOSDAQ,중견기업부,2395,3,0,0.0,2410,2430,2365,557985,1335572800,129330000000,54000000,KSQ
1306,173130,KR7173130006,오파스넷,KOSDAQ,우량기업부,9910,1,60,0.61,9950,10250,9770,306836,3071895810,129290547430,13046473,KSQ
1307,300120,KR7300120003,라온피플,KOSDAQ,벤처기업부,6190,1,20,0.32,6190,6230,6120,15029,92656820,129123474280,20860012,KSQ
1308,043650,KR7043650001,국순당,KOSDAQ,우량기업부,7230,1,20,0.28,7290,7450,7170,664830,4846165830,129115537920,17858304,KSQ
1309,251630,KR7251630000,브이원텍,KOSDAQ,우량기업부,8090,1,40,0.5,8050,8160,8050,18460,149547510,128977947740,15942886,KSQ
1310,002780,KR7002780005,진흥기업,KOSPI,,886,1,4,0.45,883,889,876,219883,194328951,128887966070,145471745,STK
1311,054050,KR7054050000,농우바이오,KOSDAQ,우량기업부,8020,1,10,0.12,8000,8040,7940,7871,62830740,128565099220,16030561,KSQ
1312,049520,KR7049520000,유아이엘,KOSDAQ,중견기업부,5900,2,-80,-1.34,5980,6050,5880,69776,413981980,128531122400,21784936,KSQ
1313,452400,KR7452400005,이닉스,KOSDAQ,벤처기업부,14150,1,10,0.07,14150,14370,14130,15793,224664540,128360706200,9071428,KSQ
1314,040350,KR7040350001,크레오에스지,KOSDAQ,중견기업부,875,1,41,4.92,839,894,834,451761,396182963,128279753875,146605433,KSQ
1315,264900,KR7264900002,크라운제과,KOSPI,,10240,2,-240,-2.29,10480,10640,10230,151112,1576573600,128244224000,12523850,STK
1316,017550,KR7017550005,수산중공업,KOSPI,,2055,2,-5,-0.24,2060,2075,2050,63974,131725250,128230212150,62399130,STK
1317,191420,KR7191420009,테고사이언스,KOSDAQ,벤처기업부,15810,2,-90,-0.57,16100,16290,15710,2159,34498690,128200665540,8108834,KSQ
1318,122830,KR7122830003,원포유,KONEX,일반기업부,3900,1,15,0.39,4000,4000,3700,24261,91710630,127732741500,32751985,KNX
1319,140070,KR7140070004,서플러스글로벌,KOSDAQ,우량기업부,3450,1,15,0.44,3435,3480,3425,48829,168263435,127608600000,36988000,KSQ
1320,009780,KR7009780008,엠에스씨,KOSDAQ,우량기업부,7230,1,290,4.18,6800,7830,6680,2919027,21681257450,127248000000,17600000,KSQ
1321,419080,KR7419080007,엔젯,KOSDAQ,기술성장기업부,12090,2,-170,-1.39,12220,12580,11980,58724,710584610,127160407530,10517817,KSQ
1322,014160,KR7014160006,대영포장,KOSPI,,1173,2,-11,-0.93,1184,1195,1170,156976,185266651,127146805977,108394549,STK
1323,002210,KR7002210003,동성제약,KOSPI,,4870,2,-75,-1.52,4935,4940,4835,43021,209220310,127111723900,26100970,STK
1324,071200,KR7071200000,인피니트헬스케어,KOSDAQ,우량기업부,5210,2,-30,-0.57,5220,5250,5190,13490,70273940,127105546180,24396458,KSQ
1325,046210,KR7046210001,HLB파나진,KOSDAQ,벤처기업부,3085,1,10,0.33,3045,3175,3045,77370,238973175,126529815795,41014527,KSQ
1326,186230,KR7186230009,그린플러스,KOSDAQ,벤처기업부,11680,1,620,5.61,11180,11800,11150,194580,2239998620,126379795840,10820188,KSQ
1327,332570,KR7332570001,와이팜,KOSDAQ,벤처기업부,3110,2,-55,-1.74,3165,3190,3080,86739,269963015,126308619440,40613704,KSQ
1328,083500,KR7083500009,에프엔에스테크,KOSDAQ,벤처기업부,14710,2,-640,-4.17,15350,15630,14670,211769,3232245150,126148870620,8575722,KSQ
1329,333620,KR7333620003,엔시스,KOSDAQ,벤처기업부,11940,2,-210,-1.73,12010,12540,11690,79159,949636780,126042747360,10556344,KSQ
1330,005710,KR7005710009,대원산업,KOSDAQ,우량기업부,6290,1,20,0.32,6340,6340,6250,6269,39348500,126036504000,20037600,KSQ
1331,100700,KR7100700004,세운메디칼,KOSDAQ,우량기업부,2875,2,-20,-0.69,2910,2910,2875,65716,190216825,125925000000,43800000,KSQ
1332,024090,KR7024090003,디씨엠,KOSPI,,11040,3,0,0.0,11130,11130,11000,1285,14196790,125856000000,11400000,STK
1333,086820,KR7086820008,바이오솔루션,KOSDAQ,기술성장기업부,15400,2,-280,-1.79,15680,15800,15400,7019,109485470,125408760400,8143426,KSQ
1334,052420,KR7052420007,오성첨단소재,KOSDAQ,중견기업부,1486,2,-3,-0.2,1489,1507,1486,236662,353847024,125348611496,84353036,KSQ
1335,033180,KR7033180001,KH 필룩스,KOSPI,,6630,0,0,0.0,0,0,0,0,0,125330728770,18903579,STK
1336,003460,KR7003460003,유화증권,KOSPI,,2210,3,0,0.0,2200,2215,2200,6217,13717725,125312337150,56702415,STK
1337,090470,KR7090470006,제이스텍,KOSDAQ,우량기업부,7160,2,-50,-0.69,7190,7270,7120,481241,3232144063,125132413040,17476594,KSQ
1338,006490,KR7006490007,인스코비,KOSPI,,1073,2,-17,-1.56,1089,1090,1068,136648,146556272,124864162330,116369210,STK
1339,002700,KR7002700003,신일전자,KOSPI,,1751,2,-4,-0.23,1760,1766,1743,440163,770509363,124404209271,71047521,STK
1340,383930,KR7383930005,디티앤씨알오,KOSDAQ,중견기업부,9740,1,270,2.85,9460,10100,9340,787450,7749493440,124384786880,12770512,KSQ
1341,119850,KR7119850006,지엔씨에너지,KOSDAQ,우량기업부,7560,1,170,2.3,7390,7840,7390,313828,2400176780,124353752040,16448909,KSQ
1342,251120,KR7251120002,바이오에프디엔씨,KOSDAQ,기술성장기업부,14280,1,280,2.0,14100,14380,14100,24781,353016500,124174596000,8695700,KSQ
1343,214330,KR7214330003,금호에이치티,KOSPI,,580,1,5,0.87,576,584,575,282588,163512370,124070195980,213914131,STK
1344,053700,KR7053700001,삼보모터스,KOSDAQ,우량기업부,5420,1,40,0.74,5400,5420,5370,61795,333170800,123994369800,22877190,KSQ
1345,018000,KR7018000000,유니슨,KOSDAQ,중견기업부,736,3,0,0.0,739,745,732,232576,171156344,123936113824,168391459,KSQ
1346,159580,KR7159580000,제로투세븐,KOSDAQ,중견기업부,6180,2,-240,-3.74,7010,7090,6170,4741624,32084188810,123801690480,20032636,KSQ
1347,448900,KR7448900001,한국피아이엠,KONEX,일반기업부,31200,0,0,0.0,0,0,0,0,0,123760166400,3966672,KNX
1348,066700,KR7066700006,테라젠이텍스,KOSDAQ,우량기업부,3810,3,0,0.0,3940,4030,3795,587420,2303112210,123727597350,32474435,KSQ
1349,061040,KR7061040002,알에프텍,KOSDAQ,우량기업부,3850,2,-15,-0.39,3845,3890,3835,19176,73916885,123543647150,32089259,KSQ
1350,357580,KR7357580000,아모센스,KOSDAQ,기술성장기업부,11000,1,180,1.66,10810,11040,10810,21874,239077960,123422904000,11220264,KSQ
1351,396690,KR7396690000,미래에셋글로벌리츠,KOSPI,,3115,1,5,0.16,3140,3140,3100,27830,86734045,123372503100,39605940,STK
1352,036710,KR7036710002,심텍홀딩스,KOSDAQ,중견기업부,2550,1,10,0.39,2540,2575,2535,71805,182783625,123292869750,48350145,KSQ
1353,033170,KR7033170002,시그네틱스,KOSDAQ,우량기업부,1438,2,-37,-2.51,1481,1481,1438,517883,751964281,123277322722,85728319,KSQ
1354,263600,KR7263600009,덕우전자,KOSDAQ,우량기업부,7730,1,10,0.13,7700,7850,7700,36819,284804640,123141296300,15930310,KSQ
1355,074430,KR7074430000,아미노로직스,KOSDAQ,중견기업부,1402,1,3,0.21,1400,1405,1395,53630,74958157,123133235288,87826844,KSQ
1356,041930,KR7041930009,동아화성,KOSDAQ,우량기업부,7790,3,0,0.0,7730,8020,7730,119961,937960980,123082000000,15800000,KSQ
1357,013580,KR7013580006,계룡건설,KOSPI,,13740,1,60,0.44,13600,13800,13600,8436,115537150,122710662180,8930907,STK
1358,120030,KR7120030002,조선선재,KOSPI,,97300,1,900,0.93,96400,97300,96400,866,83851000,122369442300,1257651,STK
1359,099750,KR7099750002,이지케어텍,KOSDAQ,벤처기업부,17900,1,540,3.11,17320,17950,17260,36310,641460290,122342490400,6834776,KSQ
1360,350520,KR7350520003,이지스레지던스리츠,KOSPI,,4290,2,-30,-0.69,4290,4315,4265,35449,151674325,121658466930,28358617,STK
1361,041440,KR7041440009,현대에버다임,KOSDAQ,중견기업부,6790,1,10,0.15,6840,6840,6710,30161,203893370,121649259760,17915944,KSQ
1362,151910,KR7151910007,퓨처코어,KOSDAQ,관리종목(소속부없음),640,0,0,0.0,0,0,0,0,0,121645902080,190071722,KSQ
1363,137950,KR7137950002,제이씨케미칼,KOSDAQ,우량기업부,5460,1,130,2.44,5380,5480,5310,66822,362713210,121582264440,22267814,KSQ
1364,452190,KR7452190002,한빛레이저,KOSDAQ,벤처기업부,5460,2,-10,-0.18,5410,5590,5410,141703,780320680,121468341540,22246949,KSQ
1365,049960,KR7049960008,쎌바이오텍,KOSDAQ,우량기업부,12920,1,30,0.23,12890,13000,12790,12692,163832460,121448000000,9400000,KSQ
1366,140430,KR7140430000,카티스,KOSDAQ,벤처기업부,6770,1,230,3.52,6420,6920,6420,2439872,16528844200,121338351190,17922947,KSQ
1367,048910,KR7048910004,대원미디어,KOSDAQ,우량기업부,9640,1,70,0.73,9600,9780,9450,53378,515884650,121261039440,12578946,KSQ
1368,391710,KR7391710001,코닉오토메이션,KOSDAQ,중견기업부,2920,3,0,0.0,2960,2960,2900,104105,303378735,121189408240,41503222,KSQ
1369,079980,KR7079980009,휴비스,KOSPI,,3510,2,-10,-0.28,3485,3545,3475,34301,120236295,121095000000,34500000,STK
1370,078140,KR7078140001,대봉엘에스,KOSDAQ,우량기업부,10920,2,-440,-3.87,11230,11350,10900,98935,1097496630,121065442680,11086579,KSQ
1371,178780,KR7178780003,일월지엠엘,KOSDAQ,관리종목(소속부없음),8650,0,0,0.0,0,0,0,0,0,120790286750,13964195,KSQ
1372,036630,KR7036630002,세종텔레콤,KOSDAQ,우량기업부,603,2,-1,-0.17,604,609,597,86331,52052688,120600000000,200000000,KSQ
1373,016740,KR7016740003,두올,KOSPI,,3760,2,-20,-0.53,3760,3780,3715,51940,194450010,120570716800,32066680,STK
1374,063160,KR7063160006,종근당바이오,KOSPI,,21950,2,-50,-0.23,21950,22100,21900,2671,58663600,120416865900,5485962,STK
1375,080580,KR7080580004,오킨스전자,KOSDAQ,우량기업부,6800,2,-80,-1.16,6820,6910,6760,66488,453045170,120219226400,17679298,KSQ
1376,002720,KR7002720001,국제약품,KOSPI,,5670,2,-100,-1.73,5820,6070,5610,4366705,25709396110,119976247440,21159832,STK
1377,105330,KR7105330005,케이엔더블유,KOSDAQ,우량기업부,7470,2,-150,-1.97,7620,7620,7440,13039,97929720,119968409160,16060028,KSQ
1378,446540,KR7446540007,메가터치,KOSDAQ,중견기업부,5770,2,-40,-0.69,5880,5890,5700,112598,650081540,119848670000,20771000,KSQ
1379,187870,KR7187870001,디바이스이엔지,KOSDAQ,우량기업부,17010,2,-90,-0.53,17110,17240,16920,6812,115965610,119692719090,7036609,KSQ
1380,092460,KR7092460005,한라IMS,KOSDAQ,우량기업부,6980,2,-40,-0.57,7130,7130,6940,37748,264680650,119425566400,17109680,KSQ
1381,035610,KR7035610005,솔본,KOSDAQ,우량기업부,4360,1,95,2.23,4280,4370,4240,84646,365912175,119228546920,27345997,KSQ
1382,096775,KR7096771001,SK이노베이션우,KOSPI,,95500,1,20400,27.16,82400,97600,82100,494313,46812651300,119224683000,1248426,STK
1383,041920,KR7041920000,메디아나,KOSDAQ,우량기업부,6410,2,-90,-1.38,6500,6520,6320,54886,351096680,119214609430,18598223,KSQ
1384,311690,KR7311690002,CJ 바이오사이언스,KOSDAQ,기술성장기업부,13060,1,90,0.69,12950,13270,12700,8287,108113700,119009276120,9112502,KSQ
1385,250060,KR7250060001,모비스,KOSDAQ,기술성장기업부,3695,1,100,2.78,3640,3775,3635,700051,2595515605,118873005230,32171314,KSQ
1386,408900,KR7408900009,스튜디오미르,KOSDAQ,벤처기업부,3630,2,-55,-1.49,3680,3725,3620,107105,394063215,118723266420,32706134,KSQ
1387,361390,KR7361390008,제노코,KOSDAQ,우량기업부,15810,2,-240,-1.5,16050,16160,15790,24241,385163580,118587474090,7500789,KSQ
1388,120240,KR7120240007,대정화금,KOSDAQ,우량기업부,16480,2,-40,-0.24,16450,16580,16450,7449,122766730,118497643680,7190391,KSQ
1389,012170,KR7012170007,아센디오,KOSPI,,1144,2,-56,-4.67,1177,1198,1131,1819369,2115870225,118483494272,103569488,STK
1390,373200,KR7373200005,엑스플러스,KOSDAQ,벤처기업부,1564,2,-20,-1.26,1563,1581,1531,576694,896537667,118403647548,75705657,KSQ
1391,066590,KR7066590001,우수AMS,KOSDAQ,중견기업부,3030,2,-35,-1.14,3040,3095,3010,186429,567522940,118391505120,39073104,KSQ
1392,066620,KR7066620006,국보디자인,KOSDAQ,우량기업부,15760,1,90,0.57,15670,15990,15670,1835,28830140,118200000000,7500000,KSQ
1393,019440,KR7019440007,세아특수강,KOSPI,,13770,2,-50,-0.36,13850,13850,13740,5258,72454910,118008900000,8570000,STK
1394,131030,KR7131030009,옵투스제약,KOSDAQ,우량기업부,7280,2,-270,-3.58,7450,7520,7170,1160480,8534884040,117595019360,16153162,KSQ
1395,023450,KR7023450000,동남합성,KOSPI,,33500,3,0,0.0,33200,33550,33150,39,1303750,117250000000,3500000,STK
1396,267290,KR7267290005,경동도시가스,KOSPI,,19880,1,260,1.33,19720,19910,19610,24790,489493060,117200671280,5895406,STK
1397,355150,KR7355150004,코스텍시스,KOSDAQ,벤처기업부,15180,1,230,1.54,15200,15900,14720,267861,4086297890,116988768600,7706770,KSQ
1398,340930,KR7340930007,유일에너테크,KOSDAQ,벤처기업부,3420,3,0,0.0,3465,3465,3370,50177,171302590,116979219000,34204450,KSQ
1399,306620,KR7306620006,네온테크,KOSDAQ,벤처기업부,2745,2,-5,-0.18,2750,2790,2715,67146,183551595,116959369005,42608149,KSQ
1400,053050,KR7053050001,지에스이,KOSDAQ,우량기업부,3890,1,70,1.83,3900,3925,3830,370060,1433184510,116651752330,29987597,KSQ
1401,448710,KR7448710004,코츠테크놀로지,KOSDAQ,벤처기업부,22600,1,450,2.03,21850,23200,21700,134794,3029954950,116430499200,5151792,KSQ
1402,226330,KR7226330009,신테카바이오,KOSDAQ,기술성장기업부,7630,2,-130,-1.68,7760,7890,7530,82503,634130480,116422164250,15258475,KSQ
1403,052330,KR7052330008,코텍,KOSDAQ,우량기업부,7470,1,10,0.13,7410,7480,7400,3900,29004530,116341903440,15574552,KSQ
1404,012600,KR7012600003,청호ICT,KOSPI,,2490,0,0,0.0,0,0,0,0,0,116119947330,46634517,STK
1405,003100,KR7003100005,선광,KOSDAQ,우량기업부,17580,1,210,1.21,17360,17660,17360,22810,399858740,116028000000,6600000,KSQ
1406,138080,KR7138080007,오이솔루션,KOSDAQ,벤처기업부,10910,1,420,4.0,10490,11210,10490,48360,524051190,115908876450,10624095,KSQ
1407,351330,KR7351330006,이삭엔지니어링,KOSDAQ,벤처기업부,13980,2,-580,-3.98,14690,14690,13890,224547,3182973660,115873509600,8288520,KSQ
1408,340360,KR7340360007,다보링크,KOSDAQ,중견기업부,2670,1,170,6.8,2515,2785,2515,2352001,6338404040,115846526040,43388212,KSQ
1409,054780,KR7054780002,키이스트,KOSDAQ,중견기업부,5910,2,-50,-0.84,5920,5980,5840,41578,244721450,115527456630,19547793,KSQ
1410,086670,KR7086670007,비엠티,KOSDAQ,우량기업부,12660,1,480,3.94,12380,13370,12180,475677,6082713270,115524702840,9125174,KSQ
1411,347890,KR7347890006,엠투아이,KOSDAQ,벤처기업부,6820,1,80,1.19,6770,6820,6660,8738,58868300,115348051280,16913204,KSQ
1412,382480,KR7382480002,지아이텍,KOSDAQ,벤처기업부,2930,1,180,6.55,2900,3090,2855,2879817,8593624410,115316420200,39357140,KSQ
1413,170030,KR7170030001,현대공업,KOSDAQ,우량기업부,7510,3,0,0.0,7500,7580,7460,53640,402760010,115203400000,15340000,KSQ
1414,257370,KR7257370007,피엔티엠에스,KOSDAQ,관리종목(소속부없음),9210,0,0,0.0,0,0,0,0,0,115169769810,12504861,KSQ
1415,105740,KR7105740005,디케이락,KOSDAQ,우량기업부,11330,1,920,8.84,11410,12950,11050,9318344,110342472750,115073292290,10156513,KSQ
1416,058630,KR7058630005,엠게임,KOSDAQ,우량기업부,5880,1,10,0.17,5910,5940,5820,65740,386402080,114917996760,19543877,KSQ
1417,004310,KR7004310009,현대약품,KOSPI,,3580,1,15,0.42,3580,3600,3565,11528,41191460,114560000000,32000000,STK
1418,004150,KR7004150009,한솔홀딩스,KOSPI,,2725,1,10,0.37,2715,2730,2710,14544,39543425,114473372325,42008577,STK
1419,217950,KR7217950005,파마리서치바이오,KONEX,일반기업부,28150,1,150,0.54,28000,28150,27500,266,7342750,114412606650,4064391,KNX
1420,005990,KR7005990007,매일홀딩스,KOSDAQ,우량기업부,8320,1,10,0.12,8300,8390,8190,3955,32562530,114136289280,13718304,KSQ
1421,208370,KR7208370007,셀바스헬스케어,KOSDAQ,벤처기업부,4430,1,50,1.14,4400,4550,4400,68697,306634060,114030698520,25740564,KSQ
1422,115180,KR7115180002,큐리언트,KOSDAQ,벤처기업부,3820,1,110,2.96,3720,3845,3660,46949,176740905,113887909980,29813589,KSQ
1423,065650,KR7065650004,하이퍼코퍼레이션,KOSDAQ,중견기업부,1355,2,-17,-1.24,1400,1400,1320,135637,183925135,113772673915,83965073,KSQ
1424,218150,KR7218150001,미래생명자원,KOSDAQ,벤처기업부,5560,1,180,3.35,5360,5690,5360,749569,4161120010,113511859120,20415802,KSQ
1425,256940,KR7256940008,케이피에스,KOSDAQ,벤처기업부,6050,1,20,0.33,6040,6090,5970,25762,155081430,113429380900,18748658,KSQ
1426,417790,KR7417790003,트루엔,KOSDAQ,벤처기업부,10310,2,-60,-0.58,10290,10350,10270,19265,198175550,113406391500,10999650,KSQ
1427,023800,KR7023800006,인지컨트롤스,KOSPI,,7150,3,0,0.0,7180,7180,7130,14464,103389050,113035758550,15809197,STK
1428,010040,KR7010040004,한국내화,KOSPI,,2745,2,-10,-0.36,2755,2770,2740,32460,89085935,112729085190,41067062,STK
1429,005740,KR7005740006,크라운해태홀딩스,KOSPI,,7590,1,60,0.8,7450,7880,7450,297863,2278790490,112691363730,14847347,STK
1430,054670,KR7054670005,대한뉴팜,KOSDAQ,우량기업부,7820,2,-50,-0.64,7870,7870,7800,13000,101599930,112255474400,14354920,KSQ
1431,053280,KR7053280004,예스24,KOSDAQ,우량기업부,4490,1,20,0.45,4470,4600,4470,16685,75319630,112250000000,25000000,KSQ
1432,004540,KR7004540001,깨끗한나라,KOSPI,,3010,1,605,25.16,2780,3125,2685,17487514,52604844090,112094485930,37240693,STK
1433,053580,KR7053580007,웹케시,KOSDAQ,우량기업부,8210,1,140,1.73,8140,8220,8060,11689,94882550,111953596080,13636248,KSQ
1434,232530,KR7232530006,이엠티,KONEX,일반기업부,4365,1,150,3.56,4400,4400,4360,2717,11856470,111806436960,25614304,KNX
1435,388790,KR7388790008,라이콤,KOSDAQ,벤처기업부,3735,2,-160,-4.11,3860,4055,3690,3569974,13868125185,111728528550,29913930,KSQ
1436,039860,KR7039860002,나노엔텍,KOSDAQ,중견기업부,3475,3,0,0.0,3450,3505,3445,114374,396892575,111582534950,32110082,KSQ
1437,034590,KR7034590000,인천도시가스,KOSPI,,25500,3,0,0.0,25600,25600,25450,1810,46150800,111556227000,4374754,STK
1438,023000,KR7023000003,삼원강재,KOSPI,,2785,3,0,0.0,2780,2810,2765,5149,14323365,111400000000,40000000,STK
1439,289080,KR7289080004,SV인베스트먼트,KOSDAQ,중견기업부,2090,2,-10,-0.48,2100,2115,2070,497543,1039379100,111259060000,53234000,KSQ
1440,180060,KR7180060006,탑선,KONEX,일반기업부,11900,2,-90,-0.75,11900,11900,11900,1,11900,111237225400,9347666,KNX
1441,403490,KR7403490006,우듬지팜,KOSDAQ,벤처기업부,2460,1,15,0.61,2445,2545,2435,833972,2075015170,111222661440,45212464,KSQ
1442,005960,KR7005960000,동부건설,KOSPI,,4845,1,45,0.94,4840,4855,4785,19576,94228980,111175041525,22946345,STK
1443,047400,KR7047400007,유니온머티리얼,KOSPI,,2645,1,5,0.19,2620,2665,2620,86299,227992285,111090000000,42000000,STK
1444,067570,KR7067570002,엔브이에이치코리아,KOSDAQ,우량기업부,2630,2,-35,-1.31,2695,2720,2625,282125,748981730,110907100000,42170000,KSQ
1445,003480,KR7003480001,한진중공업홀딩스,KOSPI,,3750,1,25,0.67,3725,3770,3700,15467,58048520,110736795000,29529812,STK
1446,042500,KR7042500009,링네트,KOSDAQ,우량기업부,5780,2,-30,-0.52,5810,5880,5740,66067,382144330,110225374520,19070134,KSQ
1447,036580,KR7036580009,팜스코,KOSPI,,3000,2,-90,-2.91,3090,3140,3000,39820,120693840,110183829000,36727943,STK
1448,061250,KR7061250007,화일약품,KOSDAQ,중견기업부,1433,2,-8,-0.56,1441,1441,1419,168199,239631381,110165675316,76877652,KSQ
1449,302430,KR7302430004,이노메트리,KOSDAQ,우량기업부,11190,1,30,0.27,11270,11370,11120,11346,127434960,110033597520,9833208,KSQ
1450,032560,KR7032560005,황금에스티,KOSPI,,6450,3,0,0.0,6450,6510,6410,22029,142005010,109650000000,17000000,STK
1451,288620,KR7288620008,에스퓨얼셀,KOSDAQ,벤처기업부,15700,1,330,2.15,15370,15800,15240,62002,963452680,109575261200,6979316,KSQ
1452,024880,KR7024880007,케이피에프,KOSDAQ,우량기업부,5280,1,40,0.76,5270,5300,5220,36899,194319800,109205173440,20682798,KSQ
1453,006880,KR7006880009,신송홀딩스,KOSPI,,9230,3,0,0.0,9170,9650,9100,701183,6592724090,109180359340,11828858,STK
1454,206400,KR7206400004,베노티앤알,KOSDAQ,중견기업부,3475,2,-140,-3.87,3685,3685,3435,124467,433712315,109161912500,31413500,KSQ
1455,004840,KR7004840005,DRB동일,KOSPI,,5470,1,20,0.37,5450,5490,5400,9086,49504200,109017100000,19930000,STK
1456,163560,KR7163560006,동일고무벨트,KOSPI,,7840,1,90,1.16,7710,7850,7670,42069,327513770,108976000000,13900000,STK
1457,059210,KR7059210005,메타바이오메드,KOSDAQ,우량기업부,4565,1,5,0.11,4595,4600,4525,78069,356352475,108931632315,23862351,KSQ
1458,294630,KR7294630009,서남,KOSDAQ,기술성장기업부,4615,1,5,0.11,4615,4780,4610,332649,1562570215,108629988285,23538459,KSQ
1459,023440,KR7023440001,제이스코홀딩스,KOSDAQ,중견기업부,1854,1,20,1.09,1843,1887,1834,176208,327125447,108557115534,58552921,KSQ
1460,037950,KR7037950003,엘컴텍,KOSDAQ,중견기업부,1285,1,24,1.9,1263,1288,1261,323480,412933222,108515061915,84447519,KSQ
1461,101170,KR7101170009,우림피티에스,KOSDAQ,우량기업부,8000,1,180,2.3,7890,8330,7800,2403419,19427011050,108000000000,13500000,KSQ
1462,069510,KR7069510006,에스텍,KOSDAQ,중견기업부,9890,2,-110,-1.1,9980,10000,9850,3298,32693940,107899900000,10910000,KSQ
1463,059270,KR7059270009,해성에어로보틱스,KOSDAQ,기술성장기업부,9830,2,-1980,-16.77,11810,11810,9480,1657616,16681281420,107788063450,10965215,KSQ
1464,104620,KR7104620000,노랑풍선,KOSDAQ,중견기업부,6800,2,-20,-0.29,7000,7000,6750,71816,487397460,107726456800,15842126,KSQ
1465,376930,KR7376930004,노을,KOSDAQ,기술성장기업부,2915,1,135,4.86,2870,3045,2805,1200592,3547968025,107700679900,36947060,KSQ
1466,408920,KR7408920007,메쎄이상,KOSDAQ,벤처기업부,2490,1,5,0.2,2485,2495,2445,43617,107758185,107648812950,43232455,KSQ
1467,002600,KR7002600005,조흥,KOSPI,,178900,1,2200,1.25,177600,180700,177600,15,2685200,107340000000,600000,STK
1468,058400,KR7058400003,KNN,KOSDAQ,우량기업부,810,3,0,0.0,806,820,804,240895,195164587,107268073200,132429720,KSQ
1469,241790,KR7241790005,티이엠씨씨엔에스,KOSDAQ,우량기업부,10690,2,-40,-0.37,10740,10800,10640,27426,293335800,106928157460,10002634,KSQ
1470,160600,KR7160600003,이큐셀,KOSDAQ,관리종목(소속부없음),3100,0,0,0.0,0,0,0,0,0,106895911200,34482552,KSQ
1471,004100,KR7004100004,태양금속,KOSPI,,2910,1,190,6.99,2710,2950,2710,1636733,4687256810,106797000000,36700000,STK
1472,111710,KR7111710000,남화산업,KOSDAQ,중견기업부,5180,2,-40,-0.77,5220,5240,5170,2063,10716090,106645840000,20588000,KSQ
1473,033310,KR7033310004,엠투엔,KOSDAQ,중견기업부,2640,1,20,0.76,2615,2650,2595,21882,57353970,106503489840,40342231,KSQ
1474,038460,KR7038460002,바이오스마트,KOSDAQ,우량기업부,4505,2,-145,-3.12,4650,4650,4500,218078,994463130,106415280970,23621594,KSQ
1475,003610,KR7003610003,방림,KOSPI,,2510,1,5,0.2,2500,2545,2490,16691,42130175,106208365900,42314090,STK
1476,014710,KR7014710008,사조씨푸드,KOSPI,,6150,2,-230,-3.61,6310,6390,6140,778409,4866501880,105894039450,17218543,STK
1477,309960,KR7309960003,LB인베스트먼트,KOSDAQ,중견기업부,4560,2,-25,-0.55,4600,4720,4550,125533,578427755,105870609840,23217239,KSQ
1478,234300,KR7234300002,에스트래픽,KOSDAQ,우량기업부,3845,2,-10,-0.26,3885,3885,3845,43677,168338170,105861470490,27532242,KSQ
1479,002200,KR7002200004,한국수출포장,KOSPI,,2635,1,45,1.74,2595,2655,2595,36521,96083420,105400000000,40000000,STK
1480,217190,KR7217190008,제너셈,KOSDAQ,우량기업부,12010,2,-190,-1.56,12150,12200,11980,23292,279908380,105317779740,8769174,KSQ
1481,078000,KR7078000007,텔코웨어,KOSPI,,10840,1,130,1.21,10710,11000,10710,21666,236839730,105177333040,9702706,STK
1482,033230,KR7033230004,인성정보,KOSDAQ,중견기업부,2680,2,-110,-3.94,2765,2795,2665,1506745,4115963185,105097218400,39215380,KSQ
1483,019590,KR7019590009,엠벤처투자,KOSDAQ,관리종목(소속부없음),921,0,0,0.0,0,0,0,0,0,104963185182,113966542,KSQ
1484,093920,KR7093920007,서원인텍,KOSDAQ,우량기업부,5640,3,0,0.0,5610,5650,5610,4798,26984440,104904000000,18600000,KSQ
1485,291230,KR7291230001,엔피,KOSDAQ,중견기업부,2370,1,10,0.42,2370,2380,2355,41331,97747945,104477641410,44083393,KSQ
1486,072020,KR7072020001,중앙백신,KOSDAQ,벤처기업부,10790,2,-60,-0.55,10850,10870,10680,64195,691351880,104217232730,9658687,KSQ
1487,035000,KR7035000009,HS애드,KOSPI,,6280,2,-50,-0.79,6370,6370,6280,6556,41236040,104043328520,16567409,STK
1488,123420,KR7123420002,위메이드플레이,KOSDAQ,우량기업부,9070,1,30,0.33,9040,9180,9000,11083,100805480,104031466940,11469842,KSQ
1489,018120,KR7018120006,진로발효,KOSDAQ,우량기업부,15710,1,50,0.32,15600,15890,15600,2522,39795620,104017795200,6621120,KSQ
1490,041590,KR7041590001,플래스크,KOSDAQ,관리종목(소속부없음),789,0,0,0.0,0,0,0,0,0,103917099150,131707350,KSQ
1491,232680,KR7232680009,라온테크,KOSDAQ,기술성장기업부,8290,2,-180,-2.13,8460,8570,8250,48778,406881810,103908799860,12534234,KSQ
1492,104540,KR7104540000,코렌텍,KOSDAQ,기술성장기업부,8110,1,150,1.88,7950,8170,7890,39345,315073320,103692351400,12785740,KSQ
1493,040420,KR7040420002,정상제이엘에스,KOSDAQ,우량기업부,6610,2,-10,-0.15,6620,6650,6600,7177,47499170,103628618720,15677552,KSQ
1494,073560,KR7073560005,우리손에프앤지,KOSDAQ,우량기업부,1494,1,5,0.34,1491,1504,1491,224166,335845255,103441038642,69237643,KSQ
1495,007280,KR7007280001,한국특강,KOSPI,,1700,2,-20,-1.16,1729,1729,1700,31053,52947227,103382628700,60813311,STK
1496,001380,KR7001380005,SG글로벌,KOSPI,,2290,1,20,0.88,2265,2310,2210,721395,1639026015,102967887470,44964143,STK
1497,002450,KR7002450005,삼익악기,KOSPI,,1136,1,5,0.44,1133,1149,1128,161580,183766501,102843119440,90530915,STK
1498,189980,KR7189980006,흥국에프엔비,KOSDAQ,우량기업부,2555,2,-65,-2.48,2615,2660,2545,825345,2135099320,102552147985,40137827,KSQ
1499,069540,KR7069540003,빛과전자,KOSDAQ,벤처기업부,3580,3,0,0.0,3580,3700,3540,230175,830741195,102482562120,28626414,KSQ
1500,330350,KR7330350000,위더스제약,KOSDAQ,우량기업부,7760,2,-60,-0.77,7760,7870,7730,18399,143289700,102448598640,13202139,KSQ
1501,007820,KR7007820004,에스엠코어,KOSDAQ,중견기업부,5110,1,30,0.59,5040,5110,5040,14061,71480970,102373464060,20033946,KSQ
1502,052790,KR7052790003,액토즈소프트,KOSDAQ,우량기업부,9020,1,140,1.58,8860,9110,8770,23636,212808640,102202354760,11330638,KSQ
1503,065710,KR7065710006,서호전기,KOSDAQ,우량기업부,19840,1,10,0.05,19900,19900,19690,5515,109014770,102176000000,5150000,KSQ
1504,216050,KR7216050005,인크로스,KOSDAQ,우량기업부,7950,2,-50,-0.63,7950,8450,7850,179304,1447093210,102103614900,12843222,KSQ
1505,307930,KR7307930008,컴퍼니케이,KOSDAQ,중견기업부,6540,3,0,0.0,6530,6580,6450,51776,336665840,102089400000,15610000,KSQ
1506,041910,KR7041910001,폴라리스AI파마,KOSDAQ,중견기업부,8030,1,50,0.63,7970,8120,7970,34783,280002300,101967051890,12698263,KSQ
1507,053450,KR7053450003,세코닉스,KOSDAQ,우량기업부,6880,2,-70,-1.01,6950,6990,6850,51774,356612150,101774484640,14792803,KSQ
1508,227840,KR7227840006,현대코퍼레이션홀딩스,KOSPI,,11160,2,-20,-0.18,11220,11220,11120,1489,16608580,101565329760,9100836,STK
1509,027580,KR7027580000,상보,KOSDAQ,우량기업부,1714,2,-6,-0.35,1720,1744,1713,209575,360976130,101436712206,59181279,KSQ
1510,043260,KR7043260009,성호전자,KOSDAQ,우량기업부,1758,2,-62,-3.41,1830,1836,1757,1030865,1845440106,101291651142,57617549,KSQ
1511,004890,KR7004890000,동일산업,KOSPI,,41700,2,-100,-0.24,41800,41800,40900,2500,102974500,101131465500,2425215,STK
1512,352090,KR7352090005,스톰테크,KOSDAQ,중견기업부,7490,2,-80,-1.06,7500,7640,7450,20071,150985960,100639377510,13436499,KSQ
1513,226440,KR7226440006,한송네오텍,KOSDAQ,관리종목(소속부없음),1530,0,0,0.0,0,0,0,0,0,100580954580,65739186,KSQ
1514,034300,KR7034300004,신세계건설,KOSPI,,12950,1,570,4.6,12350,13980,12320,61109,811637180,100499174300,7760554,STK
1515,199550,KR7199550005,레이저옵텍,KOSDAQ,벤처기업부,8720,2,-210,-2.35,8910,9000,8650,37172,327022030,100391903760,11512833,KSQ
1516,013520,KR7013520002,화승코퍼레이션,KOSPI,,2005,2,-5,-0.25,1994,2090,1983,675375,1363479706,100352760260,50051252,STK
1517,006090,KR7006090005,사조오양,KOSPI,,10650,2,-60,-0.56,10580,11000,10550,138906,1494996040,100352170350,9422739,STK
1518,010470,KR7010470003,오리콤,KOSDAQ,우량기업부,8380,1,230,2.82,8240,8520,8150,80418,671351820,100350919000,11975050,KSQ
1519,054800,KR7054800008,아이디스홀딩스,KOSDAQ,우량기업부,9650,2,-90,-0.92,9740,9800,9650,1702,16466840,99855845400,10347756,KSQ
1520,059120,KR7059120006,아진엑스텍,KOSDAQ,벤처기업부,10240,2,-50,-0.49,10300,10370,10230,59284,609801420,99825623040,9748596,KSQ
1521,088800,KR7088800008,에이스테크,KOSDAQ,중견기업부,1427,2,-21,-1.45,1435,1454,1406,465910,665736959,99784506171,69926073,KSQ
1522,064240,KR7064240005,홈캐스트,KOSDAQ,우량기업부,2845,1,270,10.49,2625,2935,2580,313795,888878115,99683144140,35038012,KSQ
1523,263690,KR7263690000,디알젬,KOSDAQ,우량기업부,8800,1,20,0.23,8700,8850,8660,5544,48496500,99665368000,11325610,KSQ
1524,102370,KR7102370004,케이옥션,KOSDAQ,기술성장기업부,3660,1,30,0.83,3630,3675,3630,27110,99044940,99658908600,27229210,KSQ
1525,293580,KR7293580007,나우IB,KOSDAQ,중견기업부,1040,2,-3,-0.29,1043,1050,1036,123972,129357460,99600800000,95770000,KSQ
1526,006140,KR7006140008,피제이전자,KOSDAQ,우량기업부,6640,1,50,0.76,6550,7080,6530,489220,3347896680,99600000000,15000000,KSQ
1527,052710,KR7052710001,아모텍,KOSDAQ,중견기업부,6800,1,50,0.74,6750,6890,6740,16949,114613190,99382741200,14615109,KSQ
1528,019010,KR7019010008,베뉴지,KOSDAQ,우량기업부,2060,1,10,0.49,2075,2080,2045,23484,48208030,99292000000,48200000,KSQ
1529,094970,KR7094970001,제이엠티,KOSDAQ,우량기업부,5920,1,20,0.34,5910,5980,5900,54749,325265920,99149580800,16748240,KSQ
1530,032850,KR7032850000,비트컴퓨터,KOSDAQ,벤처기업부,5960,2,-50,-0.83,6040,6070,5950,94510,565079340,99074826280,16623293,KSQ
1531,215100,KR7215100009,로보로보,KOSDAQ,벤처기업부,4860,2,-70,-1.42,4920,4955,4850,151845,743551475,98893486440,20348454,KSQ
1532,001540,KR7001540004,안국약품,KOSDAQ,우량기업부,7560,1,40,0.53,7510,7640,7510,15576,117561120,98600695200,13042420,KSQ
1533,065530,KR7065530008,와이어블,KOSDAQ,중견기업부,1863,3,0,0.0,1875,1885,1863,37715,70538624,98478180000,52860000,KSQ
1534,141000,KR7141000000,비아트론,KOSDAQ,우량기업부,8120,2,-40,-0.49,8100,8170,8080,5236,42546380,98371445200,12114710,KSQ
1535,067370,KR7067370007,선바이오,KOSDAQ,기술성장기업부,7980,1,70,0.88,7950,7990,7860,6393,50633020,98262168900,12313555,KSQ
1536,208140,KR7208140004,정다운,KOSDAQ,우량기업부,3005,2,-15,-0.5,3025,3050,2960,220105,659748260,98216159230,32684246,KSQ
1537,171120,KR7171120009,라이온켐텍,KOSDAQ,중견기업부,2735,2,-10,-0.36,2725,2760,2720,15888,43340465,98191313600,35901760,KSQ
1538,053260,KR7053260006,금강철강,KOSDAQ,우량기업부,5230,2,-10,-0.19,5230,5300,5180,16653,86600940,97905600000,18720000,KSQ
1539,067830,KR7067830000,세이브존I&C,KOSPI,,2385,3,0,0.0,2395,2395,2370,5462,12969555,97882534575,41040895,STK
1540,058860,KR7058860008,KTis,KOSPI,,2800,3,0,0.0,2810,2810,2790,35401,99054685,97445600000,34802000,STK
1541,066410,KR7066410002,버킷스튜디오,KOSDAQ,관리종목(소속부없음),1153,0,0,0.0,0,0,0,0,0,96978744678,84109926,KSQ
1542,450520,KR7450520002,인스웨이브시스템즈,KOSDAQ,벤처기업부,19750,2,-550,-2.71,20100,20300,19560,74222,1467853740,96805138500,4901526,KSQ
1543,236810,KR7236810008,엔비티,KOSDAQ,기술성장기업부,5700,2,-20,-0.35,5660,5840,5660,114362,656745040,96759928200,16975426,KSQ
1544,377480,KR7377480009,마음AI,KOSDAQ,기술성장기업부,15660,2,-180,-1.14,15610,15890,15600,72900,1142087630,96737817780,6177383,KSQ
1545,088130,KR7088130000,동아엘텍,KOSDAQ,중견기업부,9070,2,-20,-0.22,9110,9270,8850,42170,380186480,96712847660,10662938,KSQ
1546,004720,KR7004720009,팜젠사이언스,KOSPI,,5320,2,-10,-0.19,5300,5350,5270,23378,123828860,96709753000,18178525,STK
1547,002460,KR7002460004,화성산업,KOSPI,,9520,1,70,0.74,9500,9650,9500,1884,17927480,96628000000,10150000,STK
1548,241770,KR7241770007,메카로,KOSDAQ,벤처기업부,9480,1,10,0.11,9470,9570,9390,3480,32930300,96626227200,10192640,KSQ
1549,153710,KR7153710009,옵티팜,KOSDAQ,기술성장기업부,6570,2,-80,-1.2,6670,6670,6510,8588,56314000,96381624060,14669958,KSQ
1550,024840,KR7024840001,KBI메탈,KOSDAQ,중견기업부,2760,1,55,2.03,2765,2835,2685,2258163,6230848740,96349389240,34909199,KSQ
1551,050110,KR7050110006,캠시스,KOSDAQ,중견기업부,1305,1,21,1.64,1281,1345,1280,201119,263423469,96340473990,73824118,KSQ
1552,021320,KR7021320007,KCC건설,KOSDAQ,우량기업부,4500,2,-10,-0.22,4510,4590,4500,7520,33958345,96300000000,21400000,KSQ
1553,234100,KR7234100006,폴라리스세원,KOSDAQ,우량기업부,1769,3,0,0.0,1766,1785,1766,43987,77977732,96134974712,54344248,KSQ
1554,038680,KR7038680005,에스넷,KOSDAQ,중견기업부,4910,2,-10,-0.2,4965,4965,4895,35721,175884595,95988914070,19549677,KSQ
1555,039610,KR7039610001,화성밸브,KOSDAQ,우량기업부,9220,1,420,4.77,8950,9340,8560,1717899,15395634140,95983888000,10410400,KSQ
1556,265560,KR7265560003,영화테크,KOSDAQ,우량기업부,8970,2,-20,-0.22,8990,9030,8880,6774,60598360,95890914600,10690180,KSQ
1557,241520,KR7241520006,DSC인베스트먼트,KOSDAQ,중견기업부,3470,2,-60,-1.7,3505,3535,3455,156542,544457440,95411553750,27496125,KSQ
1558,347000,KR7347000002,센코,KOSDAQ,기술성장기업부,2885,3,0,0.0,2875,2900,2865,42911,123546860,95219355760,33004976,KSQ
1559,044820,KR7044820009,코스맥스비티아이,KOSPI,,9910,2,-80,-0.8,10000,10000,9910,2285,22748460,95174857110,9603921,STK
1560,126880,KR7126880004,제이엔케이글로벌,KOSDAQ,우량기업부,4100,1,50,1.23,4080,4225,4050,125162,518264385,95140102300,23204903,KSQ
1561,016880,KR7016880007,웅진,KOSPI,,1190,1,4,0.34,1190,1204,1186,190683,227514161,95113225200,79927080,STK
1562,361570,KR7361570005,알비더블유,KOSDAQ,중견기업부,3320,2,-10,-0.3,3330,3355,3300,11181,37135195,95069166120,28635291,KSQ
1563,078890,KR7078890001,가온그룹,KOSDAQ,중견기업부,5460,1,10,0.18,5420,5490,5420,42395,230797830,95059457220,17410157,KSQ
1564,302550,KR7302550009,리메드,KOSDAQ,기술성장기업부,3100,2,-30,-0.96,3130,3295,3090,16608,51808385,94978048000,30638080,KSQ
1565,065130,KR7065130007,탑엔지니어링,KOSDAQ,중견기업부,5520,1,30,0.55,5550,5580,5470,23264,128048090,94888700640,17189982,KSQ
1566,105760,KR7105760003,포스뱅크,KOSDAQ,벤처기업부,10110,2,-110,-1.08,10230,10400,10070,57626,586359430,94583953350,9355485,KSQ
1567,017040,KR7017040007,광명전기,KOSPI,,2180,1,5,0.23,2175,2205,2165,351798,768012145,94476000700,43337615,STK
1568,321370,KR7321370009,센서뷰,KOSDAQ,기술성장기업부,3585,2,-5,-0.14,3580,3620,3580,36047,129473505,94442325825,26343745,KSQ
1569,115160,KR7115160004,휴맥스,KOSDAQ,중견기업부,2145,2,-25,-1.15,2210,2210,2120,134736,288562555,94315915980,43970124,KSQ
1570,317770,KR7317770006,엑스페릭스,KOSDAQ,벤처기업부,4140,1,30,0.73,4100,4195,4100,59852,247499965,94315848840,22781606,KSQ
1571,333430,KR7333430007,일승,KOSDAQ,중견기업부,3065,1,55,1.83,3020,3080,3020,102933,314283080,94177479555,30726747,KSQ
1572,087260,KR7087260006,모바일어플라이언스,KOSDAQ,벤처기업부,2890,2,-25,-0.86,2915,2965,2870,728119,2116412580,94077768290,32552861,KSQ
1573,005870,KR7005870001,휴니드,KOSPI,,6660,1,30,0.45,6690,6690,6570,49919,331053720,94012659900,14116015,STK
1574,101140,KR7101140002,인바이오젠,KOSPI,,9340,0,0,0.0,0,0,0,0,0,93812977440,10044216,STK
1575,396300,KR7396300006,세아메카닉스,KOSDAQ,벤처기업부,3535,1,50,1.43,3505,3620,3495,60088,212031140,93640382500,26489500,KSQ
1576,378850,KR7378850002,화승알앤에이,KOSPI,,4925,2,-175,-3.43,5020,5530,4700,5830828,30335404805,93543593275,18993623,STK
1577,128660,KR7128660008,피제이메탈,KOSDAQ,우량기업부,3770,2,-25,-0.66,3810,3850,3765,89163,339240615,93508701130,24803369,KSQ
1578,122310,KR7122310006,제노레이,KOSDAQ,우량기업부,6420,2,-30,-0.47,6380,6500,6360,16447,105640620,93435678480,14553844,KSQ
1579,127980,KR7127980001,화인써키트,KOSDAQ,중견기업부,7890,2,-30,-0.38,7850,7990,7840,19424,153251510,93422996760,11840684,KSQ
1580,389140,KR7389140005,포바이포,KOSDAQ,벤처기업부,8430,2,-20,-0.24,8450,8510,8330,59520,500573150,93347371050,11073235,KSQ
1581,226400,KR7226400000,오스테오닉,KOSDAQ,기술성장기업부,4515,2,-60,-1.31,4550,4645,4515,42496,193615925,93287128515,20661601,KSQ
1582,094850,KR7094850005,참좋은여행,KOSDAQ,중견기업부,6660,2,-30,-0.45,6620,6830,6620,27188,181125790,93240000000,14000000,KSQ
1583,270870,KR7270870009,뉴트리,KOSDAQ,우량기업부,10120,1,260,2.64,9770,10150,9730,31390,312281190,93106266880,9200224,KSQ
1584,33626K,KR733626K013,두산퓨얼셀1우,KOSPI,,6910,1,60,0.88,6940,7000,6800,14495,99882460,92346622000,13364200,STK
1585,023460,KR7023460009,CNH,KOSDAQ,중견기업부,2480,1,10,0.4,2470,2590,2420,406275,1019214980,92256000000,37200000,KSQ
1586,214260,KR7214260002,라파스,KOSDAQ,기술성장기업부,10640,2,-360,-3.27,11000,11160,10600,41544,444973450,92226626240,8667916,KSQ
1587,320000,KR7320000003,윈텍,KOSDAQ,중견기업부,4975,1,155,3.22,4785,5130,4780,263408,1312361500,92033261300,18499148,KSQ
1588,200230,KR7200230001,텔콘RF제약,KOSDAQ,중견기업부,793,1,13,1.67,768,793,768,78351,61171863,91983972353,115994921,KSQ
1589,369370,KR7369370002,블리츠웨이스튜디오,KOSDAQ,벤처기업부,1842,1,17,0.93,1807,1936,1807,11381,20983252,91864060062,49871911,KSQ
1590,009200,KR7009200007,무림페이퍼,KOSPI,,2205,1,15,0.68,2190,2215,2180,55944,123166935,91748528550,41609310,STK
1591,244920,KR7244920005,에이플러스에셋,KOSPI,,4050,1,45,1.12,4005,4080,4000,27135,109278715,91561156650,22607693,STK
1592,038880,KR7038880001,아이에이,KOSDAQ,중견기업부,290,1,11,3.94,279,293,278,996674,284618173,91447063580,315334702,KSQ
1593,276730,KR7276730009,제주맥주,KOSDAQ,기술성장기업부,1560,1,115,7.96,1445,1600,1416,8170229,12641187954,91363101960,58566091,KSQ
1594,365270,KR7365270008,큐라클,KOSDAQ,기술성장기업부,6580,2,-30,-0.45,6610,6820,6520,114733,765073740,91290709440,13873968,KSQ
1595,093190,KR7093190007,빅솔론,KOSDAQ,우량기업부,4745,2,-15,-0.32,4790,4790,4740,7156,33980725,91288604225,19238905,KSQ
1596,036640,KR7036640001,HRS,KOSDAQ,우량기업부,5580,1,60,1.09,5550,5590,5500,34779,193673320,91259784000,16354800,KSQ
1597,014200,KR7014200000,광림,KOSDAQ,관리종목(소속부없음),1006,0,0,0.0,0,0,0,0,0,91250936176,90706696,KSQ
1598,021820,KR7021820006,세원정공,KOSPI,,9120,1,40,0.44,9140,9160,9050,4049,36806200,91200000000,10000000,STK
1599,024910,KR7024910002,경창산업,KOSDAQ,우량기업부,2540,2,-85,-3.24,2605,2640,2525,213073,546849900,90980272700,35819005,KSQ
1600,124500,KR7124500000,아이티센,KOSDAQ,투자주의환기종목(소속부없음),3920,2,-70,-1.75,3950,3970,3900,70507,276770675,90961745840,23204527,KSQ
1601,389470,KR7389470006,인벤티지랩,KOSDAQ,기술성장기업부,10750,1,460,4.47,10210,10810,10040,173424,1815441860,90897227000,8455556,KSQ
1602,336060,KR7336060009,웨이버스,KOSDAQ,벤처기업부,1884,2,-20,-1.05,1869,1900,1860,2189259,4108797168,90724396800,48155200,KSQ
1603,007980,KR7007980006,TP,KOSPI,,1772,1,46,2.67,1728,1798,1728,413988,734360688,90682330360,51175130,STK
1604,452160,KR7452160005,제이엔비,KOSDAQ,중견기업부,9420,1,20,0.21,9520,9550,9380,38496,362609040,90597104340,9617527,KSQ
1605,014790,KR7014790000,HL D&I,KOSPI,,2390,1,125,5.52,2285,2660,2250,3136699,7866067205,90482056390,37858601,STK
1606,263800,KR7263800005,데이타솔루션,KOSDAQ,중견기업부,5570,1,20,0.36,5530,5580,5510,43406,240849880,90325236600,16216380,KSQ
1607,011320,KR7011320009,유니크,KOSDAQ,우량기업부,4670,1,50,1.08,4610,4850,4600,54423,255616770,90227645650,19320695,KSQ
1608,158430,KR7158430009,아톤,KOSDAQ,벤처기업부,3990,2,-10,-0.25,3935,4000,3935,76874,304262895,90183871260,22602474,KSQ
1609,082210,KR7082210006,옵트론텍,KOSDAQ,중견기업부,3310,2,-30,-0.9,3340,3365,3300,42129,140166110,90176941590,27243789,KSQ
1610,225190,KR7225190008,LK삼양,KOSDAQ,중견기업부,1775,3,0,0.0,1774,1778,1762,35996,63820409,90078481000,50748440,KSQ
1611,115500,KR7115500001,케이씨에스,KOSDAQ,중견기업부,7500,2,-250,-3.23,7810,7900,7360,1091100,8292225790,90000000000,12000000,KSQ
1612,067290,KR7067290007,JW신약,KOSDAQ,중견기업부,1770,1,2,0.11,1760,1790,1760,43912,77793071,89989458540,50841502,KSQ
1613,066910,KR7066910001,손오공,KOSDAQ,중견기업부,2660,1,105,4.11,2610,2690,2570,175889,464699700,89866128940,33784259,KSQ
1614,009410,KR7009410002,태영건설,KOSPI,,2310,0,0,0.0,0,0,0,0,0,89856916380,38899098,STK
1615,048430,KR7048430003,유라테크,KOSDAQ,우량기업부,7800,3,0,0.0,7800,7840,7750,21650,168692220,89856000000,11520000,KSQ
1616,064480,KR7064480007,브리지텍,KOSDAQ,벤처기업부,7500,2,-100,-1.32,7610,7700,7480,81147,613464020,89643750000,11952500,KSQ
1617,009180,KR7009180001,한솔로지스틱스,KOSPI,,3195,1,440,15.97,2795,3295,2765,4662621,14340949765,89642194875,28057025,STK
1618,348350,KR7348350000,위드텍,KOSDAQ,우량기업부,8780,1,10,0.11,8770,8860,8720,5934,51936060,89412008000,10183600,KSQ
1619,241840,KR7241840008,에이스토리,KOSDAQ,우량기업부,9370,1,20,0.21,9300,9430,9300,12824,120037980,89389743780,9539994,KSQ
1620,900340,HK0000449303,윙입푸드,KOSDAQ,외국기업(소속부없음),1863,2,-19,-1.01,1910,1919,1847,414619,776690186,89374496364,47973428,KSQ
1621,203690,KR7203690003,스피어파워,KOSDAQ,벤처기업부,7100,2,-430,-5.71,7440,7520,6600,53476,375856700,89217542100,12565851,KSQ
1622,099220,KR7099220006,SDN,KOSDAQ,중견기업부,1588,2,-22,-1.37,1606,1620,1582,540233,861469561,89200835868,56171811,KSQ
1623,054920,KR7054920004,한컴위드,KOSDAQ,우량기업부,3135,1,5,0.16,3125,3140,3085,38190,118702925,88460548935,28217081,KSQ
1624,071670,KR7071670004,에이테크솔루션,KOSDAQ,우량기업부,8840,1,20,0.23,8760,8860,8760,9314,81831200,88400000000,10000000,KSQ
1625,130580,KR7130580004,나이스디앤비,KOSDAQ,우량기업부,5730,2,-50,-0.87,5850,5850,5710,1915,11014190,88242000000,15400000,KSQ
1626,263860,KR7263860009,지니언스,KOSDAQ,벤처기업부,9340,2,-230,-2.4,9540,9610,9240,44023,411843420,88212564000,9444600,KSQ
1627,950200,KR8840150005,소마젠,KOSDAQ,외국기업(소속부없음),4585,1,590,14.77,4005,5090,4005,2058539,9902304360,88197303005,19236053,KSQ
1628,016090,KR7016090003,대현,KOSPI,,1990,2,-2,-0.1,1994,1994,1977,18078,35896818,88121796900,44282310,STK
1629,208340,KR7208340000,파멥신,KOSDAQ,관리종목(소속부없음),2915,0,0,0.0,0,0,0,0,0,88036229820,30201108,KSQ
1630,011300,KR7011300001,성안머티리얼스,KOSPI,,1203,2,-22,-1.8,1226,1229,1196,818629,992737486,87952767585,73111195,STK
1631,234920,KR7234920007,자이글,KOSDAQ,벤처기업부,6500,1,20,0.31,6350,6660,6350,14689,95361130,87950915000,13530910,KSQ
1632,000230,KR7000230003,일동홀딩스,KOSPI,,7620,2,-50,-0.65,7700,7730,7620,6364,48773160,87937848000,11540400,STK
1633,037440,KR7037440005,희림,KOSDAQ,우량기업부,6310,1,50,0.8,6270,6320,6210,30457,191264000,87850817250,13922475,KSQ
1634,010960,KR7010960003,삼호개발,KOSPI,,3505,1,20,0.57,3490,3515,3475,19834,69366380,87625000000,25000000,STK
1635,196300,KR7196300008,애니젠,KOSDAQ,기술성장기업부,14590,1,470,3.33,15050,15950,14400,96671,1446971700,87589416330,6003387,KSQ
1636,352910,KR7352910004,오비고,KOSDAQ,기술성장기업부,6930,3,0,0.0,6930,7040,6900,7400,51276220,87579967860,12637802,KSQ
1637,010170,KR7010170009,대한광통신,KOSDAQ,중견기업부,1175,1,6,0.51,1155,1197,1150,181554,211714257,87550620050,74511166,KSQ
1638,032940,KR7032940009,원익,KOSDAQ,우량기업부,4805,2,-195,-3.9,5020,5030,4715,606294,2920245055,87418470150,18193230,KSQ
1639,347740,KR7347740003,피엔케이피부임상연구센타,KOSDAQ,중견기업부,2910,2,-30,-1.02,2945,2970,2895,140228,410931305,87330776160,30010576,KSQ
1640,053980,KR7053980009,오상자이엘,KOSDAQ,우량기업부,4585,1,65,1.44,4515,4590,4510,20724,94123700,87036060055,18982783,KSQ
1641,092440,KR7092440007,기신정기,KOSPI,,2980,2,-20,-0.67,3000,3000,2975,10125,30208360,87016000000,29200000,STK
1642,036090,KR7036090009,위지트,KOSDAQ,중견기업부,734,3,0,0.0,734,740,729,162680,119486479,86899936456,118392284,KSQ
1643,155650,KR7155650005,와이엠씨,KOSDAQ,우량기업부,4455,3,0,0.0,4455,4485,4440,21369,95234060,86758264890,19474358,KSQ
1644,004650,KR7004650008,창해에탄올,KOSDAQ,중견기업부,9430,2,-30,-0.32,9490,9490,9400,1831,17276430,86670045550,9190885,KSQ
1645,253840,KR7253840003,수젠텍,KOSDAQ,우량기업부,5170,2,-50,-0.96,5270,5300,5160,68620,357959860,86471393360,16725608,KSQ
1646,256630,KR7256630005,포인트엔지니어링,KOSDAQ,벤처기업부,1490,2,-59,-3.81,1549,1549,1485,48920,73143261,86415637280,57997072,KSQ
1647,054930,KR7054930003,유신,KOSDAQ,우량기업부,28800,1,300,1.05,28500,29100,28450,16718,480405650,86400000000,3000000,KSQ
1648,012790,KR7012790002,신일제약,KOSDAQ,우량기업부,7200,3,0,0.0,7200,7220,7160,11128,80104740,86302188000,11986415,KSQ
1649,054040,KR7054040001,한국컴퓨터,KOSDAQ,우량기업부,5360,2,-20,-0.37,5380,5410,5310,43705,234286800,86142114400,16071290,KSQ
1650,368600,KR7368600003,아이씨에이치,KOSDAQ,기술성장기업부,4910,1,115,2.4,4710,4910,4710,18384,88256475,86113278860,17538346,KSQ
1651,101330,KR7101330009,모베이스,KOSDAQ,우량기업부,3720,1,30,0.81,3690,3750,3680,58367,216652725,86106947880,23147029,KSQ
1652,417840,KR7417840006,저스템,KOSDAQ,벤처기업부,11870,2,-180,-1.49,11940,12110,11860,20715,247844910,86047707250,7249175,KSQ
1653,066310,KR7066310004,큐에스아이,KOSDAQ,중견기업부,9280,2,-40,-0.43,9200,9360,9200,6604,61411060,86040642880,9271621,KSQ
1654,007590,KR7007590003,동방아그로,KOSPI,,6310,2,-10,-0.16,6340,6340,6290,3114,19655770,85926910870,13617577,STK
1655,004910,KR7004910006,조광페인트,KOSPI,,6710,1,10,0.15,6700,6840,6690,8529,57341070,85888000000,12800000,STK
1656,277070,KR7277070009,린드먼아시아,KOSDAQ,중견기업부,6270,2,-140,-2.18,6350,6590,6250,34065,215522890,85848840000,13692000,KSQ
1657,013870,KR7013870001,지엠비코리아,KOSPI,,4500,1,20,0.45,4500,4505,4470,10948,49179110,85825260000,19072280,STK
1658,066670,KR7066670001,디티씨,KOSDAQ,우량기업부,4585,2,-10,-0.22,4545,4610,4545,18848,86230845,85702444030,18691918,KSQ
1659,317830,KR7317830008,에스피시스템스,KOSDAQ,벤처기업부,7950,2,-110,-1.36,8000,8140,7900,35011,280445560,85651853100,10773818,KSQ
1660,025550,KR7025550005,한국선재,KOSDAQ,우량기업부,3675,1,160,4.55,3505,3750,3505,1199430,4390828015,85627500000,23300000,KSQ
1661,238090,KR7238090005,앤디포스,KOSDAQ,벤처기업부,3635,3,0,0.0,3640,3710,3575,12045,43810310,85572636405,23541303,KSQ
1662,041520,KR7041520008,이엘씨,KOSDAQ,중견기업부,7020,1,70,1.01,6950,7020,6890,23652,164702400,85564884600,12188730,KSQ
1663,123840,KR7123840001,뉴온,KOSDAQ,관리종목(소속부없음),303,1,3,1.0,300,308,297,193449,58321930,85479272733,282109811,KSQ
1664,204840,KR7204840003,지엘팜텍,KOSDAQ,기술성장기업부,1109,3,0,0.0,1109,1147,1100,57654,63794698,85059627946,76699394,KSQ
1665,263540,KR7263540007,어스앤에어로스페이스,KOSDAQ,관리종목(소속부없음),5950,0,0,0.0,0,0,0,0,0,85049841450,14294091,KSQ
1666,03473K,KR703473K016,SK우,KOSPI,,150100,2,-3200,-2.09,153400,153500,147100,16811,2510536200,84976863500,566135,STK
1667,359090,KR7359090008,씨엔알리서치,KOSDAQ,중견기업부,1507,2,-10,-0.66,1547,1547,1503,197384,299309489,84966002737,56380891,KSQ
1668,271830,KR7271830002,팸텍,KOSDAQ,벤처기업부,2880,2,-25,-0.86,2915,2930,2880,86955,251953795,84931781760,29490202,KSQ
1669,033830,KR7033830001,티비씨,KOSDAQ,중견기업부,848,3,0,0.0,848,848,838,57247,48278910,84800000000,100000000,KSQ
1670,419530,KR7419530001,SAMG엔터,KOSDAQ,기술성장기업부,9850,2,-220,-2.18,10290,11460,9790,714812,7613798230,84620660500,8590930,KSQ
1671,187420,KR7187420005,제노포커스,KOSDAQ,기술성장기업부,3690,1,40,1.1,3620,3715,3615,18403,67515940,84565718910,22917539,KSQ
1672,023810,KR7023810005,인팩,KOSPI,,8440,2,-180,-2.09,8660,8700,8410,45222,383762020,84400000000,10000000,STK
1673,011370,KR7011370004,서한,KOSDAQ,우량기업부,836,1,1,0.12,828,839,825,93412,77652446,84348107140,100894865,KSQ
1674,086040,KR7086040003,바이오톡스텍,KOSDAQ,벤처기업부,5280,1,50,0.96,5240,5320,5220,23174,121678480,84259544160,15958247,KSQ
1675,142280,KR7142280007,녹십자엠에스,KOSDAQ,중견기업부,3985,1,5,0.13,4000,4000,3955,23766,94354905,84227800835,21136211,KSQ
1676,018500,KR7018500009,동원금속,KOSPI,,1801,2,-85,-4.51,1886,1887,1779,493033,891830778,84205634333,46754933,STK
1677,339950,KR7339950008,아이비김영,KOSDAQ,중견기업부,1872,1,22,1.19,1870,1886,1853,223067,417770036,84140138160,44946655,KSQ
1678,019990,KR7019990001,에너토크,KOSDAQ,중견기업부,8620,1,40,0.47,8700,8710,8330,184865,1582510630,84097478560,9756088,KSQ
1679,255220,KR7255220006,SG,KOSDAQ,중견기업부,1373,1,65,4.97,1308,1500,1291,5885138,8291340912,83994961044,61176228,KSQ
1680,307180,KR7307180000,아이엘사이언스,KOSDAQ,벤처기업부,3140,2,-65,-2.03,3205,3255,3135,55588,175846760,83843331720,26701698,KSQ
1681,041650,KR7041650003,상신브레이크,KOSPI,,3900,2,-10,-0.26,3910,3910,3850,84138,326123445,83738655000,21471450,STK
1682,064520,KR7064520000,테크엘,KOSDAQ,중견기업부,3745,2,-25,-0.66,3770,3815,3700,23473,87813275,83704727190,22351062,KSQ
1683,092780,KR7092780006,동양피스톤,KOSPI,,6350,1,170,2.75,6110,6550,6080,186411,1167222010,83619721000,13168460,STK
1684,036120,KR7036120004,SCI평가정보,KOSDAQ,중견기업부,2355,3,0,0.0,2340,2370,2335,68915,161594680,83602500000,35500000,KSQ
1685,217500,KR7217500008,러셀,KOSDAQ,벤처기업부,2625,1,25,0.96,2585,2630,2575,33253,86526355,83506500000,31812000,KSQ
1686,001560,KR7001560002,제일연마,KOSPI,,8340,2,-120,-1.42,8460,8460,8330,5433,45416690,83400000000,10000000,STK
1687,049430,KR7049430002,코메론,KOSDAQ,우량기업부,9190,1,30,0.33,9160,9250,9110,7907,72740940,83151120000,9048000,KSQ
1688,039240,KR7039240007,경남스틸,KOSDAQ,우량기업부,3080,1,10,0.33,3075,3090,3060,35289,108264520,83097180320,26979604,KSQ
1689,109860,KR7109860007,동일금속,KOSDAQ,우량기업부,9110,2,-10,-0.11,9100,9130,9080,990,9007330,82901000000,9100000,KSQ
1690,020710,KR7020710000,시공테크,KOSDAQ,우량기업부,4130,1,20,0.49,4105,4150,4105,19348,79823600,82798116100,20047970,KSQ
1691,004060,KR7004060000,SG세계물산,KOSPI,,409,2,-16,-3.76,413,442,408,15608357,6666010039,82791808640,202424960,STK
1692,352700,KR7352700009,씨앤투스,KOSDAQ,우량기업부,3035,1,55,1.85,3000,3040,2965,40046,120282000,82785388465,27276899,KSQ
1693,322180,KR7322180001,티라유텍,KOSDAQ,중견기업부,5010,2,-10,-0.2,5020,5020,4970,19708,98205285,82762569750,16519475,KSQ
1694,192250,KR7192250009,케이사인,KOSDAQ,벤처기업부,1170,1,7,0.6,1160,1171,1160,123903,144481355,82685370690,70671257,KSQ
1695,109960,KR7109960005,AP헬스케어,KOSDAQ,중견기업부,724,1,16,2.26,700,728,699,124724,89520524,82646247824,114152276,KSQ
1696,000910,KR7000910000,유니온,KOSPI,,5290,1,60,1.15,5200,5310,5200,96649,509777690,82585464510,15611619,STK
1697,071090,KR7071090005,하이스틸,KOSPI,,4090,2,-75,-1.8,4165,4195,4000,1567072,6438350090,82583116390,20191471,STK
1698,095270,KR7095270005,웨이브일렉트로,KOSDAQ,벤처기업부,5510,1,10,0.18,5490,5520,5320,12127,65717900,82491620560,14971256,KSQ
1699,160550,KR7160550000,NEW,KOSDAQ,중견기업부,2950,1,40,1.37,2910,2965,2905,35857,105257220,82323012700,27906106,KSQ
1700,036670,KR7036670008,KCI,KOSDAQ,우량기업부,7290,2,-10,-0.14,7300,7350,7230,15123,109931240,82158300000,11270000,KSQ
1701,024800,KR7024800005,유성티엔에스,KOSDAQ,우량기업부,2210,1,5,0.23,2220,2220,2200,7684,16978215,81884504520,37051812,KSQ
1702,417970,KR7417970001,모델솔루션,KOSDAQ,중견기업부,12800,2,-50,-0.39,12790,12950,12750,9622,123470230,81877760000,6396700,KSQ
1703,241690,KR7241690007,유니테크노,KOSDAQ,우량기업부,3345,1,25,0.75,3320,3360,3300,17085,56789065,81854511570,24470706,KSQ
1704,222810,KR7222810004,세토피아,KOSDAQ,관리종목(소속부없음),1080,0,0,0.0,0,0,0,0,0,81712098000,75659350,KSQ
1705,338100,KR7338100001,NH프라임리츠,KOSPI,,4375,2,-25,-0.57,4410,4410,4355,5281,23120735,81637500000,18660000,STK
1706,005800,KR7005800008,신영와코루,KOSPI,,9070,1,20,0.22,9080,9100,9050,411,3730800,81630000000,9000000,STK
1707,064850,KR7064850001,에프앤가이드,KOSDAQ,벤처기업부,7190,2,-280,-3.75,7500,7500,7130,1479,10795660,81606500000,11350000,KSQ
1708,032540,KR7032540007,TJ미디어,KOSDAQ,우량기업부,5850,3,0,0.0,5790,5880,5720,5522,32047560,81499912650,13931609,KSQ
1709,000220,KR7000220004,유유제약,KOSPI,,4785,2,-5,-0.1,4790,4810,4770,25396,121546035,81499799535,17032351,STK
1710,180400,KR7180400004,DXVX,KOSDAQ,중견기업부,2690,3,0,0.0,2695,2725,2675,29357,78896440,81290272080,30219432,KSQ
1711,250000,KR7250000007,보라티알,KOSDAQ,우량기업부,12040,2,-80,-0.66,12090,12230,11960,48755,589163710,81278825320,6750733,KSQ
1712,412350,KR7412350001,레이저쎌,KOSDAQ,기술성장기업부,9310,2,-260,-2.72,9540,9650,9300,79811,751620350,81248109320,8726972,KSQ
1713,008830,KR7008830002,대동기어,KOSDAQ,우량기업부,9010,2,-70,-0.77,9010,9180,8960,33195,300209330,80977555200,8987520,KSQ
1714,246720,KR7246720007,아스타,KOSDAQ,벤처기업부,6130,2,-40,-0.65,6070,6270,6070,7631,47113440,80940244150,13203955,KSQ
1715,000590,KR7000590000,CS홀딩스,KOSPI,,69900,2,-100,-0.14,69700,70400,69500,408,28565200,80698291800,1154482,STK
1716,204610,KR7204610000,티쓰리,KOSDAQ,벤처기업부,1192,1,10,0.85,1171,1210,1171,106528,127483329,80426290240,67471720,KSQ
1717,002800,KR7002800001,신신제약,KOSDAQ,중견기업부,5290,1,60,1.15,5240,5310,5230,26637,140256050,80251945000,15170500,KSQ
1718,118000,KR7118000009,에스메디,KOSPI,,562,1,9,1.63,558,565,546,146122,81059439,80240878006,142777363,STK
1719,049550,KR7049550007,잉크테크,KOSDAQ,우량기업부,4090,2,-70,-1.68,4155,4155,4065,6768,27714210,80189672930,19606277,KSQ
1720,002140,KR7002140002,고려산업,KOSPI,,3210,1,10,0.31,3200,3225,3180,36201,115981340,80055554250,24939425,STK
1721,223250,KR7223250002,드림씨아이에스,KOSDAQ,벤처기업부,3360,1,100,3.07,3245,3380,3245,77279,256630915,79965728640,23799324,KSQ
1722,424980,KR7424980001,마이크로투나노,KOSDAQ,기술성장기업부,13470,2,-300,-2.18,13770,13880,13400,29507,399708780,79727448300,5918890,KSQ
1723,003780,KR7003780004,진양산업,KOSPI,,6130,2,-10,-0.16,6170,6170,6090,21272,129969970,79690000000,13000000,STK
1724,224110,KR7224110007,에이텍모빌리티,KOSDAQ,중견기업부,14910,1,420,2.9,14680,14950,14400,13865,203885260,79619400000,5340000,KSQ
1725,222160,KR7222160004,NPX,KOSDAQ,관리종목(소속부없음),8040,0,0,0.0,0,0,0,0,0,79551289560,9894439,KSQ
1726,327260,KR7327260006,RF머트리얼즈,KOSDAQ,벤처기업부,9430,2,-10,-0.11,9440,9730,9400,24804,236137960,79525368330,8433231,KSQ
1727,175250,KR7175250000,아이큐어,KOSDAQ,기술성장기업부,2115,1,5,0.24,2130,2155,2100,88056,186523500,79435948320,37558368,KSQ
1728,037330,KR7037330008,인지디스플레,KOSDAQ,우량기업부,1810,2,-16,-0.88,1835,1835,1807,28208,51062624,79432255440,43885224,KSQ
1729,229500,KR7229500004,노브메타파마,KONEX,일반기업부,7150,2,-620,-7.98,7450,7550,7150,8535,62598380,79296703200,11090448,KNX
1730,017510,KR7017510009,세명전기,KOSDAQ,중견기업부,5200,1,20,0.39,5020,5460,4980,2197600,11604354220,79279200000,15246000,KSQ
1731,017480,KR7017480005,삼현철강,KOSDAQ,우량기업부,5030,2,-40,-0.79,5030,5070,5000,5945,29832910,78985536700,15702890,KSQ
1732,080000,KR7080000003,에스엔유,KOSDAQ,우량기업부,2295,1,5,0.22,2280,2315,2250,60038,137166925,78770986650,34322870,KSQ
1733,355690,KR7355690009,에이텀,KOSDAQ,기술성장기업부,14590,1,80,0.55,14750,14840,14460,49103,716281330,78745439800,5397220,KSQ
1734,136410,KR7136410008,아셈스,KOSDAQ,벤처기업부,7140,2,-160,-2.19,7300,7370,7080,63283,453095230,78676416840,11019106,KSQ
1735,041460,KR7041460007,한국전자인증,KOSDAQ,중견기업부,4135,1,5,0.12,4130,4155,4090,25523,105303060,78565000000,19000000,KSQ
1736,033540,KR7033540006,파라텍,KOSDAQ,중견기업부,2080,2,-20,-0.95,2100,2115,2065,113008,235481335,78522211040,37751063,KSQ
1737,347770,KR7347770000,핌스,KOSDAQ,중견기업부,3435,1,100,3.0,3320,3540,3270,81005,275739185,78513939270,22857042,KSQ
1738,000157,KR7000152009,두산2우B,KOSPI,,87900,2,-1100,-1.24,89000,89000,87600,181,15923800,78498040200,893038,STK
1739,377030,KR7377030002,맥스트,KOSDAQ,기술성장기업부,4000,3,0,0.0,4070,4070,3950,36139,144432415,78283528000,19570882,KSQ
1740,219420,KR7219420007,링크제니시스,KOSDAQ,기술성장기업부,6820,2,-80,-1.16,6960,6990,6740,48833,333639620,78222037740,11469507,KSQ
1741,004960,KR7004960001,한신공영,KOSPI,,6760,2,-40,-0.59,6800,6850,6750,4825,32822750,78217945520,11570702,STK
1742,406820,KR7406820001,뷰티스킨,KOSDAQ,중견기업부,22100,2,-1100,-4.74,23450,23600,22050,71032,1622476400,78102284000,3534040,KSQ
1743,027740,KR7027740000,마니커,KOSPI,,1227,2,-12,-0.97,1240,1248,1220,372792,459442297,77928276756,63511228,STK
1744,363260,KR7363260001,모비데이즈,KOSDAQ,벤처기업부,2420,1,10,0.41,2410,2465,2370,128305,310396490,77836320980,32163769,KSQ
1745,000105,KR7000101006,유한양행우,KOSPI,,65900,1,700,1.07,65800,66300,64500,1383,91093400,77823946000,1180940,STK
1746,002230,KR7002230001,피에스텍,KOSDAQ,중견기업부,4015,2,-20,-0.5,4025,4045,3995,5063,20280650,77773252095,19370673,KSQ
1747,031820,KR7031820004,콤텍시스템,KOSPI,,642,1,5,0.78,637,645,637,82381,52762529,77715041172,121051466,STK
1748,019540,KR7019540004,일지테크,KOSDAQ,우량기업부,5750,2,-10,-0.17,5740,5760,5530,100122,565757790,77702625000,13513500,KSQ
1749,006370,KR7006370001,대구백화점,KOSPI,,7180,1,10,0.14,7170,7290,7020,6060,43444150,77699166980,10821611,STK
1750,046120,KR7046120002,오르비텍,KOSDAQ,중견기업부,2830,1,15,0.53,2835,2880,2790,92061,260783980,77682045380,27449486,KSQ
1751,237820,KR7237820006,플레이디,KOSDAQ,중견기업부,6050,2,-40,-0.66,6090,6150,6010,44886,271842330,77604197000,12827140,KSQ
1752,145210,KR7145210001,다이나믹디자인,KOSPI,,4485,2,-125,-2.71,4610,4615,4390,347214,1560092855,77595402105,17301093,STK
1753,288980,KR7288980006,모아데이타,KOSDAQ,기술성장기업부,2240,2,-35,-1.54,2285,2290,2230,222833,501489515,77406698880,34556562,KSQ
1754,039290,KR7039290002,인포뱅크,KOSDAQ,우량기업부,8900,2,-170,-1.87,9090,9090,8900,18319,164243580,77376404200,8693978,KSQ
1755,205500,KR7205500002,액션스퀘어,KOSDAQ,중견기업부,1490,1,15,1.02,1475,1530,1467,62281,92777871,77372898800,51928120,KSQ
1756,089790,KR7089790000,제이티,KOSDAQ,벤처기업부,7500,2,-70,-0.92,7600,7620,7420,45116,337672470,77366347500,10315513,KSQ
1757,212560,KR7212560007,네오오토,KOSDAQ,우량기업부,9820,2,-130,-1.31,10000,10000,9770,35670,351222320,77332136660,7874963,KSQ
1758,042110,KR7042110007,에스씨디,KOSDAQ,우량기업부,1600,2,-18,-1.11,1618,1623,1595,250571,401766460,77327302400,48329564,KSQ
1759,033320,KR7033320003,제이씨현시스템,KOSDAQ,우량기업부,4035,1,15,0.37,3995,4055,3995,29803,120086315,77126733120,19114432,KSQ
1760,085310,KR7085310001,엔케이,KOSPI,,963,2,-6,-0.62,959,971,949,220860,211629655,77023967976,79983352,STK
1761,007110,KR7007110000,일신석재,KOSPI,,994,3,0,0.0,1003,1003,987,172956,171741014,76991870340,77456610,STK
1762,254120,KR7254120009,자비스,KOSDAQ,기술성장기업부,2500,2,-15,-0.6,2545,2545,2485,282273,707726955,76885675000,30754270,KSQ
1763,049480,KR7049480007,오픈베이스,KOSDAQ,우량기업부,2440,2,-15,-0.61,2465,2465,2440,64232,157124850,76670614520,31422383,KSQ
1764,049180,KR7049180003,셀루메드,KOSDAQ,벤처기업부,1557,2,-16,-1.02,1550,1585,1544,154850,241955774,76658029308,49234444,KSQ
1765,265740,KR7265740001,엔에프씨,KOSDAQ,중견기업부,8580,1,10,0.12,8640,8660,8420,31739,270709160,76634844000,8931800,KSQ
1766,142760,KR7142760008,모아라이프플러스,KOSDAQ,기술성장기업부,2030,2,-60,-2.87,2090,2090,2010,121905,248524410,76601666330,37734811,KSQ
1767,003925,KR7003921004,남양유업우,KOSPI,,383000,1,1000,0.26,382000,385500,382000,272,104240000,76600000000,200000,STK
1768,012210,KR7012210001,삼미금속,KONEX,일반기업부,2150,1,15,0.7,2095,2150,1902,322,676783,76539752750,35599885,KNX
1769,222040,KR7222040008,코스맥스엔비티,KOSDAQ,중견기업부,3710,2,-15,-0.4,3705,3750,3675,14742,54722570,76529880000,20628000,KSQ
1770,043910,KR7043910009,자연과환경,KOSDAQ,벤처기업부,940,1,11,1.18,945,948,925,348382,325267390,76507969580,81391457,KSQ
1771,084180,KR7084180009,수성웹툰,KOSDAQ,중견기업부,651,1,4,0.62,647,658,638,96290,62600352,76473277923,117470473,KSQ
1772,038070,KR7038070009,서린바이오,KOSDAQ,우량기업부,8580,2,-50,-0.58,8630,8630,8560,4592,39414640,76367800080,8900676,KSQ
1773,290090,KR7290090000,트윔,KOSDAQ,벤처기업부,10280,1,140,1.38,10200,10420,10150,1374,14193630,76362595040,7428268,KSQ
1774,225220,KR7225220003,제놀루션,KOSDAQ,벤처기업부,3975,2,-30,-0.75,4005,4050,3965,40832,163183855,76280333475,19190021,KSQ
1775,119650,KR7119650000,KC코트렐,KOSPI,,1198,2,-72,-5.67,1232,1239,1198,657510,798273322,76275805826,63669287,STK
1776,239610,KR7239610009,에이치엘사이언스,KOSDAQ,우량기업부,14110,2,-150,-1.05,14180,16140,13980,167522,2528986240,76082742650,5392115,KSQ
1777,263700,KR7263700007,케어랩스,KOSDAQ,중견기업부,3915,3,0,0.0,3905,3960,3890,30181,117862720,76006593000,19414200,KSQ
1778,323350,KR7323350009,다원넥스뷰,KOSDAQ,기술성장기업부,9980,1,190,1.94,9790,11040,9740,1149596,11922224120,75809187780,7596111,KSQ
1779,198440,KR7198440000,고려시멘트,KOSDAQ,중견기업부,2370,2,-160,-6.32,2465,2550,2315,7123947,17168496525,75792505200,31979960,KSQ
1780,357250,KR7357250000,미래에셋맵스리츠,KOSPI,,3030,2,-35,-1.14,3065,3090,3020,72258,219563820,75735168150,24995105,STK
1781,950110,KR8392070007,SBI핀테크솔루션즈,KOSDAQ,외국기업(소속부없음),3145,2,-15,-0.47,3160,3160,3130,2236,7020630,75645238300,24052540,KSQ
1782,101000,KR7101000008,상상인인더스트리,KOSDAQ,중견기업부,2505,2,-100,-3.84,2605,2650,2480,226534,585235245,75524795595,30149619,KSQ
1783,260660,KR7260660006,알리코제약,KOSDAQ,우량기업부,4920,2,-45,-0.91,4920,4960,4905,4942,24358055,75408943320,15327021,KSQ
1784,010660,KR7010660009,화천기계,KOSPI,,3415,2,-70,-2.01,3485,3505,3395,211256,725602995,75130000000,22000000,STK
1785,355390,KR7355390006,크라우드웍스,KOSDAQ,기술성장기업부,18080,2,-300,-1.63,18380,18590,18000,39484,722049660,75069968000,4152100,KSQ
1786,201490,KR7201490000,미투온,KOSDAQ,우량기업부,2400,2,-20,-0.83,2430,2430,2390,31213,75059150,75018648000,31257770,KSQ
1787,307870,KR7307870006,비투엔,KOSDAQ,벤처기업부,1716,2,-37,-2.11,1786,1786,1694,197055,342554612,75001112472,43706942,KSQ
1788,090410,KR7090410002,덕신이피씨,KOSDAQ,우량기업부,1627,2,-5,-0.31,1630,1640,1627,57761,94144131,74978822565,46084095,KSQ
1789,246960,KR7246960009,SCL사이언스,KOSDAQ,기술성장기업부,10280,1,30,0.29,10550,10550,10230,2438,25150830,74873362280,7283401,KSQ
1790,185490,KR7185490000,아이진,KOSDAQ,벤처기업부,2770,2,-35,-1.25,2800,2830,2770,37553,104735175,74872501680,27029784,KSQ
1791,063440,KR7063440002,SM Life Design,KOSDAQ,중견기업부,1626,1,6,0.37,1601,1639,1601,69645,112773909,74843404404,46029154,KSQ
1792,053270,KR7053270005,구영테크,KOSDAQ,우량기업부,2730,2,-10,-0.36,2740,2755,2715,28246,77163365,74830405650,27410405,KSQ
1793,080530,KR7080530009,코디,KOSDAQ,벤처기업부,1836,2,-68,-3.57,1899,1937,1828,94370,175974693,74801816280,40741730,KSQ
1794,290740,KR7290740000,액트로,KOSDAQ,벤처기업부,7400,3,0,0.0,7390,7410,7300,6071,44636340,74481081400,10065011,KSQ
1795,038870,KR7038870002,에코바이오,KOSDAQ,중견기업부,5300,1,70,1.34,5230,5640,5150,418042,2262213280,74279229700,14014949,KSQ
1796,330730,KR7330730003,스톤브릿지벤처스,KOSDAQ,중견기업부,4090,1,20,0.49,4030,4125,4030,50836,208032620,74236894700,18150830,KSQ
1797,087600,KR7087600003,픽셀플러스,KOSDAQ,벤처기업부,9090,2,-260,-2.78,9350,9440,9020,27367,250225370,74234012220,8166558,KSQ
1798,171010,KR7171010002,램테크놀러지,KOSDAQ,벤처기업부,5220,2,-110,-2.06,5280,5300,5170,75864,395512280,74145172320,14204056,KSQ
1799,002795,KR7002791002,아모레G우,KOSPI,,11500,2,-190,-1.63,11730,11940,11430,7560,88342230,74103355000,6443770,STK
1800,094840,KR7094840006,슈프리마에이치큐,KOSDAQ,벤처기업부,7070,2,-50,-0.7,7140,7180,6980,35152,249702750,74035908800,10471840,KSQ
1801,150900,KR7150900009,파수,KOSDAQ,벤처기업부,6340,2,-50,-0.78,6390,6450,6310,11490,72731010,73968285480,11666922,KSQ
1802,442900,KR7442900007,미래에셋드림스팩1호,KOSDAQ,SPAC(소속부없음),9610,2,-10,-0.1,9610,9640,9610,15344,147698210,73804800000,7680000,KSQ
1803,308080,KR7308080001,바이젠셀,KOSDAQ,기술성장기업부,3830,1,60,1.59,3795,3890,3760,26971,103128230,73780124200,19263740,KSQ
1804,430690,KR7430690008,한싹,KOSDAQ,벤처기업부,6770,2,-190,-2.73,6910,6920,6740,93931,639499970,73761363790,10895327,KSQ
1805,046390,KR7046390001,삼화네트웍스,KOSDAQ,중견기업부,1708,1,49,2.95,1659,1830,1643,1097261,1910193403,73739369564,43172933,KSQ
1806,038010,KR7038010005,제일테크노스,KOSDAQ,우량기업부,8190,1,690,9.2,7560,8400,7480,940889,7632992160,73710000000,9000000,KSQ
1807,308170,KR7308170000,씨티알모빌리티,KOSPI,,8560,2,-40,-0.47,8520,8650,8340,10911,92832870,73701600000,8610000,STK
1808,083660,KR7083660001,CSA 코스믹,KOSDAQ,중견기업부,1203,3,0,0.0,1203,1210,1159,28364,33867873,73680358743,61247181,KSQ
1809,068050,KR7068050004,팬엔터테인먼트,KOSDAQ,우량기업부,2655,2,-5,-0.19,2645,2665,2635,19615,51954350,73527771780,27694076,KSQ
1810,003010,KR7003010006,혜인,KOSPI,,5770,1,30,0.52,5700,5810,5690,203036,1167976970,73352550190,12712747,STK
1811,075180,KR7075180000,새론오토모티브,KOSPI,,3820,3,0,0.0,3820,3845,3805,158,603300,73344000000,19200000,STK
1812,037350,KR7037350006,성도이엔지,KOSDAQ,우량기업부,4740,1,170,3.72,4570,4750,4555,43046,201725070,73327800000,15470000,KSQ
1813,039830,KR7039830005,오로라,KOSDAQ,우량기업부,6810,1,90,1.34,6870,6980,6720,26399,180808080,73295280900,10762890,KSQ
1814,053290,KR7053290003,NE능률,KOSDAQ,우량기업부,4425,1,15,0.34,4490,4510,4405,89358,397834125,73128908475,16526307,KSQ
1815,092300,KR7092300003,현우산업,KOSDAQ,우량기업부,3915,1,15,0.38,3905,3935,3895,94682,370121705,73104074640,18672816,KSQ
1816,037370,KR7037370004,EG,KOSDAQ,중견기업부,8470,2,-30,-0.35,8500,8620,8420,25623,217781940,73053512840,8624972,KSQ
1817,006740,KR7006740005,영풍제지,KOSPI,,1570,1,19,1.23,1550,1595,1548,414947,654643480,72976972360,46482148,STK
1818,002760,KR7002760007,보락,KOSPI,,1216,1,40,3.4,1178,1217,1176,228439,273840359,72838400000,59900000,STK
1819,098120,KR7098120009,마이크로컨텍솔,KOSDAQ,중견기업부,8760,1,110,1.27,8650,8850,8590,32151,279539720,72819830160,8312766,KSQ
1820,057680,KR7057680001,티사이언티픽,KOSDAQ,벤처기업부,1019,1,1,0.1,1038,1045,1018,66089,68056565,72602222519,71248501,KSQ
1821,052770,KR7052770005,아이톡시,KOSDAQ,중견기업부,1649,2,-35,-2.08,1675,1691,1631,256195,424463650,72522177361,43979489,KSQ
1822,043220,KR7043220003,티에스넥스젠,KOSDAQ,중견기업부,517,2,-14,-2.64,532,543,513,1692529,887068742,72512177254,140255662,KSQ
1823,014440,KR7014440002,영보화학,KOSPI,,3625,2,-5,-0.14,3625,3635,3605,12404,44871765,72500000000,20000000,STK
1824,220180,KR7220180004,핸디소프트,KOSDAQ,벤처기업부,3735,1,170,4.77,3570,3750,3450,66897,238072420,72488880000,19408000,KSQ
1825,050960,KR7050960004,수산아이앤티,KOSDAQ,벤처기업부,10730,3,0,0.0,10610,10780,10600,4852,51822090,72438230000,6751000,KSQ
1826,115440,KR7115440000,우리넷,KOSDAQ,벤처기업부,6730,2,-140,-2.04,6870,6910,6720,50652,342590810,72376028470,10754239,KSQ
1827,015710,KR7015710007,코콤,KOSDAQ,중견기업부,4125,1,10,0.24,4115,4135,4095,8533,35102780,72313312500,17530500,KSQ
1828,317850,KR7317850006,대모,KOSDAQ,벤처기업부,8670,2,-10,-0.12,8680,8720,8600,12455,107584650,72172721400,8324420,KSQ
1829,465770,KR7465770006,STX그린로지스,KOSPI,,10040,1,390,4.04,9470,10870,9400,1152000,11838186870,71997161280,7171032,STK
1830,352770,KR7352770002,클리노믹스,KOSDAQ,기술성장기업부,1847,2,-7,-0.38,1835,1925,1835,102124,192380140,71822650711,38886113,KSQ
1831,321260,KR7321260002,프로이천,KOSDAQ,벤처기업부,2545,2,-5,-0.2,2565,2590,2540,70658,181387910,71748853780,28192084,KSQ
1832,122350,KR7122350002,삼기,KOSDAQ,중견기업부,1870,2,-14,-0.74,1884,1899,1850,185643,346961538,71694730360,38339428,KSQ
1833,060850,KR7060850005,영림원소프트랩,KOSDAQ,벤처기업부,8810,2,-40,-0.45,8800,8890,8740,2696,23734780,71634110000,8131000,KSQ
1834,081150,KR7081150005,티플랙스,KOSDAQ,우량기업부,2950,1,15,0.51,2915,2965,2915,64269,188952715,71591785900,24268402,KSQ
1835,013360,KR7013360003,일성건설,KOSPI,,1325,1,19,1.45,1306,1330,1304,38164,50257891,71582966000,54024880,STK
1836,053350,KR7053350005,이니텍,KOSDAQ,중견기업부,3615,1,30,0.84,3640,3640,3585,14192,51424900,71544161340,19790916,KSQ
1837,327610,KR7327610002,펨토바이오메드,KONEX,일반기업부,8500,2,-140,-1.62,8400,8590,8200,774,6379210,71410812000,8401272,KNX
1838,000890,KR7000890004,보해양조,KOSPI,,513,1,7,1.38,504,520,503,996157,510020769,71368626177,139120129,STK
1839,301300,KR7301300000,바이브컴퍼니,KOSDAQ,기술성장기업부,5750,1,150,2.68,5500,6040,5500,37626,219419630,71165001500,12376522,KSQ
1840,263770,KR7263770000,유에스티,KOSDAQ,우량기업부,3000,2,-20,-0.66,3020,3040,2950,56857,169793390,71100516000,23700172,KSQ
1841,413640,KR7413640004,비아이매트릭스,KOSDAQ,벤처기업부,9850,3,0,0.0,9870,9890,9620,32697,319071230,70988359000,7206940,KSQ
1842,100030,KR7100030006,인지소프트,KOSDAQ,중견기업부,21600,1,300,1.41,21200,21700,21200,8821,189073150,70928222400,3283714,KSQ
1843,163730,KR7163730005,핑거,KOSDAQ,벤처기업부,7570,2,-80,-1.05,7600,7670,7540,20826,157708060,70859802560,9360608,KSQ
1844,024740,KR7024740003,한일단조,KOSDAQ,중견기업부,2245,2,-10,-0.44,2260,2265,2240,85682,192778115,70790565770,31532546,KSQ
1845,263050,KR7263050007,유틸렉스,KOSDAQ,기술성장기업부,1923,2,-14,-0.72,1937,1975,1921,31428,60843793,70764203934,36798858,KSQ
1846,123570,KR7123570004,이엠넷,KOSDAQ,중견기업부,3175,1,25,0.79,3160,3235,3155,29875,95234035,70726547650,22276078,KSQ
1847,017650,KR7017650003,대림제지,KOSDAQ,우량기업부,7850,2,-20,-0.25,7870,7890,7840,1776,13977000,70650000000,9000000,KSQ
1848,102280,KR7102280005,쌍방울,KOSPI,,269,0,0,0.0,0,0,0,0,0,70637282701,262592129,STK
1849,189690,KR7189690001,포시에스,KOSDAQ,벤처기업부,2585,1,25,0.98,2555,2590,2545,73548,188454290,70627289865,27321969,KSQ
1850,122690,KR7122690001,서진오토모티브,KOSDAQ,우량기업부,3230,2,-25,-0.77,3255,3265,3200,20830,67028290,70557444300,21844410,KSQ
1851,072470,KR7072470008,우리산업홀딩스,KOSDAQ,중견기업부,3730,2,-5,-0.13,3730,3755,3690,11502,42795335,70449781930,18887341,KSQ
1852,001290,KR7001290006,상상인증권,KOSPI,,650,1,7,1.09,642,661,642,46001,30038432,70419128000,108337120,STK
1853,096350,KR7096350004,대창솔루션,KOSDAQ,벤처기업부,430,2,-5,-1.15,435,439,426,681028,293249685,70417233870,163761009,KSQ
1854,100590,KR7100590009,머큐리,KOSDAQ,우량기업부,4445,2,-5,-0.11,4455,4500,4440,44868,200259870,70364452235,15830023,KSQ
1855,155660,KR7155660004,DSR,KOSPI,,4385,2,-25,-0.57,4350,4390,4350,7078,30901665,70160000000,16000000,STK
1856,004410,KR7004410007,서울식품,KOSPI,,187,2,-4,-2.09,190,192,187,2159424,408847961,70079289533,374755559,STK
1857,044060,KR7044060002,조광ILI,KOSDAQ,관리종목(소속부없음),732,0,0,0.0,0,0,0,0,0,70075958688,95732184,KSQ
1858,067170,KR7067170001,오텍,KOSDAQ,중견기업부,4540,2,-30,-0.66,4570,4610,4520,15204,69383115,69877886700,15391605,KSQ
1859,365330,KR7365330000,에스와이스틸텍,KOSDAQ,중견기업부,2280,2,-45,-1.94,2340,2340,2270,82445,188923095,69790800000,30610000,KSQ
1860,003060,KR7003060001,에이프로젠바이오로직스,KOSPI,,1048,1,8,0.77,1040,1086,1025,294840,310184631,69771090464,66575468,STK
1861,318020,KR7318020005,포인트모바일,KOSDAQ,중견기업부,5510,2,-30,-0.54,5550,5590,5480,24356,134275300,69769118720,12662272,KSQ
1862,170790,KR7170790000,파이오링크,KOSDAQ,우량기업부,10170,2,-10,-0.1,10200,10330,10170,8154,83145280,69728876100,6856330,KSQ
1863,348030,KR7348030008,모비릭스,KOSDAQ,우량기업부,7240,2,-80,-1.09,7320,7350,7180,5096,37054910,69531512000,9603800,KSQ
1864,304840,KR7304840002,피플바이오,KOSDAQ,기술성장기업부,3295,2,-25,-0.75,3345,3435,3290,116023,388142065,69489783880,21089464,KSQ
1865,001620,KR7001620004,케이비아이동국실업,KOSPI,,624,2,-7,-1.11,635,635,620,76192,47628213,69446851344,111293031,STK
1866,134580,KR7134580000,탑코미디어,KOSDAQ,중견기업부,3150,2,-105,-3.23,3220,3250,3140,124678,395652865,69381166050,22025767,KSQ
1867,051490,KR7051490001,나라엠앤디,KOSDAQ,우량기업부,4880,2,-10,-0.2,4860,4900,4860,10955,53477260,69296000000,14200000,KSQ
1868,357430,KR7357430008,마스턴프리미어리츠,KOSPI,,2600,2,-10,-0.38,2605,2620,2590,20273,52751915,69108000000,26580000,STK
1869,296160,KR7296160005,프로젠,KONEX,일반기업부,5970,1,30,0.51,5940,6190,5870,1356,8020230,68978950110,11554263,KNX
1870,314140,KR7314140005,알피바이오,KOSDAQ,중견기업부,7940,3,0,0.0,7920,7970,7830,11565,91154840,68810906340,8666361,KSQ
1871,303530,KR7303530000,이노뎁,KOSDAQ,벤처기업부,9370,2,-50,-0.53,9330,9490,9300,15965,149881210,68769231630,7339299,KSQ
1872,019180,KR7019180009,티에이치엔,KOSPI,,3815,2,-20,-0.52,3835,3865,3770,184905,703322790,68670000000,18000000,STK
1873,129260,KR7129260006,인터지스,KOSPI,,2305,2,-5,-0.22,2310,2320,2290,124229,286627525,68568849570,29747874,STK
1874,033130,KR7033130006,디지틀조선,KOSDAQ,중견기업부,1846,2,-1,-0.05,1839,1860,1839,134405,248277697,68514782882,37115267,KSQ
1875,002920,KR7002920007,유성기업,KOSPI,,2640,2,-10,-0.38,2650,2650,2635,3495,9255950,68501400000,25947500,STK
1876,072990,KR7072990005,에이치시티,KOSDAQ,우량기업부,9400,2,-50,-0.53,9410,9570,9370,6592,62192790,68501005400,7287341,KSQ
1877,168330,KR7168330009,내츄럴엔도텍,KOSDAQ,벤처기업부,2155,3,0,0.0,2155,2170,2110,17876,38114370,68431809500,31754900,KSQ
1878,004450,KR7004450003,삼화왕관,KOSPI,,31750,1,300,0.95,31450,32000,31400,1454,46011000,68401533250,2154379,STK
1879,024950,KR7024950008,삼천리자전거,KOSDAQ,중견기업부,5150,1,30,0.59,5120,5180,5100,21790,111965390,68358921550,13273577,KSQ
1880,097780,KR7097780001,에코볼트,KOSDAQ,중견기업부,1009,1,4,0.4,1007,1012,1004,61549,62032599,68339911042,67730338,KSQ
1881,317690,KR7317690006,퀀타매트릭스,KOSDAQ,기술성장기업부,4130,2,-10,-0.24,4140,4250,4095,24526,101637595,68299507430,16537411,KSQ
1882,005750,KR7005750005,대림B&Co,KOSPI,,4090,2,-5,-0.12,4095,4120,4070,3916,16003365,68189461600,16672240,STK
1883,277410,KR7277410007,인산가,KOSDAQ,벤처기업부,1776,2,-1,-0.06,1778,1802,1775,142045,253881326,68121657264,38356789,KSQ
1884,101390,KR7101390003,아이엠,KOSDAQ,중견기업부,6820,2,-120,-1.73,6920,7000,6450,188833,1265107050,68094842420,9984581,KSQ
1885,052900,KR7052900008,KX하이텍,KOSDAQ,우량기업부,1234,1,5,0.41,1220,1238,1219,82897,101491708,68002675978,55107517,KSQ
1886,009190,KR7009190000,대양금속,KOSPI,,1715,1,5,0.29,1741,1741,1706,74576,127934095,67929074850,39608790,STK
1887,065950,KR7065950008,웰크론,KOSDAQ,중견기업부,2405,1,80,3.44,2380,2440,2330,223194,531876420,67896281310,28231302,KSQ
1888,111110,KR7111110003,호전실업,KOSPI,,6960,2,-40,-0.57,7000,7030,6950,9253,64713240,67859888640,9749984,STK
1889,010240,KR7010240000,흥국,KOSDAQ,우량기업부,5500,3,0,0.0,5500,5510,5480,13212,72605190,67774828000,12322696,KSQ
1890,017180,KR7017180001,명문제약,KOSPI,,1991,2,-1,-0.05,1989,2000,1986,25178,50098668,67601326914,33953454,STK
1891,002360,KR7002360006,SH에너지화학,KOSPI,,607,2,-1,-0.16,608,611,606,404966,245967381,67458174110,111133730,STK
1892,115310,KR7115310005,인포바인,KOSDAQ,벤처기업부,21100,1,100,0.48,21000,21150,20950,1431,30135150,67369831300,3192883,KSQ
1893,440290,KR7440290005,HB인베스트먼트,KOSDAQ,중견기업부,2485,3,0,0.0,2485,2500,2465,36232,89697835,67360919850,27107010,KSQ
1894,069920,KR7069920007,아이에스이커머스,KOSDAQ,중견기업부,2605,1,85,3.37,2515,2660,2400,131614,331551785,67277673010,25826362,KSQ
1895,052220,KR7052220001,iMBC,KOSDAQ,중견기업부,2925,2,-40,-1.35,2965,2980,2915,20699,60729035,67275000000,23000000,KSQ
1896,044960,KR7044960003,이글벳,KOSDAQ,중견기업부,5300,2,-150,-2.75,5400,5430,5290,332640,1778909210,67001979900,12641883,KSQ
1897,043340,KR7043340009,에쎈테크,KOSDAQ,중견기업부,705,3,0,0.0,700,708,694,28912,20250120,66975000000,95000000,KSQ
1898,242040,KR7242040004,나무기술,KOSDAQ,기술성장기업부,1935,2,-26,-1.33,1970,1970,1933,108314,210537919,66963120840,34606264,KSQ
1899,140610,KR7140610007,엔솔바이오사이언스,KONEX,일반기업부,6180,2,-310,-4.78,7300,7430,6060,37781,249693750,66915890520,10827814,KNX
1900,318410,KR7318410008,비비씨,KOSDAQ,중견기업부,12020,1,420,3.62,11600,12050,11550,4454,52685040,66774020860,5555243,KSQ
1901,009770,KR7009770009,삼정펄프,KOSPI,,26700,3,0,0.0,26700,26850,26550,248,6630950,66749225700,2499971,STK
1902,088910,KR7088910005,동우팜투테이블,KOSDAQ,우량기업부,2580,1,15,0.58,2580,2595,2560,62564,161232220,66645951120,25831764,KSQ
1903,285800,KR7285800009,진영,KOSDAQ,벤처기업부,3810,2,-10,-0.26,3865,3980,3795,571216,2225626075,66588398700,17477270,KSQ
1904,007370,KR7007370000,진양제약,KOSDAQ,우량기업부,5540,2,-30,-0.54,5570,5650,5500,29666,165354630,66573498580,12016877,KSQ
1905,000850,KR7000850008,화천기공,KOSPI,,30250,2,-50,-0.17,30150,30350,30150,255,7710900,66550000000,2200000,STK
1906,058730,KR7058730003,다스코,KOSPI,,3430,1,280,8.89,3125,3775,3105,6465252,23214230005,66531507630,19396941,STK
1907,078935,KR7078931003,GS우,KOSPI,,37250,2,-50,-0.13,37300,37350,36950,896,33377450,66484768500,1784826,STK
1908,056730,KR7056730005,CNT85,KOSDAQ,중견기업부,896,2,-7,-0.78,902,920,895,39355,35424494,66403622656,74111186,KSQ
1909,001550,KR7001550003,조비,KOSPI,,12750,2,-10,-0.08,12800,13000,12650,7553,96799870,66201047250,5192239,STK
1910,360350,KR7360350003,코셈,KOSDAQ,기술성장기업부,11690,2,-180,-1.52,11830,12120,11500,95673,1123719270,66188429300,5661970,KSQ
1911,073110,KR7073110009,엘엠에스,KOSDAQ,벤처기업부,7440,1,190,2.62,7230,7500,7170,13207,97330580,66184417200,8895755,KSQ
1912,238490,KR7238490007,힘스,KOSDAQ,벤처기업부,5850,2,-50,-0.85,5900,5900,5820,9498,55446830,66176580600,11312236,KSQ
1913,021050,KR7021050000,서원,KOSPI,,1388,1,11,0.8,1380,1391,1378,106582,147580827,65894730920,47474590,STK
1914,106080,KR7106080005,하이소닉,KOSDAQ,중견기업부,4220,3,0,0.0,4220,4285,4140,20893,87451055,65800805760,15592608,KSQ
1915,195500,KR7195500004,마니커에프앤지,KOSDAQ,중견기업부,4130,2,-80,-1.9,4210,4255,4125,596689,2492060315,65782640000,15928000,KSQ
1916,000650,KR7000650002,천일고속,KOSPI,,46000,2,-350,-0.76,46600,46600,46000,49,2275100,65744120000,1429220,STK
1917,008870,KR7008870008,금비,KOSPI,,65600,1,1200,1.86,64500,66900,64300,3951,259339700,65600000000,1000000,STK
1918,069730,KR7069730000,DSR제강,KOSPI,,4550,1,5,0.11,4520,4630,4510,82499,375478570,65520000000,14400000,STK
1919,014190,KR7014190003,원익큐브,KOSDAQ,우량기업부,1850,1,38,2.1,1812,1890,1812,385988,716040144,65489826100,35399906,KSQ
1920,066900,KR7066900002,디에이피,KOSDAQ,우량기업부,2870,2,-25,-0.86,2870,2870,2860,3124,8956555,65276723610,22744503,KSQ
1921,306040,KR7306040007,에스제이그룹,KOSDAQ,우량기업부,6610,2,-30,-0.45,6700,6710,6550,4928,32707380,65213123080,9865828,KSQ
1922,004780,KR7004780003,대륙제관,KOSDAQ,우량기업부,4095,1,15,0.37,4080,4110,4075,4702,19231830,65123599905,15903199,KSQ
1923,311390,KR7311390009,네오크레마,KOSDAQ,벤처기업부,5930,1,30,0.51,5930,5960,5880,4472,26519930,65106341710,10979147,KSQ
1924,067920,KR7067920009,이글루,KOSDAQ,우량기업부,5920,2,-40,-0.67,5960,6030,5860,40566,240106830,65097024480,10996119,KSQ
1925,002220,KR7002220002,한일철강,KOSPI,,2435,1,15,0.62,2435,2435,2380,11210,27061975,65008315100,26697460,STK
1926,129920,KR7129920005,대성하이텍,KOSDAQ,벤처기업부,4730,1,150,3.28,4620,4820,4590,70542,335048330,64872200690,13715053,KSQ
1927,039420,KR7039420005,케이엘넷,KOSDAQ,중견기업부,2685,2,-20,-0.74,2705,2705,2680,24707,66493265,64855450050,24154730,KSQ
1928,090080,KR7090080003,평화산업,KOSPI,,1179,3,0,0.0,1183,1185,1175,40812,48090783,64729763361,54902259,STK
1929,214870,KR7214870008,뉴지랩파마,KOSDAQ,투자주의환기종목(소속부없음),1383,0,0,0.0,0,0,0,0,0,64719014598,46796106,KSQ
1930,100220,KR7100220003,비상교육,KOSPI,,4975,1,105,2.16,4905,5060,4905,29401,146985700,64658786475,12996741,STK
1931,456570,KR7456570001,아이엠지티,KONEX,일반기업부,13050,1,120,0.93,13150,13150,12920,603,7860870,64447229250,4938485,KNX
1932,004770,KR7004770004,써니전자,KOSPI,,1755,1,5,0.29,1734,1759,1710,358057,621449527,64413561420,36702884,STK
1933,189330,KR7189330004,씨이랩,KOSDAQ,기술성장기업부,10570,1,80,0.76,10400,10680,10400,17235,182364040,64395441880,6092284,KSQ
1934,214610,KR7214610008,미코바이오메드,KOSDAQ,기술성장기업부,1478,2,-66,-4.27,1532,1532,1478,118619,178087201,64394900710,43568945,KSQ
1935,223310,KR7223310004,딥마인드,KOSDAQ,중견기업부,2815,1,5,0.18,2755,2970,2755,79493,227926405,64292840625,22839375,KSQ
1936,100660,KR7100660000,서암기계공업,KOSDAQ,중견기업부,5100,1,40,0.79,5090,5400,4995,1698441,8729033995,64260000000,12600000,KSQ
1937,376290,KR7376290003,씨유테크,KOSDAQ,중견기업부,3635,2,-15,-0.41,3645,3720,3620,11112,40391890,64185012500,17657500,KSQ
1938,129890,KR7129890000,앱코,KOSDAQ,벤처기업부,1267,2,-1,-0.08,1277,1277,1238,87778,109899370,64165200470,50643410,KSQ
1939,318000,KR7318000007,KBG,KOSDAQ,벤처기업부,7340,2,-80,-1.08,7360,7480,7330,25160,186179400,64153236820,8740223,KSQ
1940,032680,KR7032680001,소프트센,KOSDAQ,중견기업부,606,2,-11,-1.78,617,625,602,949193,578227687,63988002984,105590764,KSQ
1941,440320,KR7440320000,오픈놀,KOSDAQ,기술성장기업부,6520,2,-200,-2.98,6680,6840,6500,183059,1220219140,63928600000,9805000,KSQ
1942,240600,KR7240600007,유진테크놀로지,KOSDAQ,중견기업부,9220,2,-60,-0.65,9190,9380,9180,22213,204884740,63877552220,6928151,KSQ
1943,222110,KR7222110009,팬젠,KOSDAQ,기술성장기업부,5590,2,-110,-1.93,5650,5740,5550,6555,36881390,63808077970,11414683,KSQ
1944,013700,KR7013700000,까뮤이앤씨,KOSPI,,1413,1,14,1.0,1400,1444,1375,113737,159234973,63800171640,45152280,STK
1945,434480,KR7434480000,모니터랩,KOSDAQ,기술성장기업부,5200,2,-90,-1.7,5290,5360,5180,52703,277167260,63717160000,12253300,KSQ
1946,069460,KR7069460004,대호에이엘,KOSPI,,943,1,4,0.43,943,955,940,156881,148418719,63694836928,67544896,STK
1947,046970,KR7046970000,우리로,KOSDAQ,벤처기업부,1452,2,-3,-0.21,1455,1464,1436,192956,279249380,63633898548,43824999,KSQ
1948,094940,KR7094940004,푸른기술,KOSDAQ,벤처기업부,7610,3,0,0.0,7570,7690,7570,66265,505446710,63630147460,8361386,KSQ
1949,137080,KR7137080008,나래나노텍,KOSDAQ,벤처기업부,5750,1,40,0.7,5730,5770,5720,11666,67017240,63591676500,11059422,KSQ
1950,004270,KR7004270005,남성,KOSPI,,1753,1,18,1.04,1738,1768,1736,17699,31003954,63479916480,36212160,STK
1951,097870,KR7097870000,효성오앤비,KOSDAQ,중견기업부,7470,2,-10,-0.13,7420,7520,7410,23366,174493460,63420300000,8490000,KSQ
1952,219750,KR7219750007,한국비티비,KOSDAQ,관리종목(소속부없음),967,0,0,0.0,0,0,0,0,0,63267797795,65426885,KSQ
1953,187660,KR7187660006,에이디엠코리아,KOSDAQ,중견기업부,2895,1,70,2.48,2825,2910,2785,78693,225090980,63215943750,21836250,KSQ
1954,024890,KR7024890006,대원화성,KOSPI,,1532,1,54,3.65,1478,1625,1478,170908,263980762,63193700864,41249152,STK
1955,274400,KR7274400001,이노시뮬레이션,KOSDAQ,기술성장기업부,8080,1,10,0.12,8030,8140,8010,20576,165744860,63184194080,7819826,KSQ
1956,227950,KR7227950003,엔투텍,KOSDAQ,중견기업부,610,2,-4,-0.65,610,618,601,241419,146534245,63181073300,103575530,KSQ
1957,214270,KR7214270001,FSN,KOSDAQ,중견기업부,1900,1,3,0.16,1874,1913,1874,32495,61368368,63175879700,33250463,KSQ
1958,049080,KR7049080005,기가레인,KOSDAQ,벤처기업부,744,1,7,0.95,735,745,728,184913,135884138,63153210168,84883347,KSQ
1959,066130,KR7066130006,하츠,KOSDAQ,우량기업부,4925,2,-25,-0.51,4945,4945,4915,11980,59020610,63040000000,12800000,KSQ
1960,001275,KR7001271006,부국증권우,KOSPI,,21000,2,-150,-0.71,21100,21100,21000,201,4237000,63000000000,3000000,STK
1961,353590,KR7353590003,오토앤,KOSDAQ,중견기업부,4890,1,45,0.93,4825,4945,4825,8979,43983230,62961537300,12875570,KSQ
1962,053620,KR7053620001,태양,KOSDAQ,우량기업부,7320,3,0,0.0,7320,7380,7320,162,1188830,62952000000,8600000,KSQ
1963,010640,KR7010640001,진양폴리,KOSPI,,6290,2,-10,-0.16,6380,6380,6220,9387,58933620,62900000000,10000000,STK
1964,057540,KR7057540007,옴니시스템,KOSDAQ,중견기업부,1019,2,-2,-0.2,1025,1033,1010,184092,187626352,62616892745,61449355,KSQ
1965,073640,KR7073640005,테라사이언스,KOSDAQ,관리종목(소속부없음),654,0,0,0.0,0,0,0,0,0,62514162216,95587404,KSQ
1966,001260,KR7001260009,남광토건,KOSPI,,6350,3,0,0.0,6380,6380,6300,4260,26964630,62436832200,9832572,STK
1967,204020,KR7204020002,그리티,KOSDAQ,벤처기업부,3095,1,20,0.65,3075,3155,3075,38704,120160255,62356295850,20147430,KSQ
1968,025750,KR7025750001,한솔홈데코,KOSPI,,773,2,-6,-0.77,779,779,771,30087,23256584,62276860177,80565149,STK
1969,053160,KR7053160008,프리엠스,KOSDAQ,중견기업부,10370,1,160,1.57,10210,10750,10210,25278,263672120,62220000000,6000000,KSQ
1970,120115,KR7120111000,코오롱인더우,KOSPI,,22450,1,50,0.22,22250,22700,22250,610,13725500,62138457000,2767860,STK
1971,031310,KR7031310006,아이즈비전,KOSDAQ,우량기업부,2720,1,65,2.45,2655,2785,2645,801444,2165358330,62133928320,22843356,KSQ
1972,014570,KR7014570006,고려제약,KOSDAQ,우량기업부,5640,1,80,1.44,5580,5720,5550,36417,205230600,62040000000,11000000,KSQ
1973,002880,KR7002880003,대유에이텍,KOSPI,,1325,2,-29,-2.14,1354,1354,1325,2051925,2154181026,61935826500,46744020,STK
1974,032790,KR7032790008,엠젠솔루션,KOSDAQ,벤처기업부,1483,2,-30,-1.98,1505,1533,1455,166660,247904104,61924982929,41756563,KSQ
1975,148930,KR7148930001,에이치와이티씨,KOSDAQ,중견기업부,6080,3,0,0.0,6080,6100,6070,10938,66488410,61865295040,10175213,KSQ
1976,294140,KR7294140009,레몬,KOSDAQ,중견기업부,2945,2,-20,-0.67,3040,3045,2945,20797,61732565,61845000000,21000000,KSQ
1977,419120,KR7419120001,산돌,KOSDAQ,중견기업부,7950,1,10,0.13,7950,8050,7910,6259,49899270,61805891700,7774326,KSQ
1978,376180,KR7376180006,피코그램,KOSDAQ,벤처기업부,3340,1,135,4.21,3210,3395,3210,80058,265358980,61761202520,18491378,KSQ
1979,009320,KR7009320003,대우부품,KOSPI,,1252,2,-7,-0.56,1259,1270,1250,13852,17381383,61723312040,49299770,STK
1980,057030,KR7057030009,YBM넷,KOSDAQ,중견기업부,3780,1,55,1.48,3745,3820,3725,19478,73330225,61661994660,16312697,KSQ
1981,405920,KR7405920000,나라셀라,KOSDAQ,중견기업부,4785,3,0,0.0,4785,4920,4765,19833,95508690,61621593660,12878076,KSQ
1982,025440,KR7025440009,DH오토웨어,KOSDAQ,중견기업부,400,2,-5,-1.23,412,415,399,99018,39824793,61562448000,153906120,KSQ
1983,037230,KR7037230000,한국팩키지,KOSDAQ,중견기업부,2060,2,-50,-2.37,2120,2175,2040,88464,184383500,61388673620,29800327,KSQ
1984,002630,KR7002630002,오리엔트바이오,KOSPI,,517,1,6,1.17,510,525,510,55966,28889976,61307413585,118583005,STK
1985,009730,KR7009730003,이렘,KOSDAQ,중견기업부,2005,1,10,0.5,2005,2015,1983,117512,234591708,61266331870,30556774,KSQ
1986,025560,KR7025560004,미래산업,KOSPI,,2005,2,-10,-0.5,2030,2045,2000,137034,275992340,61011688850,30429770,STK
1987,405000,KR7405000001,플라즈맵,KOSDAQ,기술성장기업부,3015,2,-20,-0.66,3090,3090,2835,166872,494782290,61007521005,20234667,KSQ
1988,075970,KR7075970004,동국알앤에스,KOSDAQ,중견기업부,3310,2,-5,-0.15,3290,3325,3270,45929,151677970,60904000000,18400000,KSQ
1989,279600,KR7279600001,미디어젠,KOSDAQ,기술성장기업부,13000,2,-140,-1.07,13140,13140,12890,9654,125312030,60902153000,4684781,KSQ
1990,026940,KR7026940007,부국철강,KOSPI,,3045,2,-5,-0.16,3045,3055,3020,32621,98974375,60900000000,20000000,STK
1991,104200,KR7104200001,NHN벅스,KOSDAQ,중견기업부,4100,2,-65,-1.56,4150,4155,4060,29674,121742240,60792955000,14827550,KSQ
1992,004590,KR7004590006,한국가구,KOSDAQ,우량기업부,4050,2,-45,-1.1,4150,4150,4040,24554,99845135,60750000000,15000000,KSQ
1993,226360,KR7226360006,KH 건설,KOSDAQ,투자주의환기종목(소속부없음),2555,0,0,0.0,0,0,0,0,0,60698450260,23756732,KSQ
1994,024830,KR7024830002,세원물산,KOSDAQ,우량기업부,7260,3,0,0.0,7290,7350,7150,175,1263030,60621000000,8350000,KSQ
1995,052670,KR7052670007,제일바이오,KOSDAQ,관리종목(소속부없음),2080,0,0,0.0,0,0,0,0,0,60588453120,29129064,KSQ
1996,239340,KR7239340003,이스트에이드,KOSDAQ,중견기업부,2245,3,0,0.0,2225,2270,2220,21302,47926390,60569278330,26979634,KSQ
1997,009835,KR7009831009,한화솔루션우,KOSPI,,23500,2,-50,-0.21,23500,24000,23350,6702,158323250,60520701500,2575349,STK
1998,011230,KR7011230000,삼화전자,KOSPI,,3570,2,-20,-0.56,3575,3605,3560,30490,109241280,60342639000,16902700,STK
1999,273060,KR7273060004,와이즈버즈,KOSDAQ,중견기업부,1193,2,-7,-0.58,1200,1209,1190,165593,197796266,60198281326,50459582,KSQ
2000,069640,KR7069640001,한세엠케이,KOSPI,,1998,1,8,0.4,1971,2005,1970,1821,3616153,60152790996,30106502,STK
2001,039010,KR7039010004,현대에이치티,KOSDAQ,우량기업부,6960,1,20,0.29,6910,6980,6890,27512,190702310,60030000000,8625000,KSQ
2002,014970,KR7014970008,삼륭물산,KOSDAQ,중견기업부,3965,2,-10,-0.25,3970,3970,3895,8883,34808265,59970625000,15125000,KSQ
2003,007680,KR7007680002,대원,KOSDAQ,벤처기업부,4455,1,30,0.68,4425,4470,4410,2035,9042810,59904041670,13446474,KSQ
2004,003560,KR7003560000,IHQ,KOSPI,,10760,0,0,0.0,0,0,0,0,0,59719334240,5550124,STK
2005,023350,KR7023350002,한국종합기술,KOSPI,,5450,1,30,0.55,5410,5490,5390,24487,132808220,59677500000,10950000,STK
2006,025530,KR7025530007,SJM홀딩스,KOSPI,,3995,1,50,1.27,3950,4125,3950,113231,456442225,59661361960,14934008,STK
2007,376980,KR7376980009,원티드랩,KOSDAQ,기술성장기업부,6160,2,-20,-0.32,6150,6260,6140,12852,79656650,59492700960,9657906,KSQ
2008,307280,KR7307280008,원바이오젠,KOSDAQ,중견기업부,1608,1,2,0.12,1601,1619,1601,72500,116554695,59430092904,36959013,KSQ
2009,005670,KR7005670005,푸드웰,KOSDAQ,우량기업부,5940,1,110,1.89,5830,6070,5800,33226,195356240,59400000000,10000000,KSQ
2010,006980,KR7006980007,우성,KOSPI,,19220,1,120,0.63,19100,19250,19040,918,17538860,59389800000,3090000,STK
2011,096690,KR7096690003,에이루트,KOSDAQ,투자주의환기종목(소속부없음),1774,1,63,3.68,1716,1795,1716,87999,155561753,59388533286,33477189,KSQ
2012,038060,KR7038060000,루멘스,KOSDAQ,중견기업부,1233,2,-2,-0.16,1244,1244,1230,17771,21933574,59311084077,48103069,KSQ
2013,003080,KR7003080009,성보화학,KOSPI,,2960,1,5,0.17,2960,2980,2945,34292,101573625,59259200000,20020000,STK
2014,303030,KR7303030001,지니틱스,KOSDAQ,벤처기업부,1655,2,-20,-1.19,1685,1690,1630,99894,164528339,59159080540,35745668,KSQ
2015,008420,KR7008420002,문배철강,KOSPI,,2885,2,-25,-0.86,2910,2910,2880,26869,77575540,59152611925,20503505,STK
2016,042040,KR7042040006,케이피엠테크,KOSDAQ,중견기업부,339,2,-2,-0.59,341,345,335,250277,84509105,59142250863,174460917,KSQ
2017,040610,KR7040610008,SG&G,KOSDAQ,중견기업부,1730,2,-6,-0.35,1740,1740,1718,88486,152903774,58970849080,34087196,KSQ
2018,060540,KR7060540002,에스에이티,KOSDAQ,우량기업부,2255,1,200,9.73,2120,2325,2115,1814888,4041964390,58930605030,26133306,KSQ
2019,198080,KR7198080004,엔피디,KOSDAQ,중견기업부,2735,2,-40,-1.44,2775,2795,2700,53696,146738765,58898730975,21535185,KSQ
2020,003310,KR7003310000,대주산업,KOSDAQ,우량기업부,1658,3,0,0.0,1675,1675,1653,64050,106213632,58680516300,35392350,KSQ
2021,008250,KR7008250003,이건산업,KOSPI,,5350,2,-40,-0.74,5340,5380,5330,4959,26560210,58596597250,10952635,STK
2022,022220,KR7022220008,TKG애강,KOSDAQ,우량기업부,1126,2,-10,-0.88,1136,1136,1126,18609,21025456,58320695954,51794579,KSQ
2023,013720,KR7013720008,CBI,KOSDAQ,중견기업부,1305,1,14,1.08,1332,1342,1301,162859,214365454,58239717480,44628136,KSQ
2024,256150,KR7256150004,한독크린텍,KOSDAQ,벤처기업부,6930,1,30,0.43,6980,6980,6870,2278,15751150,58177350000,8395000,KSQ
2025,099520,KR7099520009,ITX-AI,KOSDAQ,관리종목(소속부없음),1284,0,0,0.0,0,0,0,0,0,58141862016,45281824,KSQ
2026,128540,KR7128540002,에코캡,KOSDAQ,벤처기업부,2175,2,-60,-2.68,2270,2270,2135,46386,102024105,58051750500,26690460,KSQ
2027,054540,KR7054540000,삼영엠텍,KOSDAQ,중견기업부,4460,1,165,3.84,4295,4650,4295,427186,1919751685,57980000000,13000000,KSQ
2028,089530,KR7089530000,에이티세미콘,KOSDAQ,관리종목(소속부없음),600,0,0,0.0,0,0,0,0,0,57896956200,96494927,KSQ
2029,139670,KR7139670004,키네마스터,KOSDAQ,중견기업부,4095,1,25,0.61,4085,4170,4060,31095,127499510,57816526950,14118810,KSQ
2030,049630,KR7049630007,재영솔루텍,KOSDAQ,중견기업부,691,2,-1,-0.14,693,697,682,191375,131726943,57790559857,83633227,KSQ
2031,389030,KR7389030008,지니너스,KOSDAQ,기술성장기업부,1731,2,-5,-0.29,1751,1751,1717,23063,39787282,57697423695,33331845,KSQ
2032,016100,KR7016100000,리더스코스메틱,KOSDAQ,중견기업부,3020,2,-45,-1.47,3065,3140,2995,22882,69148495,57684699880,19100894,KSQ
2033,162120,KR7162120000,루켄테크놀러지스,KONEX,일반기업부,5230,2,-20,-0.38,5250,5260,5000,13071,67982700,57477365280,10989936,KNX
2034,245620,KR7245620000,EDGC,KOSDAQ,관리종목(소속부없음),415,0,0,0.0,0,0,0,0,0,57474989665,138493951,KSQ
2035,056700,KR7056700008,신화인터텍,KOSDAQ,중견기업부,1972,2,-13,-0.65,1985,1986,1960,26217,51717083,57454399452,29135091,KSQ
2036,016600,KR7016600009,큐캐피탈,KOSDAQ,중견기업부,322,1,5,1.58,318,331,316,1261131,406610055,57395570064,178247112,KSQ
2037,227610,KR7227610003,아우딘퓨쳐스,KOSDAQ,중견기업부,1723,1,19,1.12,1695,1724,1695,19863,34057301,57371552871,33297477,KSQ
2038,062860,KR7062860002,티엘아이,KOSDAQ,관리종목(소속부없음),5800,0,0,0.0,0,0,0,0,0,57261776000,9872720,KSQ
2039,298060,KR7298060005,에스씨엠생명과학,KOSDAQ,기술성장기업부,2795,2,-10,-0.36,2785,2870,2780,36378,102206235,57205958160,20467248,KSQ
2040,003680,KR7003680006,한성기업,KOSPI,,9210,2,-310,-3.26,9540,9620,9150,191822,1795818820,57189633150,6209515,STK
2041,047770,KR7047770003,코데즈컴바인,KOSDAQ,중견기업부,1510,1,10,0.67,1500,1513,1499,16153,24288302,57142329020,37842602,KSQ
2042,147760,KR7147760003,피엠티,KOSDAQ,벤처기업부,5280,2,-60,-1.12,5340,5380,5240,12826,67732460,57128892480,10819866,KSQ
2043,123700,KR7123700007,SJM,KOSPI,,3660,1,35,0.97,3620,3675,3615,43497,158493720,57113926680,15604898,STK
2044,216400,KR7216400002,인바이츠바이오코아,KONEX,일반기업부,7400,3,0,0.0,7550,7900,6750,3363,24197600,57063731000,7711315,KNX
2045,066360,KR7066360009,체리부로,KOSDAQ,중견기업부,1188,1,2,0.17,1186,1212,1184,76498,91055832,56966993820,47952015,KSQ
2046,050860,KR7050860006,아세아텍,KOSDAQ,우량기업부,2530,2,-65,-2.5,2575,2585,2515,49483,125467195,56925000000,22500000,KSQ
2047,133750,KR7133750000,메가엠디,KOSDAQ,중견기업부,2430,1,10,0.41,2430,2530,2390,460937,1135925220,56879197110,23407077,KSQ
2048,290380,KR7290380005,대유,KOSDAQ,관리종목(소속부없음),2300,0,0,0.0,0,0,0,0,0,56841307600,24713612,KSQ
2049,189860,KR7189860000,서전기전,KOSDAQ,벤처기업부,5860,2,-100,-1.68,5940,5940,5810,64500,377476950,56834850800,9698780,KSQ
2050,011390,KR7011390002,부산산업,KOSPI,,53800,2,-200,-0.37,53600,54300,53000,2107,112905200,56812800000,1056000,STK
2051,051630,KR7051630002,진양화학,KOSPI,,3595,1,45,1.27,3675,3675,3550,10924,39539950,56801000000,15800000,STK
2052,363250,KR7363250002,진시스템,KOSDAQ,기술성장기업부,8130,1,60,0.74,8190,8430,7920,147708,1203950260,56787139440,6984888,KSQ
2053,452300,KR7452300007,캡스톤파트너스,KOSDAQ,중견기업부,4035,2,-15,-0.37,4065,4065,4025,92977,375955025,56735146425,14060755,KSQ
2054,134790,KR7134790005,시디즈,KOSPI,,28350,2,-200,-0.7,28600,28650,28100,920,26188350,56700000000,2000000,STK
2055,088280,KR7088280003,쏘닉스,KOSDAQ,기술성장기업부,3270,2,-130,-3.82,3335,3440,3270,45925,152238270,56592222300,17306490,KSQ
2056,196450,KR7196450001,코아시아씨엠,KOSDAQ,중견기업부,1248,3,0,0.0,1243,1260,1229,10008,12425381,56558838336,45319582,KSQ
2057,004920,KR7004920005,씨아이테크,KOSPI,,1128,2,-36,-3.09,1160,1200,1100,181833,207209755,56474214504,50065793,STK
2058,099390,KR7099390007,브레인즈컴퍼니,KOSDAQ,벤처기업부,6880,1,60,0.88,6820,6890,6790,11345,77548780,56472987040,8208283,KSQ
2059,367000,KR7367000007,플래티어,KOSDAQ,벤처기업부,6730,3,0,0.0,6690,6770,6680,2339,15698290,56452633110,8388207,KSQ
2060,238120,KR7238120000,얼라인드,KOSDAQ,기술성장기업부,3920,2,-5,-0.13,3935,3960,3900,20642,81229120,56365272320,14378896,KSQ
2061,080010,KR7080010002,이상네트웍스,KOSDAQ,우량기업부,5630,3,0,0.0,5650,5690,5630,10222,57602650,56300000000,10000000,KSQ
2062,417180,KR7417180007,핑거스토리,KOSDAQ,중견기업부,3360,1,30,0.9,3330,3390,3310,54569,182433550,56244400800,16739405,KSQ
2063,068330,KR7068330000,일신바이오,KOSDAQ,중견기업부,1271,1,1,0.08,1257,1280,1253,60141,75867137,56198713940,44216140,KSQ
2064,438700,KR7438700007,버넥트,KOSDAQ,기술성장기업부,5040,1,45,0.9,5020,5110,4990,24367,123009880,56170245600,11144890,KSQ
2065,013810,KR7013810007,스페코,KOSDAQ,중견기업부,3830,1,45,1.19,3785,3955,3775,389424,1500847610,56130450100,14655470,KSQ
2066,037030,KR7037030004,파워넷,KOSDAQ,중견기업부,2710,1,20,0.74,2695,2740,2695,22528,61202010,55851479420,20609402,KSQ
2067,014130,KR7014130009,한익스프레스,KOSPI,,4640,1,140,3.11,4460,4750,4460,102605,473988200,55680000000,12000000,STK
2068,004440,KR7004440004,삼일씨엔에스,KOSPI,,4370,1,105,2.46,4255,4425,4235,40503,175475045,55638608390,12731947,STK
2069,28513K,KR728513K010,SK케미칼우,KOSPI,,26300,2,-50,-0.19,26200,26550,26150,4220,111348300,55635782700,2115429,STK
2070,377330,KR7377330006,이지트로닉스,KOSDAQ,기술성장기업부,6860,2,-30,-0.44,6850,6920,6850,3649,25063480,55634284440,8109954,KSQ
2071,060230,KR7060230000,소니드,KOSDAQ,중견기업부,1377,2,-10,-0.72,1394,1446,1370,275988,387114490,55577026773,40360949,KSQ
2072,143210,KR7143210003,핸즈코퍼레이션,KOSPI,,2540,1,10,0.4,2555,2570,2490,65560,165733125,55564397380,21875747,STK
2073,011420,KR7011420007,갤럭시아에스엠,KOSPI,,2015,2,-15,-0.74,2010,2045,2000,119423,240424860,55512532660,27549644,STK
2074,012160,KR7012160008,영흥,KOSPI,,547,1,5,0.92,537,547,525,125475,66897921,55416773484,101310372,STK
2075,033560,KR7033560004,블루콤,KOSDAQ,중견기업부,3240,1,55,1.73,3190,3315,3175,9564,30896665,55404000000,17100000,KSQ
2076,056360,KR7056360001,코위버,KOSDAQ,우량기업부,5650,2,-50,-0.88,5710,5730,5640,7879,44674290,55351920000,9796800,KSQ
2077,023770,KR7023770001,플레이위드,KOSDAQ,중견기업부,6310,2,-100,-1.56,6410,6460,6300,29795,188879910,55318634200,8766820,KSQ
2078,006805,KR7006801005,미래에셋증권우,KOSPI,,3930,1,15,0.38,3915,3980,3885,10195,39954900,55317697500,14075750,STK
2079,276040,KR7276040003,스코넥,KOSDAQ,기술성장기업부,4385,2,-105,-2.34,4425,4550,4385,48081,213434380,55051368490,12554474,KSQ
2080,007530,KR7007530009,와이엠,KOSDAQ,중견기업부,2870,2,-30,-1.03,2915,2915,2870,18028,52341285,55030677240,19174452,KSQ
2081,020760,KR7020760005,일진디스플,KOSPI,,1068,2,-5,-0.47,1094,1094,1063,45378,48700889,55016675388,51513741,STK
2082,299170,KR7299170001,더블유에스아이,KOSDAQ,중견기업부,1830,1,10,0.55,1820,1836,1814,30538,55686750,54951172290,30027963,KSQ
2083,091090,KR7091090001,세원이앤씨,KOSPI,,1270,0,0,0.0,0,0,0,0,0,54838923850,43180255,STK
2084,036180,KR7036180008,지더블유바이텍,KOSDAQ,중견기업부,599,2,-2,-0.33,601,610,586,252820,150801706,54787250475,91464525,KSQ
2085,217480,KR7217480003,에스디생명공학,KOSDAQ,관리종목(소속부없음),499,0,0,0.0,0,0,0,0,0,54756837359,109733141,KSQ
2086,140520,KR7140520008,대창스틸,KOSDAQ,우량기업부,2585,1,10,0.39,2575,2590,2560,8962,23091545,54567393155,21109243,KSQ
2087,126640,KR7126640002,화신정공,KOSDAQ,우량기업부,1498,2,-2,-0.13,1506,1506,1485,37965,56675064,54488082726,36373887,KSQ
2088,263920,KR7263920001,휴엠앤씨,KOSDAQ,벤처기업부,1108,2,-22,-1.95,1130,1130,1107,104524,116758377,54342008472,49045134,KSQ
2089,181340,KR7181340001,이즈미디어,KOSDAQ,관리종목(소속부없음),2705,0,0,0.0,0,0,0,0,0,54259503030,20058966,KSQ
2090,241820,KR7241820000,피씨엘,KOSDAQ,벤처기업부,1004,1,2,0.2,1003,1012,951,112086,110303079,54254270472,54038118,KSQ
2091,081580,KR7081580003,성우전자,KOSDAQ,우량기업부,3495,2,-10,-0.29,3475,3555,3180,405816,1373719925,54200959785,15508143,KSQ
2092,005360,KR7005360003,모나미,KOSPI,,2865,1,15,0.53,2845,2885,2820,85014,243942665,54140784555,18897307,STK
2093,263810,KR7263810004,상신전자,KOSDAQ,중견기업부,3800,2,-20,-0.52,3850,3850,3770,36746,139683170,54129928400,14244718,KSQ
2094,177830,KR7177830007,파버나인,KOSDAQ,우량기업부,3780,3,0,0.0,3780,3805,3750,86529,326768205,54011486340,14288753,KSQ
2095,007610,KR7007610009,선도전기,KOSPI,,3000,0,0,0.0,0,0,0,0,0,54000000000,18000000,STK
2096,036170,KR7036170009,클라우드에어,KOSDAQ,중견기업부,877,1,4,0.46,878,884,872,51189,44859825,53817654002,61365626,KSQ
2097,373170,KR7373170000,엠아이큐브솔루션,KOSDAQ,벤처기업부,10670,1,10,0.09,10580,10730,10580,2034,21589570,53754713100,5037930,KSQ
2098,446070,KR7446070005,유니드비티플러스,KOSPI,,5060,1,125,2.53,4930,5170,4885,35685,179974195,53692747900,10611215,STK
2099,033200,KR7033200007,모아텍,KOSDAQ,투자주의환기종목(소속부없음),3740,2,-370,-9.0,4000,4100,3705,106911,406791250,53598631900,14331185,KSQ
2100,051380,KR7051380004,피씨디렉트,KOSDAQ,중견기업부,3480,1,55,1.61,3420,3515,3420,39083,136243915,53383450560,15340072,KSQ
2101,335810,KR7335810008,프리시젼바이오,KOSDAQ,기술성장기업부,4595,1,5,0.11,4545,4740,4450,16059,73712105,53368746970,11614526,KSQ
2102,033250,KR7033250002,체시스,KOSPI,,1667,1,29,1.77,1670,1724,1635,959989,1608039124,53344000000,32000000,STK
2103,109820,KR7109820001,진매트릭스,KOSDAQ,기술성장기업부,2615,2,-140,-5.08,2730,2775,2605,104799,279252235,53329368600,20393640,KSQ
2104,032580,KR7032580003,피델릭스,KOSDAQ,중견기업부,1606,2,-14,-0.86,1620,1639,1592,181056,290456339,53210094784,33132064,KSQ
2105,060380,KR7060380003,동양에스텍,KOSDAQ,우량기업부,2700,1,230,9.31,2590,2840,2495,1806673,4838372480,53190000000,19700000,KSQ
2106,419540,KR7419540000,비스토스,KOSDAQ,벤처기업부,2310,2,-90,-3.75,2535,2595,2285,4824714,11809436225,53112700410,22992511,KSQ
2107,021880,KR7021880000,메이슨캐피탈,KOSDAQ,중견기업부,348,1,4,1.16,345,352,345,105261,36528646,52960173984,152184408,KSQ
2108,109080,KR7109080002,옵티시스,KOSDAQ,벤처기업부,9390,1,200,2.18,9400,9510,9280,20102,189049370,52922040000,5636000,KSQ
2109,340810,KR7340810001,씨유박스,KOSDAQ,기술성장기업부,4965,2,-85,-1.68,5110,5110,4915,12709,63192500,52866629865,10647861,KSQ
2110,361670,KR7361670003,삼영에스앤씨,KOSDAQ,기술성장기업부,9310,2,-150,-1.59,9420,9900,9080,87409,817664700,52765895980,5667658,KSQ
2111,197140,KR7197140007,디지캡,KOSDAQ,벤처기업부,4050,3,0,0.0,4050,4095,4035,4804,19448410,52703273700,13013154,KSQ
2112,053590,KR7053590006,한국테크놀로지,KOSDAQ,투자주의환기종목(소속부없음),334,0,0,0.0,0,0,0,0,0,52484809098,157140147,KSQ
2113,221980,KR7221980006,케이디켐,KOSDAQ,우량기업부,12990,1,120,0.93,12890,13000,12890,1854,23999740,52412052000,4034800,KSQ
2114,262840,KR7262840002,아이퀘스트,KOSDAQ,벤처기업부,2715,3,0,0.0,2720,2745,2690,9881,26772925,52372350000,19290000,KSQ
2115,102950,KR7102950003,아하,KONEX,일반기업부,3990,0,0,0.0,0,0,0,0,0,52356392970,13121903,KNX
2116,005305,KR7005301007,롯데칠성우,KOSPI,,67500,2,-700,-1.03,68200,69000,67400,2969,200851800,52333425000,775310,STK
2117,418250,KR7418250007,시큐레터,KOSDAQ,투자주의환기종목(소속부없음),6550,0,0,0.0,0,0,0,0,0,52279100100,7981542,KSQ
2118,313760,KR7313760001,캐리,KOSDAQ,투자주의환기종목(소속부없음),7170,2,-20,-0.28,7170,7330,6700,79933,561509910,52261276770,7288881,KSQ
2119,173940,KR7173940008,에프엔씨엔터,KOSDAQ,중견기업부,3390,1,50,1.5,3360,3395,3360,1298,4381990,52181619120,15392808,KSQ
2120,091590,KR7091590000,남화토건,KOSDAQ,우량기업부,4440,2,-100,-2.2,4420,4490,4395,20934,92598335,52125600000,11740000,KSQ
2121,048770,KR7048770002,TPC,KOSDAQ,벤처기업부,3320,1,5,0.15,3315,3345,3300,11456,37988660,52117330120,15697991,KSQ
2122,429270,KR7429270002,시지트로닉스,KOSDAQ,기술성장기업부,11530,1,550,5.01,11000,12600,11000,613416,7274325710,51957062500,4506250,KSQ
2123,004870,KR7004870002,티웨이홀딩스,KOSPI,,464,2,-11,-2.32,474,477,464,138728,65076239,51787825552,111611693,STK
2124,101240,KR7101240000,씨큐브,KOSDAQ,벤처기업부,5000,2,-710,-12.43,5350,5580,4905,1014795,5160255295,51704735000,10340947,KSQ
2125,000725,KR7000721001,현대건설우,KOSPI,,49000,1,100,0.2,49400,49400,48900,594,29132950,51679957000,1054693,STK
2126,153490,KR7153490008,우리이앤엘,KOSDAQ,우량기업부,1003,1,2,0.2,1009,1011,1001,27869,27994332,51634440000,51480000,KSQ
2127,337840,KR7337840003,유엑스엔,KONEX,일반기업부,13920,1,170,1.24,14000,14450,13500,27,371010,51615930720,3708041,KNX
2128,046940,KR7046940003,우원개발,KOSDAQ,중견기업부,2855,1,15,0.53,2855,2885,2825,29299,83503175,51602269250,18074350,KSQ
2129,049800,KR7049800006,우진플라임,KOSPI,,2580,2,-10,-0.39,2590,2605,2575,3848,9948725,51600000000,20000000,STK
2130,33637K,KR733637K010,솔루스첨단소재1우,KOSPI,,3050,2,-40,-1.29,3100,3125,3045,56622,174209300,51571736300,16908766,STK
2131,096610,KR7096610001,알에프세미,KOSDAQ,투자주의환기종목(소속부없음),2965,0,0,0.0,0,0,0,0,0,51550708615,17386411,KSQ
2132,023960,KR7023960008,에쓰씨엔지니어링,KOSPI,,1568,2,-13,-0.82,1590,1590,1550,30476,47918630,51542167040,32871280,STK
2133,114630,KR7114630007,폴라리스우노,KOSDAQ,우량기업부,662,1,1,0.15,665,665,660,137421,90954827,51475496776,77757548,KSQ
2134,138070,KR7138070008,신진에스엠,KOSDAQ,우량기업부,2940,2,-20,-0.68,2950,2965,2920,54338,159783905,51459419760,17503204,KSQ
2135,024120,KR7024120008,KB오토시스,KOSDAQ,중견기업부,4460,2,-55,-1.22,4500,4515,4430,16650,74242435,51290000000,11500000,KSQ
2136,322780,KR7322780008,코퍼스코리아,KOSDAQ,중견기업부,1351,2,-13,-0.95,1363,1375,1347,54888,75012111,51246960163,37932613,KSQ
2137,008370,KR7008370009,원풍,KOSDAQ,우량기업부,4270,1,5,0.12,4265,4270,4235,4677,19903345,51240000000,12000000,KSQ
2138,052600,KR7052600004,한네트,KOSDAQ,중견기업부,4430,2,-45,-1.01,4465,4465,4415,10040,44555155,51227191000,11563700,KSQ
2139,068100,KR7068100007,케이웨더,KOSDAQ,기술성장기업부,5140,1,50,0.98,5060,5160,5060,32191,164189440,51089615960,9939614,KSQ
2140,037760,KR7037760006,쎄니트,KOSDAQ,우량기업부,1509,2,-2,-0.13,1511,1511,1495,3521,5293482,51053877789,33832921,KSQ
2141,007720,KR7007720006,대명소노시즌,KOSDAQ,중견기업부,506,2,-7,-1.36,520,521,499,154892,78511330,51005027700,100800450,KSQ
2142,080520,KR7080520000,오디텍,KOSDAQ,벤처기업부,4340,2,-25,-0.57,4380,4380,4335,3490,15193075,50980283060,11746609,KSQ
2143,900310,HK0000341732,컬러레이,KOSDAQ,외국기업(소속부없음),796,2,-8,-1.0,804,805,795,69706,55611410,50977173300,64041675,KSQ
2144,246690,KR7246690002,TS인베스트먼트,KOSDAQ,중견기업부,1229,3,0,0.0,1229,1236,1226,25823,31723557,50976292398,41477862,KSQ
2145,049120,KR7049120009,파인디앤씨,KOSDAQ,벤처기업부,1169,1,84,7.74,1086,1337,1086,2348264,2912885733,50871376507,43517003,KSQ
2146,038620,KR7038620001,위즈코프,KOSDAQ,벤처기업부,764,2,-2,-0.26,763,770,762,67405,51530643,50841499260,66546465,KSQ
2147,187220,KR7187220009,디티앤씨,KOSDAQ,벤처기업부,4345,2,-35,-0.8,4400,4435,4325,63414,278058620,50827901245,11698021,KSQ
2148,049830,KR7049830003,승일,KOSDAQ,중견기업부,8280,1,20,0.24,8260,8300,8160,1295,10701600,50773887360,6132112,KSQ
2149,052300,KR7052300001,씨티프라퍼티,KOSDAQ,중견기업부,382,1,1,0.26,381,384,380,93171,35547047,50672846260,132651430,KSQ
2150,016250,KR7016250003,SGC E&C,KOSDAQ,우량기업부,15620,1,10,0.06,15740,15800,15000,3162,49392970,50664797700,3243585,KSQ
2151,267790,KR7267790004,배럴,KOSDAQ,중견기업부,6420,2,-130,-1.98,6470,6680,6310,24296,156298520,50644170000,7888500,KSQ
2152,045060,KR7045060001,오공,KOSDAQ,우량기업부,2980,1,20,0.68,2960,3000,2960,6606,19700125,50487082520,16941974,KSQ
2153,012280,KR7012280004,영화금속,KOSPI,,972,2,-16,-1.62,990,990,962,56033,54368034,50217898860,51664505,STK
2154,131100,KR7131100000,티엔엔터테인먼트,KOSDAQ,중견기업부,1785,1,38,2.18,1748,1790,1706,87001,151173194,50066129820,28048252,KSQ
2155,222980,KR7222980005,한국맥널티,KOSDAQ,벤처기업부,4535,2,-45,-0.98,4600,4600,4530,13325,60807290,50027775405,11031483,KSQ
2156,001840,KR7001840008,이화공영,KOSDAQ,중견기업부,2525,2,-15,-0.59,2540,2545,2500,11485,28871980,50009544000,19805760,KSQ
2157,039020,KR7039020003,이건홀딩스,KOSDAQ,중견기업부,2210,2,-10,-0.45,2210,2230,2180,22108,48628140,49912206890,22584709,KSQ
2158,252500,KR7252500004,세화피앤씨,KOSDAQ,중견기업부,1203,1,27,2.3,1194,1280,1185,9440601,11612067215,49908127170,41486390,KSQ
2159,37550L,KR737550K029,DL이앤씨2우(전환),KOSPI,,23550,1,50,0.21,23500,24150,23200,10356,245442400,49736446050,2111951,STK
2160,010600,KR7010600005,웰바이오텍,KOSPI,,545,0,0,0.0,0,0,0,0,0,49553256815,90923407,STK
2161,200780,KR7200780005,비씨월드제약,KOSDAQ,벤처기업부,5570,2,-60,-1.07,5580,5650,5500,4763,26424820,49530578880,8892384,KSQ
2162,219550,KR7219550001,디와이디,KOSDAQ,중견기업부,687,2,-1,-0.15,702,702,667,230395,157519182,49268483235,71715405,KSQ
2163,058450,KR7058450008,엔터파트너즈,KOSDAQ,중견기업부,4120,2,-155,-3.63,4180,4350,4070,46953,195037345,49237559680,11950864,KSQ
2164,415380,KR7415380005,스튜디오삼익,KOSDAQ,중견기업부,11630,2,-20,-0.17,11660,11860,11630,27127,317886920,49142541740,4225498,KSQ
2165,012200,KR7012200002,계양전기,KOSPI,,1805,2,-8,-0.44,1813,1829,1792,94007,169297046,49137206345,27222829,STK
2166,145270,KR7145270005,케이탑리츠,KOSPI,,1022,3,0,0.0,1025,1025,1019,10083,10292052,49118111028,48060774,STK
2167,288330,KR7288330004,브릿지바이오테라퓨틱스,KOSDAQ,기술성장기업부,1995,1,12,0.61,1983,2015,1980,77929,155621338,48826803060,24474588,KSQ
2168,090150,KR7090150004,아이윈,KOSDAQ,중견기업부,1165,1,15,1.3,1150,1180,1150,63021,73149856,48784716345,41875293,KSQ
2169,309930,KR7309930006,오하임앤컴퍼니,KOSDAQ,중견기업부,2290,2,-75,-3.17,2405,2405,2275,38221,88956240,48756367100,21290990,KSQ
2170,377220,KR7377220009,프롬바이오,KOSDAQ,기술성장기업부,1710,2,-2,-0.12,1700,1724,1698,41854,71331005,48410100000,28310000,KSQ
2171,082660,KR7082660002,코스나인,KOSDAQ,투자주의환기종목(소속부없음),558,1,10,1.82,555,563,542,1244288,691457981,48334444902,86620869,KSQ
2172,403360,KR7403360001,라피치,KONEX,일반기업부,13990,1,40,0.29,13300,13990,13300,301,4003990,48257861460,3449454,KNX
2173,332290,KR7332290006,누보,KOSDAQ,벤처기업부,1441,2,-15,-1.03,1470,1473,1439,28747,41730065,48107501123,33384803,KSQ
2174,065500,KR7065500001,오리엔트정공,KOSDAQ,중견기업부,1509,1,29,1.96,1484,1513,1475,45443,67942837,47900054208,31742912,KSQ
2175,318010,KR7318010006,팜스빌,KOSDAQ,중견기업부,6040,2,-40,-0.66,6080,6180,6000,4827,29237010,47893201520,7929338,KSQ
2176,340440,KR7340440007,세림B&G,KOSDAQ,벤처기업부,1686,2,-13,-0.77,1710,1710,1681,33529,56608447,47845921704,28378364,KSQ
2177,258610,KR7258610005,케일럼,KOSDAQ,중견기업부,1781,1,17,0.96,1764,1791,1698,20594,36134928,47707883873,26787133,KSQ
2178,009460,KR7009460007,한창제지,KOSPI,,798,2,-2,-0.25,808,808,787,124368,98632185,47614653828,59667486,STK
2179,169330,KR7169330008,엠브레인,KOSDAQ,중견기업부,2605,1,15,0.58,2620,2715,2555,11398,29374780,47559271390,18256918,KSQ
2180,007770,KR7007770001,한일화학,KOSDAQ,우량기업부,13540,2,-110,-0.81,13650,13730,13530,5729,77678430,47525400000,3510000,KSQ
2181,047080,KR7047080007,한빛소프트,KOSDAQ,중견기업부,1905,2,-5,-0.26,1910,1914,1897,12640,24036697,47286599610,24822362,KSQ
2182,083550,KR7083550004,케이엠,KOSDAQ,우량기업부,3820,3,0,0.0,3820,3885,3770,12498,47726780,47269543320,12374226,KSQ
2183,048470,KR7048470009,대동스틸,KOSDAQ,중견기업부,4725,2,-145,-2.98,4900,4940,4640,926708,4400891070,47250000000,10000000,KSQ
2184,290520,KR7290520006,신도기연,KOSDAQ,벤처기업부,2960,1,45,1.54,2925,2980,2920,8080,23727145,47150911520,15929362,KSQ
2185,085910,KR7085910008,네오티스,KOSDAQ,중견기업부,3380,2,-40,-1.17,3480,3480,3380,33940,115573420,47099684840,13934818,KSQ
2186,278990,KR7278990007,EMB,KONEX,일반기업부,9790,3,0,0.0,9790,9790,9790,56,548240,47007477990,4801581,KNX
2187,187270,KR7187270004,신화콘텍,KOSDAQ,벤처기업부,4610,2,-5,-0.11,4615,4615,4575,36893,169376550,46763125450,10143845,KSQ
2188,079000,KR7079000006,와토스코리아,KOSDAQ,중견기업부,6490,1,50,0.78,6430,6620,6350,4646,29891080,46728000000,7200000,KSQ
2189,051780,KR7051780005,큐로홀딩스,KOSDAQ,중견기업부,342,1,1,0.29,341,344,336,70876,24046534,46656477900,136422450,KSQ
2190,018700,KR7018700005,바른손,KOSDAQ,중견기업부,1327,2,-3,-0.23,1330,1330,1322,14439,19124659,46603917539,35119757,KSQ
2191,019770,KR7019770007,서연탑메탈,KOSDAQ,우량기업부,4000,1,30,0.76,3965,4020,3960,19292,76686505,46600000000,11650000,KSQ
2192,072130,KR7072130008,유엔젤,KOSPI,,3520,1,15,0.43,3555,3665,3510,127745,456200675,46447998080,13195454,STK
2193,010280,KR7010280006,쌍용정보통신,KOSDAQ,투자주의환기종목(소속부없음),712,1,13,1.86,701,714,698,101500,71803222,46368135632,65123786,KSQ
2194,032980,KR7032980005,바이온,KOSDAQ,중견기업부,1144,1,2,0.18,1155,1155,1119,132581,151028431,46352482176,40517904,KSQ
2195,052860,KR7052860004,아이앤씨,KOSDAQ,벤처기업부,2590,3,0,0.0,2610,2610,2540,22960,58805175,46264791860,17862854,KSQ
2196,032960,KR7032960007,동일기연,KOSDAQ,중견기업부,11600,2,-50,-0.43,11600,11700,11460,18678,215654070,46241346800,3986323,KSQ
2197,417860,KR7417860004,오브젠,KOSDAQ,기술성장기업부,11830,1,110,0.94,11970,11970,11810,1136,13453340,46194375500,3904850,KSQ
2198,032800,KR7032800005,판타지오,KOSDAQ,중견기업부,201,2,-2,-0.99,202,202,200,1020694,205420055,46186844094,229785294,KSQ
2199,388610,KR7388610008,지에프씨생명과학,KONEX,일반기업부,14970,2,-40,-0.27,15000,15000,14950,383,5740020,46176132660,3084578,KNX
2200,024940,KR7024940009,PN풍년,KOSDAQ,벤처기업부,4615,1,30,0.65,4590,4650,4520,107668,492209265,46150000000,10000000,KSQ
2201,069410,KR7069410009,엔텔스,KOSDAQ,벤처기업부,4495,2,-85,-1.86,4580,4580,4470,34405,154871980,46050483880,10244824,KSQ
2202,153460,KR7153460001,네이블,KOSDAQ,벤처기업부,7040,2,-70,-0.98,7090,7090,7020,92,648710,45971298560,6530014,KSQ
2203,023150,KR7023150006,MH에탄올,KOSPI,,6230,1,20,0.32,6230,6280,6190,6121,38089490,45968216980,7378526,STK
2204,065370,KR7065370009,위세아이텍,KOSDAQ,벤처기업부,6220,2,-10,-0.16,6230,6250,6160,14494,89656770,45928193880,7383954,KSQ
2205,036690,KR7036690006,코맥스,KOSDAQ,관리종목(소속부없음),2885,0,0,0.0,0,0,0,0,0,45885746130,15904938,KSQ
2206,045340,KR7045340007,토탈소프트,KOSDAQ,벤처기업부,5360,1,90,1.71,5210,5400,5200,15296,81059700,45871094400,8558040,KSQ
2207,052460,KR7052460003,아이크래프트,KOSDAQ,중견기업부,3140,1,15,0.48,3125,3170,3105,48044,150688660,45868919040,14607936,KSQ
2208,263020,KR7263020000,디케이앤디,KOSDAQ,벤처기업부,3040,2,-45,-1.46,3085,3100,3030,41234,126817840,45812286240,15069831,KSQ
2209,019175,KR7019171008,신풍제약우,KOSPI,,20800,1,150,0.73,20800,20950,20800,1381,28743400,45760000000,2200000,STK
2210,290120,KR7290120005,DH오토리드,KOSDAQ,우량기업부,2945,1,35,1.2,2900,2950,2885,13577,39716965,45692081410,15515138,KSQ
2211,000215,KR7000211003,DL우,KOSPI,,27050,1,250,0.93,26800,27650,26600,3285,88608800,45609410750,1686115,STK
2212,065170,KR7065170003,비엘팜텍,KOSDAQ,중견기업부,512,1,2,0.39,510,518,503,101395,51558644,45552926208,88970559,KSQ
2213,448740,KR7448740001,삼성스팩8호,KOSDAQ,SPAC(소속부없음),9750,2,-30,-0.31,9750,9790,9750,13090,127792890,45474000000,4664000,KSQ
2214,078590,KR7078590007,휴림에이텍,KOSDAQ,중견기업부,838,1,2,0.24,841,842,831,74016,61939669,45428264082,54210339,KSQ
2215,034940,KR7034940007,조아제약,KOSDAQ,중견기업부,1461,3,0,0.0,1461,1464,1450,33386,48587326,45261527247,30979827,KSQ
2216,348080,KR7348080003,큐라티스,KOSDAQ,기술성장기업부,1073,1,3,0.28,1070,1093,1068,66839,71938466,45229106730,42152010,KSQ
2217,210120,KR7210120002,빅텐츠,KOSDAQ,중견기업부,14380,2,-420,-2.84,14800,14800,14300,13931,201467710,45219491800,3144610,KSQ
2218,006570,KR7006570006,대림통상,KOSPI,,2970,3,0,0.0,2980,2980,2940,936,2775085,45218250000,15225000,STK
2219,025880,KR7025880006,케이씨피드,KOSDAQ,중견기업부,2700,1,15,0.56,2685,2740,2685,34050,92500590,45132816600,16715858,KSQ
2220,115610,KR7115610008,이미지스,KOSDAQ,벤처기업부,2865,2,-125,-4.18,2990,3020,2860,78413,227446340,45106545675,15743995,KSQ
2221,222420,KR7222420002,쎄노텍,KOSDAQ,중견기업부,991,2,-3,-0.3,991,995,987,35717,35339942,45051088921,45460231,KSQ
2222,010770,KR7010770006,평화홀딩스,KOSPI,,3080,1,15,0.49,3065,3080,3030,2869,8791350,45046435280,14625466,STK
2223,042940,KR7042940007,상지건설,KOSDAQ,중견기업부,3740,2,-25,-0.66,3765,3795,3695,16241,60319525,44675960560,11945444,KSQ
2224,291650,KR7291650000,압타머사이언스,KOSDAQ,기술성장기업부,2630,1,35,1.35,2595,2655,2555,22420,57860320,44658062760,16980252,KSQ
2225,014990,KR7014990006,인디에프,KOSPI,,594,3,0,0.0,594,599,592,20150,11977734,44617119030,75112995,STK
2226,199730,KR7199730003,바이오인프라,KOSDAQ,벤처기업부,9170,3,0,0.0,9180,9260,9130,2115,19455940,44606245390,4864367,KSQ
2227,046310,KR7046310009,백금T&A,KOSDAQ,중견기업부,2715,1,5,0.18,2710,2740,2695,26784,72550845,44576610315,16418641,KSQ
2228,127120,KR7127120004,디엔에이링크,KOSDAQ,벤처기업부,2385,2,-10,-0.42,2395,2395,2270,58406,136715020,44567436060,18686556,KSQ
2229,354390,KR7354390007,바스칸바이오제약,KONEX,일반기업부,6350,0,0,0.0,0,0,0,0,0,44565868450,7018247,KNX
2230,006125,KR7006121008,SK디스커버리우,KOSPI,,32750,1,700,2.18,32000,33150,32000,5468,178918300,44489401250,1358455,STK
2231,353190,KR7353190002,휴럼,KOSDAQ,중견기업부,1128,1,5,0.45,1120,1140,1114,597703,673413103,44418857760,39378420,KSQ
2232,228340,KR7228340006,동양파일,KOSDAQ,우량기업부,2220,1,35,1.6,2200,2275,2170,14480,32033895,44400000000,20000000,KSQ
2233,021040,KR7021040001,대호특수강,KOSDAQ,중견기업부,4075,1,25,0.62,4050,4075,4045,4168,16927620,44223477025,10852387,KSQ
2234,089150,KR7089150007,케이씨티,KOSDAQ,중견기업부,2575,1,5,0.19,2570,2645,2545,79686,204988360,44161250000,17150000,KSQ
2235,317120,KR7317120004,라닉스,KOSDAQ,기술성장기업부,4555,2,-55,-1.19,4710,4710,4545,100234,459956595,44001300000,9660000,KSQ
2236,036000,KR7036000008,예림당,KOSDAQ,중견기업부,1910,1,28,1.49,1905,1917,1882,17185,32736679,43995469070,23034277,KSQ
2237,111870,KR7111870002,KH 미래물산,KOSDAQ,관리종목(소속부없음),8910,0,0,0.0,0,0,0,0,0,43928518590,4930249,KSQ
2238,362990,KR7362990004,드림인사이트,KOSDAQ,벤처기업부,2655,1,5,0.19,2660,2660,2605,10790,28357405,43786169730,16491966,KSQ
2239,065440,KR7065440000,이루온,KOSDAQ,벤처기업부,1601,1,2,0.13,1599,1609,1595,48950,78458165,43667307020,27275020,KSQ
2240,065060,KR7065060006,지엔코,KOSDAQ,중견기업부,404,2,-9,-2.18,413,419,393,180334,73126815,43635249776,108008044,KSQ
2241,009310,KR7009310004,참엔지니어링,KOSPI,,514,2,-20,-3.75,529,533,505,1183191,609867549,43621853366,84867419,STK
2242,148780,KR7148780000,비큐AI,KOSDAQ,기술성장기업부,1386,2,-32,-2.26,1418,1430,1386,178883,250993954,43583774850,31445725,KSQ
2243,080720,KR7080720006,한국유니온제약,KOSDAQ,벤처기업부,5510,2,-70,-1.25,5580,5610,5440,3594,19937120,43583157790,7909829,KSQ
2244,032750,KR7032750002,삼진,KOSDAQ,우량기업부,4825,1,15,0.31,4810,4830,4785,5707,27542865,43575163650,9031122,KSQ
2245,247660,KR7247660004,나노씨엠에스,KOSDAQ,기술성장기업부,10010,1,210,2.14,9800,10170,9650,37929,379841840,43482639200,4343920,KSQ
2246,318160,KR7318160009,셀바이오휴먼텍,KOSDAQ,벤처기업부,4695,1,300,6.83,4390,4745,4285,166777,758412765,43479930195,9260901,KSQ
2247,002290,KR7002290005,삼일기업공사,KOSDAQ,중견기업부,3480,1,55,1.61,3450,3505,3435,28417,98274595,43152000000,12400000,KSQ
2248,356890,KR7356890004,싸이버원,KOSDAQ,벤처기업부,3605,1,15,0.42,3660,3660,3570,25247,90834515,42958351625,11916325,KSQ
2249,221800,KR7221800006,유투바이오,KOSDAQ,기술성장기업부,3805,1,5,0.13,3765,3880,3700,35880,135397000,42947780780,11287196,KSQ
2250,038950,KR7038950002,파인디지털,KOSDAQ,중견기업부,4205,1,10,0.24,4195,4300,4165,10439,44089650,42936266825,10210765,KSQ
2251,127710,KR7127710002,아시아경제,KOSDAQ,우량기업부,1230,2,-5,-0.4,1234,1234,1217,1678,2055916,42932020860,34904082,KSQ
2252,021650,KR7021650007,한국큐빅,KOSDAQ,우량기업부,2625,3,0,0.0,2625,2650,2595,8662,22614750,42920227875,16350563,KSQ
2253,208640,KR7208640003,썸에이지,KOSDAQ,중견기업부,308,3,0,0.0,308,313,305,118645,36465281,42885998232,139240254,KSQ
2254,221840,KR7221840002,하이즈항공,KOSDAQ,중견기업부,2290,2,-25,-1.08,2295,2335,2280,5850,13390530,42824284690,18700561,KSQ
2255,303360,KR7303360002,프로티아,KOSDAQ,기술성장기업부,3320,1,65,2.0,3255,3360,3255,17939,59533380,42752353800,12877215,KSQ
2256,006200,KR7006200000,한국전자홀딩스,KOSPI,,913,1,5,0.55,909,918,908,56119,51080401,42731263168,46803136,STK
2257,435620,KR7435620000,하나금융25호스팩,KOSDAQ,SPAC(소속부없음),9930,2,-40,-0.4,9960,9980,9930,19079,189842720,42718860000,4302000,KSQ
2258,297570,KR7297570004,알로이스,KOSDAQ,벤처기업부,1230,2,-8,-0.65,1231,1238,1226,28545,35064210,42584098140,34621218,KSQ
2259,900100,USU652221081,애머릿지,KOSDAQ,외국기업(소속부없음),1008,1,9,0.9,999,1020,998,42227,42422174,42535482192,42197899,KSQ
2260,378800,KR7378800007,샤페론,KOSDAQ,기술성장기업부,1843,1,11,0.6,1833,1990,1780,510461,962832026,42519910133,23071031,KSQ
2261,131220,KR7131220006,대한과학,KOSDAQ,벤처기업부,5670,1,10,0.18,5640,5700,5600,12450,69958570,42266958300,7454490,KSQ
2262,289010,KR7289010001,아이스크림에듀,KOSDAQ,중견기업부,3285,1,85,2.66,3220,3345,3220,41016,135517590,42258361545,12864037,KSQ
2263,193250,KR7193250008,링크드,KOSDAQ,중견기업부,666,2,-2,-0.3,668,670,659,55668,37080363,42173369082,63323377,KSQ
2264,090370,KR7090370008,메타랩스,KOSPI,,1692,1,16,0.95,1679,1693,1650,47900,79690875,42138733788,24904689,STK
2265,328380,KR7328380001,솔트웨어,KOSDAQ,벤처기업부,1228,1,10,0.82,1217,1236,1215,68046,83193195,42074691384,34262778,KSQ
2266,051390,KR7051390003,YW,KOSDAQ,벤처기업부,3700,1,40,1.09,3660,3715,3660,7697,28427685,42014861600,11355368,KSQ
2267,238200,KR7238200000,비피도,KOSDAQ,기술성장기업부,5130,2,-80,-1.54,5110,5230,5040,163358,836675860,41963400000,8180000,KSQ
2268,208860,KR7208860007,엔지스테크널러지,KOSDAQ,투자주의환기종목(소속부없음),2205,0,0,0.0,0,0,0,0,0,41831348265,18971133,KSQ
2269,332370,KR7332370006,아이디피,KOSDAQ,중견기업부,3115,1,25,0.81,3110,3115,3090,5475,16964350,41347656490,13273726,KSQ
2270,009440,KR7009440009,KC그린홀딩스,KOSPI,,1833,2,-6,-0.33,1839,1860,1832,19032,34995788,41123318340,22434980,STK
2271,368970,KR7368970000,오에스피,KOSDAQ,벤처기업부,4400,3,0,0.0,4365,4440,4365,7298,32131685,41123104000,9346160,KSQ
2272,060240,KR7060240009,룽투코리아,KOSDAQ,중견기업부,1319,1,59,4.68,1277,1347,1250,77464,99895353,41068810037,31136323,KSQ
2273,067010,KR7067010009,이씨에스,KOSDAQ,벤처기업부,3330,3,0,0.0,3330,3365,3275,28549,94324840,40939020000,12294000,KSQ
2274,015260,KR7015260003,에이엔피,KOSPI,,907,2,-10,-1.09,927,928,905,49366,45034575,40921022858,45116894,STK
2275,020180,KR7020180006,대신정보통신,KOSDAQ,중견기업부,1063,1,6,0.57,1050,1067,1050,136881,144329326,40849936645,38428915,KSQ
2276,005820,KR7005820006,원림,KOSPI,,17730,3,0,0.0,17730,17810,17680,517,9165310,40743008100,2297970,STK
2277,054300,KR7054300009,팬스타엔터프라이즈,KOSDAQ,벤처기업부,608,1,1,0.16,607,608,602,16829,10167695,40727424160,66985895,KSQ
2278,028080,KR7028080000,휴맥스홀딩스,KOSDAQ,중견기업부,3235,2,-25,-0.77,3280,3280,3220,10803,35061085,40688231910,12577506,KSQ
2279,130500,KR7130500002,GH신소재,KOSDAQ,우량기업부,2795,2,-35,-1.24,2830,2830,2795,22490,63218760,40653420340,14545052,KSQ
2280,036480,KR7036480002,대성미생물,KOSDAQ,중견기업부,10670,1,30,0.28,10600,10710,10600,19141,203887230,40546000000,3800000,KSQ
2281,089230,KR7089230007,THE E&M,KOSDAQ,중견기업부,1868,1,48,2.64,1821,1887,1821,53835,99376227,40333755128,21591946,KSQ
2282,131760,KR7131760001,파인텍,KOSDAQ,중견기업부,927,1,33,3.69,894,929,894,70262,64446667,40261077441,43431583,KSQ
2283,351320,KR7351320007,에스에이티이엔지,KOSDAQ,벤처기업부,1827,1,293,19.1,1540,1930,1536,891916,1650003278,40223023722,22015886,KSQ
2284,37550K,KR737550K011,DL이앤씨우,KOSPI,,18980,1,240,1.28,19150,21600,18240,544700,11001787880,40121537300,2113885,STK
2285,001810,KR7001810001,무림SP,KOSDAQ,중견기업부,1810,2,-5,-0.28,1820,1822,1802,5680,10286336,40068875000,22137500,KSQ
2286,045520,KR7045520004,크린앤사이언스,KOSDAQ,중견기업부,6160,1,10,0.16,6150,6180,6140,2182,13426530,40040000000,6500000,KSQ
2287,000760,KR7000760009,이화산업,KOSPI,,14300,2,-50,-0.35,14350,14440,14300,420,6025840,40040000000,2800000,STK
2288,296640,KR7296640006,이노룰스,KOSDAQ,벤처기업부,7730,2,-120,-1.53,7890,7890,7720,10049,77915420,40027887960,5178252,KSQ
2289,038340,KR7038340006,MIT,KOSDAQ,관리종목(소속부없음),1233,0,0,0.0,0,0,0,0,0,39979891836,32424892,KSQ
2290,002420,KR7002420008,세기상사,KOSPI,,7190,1,110,1.55,7040,7230,7010,2113,15067720,39968117120,5558848,STK
2291,040160,KR7040160004,누리플렉스,KOSDAQ,우량기업부,3315,1,5,0.15,3325,3330,3280,14168,46821245,39964098525,12055535,KSQ
2292,290660,KR7290660000,네오펙트,KOSDAQ,기술성장기업부,964,2,-8,-0.82,972,1000,949,131878,127238003,39881914884,41371281,KSQ
2293,119500,KR7119500007,포메탈,KOSDAQ,중견기업부,3365,1,25,0.75,3355,3365,3340,17126,57396875,39865935680,11847232,KSQ
2294,058110,KR7058110008,멕아이씨에스,KOSDAQ,기술성장기업부,2480,2,-10,-0.4,2480,2590,2480,54840,137838820,39805314400,16050530,KSQ
2295,095910,KR7095910006,에스에너지,KOSDAQ,중견기업부,2035,2,-20,-0.97,2055,2070,2020,43339,88333240,39691663605,19504503,KSQ
2296,229000,KR7229000005,젠큐릭스,KOSDAQ,기술성장기업부,2745,1,45,1.67,2740,2760,2665,71919,194410845,39648793725,14444005,KSQ
2297,200580,KR7200580009,메디쎄이,KONEX,일반기업부,10640,1,340,3.3,10490,10800,10300,629,6488550,39645480560,3726079,KNX
2298,131090,KR7131090003,시큐브,KOSDAQ,벤처기업부,901,1,1,0.11,900,905,896,13983,12590287,39644000000,44000000,KSQ
2299,114450,KR7114450000,그린생명과학,KOSDAQ,중견기업부,1982,2,-8,-0.4,1990,2005,1982,10742,21314909,39640000000,20000000,KSQ
2300,088290,KR7088290002,이원컴포텍,KOSDAQ,중견기업부,1265,2,-5,-0.39,1258,1284,1258,13625,17255667,39634561285,31331669,KSQ
2301,354200,KR7354200008,엔젠바이오,KOSDAQ,기술성장기업부,3075,1,55,1.82,3045,3270,2995,69758,213501575,39634373025,12889227,KSQ
2302,331520,KR7331520007,밸로프,KOSDAQ,중견기업부,779,1,19,2.5,760,790,760,132604,102564232,39623359810,50864390,KSQ
2303,203450,KR7203450002,유니온커뮤니티,KOSDAQ,벤처기업부,2810,2,-25,-0.88,2825,2835,2780,16524,46176390,39562009670,14079007,KSQ
2304,000040,KR7000040006,KR모터스,KOSPI,,655,2,-8,-1.21,672,675,651,275093,181065376,39387028540,60132868,STK
2305,347860,KR7347860009,알체라,KOSDAQ,투자주의환기종목(소속부없음),1827,2,-5,-0.27,1810,1862,1809,255175,468393573,39372529644,21550372,KSQ
2306,013000,KR7013000005,세우글로벌,KOSPI,,1370,3,0,0.0,1361,1370,1347,44958,60863318,39325892470,28705031,STK
2307,900110,HK0000057197,이스트아시아홀딩스,KOSDAQ,외국기업(소속부없음),91,2,-1,-1.09,93,93,91,2285067,210186377,39305816550,431932050,KSQ
2308,031510,KR7031510001,오스템,KOSDAQ,중견기업부,1403,2,-10,-0.71,1405,1406,1397,12303,17232201,39284000000,28000000,KSQ
2309,237750,KR7237750005,피앤씨테크,KOSDAQ,벤처기업부,6020,1,80,1.35,5910,6090,5900,34206,204576850,39109532000,6496600,KSQ
2310,006050,KR7006050009,국영지앤엠,KOSDAQ,중견기업부,1118,2,-8,-0.71,1126,1126,1110,67617,75257925,39012881674,34895243,KSQ
2311,434190,KR7434190005,탈로스,KONEX,일반기업부,5290,1,150,2.92,5140,5380,5140,306,1573830,38984305860,7369434,KNX
2312,002820,KR7002820009,SUN&L,KOSPI,,3085,1,35,1.15,3050,3100,2955,51091,156468800,38895646065,12607989,STK
2313,190650,KR7190650002,코리아에셋투자증권,KOSDAQ,우량기업부,6080,2,-80,-1.3,6160,6190,5980,18999,115273600,38839040000,6388000,KSQ
2314,012340,KR7012340006,뉴인텍,KOSDAQ,벤처기업부,762,2,-3,-0.39,765,765,751,65038,49261830,38791257444,50907162,KSQ
2315,072950,KR7072950009,빛샘전자,KOSDAQ,우량기업부,4805,3,0,0.0,4805,4835,4760,48108,230783755,38692791050,8052610,KSQ
2316,076080,KR7076080001,웰크론한텍,KOSDAQ,중견기업부,1712,1,71,4.33,1645,1765,1645,231538,397905439,38681195072,22594156,KSQ
2317,146060,KR7146060009,율촌,KOSDAQ,중견기업부,1607,1,17,1.07,1598,1615,1589,59593,95381836,38593061165,24015595,KSQ
2318,900270,HK0000214814,헝셩그룹,KOSDAQ,외국기업(소속부없음),306,2,-1,-0.33,307,314,292,2979032,896437270,38413735704,125535084,KSQ
2319,176590,KR7176590008,코나솔,KONEX,일반기업부,6590,1,110,1.7,6480,6600,6420,277,1795090,38375764470,5823333,KNX
2320,005030,KR7005030002,부산주공,KOSPI,,486,0,0,0.0,0,0,0,0,0,38288532168,78782988,STK
2321,143540,KR7143540003,영우디에스피,KOSDAQ,벤처기업부,857,2,-15,-1.72,872,881,852,100784,86689274,38222110015,44599895,KSQ
2322,003475,KR7003471000,유안타증권우,KOSPI,,2960,1,70,2.42,2890,2990,2880,19331,56709085,38220147520,12912212,STK
2323,035620,KR7035620004,바른손이앤에이,KOSDAQ,중견기업부,513,1,17,3.43,496,517,496,66365,33448952,38187553275,74439675,KSQ
2324,184230,KR7184230001,SGA솔루션즈,KOSDAQ,벤처기업부,608,2,-7,-1.14,615,619,608,19369,11848504,38060289888,62599161,KSQ
2325,003465,KR7003461001,유화증권우,KOSPI,,2170,2,-10,-0.46,2195,2195,2170,262,568810,37923842250,17476425,STK
2326,053950,KR7053950002,경남제약,KOSDAQ,중견기업부,1065,1,7,0.66,1058,1079,1058,132205,140823757,37906973130,35593402,KSQ
2327,083470,KR7083470005,이엠앤아이,KOSDAQ,중견기업부,1773,1,6,0.34,1767,1785,1755,11015,19517752,37836403317,21340329,KSQ
2328,018680,KR7018680009,서울제약,KOSDAQ,벤처기업부,3245,2,-5,-0.15,3270,3270,3240,1999,6516985,37834490155,11659319,KSQ
2329,177350,KR7177350006,베셀,KOSDAQ,투자주의환기종목(소속부없음),470,1,37,8.55,433,497,430,8473850,4026776823,37774860210,80372043,KSQ
2330,117670,KR7117670000,알파홀딩스,KOSDAQ,관리종목(소속부없음),945,0,0,0.0,0,0,0,0,0,37743429465,39940137,KSQ
2331,037400,KR7037400009,우리엔터프라이즈,KOSDAQ,우량기업부,1439,1,3,0.21,1427,1451,1427,14499,20886392,37735394894,26223346,KSQ
2332,290270,KR7290270008,휴네시온,KOSDAQ,벤처기업부,3920,1,15,0.38,3900,3945,3900,4047,15839235,37662074240,9607672,KSQ
2333,075130,KR7075130005,플랜티넷,KOSDAQ,벤처기업부,2260,3,0,0.0,2260,2275,2245,20827,47079925,37566443200,16622320,KSQ
2334,357880,KR7357880004,비트나인,KOSDAQ,기술성장기업부,3595,1,20,0.56,3505,3615,3310,59788,209185700,37546021820,10443956,KSQ
2335,331380,KR7331380006,포커스에이치엔에스,KOSDAQ,벤처기업부,1969,1,17,0.87,1950,1975,1946,33277,65317084,37506657958,19048582,KSQ
2336,079170,KR7079170007,한창산업,KOSDAQ,중견기업부,7210,2,-100,-1.37,7350,7350,7190,24465,176695020,37492000000,5200000,KSQ
2337,065570,KR7065570004,삼영이엔씨,KOSDAQ,벤처기업부,2800,2,-280,-9.09,3090,3120,2435,1544591,4148099865,37409710800,13360611,KSQ
2338,092600,KR7092600006,앤씨앤,KOSDAQ,벤처기업부,1490,3,0,0.0,1519,1520,1460,48673,72188061,37374440330,25083517,KSQ
2339,452980,KR7452980006,신한제11호스팩,KOSDAQ,SPAC(소속부없음),1970,3,0,0.0,1967,1974,1962,36826,72413982,37242850000,18905000,KSQ
2340,121850,KR7121850002,코이즈,KOSDAQ,벤처기업부,1205,1,34,2.9,1171,1227,1154,302798,362394356,36890080875,30614175,KSQ
2341,456190,KR7456190008,큐라켐,KONEX,일반기업부,21000,0,0,0.0,0,0,0,0,0,36840006000,1754286,KNX
2342,286750,KR7286750005,나노브릭,KOSDAQ,기술성장기업부,1780,1,25,1.42,1755,1781,1730,53580,94162630,36836315020,20694559,KSQ
2343,152550,KR7152550000,한국ANKOR유전,KOSPI,,526,1,30,6.05,525,564,502,72052484,38144663314,36830520000,70020000,STK
2344,311060,KR7311060008,엘에이티,KONEX,일반기업부,5200,2,-150,-2.8,5380,5750,5200,4289,23653900,36785496800,7074134,KNX
2345,006920,KR7006920003,모헨즈,KOSDAQ,벤처기업부,3365,1,35,1.05,3350,3380,3330,16552,55491210,36745800000,10920000,KSQ
2346,059100,KR7059100008,아이컴포넌트,KOSDAQ,벤처기업부,5190,2,-10,-0.19,5210,5280,5130,2626,13650260,36697763400,7070860,KSQ
2347,016920,KR7016920001,카스,KOSDAQ,중견기업부,1381,1,7,0.51,1374,1381,1361,75246,103146159,36587575978,26493538,KSQ
2348,246250,KR7246250005,에스엘에스바이오,KOSDAQ,기술성장기업부,4755,2,-135,-2.76,4800,4885,4690,13248,62960630,36490359765,7674103,KSQ
2349,099410,KR7099410003,동방선기,KOSDAQ,중견기업부,2605,2,-5,-0.19,2620,2660,2600,22684,59644065,36470000000,14000000,KSQ
2350,009140,KR7009140005,경인전자,KOSPI,,23200,3,0,0.0,23250,23250,23000,3733,86365800,36442490400,1570797,STK
2351,024070,KR7024070005,WISCOM,KOSPI,,2375,2,-15,-0.63,2375,2390,2365,2017,4775270,36400290250,15326438,STK
2352,045300,KR7045300001,성우테크론,KOSDAQ,중견기업부,3585,2,-10,-0.28,3600,3600,3565,8365,29901715,36393425055,10151583,KSQ
2353,089140,KR7089140008,넥스턴바이오,KOSDAQ,벤처기업부,3220,2,-65,-1.98,3285,3420,3200,35431,114943785,36330058940,11282627,KSQ
2354,192390,KR7192390003,윈하이텍,KOSDAQ,벤처기업부,3320,1,70,2.15,3250,3490,3245,155904,524968610,36270970120,10924991,KSQ
2355,076610,KR7076610005,해성옵틱스,KOSDAQ,중견기업부,1421,1,70,5.18,1360,1459,1360,64887,90589740,36168994358,25453198,KSQ
2356,014100,KR7014100002,메디앙스,KOSDAQ,중견기업부,3065,2,-5,-0.16,3350,3440,3040,300527,970141840,36167000000,11800000,KSQ
2357,104040,KR7104040001,대성파인텍,KOSDAQ,벤처기업부,1005,2,-13,-1.28,1013,1013,996,143119,143544282,36105184785,35925557,KSQ
2358,012620,KR7012620001,원일특강,KOSDAQ,우량기업부,8190,3,0,0.0,8270,8270,8130,5341,43704960,36036000000,4400000,KSQ
2359,317240,KR7317240000,TS트릴리온,KOSDAQ,벤처기업부,336,2,-4,-1.18,340,345,334,1140074,387088641,36032949792,107240922,KSQ
2360,198940,KR7198940009,한주라이트메탈,KOSDAQ,중견기업부,1853,1,7,0.38,1846,1879,1822,31440,57843555,36014565195,19435815,KSQ
2361,045510,KR7045510005,정원엔시스,KOSDAQ,중견기업부,1117,2,-8,-0.71,1125,1135,1109,23057,25817629,35977779164,32209292,KSQ
2362,110020,KR7110020005,전진바이오팜,KOSDAQ,기술성장기업부,4355,1,555,14.61,3840,4750,3840,1282240,5628567650,35867170300,8235860,KSQ
2363,093240,KR7093240000,형지엘리트,KOSPI,,1148,1,7,0.61,1141,1153,1136,45592,52275520,35765708104,31154798,STK
2364,208710,KR7208710004,바이오로그디바이스,KOSDAQ,벤처기업부,569,2,-21,-3.56,590,596,566,248772,143953435,35619590046,62600334,KSQ
2365,093380,KR7093380004,풍강,KOSDAQ,우량기업부,3605,2,-80,-2.17,3630,3645,3605,8297,30011350,35614923365,9879313,KSQ
2366,000950,KR7000950006,전방,KOSPI,,21100,2,-150,-0.71,21400,21400,21050,300,6332250,35448000000,1680000,STK
2367,039310,KR7039310008,세중,KOSDAQ,중견기업부,1953,1,3,0.15,1949,2000,1948,16948,33101753,35391615651,18121667,KSQ
2368,005320,KR7005320007,국동,KOSPI,,525,1,4,0.77,521,531,521,72223,37813616,35347145925,67327897,STK
2369,380540,KR7380540005,옵티코어,KOSDAQ,벤처기업부,1198,2,-1,-0.08,1195,1207,1185,62331,74424391,35181781008,29367096,KSQ
2370,115480,KR7115480006,씨유메디칼,KOSDAQ,벤처기업부,727,2,-5,-0.68,732,732,717,96966,69986659,35059253666,48224558,KSQ
2371,044480,KR7044480002,블레이드 Ent,KOSDAQ,중견기업부,859,1,9,1.06,850,895,846,142652,122231958,34930142352,40663728,KSQ
2372,086220,KR7086220001,광동헬스바이오,KONEX,일반기업부,3300,2,-155,-4.49,3700,3700,3300,84,287030,34893754500,10573865,KNX
2373,439250,KR7439250002,삼성스팩7호,KOSDAQ,SPAC(소속부없음),9960,2,-30,-0.3,9970,10000,9950,9640,96122660,34879920000,3502000,KSQ
2374,900300,HK0000312568,오가닉티코스메틱,KOSDAQ,외국기업(소속부없음),121,2,-8,-6.2,129,133,120,14546289,1824517477,34859183667,288092427,KSQ
2375,002690,KR7002690006,동일제강,KOSPI,,1716,2,-15,-0.87,1727,1731,1715,5347,9206323,34835417760,20300360,STK
2376,169670,KR7169670007,코스텍시스템,KONEX,일반기업부,12130,1,280,2.36,11700,12980,11700,2377,29700530,34793704130,2868401,KNX
2377,312610,KR7312610009,에이에프더블류,KOSDAQ,중견기업부,1714,1,6,0.35,1708,1729,1670,12834,21808029,34720306032,20256888,KSQ
2378,243870,KR7243870003,굿센,KONEX,일반기업부,12000,2,-10,-0.08,12010,12010,12000,140,1680050,34711572000,2892631,KNX
2379,196490,KR7196490007,디에이테크놀로지,KOSDAQ,관리종목(소속부없음),203,0,0,0.0,0,0,0,0,0,34390100080,169409360,KSQ
2380,001070,KR7001070002,대한방직,KOSPI,,6460,1,30,0.47,6430,6520,6370,888,5708850,34238000000,5300000,STK
2381,208350,KR7208350009,지란지교시큐리티,KOSDAQ,벤처기업부,3870,3,0,0.0,3870,3955,3825,16943,65504925,34205184630,8838549,KSQ
2382,267080,KR7267080000,세븐브로이맥주,KONEX,일반기업부,2880,1,130,4.73,3050,3050,2525,12,34365,34189655040,11871408,KNX
2383,086060,KR7086060001,진바이오텍,KOSDAQ,중견기업부,3970,2,-10,-0.25,3990,3995,3955,19077,75677175,34184030390,8610587,KSQ
2384,123010,KR7123010001,아이윈플러스,KOSDAQ,기술성장기업부,1045,1,21,2.05,1023,1054,1005,138468,142697433,34128176390,32658542,KSQ
2385,299660,KR7299660001,셀리드,KOSDAQ,기술성장기업부,2495,2,-30,-1.19,2570,2570,2455,31640,79237795,33939427615,13602977,KSQ
2386,290560,KR7290560002,신시웨이,KOSDAQ,벤처기업부,8750,1,80,0.92,8730,8790,8620,1089,9501090,33932255000,3877972,KSQ
2387,133820,KR7133820001,화인베스틸,KOSPI,,1099,2,-1,-0.09,1089,1100,1082,35634,39030485,33877903682,30826118,STK
2388,291810,KR7291810000,핀텔,KOSDAQ,기술성장기업부,2960,1,10,0.34,2950,3015,2945,6148,18299390,33577979520,11343912,KSQ
2389,372800,KR7372800003,아이티아이즈,KOSDAQ,벤처기업부,5570,1,30,0.54,5540,5650,5540,3261,18231480,33570334300,6026990,KSQ
2390,018620,KR7018620005,우진비앤지,KOSDAQ,중견기업부,1160,2,-14,-1.19,1162,1170,1160,25623,29830850,33511579880,28889293,KSQ
2391,001140,KR7001140003,국보,KOSPI,,2110,0,0,0.0,0,0,0,0,0,33456978680,15856388,STK
2392,333050,KR7333050003,모코엠시스,KOSDAQ,벤처기업부,1379,2,-4,-0.29,1384,1401,1365,48222,66651008,33448272445,24255455,KSQ
2393,33626L,KR733626K021,두산퓨얼셀2우B,KOSPI,,11160,2,-40,-0.36,11220,11460,11080,17663,198154440,33327108000,2986300,STK
2394,008470,KR7008470007,부스타,KOSDAQ,중견기업부,3955,2,-10,-0.25,3925,3965,3925,4118,16236140,33240984000,8404800,KSQ
2395,001465,KR7001461003,BYC우,KOSPI,,15400,1,100,0.65,15400,15400,15330,2094,32184260,33169290000,2153850,STK
2396,365900,KR7365900000,브이씨,KOSDAQ,벤처기업부,4515,2,-40,-0.88,4600,4600,4510,7095,32180115,33006004500,7310300,KSQ
2397,343090,KR7343090007,HLB사이언스,KONEX,일반기업부,1999,2,-11,-0.55,1990,2090,1950,4523,8990999,32864373593,16440407,KNX
2398,003535,KR7003531001,한화투자증권우,KOSPI,,6830,1,30,0.44,6880,6880,6830,4744,32628240,32784000000,4800000,STK
2399,094860,KR7094860004,네오리진,KOSDAQ,벤처기업부,1527,2,-31,-1.99,1559,1559,1525,19418,30015944,32677141863,21399569,KSQ
2400,290720,KR7290720002,푸드나무,KOSDAQ,중견기업부,2435,1,25,1.04,2375,2465,2370,33957,82341775,32636446230,13403058,KSQ
2401,014910,KR7014910004,성문전자,KOSPI,,1452,2,-18,-1.22,1479,1479,1452,62403,91433187,32613350220,22460985,STK
2402,002410,KR7002410009,범양건영,KOSPI,,1312,3,0,0.0,1312,1322,1307,22074,28955500,32579560384,24831982,STK
2403,058530,KR7058530007,파나케이아,KOSDAQ,관리종목(소속부없음),1620,0,0,0.0,0,0,0,0,0,32527053360,20078428,KSQ
2404,080470,KR7080470008,성창오토텍,KOSDAQ,중견기업부,4455,2,-15,-0.34,4470,4500,4415,1284,5693590,32521500000,7300000,KSQ
2405,050120,KR7050120005,ES큐브,KOSDAQ,중견기업부,2395,1,70,3.01,2335,2400,2325,10309,24214460,32485985970,13564086,KSQ
2406,299910,KR7299910000,애닉,KOSDAQ,관리종목(소속부없음),6880,0,0,0.0,0,0,0,0,0,32483121920,4721384,KSQ
2407,215480,KR7215480005,토박스코리아,KOSDAQ,중견기업부,3455,2,-15,-0.43,3550,3770,3450,925939,3364719955,32477000000,9400000,KSQ
2408,091340,KR7091340000,S&K폴리텍,KOSDAQ,중견기업부,2770,2,-15,-0.54,2760,2785,2755,10976,30371870,32419307170,11703721,KSQ
2409,017000,KR7017000001,신원종합개발,KOSDAQ,우량기업부,2770,1,5,0.18,2760,2790,2745,27288,75458305,32320434790,11668027,KSQ
2410,113810,KR7113810006,디젠스,KOSDAQ,중견기업부,990,2,-11,-1.1,999,1000,984,89228,88406856,32301770490,32628051,KSQ
2411,043090,KR7043090000,더테크놀로지,KOSDAQ,투자주의환기종목(소속부없음),455,2,-4,-0.87,464,475,440,188907,84925705,32265302160,70912752,KSQ
2412,011090,KR7011090008,에넥스,KOSPI,,537,2,-13,-2.36,556,556,536,125963,67813003,32215511217,59991641,STK
2413,030720,KR7030720007,동원수산,KOSPI,,6920,2,-50,-0.72,6910,7010,6910,12660,87937560,32204330600,4653805,STK
2414,002870,KR7002870004,신풍,KOSPI,,920,3,0,0.0,929,929,912,56994,52437101,32162004000,34958700,STK
2415,060900,KR7060900008,DGP,KOSDAQ,중견기업부,1272,2,-7,-0.55,1266,1279,1265,12497,15925787,32128467288,25258229,KSQ
2416,008775,KR7008771008,호텔신라우,KOSPI,,42700,1,50,0.12,42650,42750,42500,1272,54155250,32105233300,751879,STK
2417,258790,KR7258790005,소프트캠프,KOSDAQ,벤처기업부,1279,2,-19,-1.46,1298,1320,1261,49494,63229003,31963852236,24991284,KSQ
2418,083640,KR7083640003,인콘,KOSDAQ,벤처기업부,411,2,-1,-0.24,416,416,407,111205,45644166,31943064261,77720351,KSQ
2419,070300,KR7070300009,엑스큐어,KOSDAQ,벤처기업부,4335,2,-245,-5.35,4460,4525,4250,110457,481466565,31931930790,7366074,KSQ
2420,352940,KR7352940001,인바이오,KOSDAQ,벤처기업부,2925,1,5,0.17,2920,2935,2850,14735,42512535,31788110250,10867730,KSQ
2421,054090,KR7054090006,삼진엘앤디,KOSDAQ,중견기업부,1272,1,32,2.58,1262,1275,1235,45807,57480283,31748143104,24959232,KSQ
2422,010400,KR7010400000,우진아이엔에스,KOSPI,,4160,2,-10,-0.24,4170,4215,4120,1909,7919905,31707520000,7622000,STK
2423,206950,KR7206950008,볼빅,KONEX,일반기업부,2250,0,0,0.0,0,0,0,0,0,31673846250,14077265,KNX
2424,187790,KR7187790001,나노,KOSDAQ,관리종목(소속부없음),1025,0,0,0.0,0,0,0,0,0,31611850750,30840830,KSQ
2425,026040,KR7026040006,제이에스티나,KOSDAQ,중견기업부,1915,1,5,0.26,1890,1920,1871,5211,9902478,31604757850,16503790,KSQ
2426,138360,KR7138360003,협진,KOSDAQ,중견기업부,912,1,2,0.22,905,917,905,36830,33471686,31566129408,34611984,KSQ
2427,217880,KR7217880004,틸론,KONEX,일반기업부,2935,2,-5,-0.17,2985,2985,2850,5872,17197240,31484596150,10727290,KNX
2428,033050,KR7033050006,제이엠아이,KOSDAQ,중견기업부,966,1,13,1.36,955,970,946,39444,37824261,31471644372,32579342,KSQ
2429,025620,KR7025620006,제이준코스메틱,KOSPI,,7010,2,-70,-0.99,7110,7180,7000,21034,148922940,31438770460,4484846,STK
2430,025870,KR7025870007,신라에스지,KOSDAQ,중견기업부,7830,2,-390,-4.74,8070,8150,7530,82976,655204990,31320000000,4000000,KSQ
2431,001000,KR7001000009,신라섬유,KOSDAQ,중견기업부,1287,1,2,0.16,1285,1291,1255,5694,7312055,31245193980,24277540,KSQ
2432,001420,KR7001420009,태원물산,KOSPI,,4105,2,-145,-3.41,4250,4250,4000,10469,42743760,31198000000,7600000,STK
2433,035460,KR7035460005,기산텔레콤,KOSDAQ,벤처기업부,2135,1,35,1.67,2130,2140,2100,17541,37061095,31122620900,14577340,KSQ
2434,159910,KR7159910009,스킨앤스킨,KOSDAQ,중견기업부,877,2,-42,-4.57,918,918,869,661569,587070017,31059019898,35415074,KSQ
2435,067730,KR7067730002,로지시스,KOSDAQ,중견기업부,3200,2,-45,-1.39,3240,3245,3195,6167,19833805,30956550400,9673922,KSQ
2436,043710,KR7043710003,서울리거,KOSDAQ,중견기업부,613,2,-19,-3.01,632,632,611,41415,25582771,30771913440,50198880,KSQ
2437,032280,KR7032280000,삼일,KOSDAQ,중견기업부,1896,1,86,4.75,1810,1950,1788,434073,811133044,30740966640,16213590,KSQ
2438,035200,KR7035200005,프럼파스트,KOSDAQ,벤처기업부,3150,3,0,0.0,3140,3185,3140,11460,36116985,30651358500,9730590,KSQ
2439,084870,KR7084870005,TBH글로벌,KOSPI,,1465,2,-14,-0.95,1465,1479,1453,24197,35442346,30555239835,20856819,STK
2440,000300,KR7000300004,대유플러스,KOSPI,,241,0,0,0.0,0,0,0,0,0,30475633069,126454909,STK
2441,008600,KR7008600009,윌비스,KOSPI,,453,1,3,0.67,450,455,449,46340,20930871,30457925667,67236039,STK
2442,030350,KR7030350003,드래곤플라이,KOSDAQ,중견기업부,438,1,74,20.33,367,464,364,21253703,9221961944,30392370174,69388973,KSQ
2443,103230,KR7103230009,에스앤더블류,KOSDAQ,벤처기업부,4205,2,-75,-1.75,4240,4355,4205,32452,138824865,30276000000,7200000,KSQ
2444,900120,KYG2114A1094,씨엑스아이,KOSDAQ,외국기업(소속부없음),105,2,-1,-0.94,106,106,104,816938,85318528,30264377430,288232166,KSQ
2445,007120,KR7007120009,미래아이앤지,KOSPI,,1080,1,16,1.5,1062,1104,1062,54702,59273182,30114270720,27883584,STK
2446,302920,KR7302920004,더콘텐츠온,KONEX,일반기업부,6600,0,0,0.0,0,0,0,0,0,30045569400,4552359,KNX
2447,148250,KR7148250004,알엔투테크놀로지,KOSDAQ,벤처기업부,4065,1,5,0.12,4060,4075,4025,5392,21863380,30045171090,7391186,KSQ
2448,032080,KR7032080004,아즈텍WB,KOSDAQ,중견기업부,1398,2,-15,-1.06,1406,1419,1398,9101,12810709,30044458542,21491029,KSQ
2449,073190,KR7073190001,듀오백,KOSDAQ,중견기업부,2510,2,-25,-0.99,2560,2590,2500,11570,29307110,30039780400,11968040,KSQ
2450,131180,KR7131180002,딜리,KOSDAQ,벤처기업부,1023,3,0,0.0,1023,1034,1022,10371,10645171,30025050000,29350000,KSQ
2451,223220,KR7223220005,로지스몬,KONEX,일반기업부,651,5,-114,-14.9,651,799,651,12,7960,29979315576,46051176,KNX
2452,084670,KR7084670009,동양고속,KOSPI,,10330,2,-90,-0.86,10420,10420,10250,2574,26537080,29911227770,2895569,STK
2453,331920,KR7331920009,셀레믹스,KOSDAQ,기술성장기업부,3660,1,110,3.1,3515,3660,3515,29620,106655405,29880781680,8164148,KSQ
2454,068940,KR7068940006,셀피글로벌,KOSDAQ,관리종목(소속부없음),778,0,0,0.0,0,0,0,0,0,29766744466,38260597,KSQ
2455,227420,KR7227420007,도부마스크,KONEX,일반기업부,1808,0,0,0.0,0,0,0,0,0,29731674080,16444510,KNX
2456,900260,HK0000295359,로스웰,KOSDAQ,외국기업(소속부없음),825,1,8,0.98,821,832,817,30736,25225786,29725812600,36031288,KSQ
2457,015020,KR7015020001,이스타코,KOSPI,,689,1,10,1.47,679,690,675,96095,65648242,29524752400,42851600,STK
2458,001685,KR7001681006,대상우,KOSPI,,21450,1,50,0.23,21200,22600,21200,86166,1891697850,29391283350,1370223,STK
2459,154040,KR7154040000,다산솔루에타,KOSDAQ,중견기업부,1634,2,-24,-1.45,1631,1657,1631,29729,48637583,29330453596,17950094,KSQ
2460,035290,KR7035290006,골드앤에스,KOSDAQ,중견기업부,629,2,-28,-4.26,651,657,629,150318,96820794,29217404756,46450564,KSQ
2461,038530,KR7038530002,케이바이오,KOSDAQ,중견기업부,251,1,5,2.03,246,252,245,178761,44264375,29044301097,115714347,KSQ
2462,002680,KR7002680007,한탑,KOSDAQ,투자주의환기종목(소속부없음),898,1,3,0.34,898,900,895,26077,23396292,29020485502,32316799,KSQ
2463,317530,KR7317530004,캐리소프트,KOSDAQ,기술성장기업부,4145,4,955,29.94,3370,4145,3345,296544,1183010150,28895607420,6971196,KSQ
2464,004365,KR7004361002,세방우,KOSPI,,7820,1,30,0.39,7740,7850,7740,398,3108180,28849935000,3689250,STK
2465,072520,KR7072520000,제넨바이오,KOSDAQ,관리종목(소속부없음),389,0,0,0.0,0,0,0,0,0,28849482466,74163194,KSQ
2466,049470,KR7049470008,SGA,KOSDAQ,중견기업부,490,0,0,0.0,0,0,0,0,0,28842502010,58862249,KSQ
2467,451700,KR7451700009,엔에이치스팩29호,KOSDAQ,SPAC(소속부없음),2005,2,-5,-0.25,2005,2010,2000,30913,61995335,28771750000,14350000,KSQ
2468,00499K,KR700499K014,롯데지주우,KOSPI,,35700,1,50,0.14,36000,36000,35250,39,1384100,28760027100,805603,STK
2469,310870,KR7310870001,디와이씨,KOSDAQ,벤처기업부,1388,3,0,0.0,1388,1388,1375,33740,46642559,28713932148,20687271,KSQ
2470,101400,KR7101400000,엔시트론,KOSDAQ,중견기업부,484,2,-6,-1.22,490,498,477,269515,130400742,28646132416,59186224,KSQ
2471,063760,KR7063760003,이엘피,KOSDAQ,벤처기업부,3070,2,-10,-0.32,3080,3175,3035,41226,127648610,28628149100,9325130,KSQ
2472,424760,KR7424760007,벨로크,KOSDAQ,벤처기업부,1463,2,-54,-3.56,1519,1540,1456,111638,164742443,28594337926,19545002,KSQ
2473,043100,KR7043100007,솔고바이오,KOSDAQ,벤처기업부,420,1,25,6.33,396,431,396,818365,339097497,28458867360,67759208,KSQ
2474,019685,KR7019681006,대교우B,KOSPI,,1458,1,19,1.32,1456,1511,1446,62650,92498473,28324551420,19426990,STK
2475,115530,KR7115530008,씨엔플러스,KOSDAQ,중견기업부,416,1,8,1.96,410,421,408,196015,81395766,28272608000,67963000,KSQ
2476,179530,KR7179530001,애드바이오텍,KOSDAQ,기술성장기업부,3080,1,5,0.16,3085,3135,3020,18261,56287060,28152567520,9140444,KSQ
2477,347700,KR7347700007,라이프시맨틱스,KOSDAQ,기술성장기업부,1684,2,-48,-2.77,1715,1744,1645,130351,218296281,28058836628,16662017,KSQ
2478,154030,KR7154030001,아시아종묘,KOSDAQ,벤처기업부,2510,2,-10,-0.4,2535,2535,2500,9083,22829765,27913305890,11120839,KSQ
2479,054940,KR7054940002,엑사이엔씨,KOSDAQ,중견기업부,840,3,0,0.0,838,843,834,31894,26727848,27865780320,33173548,KSQ
2480,079650,KR7079650008,서산,KOSDAQ,중견기업부,1393,2,-2,-0.14,1384,1394,1374,7405,10223647,27860000000,20000000,KSQ
2481,019490,KR7019490002,하이트론,KOSPI,,1007,2,-3,-0.3,1010,1050,1000,29935,30212595,27804502568,27611224,STK
2482,062970,KR7062970009,피피아이,KOSDAQ,중견기업부,2980,2,-20,-0.67,2940,3180,2845,560527,1684308850,27738391300,9308185,KSQ
2483,001210,KR7001210004,금호전기,KOSPI,,719,1,3,0.42,723,729,715,19196,13824657,27670873899,38485221,STK
2484,436610,KR7436610000,한국제11호스팩,KOSDAQ,SPAC(소속부없음),4595,2,-75,-1.61,4655,4740,4585,55515,256548810,27661900000,6020000,KSQ
2485,225590,KR7225590009,패션플랫폼,KOSDAQ,우량기업부,1034,2,-9,-0.86,1043,1049,1016,61227,63031598,27542361242,26636713,KSQ
2486,379390,KR7379390008,이성씨엔아이,KONEX,일반기업부,9600,3,0,0.0,9800,9800,9600,2,19400,27278016000,2841460,KNX
2487,257990,KR7257990002,나우코스,KONEX,일반기업부,4595,3,0,0.0,4690,4690,4520,102,467660,27036483740,5883892,KNX
2488,054180,KR7054180005,메디콕스,KOSDAQ,투자주의환기종목(소속부없음),472,1,10,2.16,463,484,463,228625,108091989,26975351296,57151168,KSQ
2489,336040,KR7336040001,타스컴,KONEX,일반기업부,6400,3,0,0.0,6400,6400,6400,3,19200,26970272000,4214105,KNX
2490,191410,KR7191410000,육일씨엔에쓰,KOSDAQ,중견기업부,2410,1,60,2.55,2350,2480,2340,64114,156027695,26913390620,11167382,KSQ
2491,031860,KR7031860000,에스유홀딩스,KOSDAQ,투자주의환기종목(소속부없음),1790,1,47,2.7,1743,1843,1718,279087,495287157,26897177240,15026356,KSQ
2492,419700,KR7419700000,이브이파킹서비스,KONEX,일반기업부,1649,0,0,0.0,0,0,0,0,0,26823732234,16266666,KNX
2493,079190,KR7079190005,케스피온,KOSDAQ,벤처기업부,699,2,-10,-1.41,702,719,685,178593,124416189,26810504286,38355514,KSQ
2494,043200,KR7043200005,파루,KOSDAQ,벤처기업부,641,1,7,1.1,634,642,626,62285,39480430,26796565915,41804315,KSQ
2495,191600,KR7191600006,블루탑,KONEX,일반기업부,9400,0,0,0.0,0,0,0,0,0,26790000000,2850000,KNX
2496,050760,KR7050760008,에스폴리텍,KOSDAQ,중견기업부,1638,2,-30,-1.8,1685,1685,1610,14898,24677215,26756202564,16334678,KSQ
2497,043590,KR7043590009,웰킵스하이텍,KOSDAQ,중견기업부,977,2,-5,-0.51,986,987,970,47474,46474547,26512616474,27136762,KSQ
2498,019570,KR7019570001,플루토스,KOSDAQ,중견기업부,504,2,-4,-0.79,517,518,498,104645,52920333,26444900160,52470040,KSQ
2499,048830,KR7048830004,엔피케이,KOSDAQ,중견기업부,1407,2,-12,-0.85,1419,1419,1406,19438,27420081,26344559661,18723923,KSQ
2500,060480,KR7060480001,국일신동,KOSDAQ,중견기업부,2375,2,-10,-0.42,2385,2395,2365,33885,80553435,26338750000,11090000,KSQ
2501,311960,KR7311960009,에이아이더뉴트리진,KONEX,일반기업부,8580,5,-1510,-14.97,9830,9830,8580,3109,26922170,26277657120,3062664,KNX
2502,085810,KR7085810000,알티캐스트,KOSDAQ,중견기업부,884,1,2,0.23,880,903,880,9616,8547563,26242219796,29685769,KSQ
2503,084695,KR7084691005,대상홀딩스우,KOSPI,,28700,2,-300,-1.03,28200,29700,28200,33941,977938650,26216933400,913482,STK
2504,224060,KR7224060004,더코디,KOSDAQ,중견기업부,5520,1,120,2.22,5390,5900,5380,9131,51080470,26211156960,4748398,KSQ
2505,130740,KR7130740004,티피씨글로벌,KOSDAQ,중견기업부,2320,2,-45,-1.9,2375,2375,2320,15385,35892145,26161895280,11276679,KSQ
2506,020400,KR7020400008,대동금속,KOSDAQ,중견기업부,8170,2,-60,-0.73,8270,8270,8130,17296,141395820,26055486220,3189166,KSQ
2507,377460,KR7377460001,위니아에이드,KOSDAQ,투자주의환기종목(소속부없음),1691,0,0,0.0,0,0,0,0,0,26030247855,15393405,KSQ
2508,076340,KR7076340009,관악산업,KONEX,일반기업부,5330,1,180,3.5,5290,5330,5290,125,664250,25964881800,4871460,KNX
2509,464680,KR7464680008,KB제27호스팩,KOSDAQ,SPAC(소속부없음),2000,3,0,0.0,2000,2000,1996,19334,38639904,25810000000,12905000,KSQ
2510,002070,KR7002070001,비비안,KOSPI,,864,3,0,0.0,864,866,856,35675,30748847,25742007360,29793990,STK
2511,053060,KR7053060000,세동,KOSDAQ,중견기업부,1455,2,-17,-1.15,1472,1475,1436,94058,136561048,25691544645,17657419,KSQ
2512,308100,KR7308100007,까스텔바작,KOSDAQ,중견기업부,3835,2,-20,-0.52,3865,3865,3800,7132,27245525,25405851055,6624733,KSQ
2513,003495,KR7003491008,대한항공우,KOSPI,,22850,1,150,0.66,22900,22900,22550,1089,24835200,25381642900,1110794,STK
2514,044780,KR7044780005,에이치케이,KOSDAQ,벤처기업부,1362,2,-19,-1.38,1381,1381,1357,30462,41693433,25204881894,18505787,KSQ
2515,207490,KR7207490004,에이펙스인텍,KONEX,일반기업부,7000,0,0,0.0,0,0,0,0,0,25200000000,3600000,KNX
2516,232830,KR7232830000,시큐센,KOSDAQ,벤처기업부,2150,2,-60,-2.71,2210,2210,2125,48106,103182565,25171064800,11707472,KSQ
2517,121890,KR7121890008,에스디시스템,KOSDAQ,중견기업부,1984,1,6,0.3,1959,2015,1959,21178,41981894,25169262080,12686120,KSQ
2518,204210,KR7204210009,스타리츠,KOSPI,,3215,1,105,3.38,3110,3240,3105,79950,254022620,25163210225,7826815,STK
2519,344860,KR7344860002,이노진,KOSDAQ,기술성장기업부,2090,3,0,0.0,2090,2110,2080,13227,27677960,25142700000,12030000,KSQ
2520,009620,KR7009620006,삼보산업,KOSDAQ,중견기업부,498,1,10,2.05,500,506,476,386091,191300068,24927839196,50055902,KSQ
2521,008290,KR7008290009,원풍물산,KOSDAQ,중견기업부,612,1,17,2.86,597,620,597,13738,8399157,24904531548,40693679,KSQ
2522,088790,KR7088790001,진도,KOSPI,,2000,2,-75,-3.61,2075,2075,2000,80992,163753650,24895488000,12447744,STK
2523,134060,KR7134060003,이퓨쳐,KOSDAQ,벤처기업부,5200,2,-20,-0.38,5230,5230,5150,3518,18235910,24800100000,4769250,KSQ
2524,33637L,KR733637K028,솔루스첨단소재2우B,KOSPI,,6560,2,-10,-0.15,6570,6760,6540,9753,64668520,24785621760,3778296,STK
2525,430230,KR7430230003,하나금융24호스팩,KOSDAQ,SPAC(소속부없음),3095,2,-60,-1.9,3170,3210,3070,85550,266861665,24772380000,8004000,KSQ
2526,137940,KR7137940003,넥스트아이,KOSDAQ,중견기업부,314,1,10,3.29,305,335,305,933749,300046312,24592791488,78320992,KSQ
2527,054410,KR7054410006,케이피티유,KOSDAQ,벤처기업부,4275,2,-90,-2.06,4365,4370,4275,7050,30443515,24480548100,5726444,KSQ
2528,044380,KR7044380004,주연테크,KOSPI,,413,3,0,0.0,413,417,413,38596,15995034,24449287772,59199244,STK
2529,149010,KR7149010001,아이케이세미콘,KONEX,일반기업부,7830,1,10,0.13,7850,7850,7830,11,86220,24429600000,3120000,KNX
2530,010420,KR7010420008,한솔PNS,KOSPI,,1192,2,-9,-0.75,1200,1204,1172,5933,7051038,24427670304,20493012,STK
2531,017250,KR7017250002,인터엠,KOSDAQ,중견기업부,1159,1,1,0.09,1158,1177,1155,35260,40961382,24391696253,21045467,KSQ
2532,139050,KR7139050009,BF랩스,KOSDAQ,관리종목(소속부없음),2805,0,0,0.0,0,0,0,0,0,24247965555,8644551,KSQ
2533,071850,KR7071850002,캐스텍코리아,KOSDAQ,중견기업부,1460,1,43,3.03,1417,1476,1393,18716,26530735,24191014480,16569188,KSQ
2534,067770,KR7067770008,세진티에스,KOSDAQ,중견기업부,2875,1,60,2.13,2840,2890,2830,7735,22103345,24140204875,8396593,KSQ
2535,098660,KR7098660004,에스티오,KOSDAQ,중견기업부,1929,1,24,1.26,1906,1933,1868,51323,97381343,24114382704,12500976,KSQ
2536,215790,KR7215790007,이노인스트루먼트,KOSDAQ,벤처기업부,597,2,-13,-2.13,610,610,594,36269,21718682,24049039953,40283149,KSQ
2537,341170,KR7341170009,퓨쳐메디신,KONEX,일반기업부,2280,2,-155,-6.37,2300,2460,2085,17805,38321260,24015707400,10533205,KNX
2538,039740,KR7039740006,한국정보공학,KOSDAQ,중견기업부,2990,1,15,0.5,2975,3020,2950,16472,49123895,23975007030,8018397,KSQ
2539,065770,KR7065770000,CS,KOSDAQ,벤처기업부,1227,1,18,1.49,1218,1236,1218,20281,24912788,23817456510,19411130,KSQ
2540,123750,KR7123750002,알톤,KOSDAQ,투자주의환기종목(소속부없음),1866,2,-7,-0.37,1861,1891,1861,12736,23831818,23784590202,12746297,KSQ
2541,025890,KR7025890005,한국주강,KOSPI,,2100,3,0,0.0,2100,2110,2090,7961,16701705,23749443900,11309259,STK
2542,027040,KR7027040005,서울전자통신,KOSDAQ,중견기업부,340,2,-2,-0.58,338,347,331,55499,18715247,23660207980,69588847,KSQ
2543,900070,KYG3931T1076,글로벌에스엠,KOSDAQ,외국기업(소속부없음),440,1,3,0.69,433,444,433,42600,18772141,23647345920,53743968,KSQ
2544,019660,KR7019660000,글로본,KOSDAQ,투자주의환기종목(소속부없음),673,1,52,8.37,619,799,619,2026468,1453427488,23414172058,34790746,KSQ
2545,005110,KR7005110002,한창,KOSPI,,1254,0,0,0.0,0,0,0,0,0,23332434378,18606407,STK
2546,258830,KR7258830009,세종메디칼,KOSDAQ,관리종목(소속부없음),412,0,0,0.0,0,0,0,0,0,22983976612,55786351,KSQ
2547,446440,KR7446440000,에피바이오텍,KONEX,일반기업부,10000,1,160,1.63,10000,10000,10000,19,190000,22975040000,2297504,KNX
2548,413630,KR7413630005,유진스팩8호,KOSDAQ,SPAC(소속부없음),3880,2,-80,-2.02,3920,3965,3845,95233,372566230,22969600000,5920000,KSQ
2549,003075,KR7003071008,코오롱글로벌우,KOSPI,,31000,1,5800,23.02,26000,32750,24000,118684,3413499550,22962847000,740737,STK
2550,108675,KR7108671009,LX하우시스우,KOSPI,,22150,1,50,0.23,22100,22500,22000,700,15469000,22866109500,1032330,STK
2551,054220,KR7054220009,비츠로시스,KOSDAQ,벤처기업부,465,1,6,1.31,462,467,459,34438,15942407,22859678535,49160599,KSQ
2552,060260,KR7060260007,뉴보텍,KOSDAQ,벤처기업부,549,1,1,0.18,548,560,540,156427,85994999,22816464705,41560045,KSQ
2553,335870,KR7335870002,윙스풋,KOSDAQ,중견기업부,1367,2,-28,-2.01,1395,1395,1367,22834,31562996,22803503874,16681422,KSQ
2554,123330,KR7123330003,제닉,KOSDAQ,벤처기업부,3230,2,-25,-0.77,3245,3245,3210,1793,5796775,22610000000,7000000,KSQ
2555,250930,KR7250930005,예선테크,KOSDAQ,벤처기업부,685,1,24,3.63,663,770,660,2194321,1611657462,22605301400,33000440,KSQ
2556,066430,KR7066430000,와이오엠,KOSDAQ,투자주의환기종목(소속부없음),576,2,-16,-2.7,594,597,568,142453,82960598,22552402176,39153476,KSQ
2557,214310,KR7214310005,에스엘에너지,KOSDAQ,투자주의환기종목(소속부없음),306,0,0,0.0,0,0,0,0,0,22516276518,73582603,KSQ
2558,225430,KR7225430008,케이엠제약,KOSDAQ,벤처기업부,807,1,6,0.75,801,811,799,19234,15451325,22504849350,27887050,KSQ
2559,005257,KR7005252002,녹십자홀딩스2우,KOSPI,,26600,1,350,1.33,26300,26600,26300,19,503900,22503334000,845990,STK
2560,468510,KR7468510003,삼성스팩9호,KOSDAQ,SPAC(소속부없음),2015,2,-5,-0.25,2015,2020,2010,13278,26719765,22265750000,11050000,KSQ
2561,071460,KR7071460000,위니아,KOSDAQ,관리종목(소속부없음),613,0,0,0.0,0,0,0,0,0,22047951835,35967295,KSQ
2562,217620,KR7217620004,디딤이앤에프,KOSDAQ,관리종목(소속부없음),381,0,0,0.0,0,0,0,0,0,22001687010,57747210,KSQ
2563,212310,KR7212310007,오건에코텍,KONEX,일반기업부,2155,2,-30,-1.37,2195,2195,2100,551,1160055,21958592310,10189602,KNX
2564,188260,KR7188260004,세니젠,KOSDAQ,기술성장기업부,3060,2,-60,-1.92,3095,3125,3055,5165,15883775,21902592600,7157710,KSQ
2565,002355,KR7002351005,넥센타이어1우B,KOSPI,,3330,3,0,0.0,3295,3330,3295,1723,5705845,21645000000,6500000,STK
2566,275630,KR7275630002,에스에스알,KOSDAQ,벤처기업부,3570,2,-25,-0.7,3560,3590,3505,7551,26810050,21484220730,6017989,KSQ
2567,230980,KR7230980005,비유테크놀러지,KOSDAQ,관리종목(소속부없음),229,0,0,0.0,0,0,0,0,0,21370407553,93320557,KSQ
2568,079950,KR7079950002,인베니아,KOSDAQ,중견기업부,918,1,10,1.1,908,924,908,16448,15031481,21297600000,23200000,KSQ
2569,069330,KR7069330009,유아이디,KOSDAQ,벤처기업부,1498,1,11,0.74,1472,1500,1470,15040,22351440,21258254318,14191091,KSQ
2570,069140,KR7069140002,누리플랜,KOSDAQ,벤처기업부,1615,1,5,0.31,1610,1640,1581,28579,45758473,21160929945,13102743,KSQ
2571,196700,KR7196700009,웹스,KOSDAQ,벤처기업부,1468,2,-18,-1.21,1483,1486,1458,58490,86016823,21086563392,14364144,KSQ
2572,091970,KR7091970004,나노캠텍,KOSDAQ,중견기업부,563,1,6,1.08,580,580,557,98981,55416393,21066048559,37417493,KSQ
2573,043360,KR7043360007,디지아이,KOSDAQ,벤처기업부,2340,1,15,0.65,2325,2340,2300,22803,52716750,21060000000,9000000,KSQ
2574,052960,KR7052960002,태양3C,KONEX,일반기업부,4300,2,-80,-1.83,4110,4500,4110,207,852750,21014435400,4887078,KNX
2575,007815,KR7007811003,코리아써우,KOSPI,,7060,2,-10,-0.14,6950,7110,6950,423,2975620,20930711400,2964690,STK
2576,084440,KR7084440007,유비온,KOSDAQ,기술성장기업부,1060,2,-10,-0.93,1070,1078,1058,8445,8985634,20895568000,19712800,KSQ
2577,078860,KR7078860004,아이오케이,KOSDAQ,중견기업부,4340,2,-45,-1.03,4530,4530,4300,14987,65293610,20859441820,4806323,KSQ
2578,001770,KR7001770007,SHD,KOSPI,,17050,1,50,0.29,17000,17170,16900,1067,18145820,20713669900,1214878,STK
2579,456700,KR7456700004,길교이앤씨,KONEX,일반기업부,22950,0,0,0.0,0,0,0,0,0,20655000000,900000,KNX
2580,106240,KR7106240005,파인테크닉스,KOSDAQ,우량기업부,1297,1,11,0.86,1286,1309,1281,46182,60012144,20652204929,15923057,KSQ
2581,279060,KR7279060008,이노벡스,KONEX,일반기업부,2275,1,30,1.34,2300,2300,2275,360,822925,20645797900,9075076,KNX
2582,079970,KR7079970000,투비소프트,KOSDAQ,벤처기업부,261,2,-4,-1.51,264,269,259,324354,85215667,20489805783,78505003,KSQ
2583,115570,KR7115570004,스타플렉스,KOSDAQ,중견기업부,2565,2,-5,-0.19,2570,2570,2550,2146,5506815,20480263020,7984508,KSQ
2584,101680,KR7101680007,한국정밀기계,KOSDAQ,중견기업부,2420,1,35,1.47,2385,2435,2365,4422,10619790,20337680000,8404000,KSQ
2585,016670,KR7016670002,디모아,KOSDAQ,중견기업부,5930,1,40,0.68,5860,5970,5860,5504,32481020,20133933310,3395267,KSQ
2586,224760,KR7224760009,엔에스컴퍼니,KONEX,일반기업부,5090,1,630,14.13,3795,5090,3795,21,80990,20053073000,3939700,KNX
2587,449020,KR7449020007,유안타제13호스팩,KOSDAQ,SPAC(소속부없음),2050,1,10,0.49,2045,2050,2035,7334,14992885,19946500000,9730000,KSQ
2588,900280,KYG1990V1041,골든센츄리,KOSDAQ,관리종목(소속부없음),97,0,0,0.0,0,0,0,0,0,19924215936,205404288,KSQ
2589,026910,KR7026910000,광진실업,KOSDAQ,중견기업부,3110,2,-50,-1.58,3160,3160,3105,3384,10588415,19920809550,6405405,KSQ
2590,192410,KR7192410009,휴림네트웍스,KOSDAQ,중견기업부,9150,1,40,0.44,9120,9330,9120,2888,26600090,19909732050,2175927,KSQ
2591,023790,KR7023790009,동일철강,KOSDAQ,관리종목(소속부없음),999,1,20,2.04,971,1110,961,513523,531100496,19692954333,19712667,KSQ
2592,050090,KR7050090000,비케이홀딩스,KOSDAQ,중견기업부,993,2,-7,-0.7,999,999,990,7232,7170649,19646241855,19784735,KSQ
2593,168490,KR7168490001,한국패러랠,KOSPI,,244,3,0,0.0,244,248,240,566845,138766316,19524880000,80020000,STK
2594,070590,KR7070590005,한솔인티큐브,KOSDAQ,중견기업부,1394,2,-16,-1.13,1403,1410,1394,39619,55473852,19348052274,13879521,KSQ
2595,322970,KR7322970005,무진메디,KONEX,일반기업부,1900,1,21,1.12,1895,1940,1880,708,1344679,19098758200,10051978,KNX
2596,096870,KR7096870001,엘디티,KOSDAQ,벤처기업부,2855,2,-35,-1.21,2890,2895,2835,10454,29872405,19066832000,6678400,KSQ
2597,001795,KR7001791003,대한제당우,KOSPI,,2940,2,-10,-0.34,2925,2955,2920,24691,72521270,19059314400,6482760,STK
2598,204630,KR7204630008,스튜디오산타클로스,KOSDAQ,관리종목(소속부없음),155,0,0,0.0,0,0,0,0,0,19045963830,122877186,KSQ
2599,341310,KR7341310001,이앤에치,KONEX,일반기업부,1098,1,100,10.02,1000,1100,900,32,31198,18988153200,17293400,KNX
2600,35320K,KR735320K011,대덕전자1우,KOSPI,,9030,1,20,0.22,9030,9050,8950,1705,15323800,18922536570,2095519,STK
2601,073540,KR7073540007,에프알텍,KOSDAQ,투자주의환기종목(소속부없음),1652,2,-10,-0.6,1666,1686,1648,17214,28458339,18832800000,11400000,KSQ
2602,251280,KR7251280004,안지오랩,KONEX,일반기업부,6290,1,100,1.62,6190,6290,6000,2398,14727480,18805074620,2989678,KNX
2603,004835,KR7004831004,덕성우,KOSPI,,13330,1,180,1.37,13230,13540,13230,15567,209249900,18555360000,1392000,STK
2604,000087,KR7000082008,하이트진로2우B,KOSPI,,16370,2,-40,-0.24,16740,16740,16360,2528,41537360,18500359060,1130138,STK
2605,466910,KR7466910007,엔에이치스팩30호,KOSDAQ,SPAC(소속부없음),2020,3,0,0.0,2020,2020,2010,10798,21805500,18382000000,9100000,KSQ
2606,439410,KR7439410002,엔에이치스팩26호,KOSDAQ,SPAC(소속부없음),2085,2,-5,-0.24,2080,2090,2080,9120,19029465,18348000000,8800000,KSQ
2607,233250,KR7233250000,메디안디노스틱,KONEX,일반기업부,10500,2,-1490,-12.43,11000,11500,10500,20,221910,18338607000,1746534,KNX
2608,227100,KR7227100005,퀀텀온,KOSDAQ,투자주의환기종목(소속부없음),1160,2,-10,-0.85,1227,1233,1157,57470,67470203,18189512240,15680614,KSQ
2609,065150,KR7065150005,대산F&B,KOSDAQ,관리종목(소속부없음),145,0,0,0.0,0,0,0,0,0,18165948725,125282405,KSQ
2610,317860,KR7317860005,노드메이슨,KONEX,일반기업부,4100,2,-50,-1.2,4100,4700,4100,1282,5343650,18161831500,4429715,KNX
2611,244460,KR7244460002,올리패스,KOSDAQ,관리종목(소속부없음),572,2,-40,-6.54,612,612,570,294072,171405654,17869623772,31240601,KSQ
2612,402420,KR7402420004,켈스,KONEX,일반기업부,8000,2,-390,-4.65,8400,8800,8000,39,322800,17812320000,2226540,KNX
2613,215380,KR7215380007,우정바이오,KOSDAQ,벤처기업부,1252,1,51,4.25,1201,1490,1201,2606001,3630877701,17584551588,14045169,KSQ
2614,238500,KR7238500003,로보쓰리에이아이,KONEX,일반기업부,460,2,-13,-2.75,460,486,450,140857,64286746,17513804480,38073488,KNX
2615,199150,KR7199150004,데이터스트림즈,KONEX,일반기업부,4095,2,-5,-0.12,4200,4200,3900,1727,6836210,17479970235,4268613,KNX
2616,011080,KR7011080009,형지I&C,KOSDAQ,중견기업부,682,1,7,1.04,675,682,665,59255,40083983,17393294248,25503364,KSQ
2617,004105,KR7004101002,태양금속우,KOSPI,,5170,1,80,1.57,5030,5210,5030,24043,123902270,17061000000,3300000,STK
2618,424140,KR7424140002,케이비제21호스팩,KOSDAQ,SPAC(소속부없음),2195,1,5,0.23,2205,2205,2185,14089,30917870,16923450000,7710000,KSQ
2619,000075,KR7000071001,삼양홀딩스우,KOSPI,,55600,1,300,0.54,55400,55600,55400,129,7171900,16905624800,304058,STK
2620,440820,KR7440820009,엔에이치스팩27호,KOSDAQ,SPAC(소속부없음),2110,2,-15,-0.71,2100,2125,2100,1883,3996200,16458000000,7800000,KSQ
2621,477380,KR7477380000,미래에셋비전스팩4호,KOSDAQ,SPAC(소속부없음),2025,1,5,0.25,2025,2025,2020,133933,270836715,16402500000,8100000,KSQ
2622,430220,KR7430220004,신영스팩8호,KOSDAQ,SPAC(소속부없음),2400,1,5,0.21,2390,2400,2385,3402,8149405,16224000000,6760000,KSQ
2623,412930,KR7412930000,미래에셋비전스팩1호,KOSDAQ,SPAC(소속부없음),2620,0,0,0.0,0,0,0,0,0,16181120000,6176000,KSQ
2624,457390,KR7457390003,대신밸런스제15호스팩,KOSDAQ,SPAC(소속부없음),2280,2,-20,-0.87,2310,2310,2220,13599,30976940,16039800000,7035000,KSQ
2625,421800,KR7421800004,교보12호스팩,KOSDAQ,SPAC(소속부없음),2665,0,0,0.0,0,0,0,0,0,15936700000,5980000,KSQ
2626,457630,KR7457630002,대신밸런스제16호스팩,KOSDAQ,SPAC(소속부없음),2180,3,0,0.0,2195,2195,2175,10988,24019640,15935800000,7310000,KSQ
2627,106520,KR7106520000,노블엠앤비,KOSDAQ,투자주의환기종목(소속부없음),411,0,0,0.0,0,0,0,0,0,15904036272,38695952,KSQ
2628,390110,KR7390110005,애니메디솔루션,KONEX,일반기업부,1750,2,-40,-2.23,1790,1790,1750,50,87540,15902769750,9087297,KNX
2629,222670,KR7222670002,플럼라인생명과학,KONEX,일반기업부,5220,1,90,1.75,5400,5400,5080,1588,8190500,15868225800,3039890,KNX
2630,406760,KR7406760009,하나금융21호스팩,KOSDAQ,SPAC(소속부없음),2135,0,0,0.0,0,0,0,0,0,15820350000,7410000,KSQ
2631,065690,KR7065690000,파커스,KOSDAQ,투자주의환기종목(소속부없음),1117,2,-2,-0.18,1119,1121,1110,11341,12666557,15693102727,14049331,KSQ
2632,253610,KR7253610000,루트락,KONEX,일반기업부,1544,1,184,13.53,1560,1560,1161,26,35349,15601046920,10104305,KNX
2633,149300,KR7149300006,아퓨어스,KONEX,일반기업부,358,1,29,8.81,329,367,304,4608,1511893,15568078216,43486252,KNX
2634,442310,KR7442310009,대신밸런스제14호스팩,KOSDAQ,SPAC(소속부없음),2320,3,0,0.0,2325,2335,2320,6400,14901080,15567200000,6710000,KSQ
2635,008500,KR7008500001,일정실업,KOSPI,,12970,1,520,4.18,12550,13700,12500,5199,67652190,15564000000,1200000,STK
2636,422040,KR7422040006,엔에이치스팩23호,KOSDAQ,SPAC(소속부없음),2145,0,0,0.0,0,0,0,0,0,15358200000,7160000,KSQ
2637,454750,KR7454750001,하나28호스팩,KOSDAQ,SPAC(소속부없음),2110,2,-5,-0.24,2115,2115,2095,5558,11732050,15196220000,7202000,KSQ
2638,469880,KR7469880009,하나30호스팩,KOSDAQ,SPAC(소속부없음),2075,2,-15,-0.72,2085,2090,2075,19090,39825870,15157875000,7305000,KSQ
2639,208850,KR7208850008,이비테크,KONEX,일반기업부,5330,3,0,0.0,5330,5330,5330,1,5330,15031932500,2820250,KNX
2640,000885,KR7000881003,한화우,KOSPI,,31300,1,600,1.95,30750,31300,30650,1761,54370500,15001902200,479294,STK
2641,179720,KR7179720008,머니무브,KONEX,일반기업부,7200,0,0,0.0,0,0,0,0,0,14825138400,2059047,KNX
2642,071950,KR7071950000,코아스,KOSPI,,477,2,-11,-2.25,488,492,476,46582,22441486,14742739170,30907210,STK
2643,178600,KR7178600003,대동고려삼,KONEX,일반기업부,3270,1,320,10.85,3390,3390,2575,4,12625,14550192000,4449600,KNX
2644,331660,KR7331660001,한국미라클피플사,KONEX,일반기업부,13190,0,0,0.0,0,0,0,0,0,14509000000,1100000,KNX
2645,323230,KR7323230003,엠에프엠코리아,KOSDAQ,관리종목(소속부없음),335,1,4,1.21,331,339,327,193608,64260085,14496954820,43274492,KSQ
2646,002025,KR7002021004,코오롱우,KOSPI,,13460,1,340,2.59,13250,14350,13110,41336,564748140,14488209400,1076390,STK
2647,286000,KR7286000005,씨엔티드림,KONEX,일반기업부,3050,0,0,0.0,0,0,0,0,0,14455237100,4739422,KNX
2648,258540,KR7258540004,에스엘테라퓨틱스,KONEX,일반기업부,1384,1,123,9.75,1400,1400,1169,6929,9420767,14363316696,10378119,KNX
2649,244880,KR7244880001,나눔테크,KONEX,일반기업부,2850,1,100,3.64,2800,2850,2800,110,312700,14307000000,5020000,KNX
2650,418170,KR7418170007,하나금융22호스팩,KOSDAQ,SPAC(소속부없음),2380,0,0,0.0,0,0,0,0,0,14303800000,6010000,KSQ
2651,004255,KR7004251005,NPC우,KOSPI,,2695,1,5,0.19,2690,2700,2690,3640,9793120,14229600000,5280000,STK
2652,044180,KR7044180008,KD,KOSDAQ,투자주의환기종목(소속부없음),532,2,-1,-0.19,534,535,529,64168,34195897,14213869068,26717799,KSQ
2653,473050,KR7473050003,유안타제15호스팩,KOSDAQ,SPAC(소속부없음),2025,2,-5,-0.25,2025,2030,2015,21025,42523115,14195250000,7010000,KSQ
2654,140910,KR7140910001,에이리츠,KOSPI,,3130,0,0,0.0,0,0,0,0,0,13969290160,4463032,STK
2655,45014K,KR745014K018,코오롱모빌리티그룹우,KOSPI,,5600,2,-90,-1.58,5700,5700,5550,8448,46974710,13754272000,2456120,STK
2656,065420,KR7065420002,에스아이리소스,KOSDAQ,중견기업부,192,2,-5,-2.54,197,197,190,300734,58141243,13742841408,71577299,KSQ
2657,458320,KR7458320009,KB제26호스팩,KOSDAQ,SPAC(소속부없음),2485,0,0,0.0,0,0,0,0,0,13679925000,5505000,KSQ
2658,346010,KR7346010002,타이드,KONEX,일반기업부,2800,0,0,0.0,0,0,0,0,0,13608173600,4860062,KNX
2659,236340,KR7236340006,메디젠휴먼케어,KONEX,일반기업부,4500,2,-195,-4.15,4400,4500,4400,429,1928500,13565911500,3014647,KNX
2660,18064K,KR718064K016,한진칼우,KOSPI,,25250,2,-200,-0.79,25450,25500,25200,595,15067750,13553341500,536766,STK
2661,446750,KR7446750002,하나26호스팩,KOSDAQ,SPAC(소속부없음),2215,1,15,0.68,2215,2215,2195,3779,8324745,13356450000,6030000,KSQ
2662,254160,KR7254160005,제이엠멀티,KONEX,일반기업부,2585,0,0,0.0,0,0,0,0,0,13338600000,5160000,KNX
2663,471050,KR7471050005,대신밸런스제17호스팩,KOSDAQ,SPAC(소속부없음),2185,2,-10,-0.46,2180,2200,2180,2637,5771725,13241100000,6060000,KSQ
2664,430460,KR7430460006,한화플러스제3호스팩,KOSDAQ,SPAC(소속부없음),2215,0,0,0.0,0,0,0,0,0,13112800000,5920000,KSQ
2665,202960,KR7202960001,판도라티비,KONEX,일반기업부,1099,1,69,6.7,1030,1182,956,2932,2896145,13095224618,11915582,KNX
2666,38380K,KR738380K012,LX홀딩스1우,KOSPI,,8890,1,100,1.14,8750,9100,8700,4534,39950370,13026383650,1465285,STK
2667,250030,KR7250030004,진코스텍,KONEX,일반기업부,5000,2,-390,-7.24,5100,5100,4600,243,1177020,12946685000,2589337,KNX
2668,438220,KR7438220006,대신밸런스제13호스팩,KOSDAQ,SPAC(소속부없음),2275,0,0,0.0,0,0,0,0,0,12831000000,5640000,KSQ
2669,446840,KR7446840001,키움제8호스팩,KOSDAQ,SPAC(소속부없음),2175,3,0,0.0,2150,2175,2150,4004,8691100,12789000000,5880000,KSQ
2670,006345,KR7006341002,대원전선우,KOSPI,,4840,2,-135,-2.71,5050,5050,4700,159272,778842430,12686608000,2621200,STK
2671,054630,KR7054630009,에이디칩스,KOSDAQ,관리종목(소속부없음),158,0,0,0.0,0,0,0,0,0,12594094838,79709461,KSQ
2672,086460,KR7086460003,큐러블,KONEX,일반기업부,4275,1,375,9.62,3900,4295,3315,11,38990,12565935000,2939400,KNX
2673,435380,KR7435380001,유안타제10호스팩,KOSDAQ,SPAC(소속부없음),2165,3,0,0.0,2170,2175,2155,7505,16237350,12405450000,5730000,KSQ
2674,448370,KR7448370007,하나27호스팩,KOSDAQ,SPAC(소속부없음),2205,1,30,1.38,2170,2205,2170,9363,20484695,12392100000,5620000,KSQ
2675,425290,KR7425290004,삼성스팩6호,KOSDAQ,SPAC(소속부없음),2230,3,0,0.0,2225,2230,2215,6074,13502080,12309600000,5520000,KSQ
2676,351020,KR7351020003,미쥬,KONEX,일반기업부,5900,3,0,0.0,5900,5900,5900,10,59000,12242500000,2075000,KNX
2677,445970,KR7445970007,신영스팩9호,KOSDAQ,SPAC(소속부없음),2265,3,0,0.0,2265,2265,2265,636,1440540,12140400000,5360000,KSQ
2678,477760,KR7477760003,DB금융스팩12호,KOSDAQ,SPAC(소속부없음),2060,1,10,0.49,2050,2065,2040,466619,955070935,12030400000,5840000,KSQ
2679,454640,KR7454640004,하나29호스팩,KOSDAQ,SPAC(소속부없음),2195,3,0,0.0,2215,2215,2175,3029,6634205,11855195000,5401000,KSQ
2680,456440,KR7456440007,DB금융스팩11호,KOSDAQ,SPAC(소속부없음),2220,2,-15,-0.67,2235,2255,2200,33158,73252450,11799300000,5315000,KSQ
2681,469900,KR7469900005,하나31호스팩,KOSDAQ,SPAC(소속부없음),2085,2,-10,-0.48,2085,2095,2080,3915,8186740,11686425000,5605000,KSQ
2682,001067,KR7001062009,JW중외제약2우B,KOSPI,,55500,2,-600,-1.07,55200,55900,55200,4,221800,11653501500,209973,STK
2683,474660,KR7474660008,신한제12호스팩,KOSDAQ,SPAC(소속부없음),2110,2,-10,-0.47,2115,2130,2110,21695,46017345,11647200000,5520000,KSQ
2684,174880,KR7174880005,장원테크,KOSDAQ,관리종목(소속부없음),2650,0,0,0.0,0,0,0,0,0,11610352250,4381265,KSQ
2685,145995,KR7145991006,삼양사우,KOSPI,,31250,1,50,0.16,31700,31700,31200,720,22733450,11564687500,370070,STK
2686,476470,KR7476470000,KB제28호스팩,KOSDAQ,SPAC(소속부없음),2085,3,0,0.0,2090,2095,2075,34039,70986975,11477925000,5505000,KSQ
2687,03481K,KR703481K019,해성산업1우,KOSDAQ,우량기업부,8250,1,30,0.36,8230,8250,8020,2151,17448390,11458606500,1388922,KSQ
2688,430700,KR7430700005,유안타제9호스팩,KOSDAQ,SPAC(소속부없음),2185,1,15,0.69,2175,2190,2175,7350,16058275,11449400000,5240000,KSQ
2689,238170,KR7238170005,엔에스엠,KONEX,일반기업부,550,1,20,3.77,530,599,457,4970,2480971,11426076200,20774684,KNX
2690,000225,KR7000221002,유유제약1우,KOSPI,,5030,1,70,1.41,4960,5100,4960,10442,52830200,11402657900,2266930,STK
2691,093510,KR7093510006,엔지브이아이,KONEX,일반기업부,1891,1,243,14.75,1892,1892,1401,132,185913,11383820000,6020000,KNX
2692,446150,KR7446150005,유안타제12호스팩,KOSDAQ,SPAC(소속부없음),2380,0,0,0.0,0,0,0,0,0,11352600000,4770000,KSQ
2693,437780,KR7437780000,엔에이치스팩24호,KOSDAQ,SPAC(소속부없음),2240,1,5,0.22,2245,2245,2225,4488,10017350,11267200000,5030000,KSQ
2694,446190,KR7446190001,미래에셋비전스팩2호,KOSDAQ,SPAC(소속부없음),2275,1,5,0.22,2285,2290,2265,16954,38586140,11261250000,4950000,KSQ
2695,444920,KR7444920003,유안타제11호스팩,KOSDAQ,SPAC(소속부없음),2145,3,0,0.0,2150,2150,2135,3492,7490030,11239800000,5240000,KSQ
2696,474490,KR7474490000,유안타제16호스팩,KOSDAQ,SPAC(소속부없음),2030,2,-5,-0.25,2035,2040,2030,17666,35945640,11185300000,5510000,KSQ
2697,005725,KR7005721006,넥센우,KOSPI,,3105,1,15,0.49,3040,3105,3040,1833,5646325,11179863000,3600600,STK
2698,415580,KR7415580000,상상인제3호스팩,KOSDAQ,SPAC(소속부없음),2105,2,-15,-0.71,2110,2115,2100,4756,10024580,11177550000,5310000,KSQ
2699,477470,KR7477470009,미래에셋비전스팩5호,KOSDAQ,SPAC(소속부없음),2035,2,-25,-1.21,2060,2080,2035,1966839,4019146165,11151800000,5480000,KSQ
2700,448830,KR7448830000,미래에셋비전스팩3호,KOSDAQ,SPAC(소속부없음),2240,2,-10,-0.44,2260,2265,2220,19851,44599720,11020800000,4920000,KSQ
2701,046070,KR7046070009,코다코,KOSDAQ,관리종목(소속부없음),257,0,0,0.0,0,0,0,0,0,10996016392,42786056,KSQ
2702,455310,KR7455310003,한화플러스제4호스팩,KOSDAQ,SPAC(소속부없음),2165,2,-15,-0.69,2185,2190,2155,8037,17521445,10954900000,5060000,KSQ
2703,439730,KR7439730003,IBKS제20호스팩,KOSDAQ,SPAC(소속부없음),2540,1,35,1.4,2500,2590,2470,5075,13009795,10947400000,4310000,KSQ
2704,199290,KR7199290008,바이오프로테크,KONEX,일반기업부,670,2,-57,-7.84,700,748,670,111,78150,10937878640,16325192,KNX
2705,450050,KR7450050000,하이제8호스팩,KOSDAQ,SPAC(소속부없음),2180,3,0,0.0,2180,2185,2180,5202,11341225,10930520000,5014000,KSQ
2706,455910,KR7455910000,에스케이증권제9호스팩,KOSDAQ,SPAC(소속부없음),2175,3,0,0.0,2175,2180,2150,4014,8694865,10918500000,5020000,KSQ
2707,400840,KR7400840005,하이제7호스팩,KOSDAQ,관리종목(소속부없음),2095,2,-5,-0.24,2095,2100,2090,29212,61197665,10726400000,5120000,KSQ
2708,452670,KR7452670003,상상인제4호스팩,KOSDAQ,SPAC(소속부없음),2045,3,0,0.0,2040,2045,2025,20098,40848465,10674900000,5220000,KSQ
2709,114920,KR7114920002,대주이엔티,KONEX,일반기업부,3060,2,-15,-0.49,2655,3060,2615,471,1246910,10616670000,3469500,KNX
2710,189350,KR7189350002,코셋,KONEX,일반기업부,2205,0,0,0.0,0,0,0,0,0,10584000000,4800000,KNX
2711,455250,KR7455250001,KB제25호스팩,KOSDAQ,SPAC(소속부없음),2455,1,5,0.2,2470,2495,2440,21781,53659620,10568775000,4305000,KSQ
2712,224810,KR7224810002,엄지하우스,KONEX,일반기업부,2500,0,0,0.0,0,0,0,0,0,10500000000,4200000,KNX
2713,289170,KR7289170003,바이오텐,KONEX,일반기업부,2980,3,0,0.0,3425,3425,2980,336,1001725,10464296820,3511509,KNX
2714,388800,KR7388800005,유진스팩7호,KOSDAQ,관리종목(소속부없음),2085,0,0,0.0,0,0,0,0,0,10445850000,5010000,KSQ
2715,448760,KR7448760009,IBKS제22호스팩,KOSDAQ,SPAC(소속부없음),2355,3,0,0.0,2355,2360,2350,62,146135,10432650000,4430000,KSQ
2716,472220,KR7472220003,신영스팩10호,KOSDAQ,SPAC(소속부없음),2185,2,-5,-0.23,2180,2185,2165,10197,22199205,10247650000,4690000,KSQ
2717,442770,KR7442770004,IBKS제21호스팩,KOSDAQ,SPAC(소속부없음),2425,1,5,0.21,2415,2430,2415,465,1127055,10209250000,4210000,KSQ
2718,234070,KR7234070001,에이원알폼,KONEX,일반기업부,1450,5,-255,-14.96,1450,1450,1450,1,1450,10060798900,6938482,KNX
2719,477530,KR7477530000,한국제14호스팩,KOSDAQ,SPAC(소속부없음),2060,1,5,0.24,2060,2070,2050,806277,1656421500,9908600000,4810000,KSQ
2720,458610,KR7458610003,한국제12호스팩,KOSDAQ,SPAC(소속부없음),2330,1,10,0.43,2340,2340,2325,4861,11329100,9855900000,4230000,KSQ
2721,450940,KR7450940002,유안타제14호스팩,KOSDAQ,SPAC(소속부없음),2165,1,5,0.23,2155,2165,2140,2464,5324055,9829100000,4540000,KSQ
2722,299670,KR7299670000,에스엠비나,KONEX,일반기업부,1800,0,0,0.0,0,0,0,0,0,9810000000,5450000,KNX
2723,001065,KR7001061001,JW중외제약우,KOSPI,,28500,2,-500,-1.72,28450,28600,28400,95,2706000,9745603500,341951,STK
2724,456490,KR7456490002,교보14호스팩,KOSDAQ,SPAC(소속부없음),2320,1,10,0.43,2285,2330,2260,5933,13719950,9744000000,4200000,KSQ
2725,418210,KR7418210001,신한제10호스팩,KOSDAQ,SPAC(소속부없음),2650,1,55,2.12,2600,2675,2595,25585,67346955,9699000000,3660000,KSQ
2726,103660,KR7103660007,씨앗,KONEX,일반기업부,1599,0,0,0.0,0,0,0,0,0,9621936129,6017471,KNX
2727,464440,KR7464440007,한국제13호스팩,KOSDAQ,SPAC(소속부없음),2190,3,0,0.0,2185,2210,2180,8350,18305810,9460800000,4320000,KSQ
2728,440790,KR7440790004,교보13호스팩,KOSDAQ,SPAC(소속부없음),2330,2,-35,-1.48,2360,2365,2325,4108,9560000,9436500000,4050000,KSQ
2729,116100,KR7116100009,태양기계,KONEX,일반기업부,1509,2,-1,-0.07,1509,1509,1509,10,15090,9416138874,6239986,KNX
2730,467930,KR7467930004,IBKS제23호스팩,KOSDAQ,SPAC(소속부없음),2200,2,-15,-0.68,2195,2215,2195,968,2132980,9306000000,4230000,KSQ
2731,004985,KR7004981007,성신양회우,KOSPI,,12640,2,-60,-0.47,12670,12740,12550,5536,69865160,9298552800,735645,STK
2732,469480,KR7469480008,IBKS제24호스팩,KOSDAQ,SPAC(소속부없음),2190,2,-5,-0.23,2185,2195,2185,4948,10835565,9263700000,4230000,KSQ
2733,185190,KR7185190006,수프로,KONEX,일반기업부,1000,0,0,0.0,0,0,0,0,0,9238625000,9238625,KNX
2734,112190,KR7112190004,KC산업,KONEX,일반기업부,1290,2,-109,-7.79,1222,1345,1222,11108,13864290,9191576370,7125253,KNX
2735,445360,KR7445360001,비엔케이제1호스팩,KOSDAQ,SPAC(소속부없음),2130,3,0,0.0,2105,2135,2105,1004,2138475,9180300000,4310000,KSQ
2736,468760,KR7468760004,유진스팩10호,KOSDAQ,SPAC(소속부없음),2145,2,-15,-0.69,2145,2160,2140,20813,44738435,9094800000,4240000,KSQ
2737,462020,KR7462020009,에이치엠씨제6호스팩,KOSDAQ,SPAC(소속부없음),2085,1,5,0.24,2080,2085,2080,9827,20465040,9059325000,4345000,KSQ
2738,433530,KR7433530003,키움제7호스팩,KOSDAQ,SPAC(소속부없음),2180,1,5,0.23,2180,2190,2175,21643,47159720,8948900000,4105000,KSQ
2739,447690,KR7447690009,아이오바이오,KONEX,일반기업부,3425,5,-600,-14.91,3985,3985,3425,51,180275,8781929475,2564067,KNX
2740,472230,KR7472230002,에스케이증권제11호스팩,KOSDAQ,SPAC(소속부없음),2090,2,-10,-0.48,2085,2100,2085,19751,41268335,8683950000,4155000,KSQ
2741,26490K,KR726490K013,크라운제과우,KOSPI,,11190,1,20,0.18,11110,11300,11110,9641,107668350,8656136400,773560,STK
2742,473370,KR7473370005,비엔케이제2호스팩,KOSDAQ,SPAC(소속부없음),2050,2,-5,-0.24,2055,2055,2040,22619,46322295,8630500000,4210000,KSQ
2743,00806K,KR700806K010,대덕1우,KOSPI,,7070,2,-30,-0.42,7100,7180,7070,140,992580,8571363990,1212357,STK
2744,45226K,KR745226K018,한화갤러리아우,KOSPI,,2945,1,50,1.73,2930,2950,2930,1878,5534610,8553664150,2904470,STK
2745,066830,KR7066830001,제노텍,KONEX,일반기업부,1490,2,-93,-5.87,1490,1490,1490,718,1069820,8444098200,5667180,KNX
2746,270210,KR7270210008,에스알바이오텍,KONEX,일반기업부,6750,3,0,0.0,6750,6750,6750,2,13500,8388258750,1242705,KNX
2747,296520,KR7296520000,가이아코퍼레이션,KONEX,일반기업부,1785,0,0,0.0,0,0,0,0,0,8330609280,4667008,KNX
2748,465320,KR7465320000,교보15호스팩,KOSDAQ,SPAC(소속부없음),2180,3,0,0.0,2170,2180,2165,1733,3761755,8305800000,3810000,KSQ
2749,442130,KR7442130001,유진스팩9호,KOSDAQ,SPAC(소속부없음),2345,1,5,0.21,2335,2350,2325,5354,12578520,8113700000,3460000,KSQ
2750,000325,KR7000321000,노루홀딩스우,KOSPI,,33150,1,100,0.3,34100,34250,33100,1154,39018050,8073980850,243559,STK
2751,001515,KR7001511005,SK증권우,KOSPI,,2045,1,5,0.25,2020,2055,2020,229,469115,8001091130,3912514,STK
2752,435870,KR7435870001,에스케이증권제8호스팩,KOSDAQ,SPAC(소속부없음),2145,2,-5,-0.23,2125,2155,2125,3241,6962520,7979400000,3720000,KSQ
2753,474930,KR7474930005,신한제13호스팩,KOSDAQ,SPAC(소속부없음),2200,1,15,0.69,2185,2200,2180,9151,20103175,7964000000,3620000,KSQ
2754,475250,KR7475250007,하나33호스팩,KOSDAQ,SPAC(소속부없음),2140,3,0,0.0,2140,2140,2125,13046,27846835,7918000000,3700000,KSQ
2755,413600,KR7413600008,키움제6호스팩,KOSDAQ,SPAC(소속부없음),2235,2,-15,-0.67,2245,2245,2210,10502,23221160,7666050000,3430000,KSQ
2756,457940,KR7457940005,에스케이증권제10호스팩,KOSDAQ,SPAC(소속부없음),2215,1,15,0.68,2165,2215,2160,1302,2868550,7331650000,3310000,KSQ
2757,092590,KR7092590009,럭스피아,KONEX,일반기업부,976,2,-9,-0.91,979,979,838,1521,1407314,7116111648,7291098,KNX
2758,475240,KR7475240008,하나32호스팩,KOSDAQ,SPAC(소속부없음),2210,3,0,0.0,2195,2215,2195,9048,20002480,7072000000,3200000,KSQ
2759,438580,KR7438580003,엔에이치스팩25호,KOSDAQ,SPAC(소속부없음),2340,1,15,0.65,2325,2350,2320,10596,24587195,7066800000,3020000,KSQ
2760,473000,KR7473000008,에스케이증권제12호스팩,KOSDAQ,SPAC(소속부없음),2130,1,15,0.71,2115,2135,2110,4925,10475440,7050300000,3310000,KSQ
2761,001755,KR7001751007,한양증권우,KOSPI,,13160,1,10,0.08,13180,13400,13100,674,8920930,6909000000,525000,STK
2762,090355,KR7090351008,노루페인트우,KOSPI,,14890,2,-100,-0.67,14970,14970,14890,546,8145070,6895946140,463126,STK
2763,233990,KR7233990001,질경이,KONEX,일반기업부,459,1,7,1.55,403,466,400,59,23876,6777088182,14764898,KNX
2764,004545,KR7004541009,깨끗한나라우,KOSPI,,18390,4,4240,29.96,18390,18390,18390,36244,665204280,6733682400,366160,STK
2765,014825,KR7014821003,동원시스템즈우,KOSPI,,24450,1,250,1.03,24500,24500,24450,233,5704500,6457513950,264111,STK
2766,446600,KR7446600009,카이바이오텍,KONEX,일반기업부,6340,0,0,0.0,0,0,0,0,0,6221321540,981281,KNX
2767,36328K,KR736328K013,티와이홀딩스우,KOSPI,,4955,2,-30,-0.6,5150,5150,4900,3911,19500335,6159134370,1243014,STK
2768,005745,KR7005741004,크라운해태홀딩스우,KOSPI,,10200,2,-80,-0.78,10280,10440,10200,5497,56444640,6127405200,600726,STK
2769,276240,KR7276240009,엘리비젼,KONEX,일반기업부,577,1,63,12.26,577,577,577,1,577,6008380626,10413138,KNX
2770,136660,KR7136660008,큐엠씨,KONEX,일반기업부,635,1,46,7.81,650,650,600,533,335524,5996813000,9443800,KNX
2771,007575,KR7007571003,일양약품우,KOSPI,,13450,2,-20,-0.15,13470,13500,13430,1261,16968670,5986326000,445080,STK
2772,008355,KR7008351009,남선알미우,KOSPI,,19400,1,20,0.1,19450,19450,19320,192,3728200,5973066000,307890,STK
2773,000145,KR7000141002,하이트진로홀딩스우,KOSPI,,12390,2,-10,-0.08,12400,12400,12390,336,4165390,5833335900,470810,STK
2774,318660,KR7318660008,타임기술,KONEX,일반기업부,2700,1,40,1.5,2600,2800,2500,489,1255400,5810672700,2152101,KNX
2775,448780,KR7448780007,마이크로엔엑스,KONEX,일반기업부,2145,2,-5,-0.23,2460,2460,2080,214,447000,5743623600,2677680,KNX
2776,266870,KR7266870005,파워풀엑스,KONEX,일반기업부,890,0,0,0.0,0,0,0,0,0,5703725200,6408680,KNX
2777,217910,KR7217910009,에스제이켐,KONEX,일반기업부,438,2,-36,-7.59,403,444,403,17156,6914022,5689848636,12990522,KNX
2778,005965,KR7005961008,동부건설우,KOSPI,,24700,1,200,0.82,24500,24700,23000,8421,199529150,5575580400,225732,STK
2779,00781K,KR700781K015,코리아써키트2우B,KOSPI,,6900,2,-90,-1.29,6990,7000,6880,101,697570,5407523100,783699,STK
2780,014285,KR7014281000,금강공업우,KOSPI,,8820,2,-10,-0.11,8720,8820,8720,208,1819460,5202697500,589875,STK
2781,288490,KR7288490006,나라소프트,KONEX,일반기업부,97,3,0,0.0,96,101,90,69487,6472322,5084229004,52414732,KNX
2782,012205,KR7012201000,계양전기우,KOSPI,,4175,2,-35,-0.83,4195,4195,4140,469,1959155,4880904825,1169079,STK
2783,000545,KR7000541003,흥국화재우,KOSPI,,6280,1,280,4.67,6070,6350,6070,5690,35556370,4823040000,768000,STK
2784,208890,KR7208890004,미래엔에듀파트너,KONEX,일반기업부,1199,0,0,0.0,0,0,0,0,0,4802618480,4005520,KNX
2785,121060,KR7121060008,유니포인트,KONEX,일반기업부,800,1,3,0.38,908,908,686,22,17233,4785336000,5981670,KNX
2786,140660,KR7140660002,위월드,KONEX,일반기업부,1898,0,0,0.0,0,0,0,0,0,4720804296,2487252,KNX
2787,299480,KR7299480004,지앤이헬스케어,KONEX,일반기업부,425,5,-74,-14.83,573,573,425,12,5248,4717815775,11100743,KNX
2788,266470,KR7266470004,바이오인프라생명과학,KONEX,일반기업부,330,1,30,10.0,300,344,264,814,243209,4655259510,14106847,KNX
2789,009415,KR7009411000,태영건설우,KOSPI,,3565,0,0,0.0,0,0,0,0,0,4642136230,1302142,STK
2790,011155,KR7011151008,CJ씨푸드1우,KOSPI,,22200,2,-350,-1.55,22300,22500,22100,2289,51024450,4440000000,200000,STK
2791,258050,KR7258050004,테크트랜스,KONEX,일반기업부,430,2,-69,-13.83,426,498,425,2660,1138823,4297524060,9994242,KNX
2792,002995,KR7002991008,금호건설우,KOSPI,,14510,2,-1100,-7.05,19000,19000,14380,72494,1221128610,4240779660,292266,STK
2793,215570,KR7215570003,크로넥스,KONEX,일반기업부,799,1,40,5.27,800,800,671,995,671666,4057367543,5078057,KNX
2794,283100,KR7283100006,노보믹스,KONEX,일반기업부,589,1,64,12.19,599,600,508,8076,4671888,3866725511,6564899,KNX
2795,236030,KR7236030003,씨알푸드,KONEX,일반기업부,1899,1,51,2.76,1848,1899,1848,59,109083,3861297468,2033332,KNX
2796,004415,KR7004411005,서울식품우,KOSPI,,1723,2,-5,-0.29,1721,1725,1721,1382,2382594,3832813500,2224500,STK
2797,000227,KR7000222000,유유제약2우B,KOSPI,,11700,1,470,4.19,11500,11700,11400,3340,38452550,3809052000,325560,STK
2798,266170,KR7266170000,뿌리깊은나무들,KONEX,일반기업부,569,1,13,2.34,639,639,475,664,319144,3750999923,6592267,KNX
2799,002785,KR7002781003,진흥기업우B,KOSPI,,4300,1,50,1.18,4330,4330,4300,89,382730,3686037400,857218,STK
2800,014915,KR7014911002,성문전자우,KOSPI,,6120,2,-10,-0.16,6110,6120,6110,394,2408040,3672000000,600000,STK
2801,002787,KR7002782001,진흥기업2우B,KOSPI,,12450,2,-80,-0.64,12420,12690,12390,159,1977010,3670359600,294808,STK
2802,001525,KR7001521004,동양우,KOSPI,,5500,1,40,0.73,5410,5500,5400,5380,29112300,3397520500,617731,STK
2803,001527,KR7001522002,동양2우B,KOSPI,,11010,2,-100,-0.9,11100,11100,11010,639,7056560,3397344690,308569,STK
2804,032685,KR7032681009,소프트센우,KOSDAQ,중견기업부,9460,2,-10,-0.11,9470,9470,9460,2,18930,3378563320,357142,KSQ
2805,021045,KR7021041009,대호특수강우,KOSDAQ,중견기업부,7500,3,0,0.0,7500,7500,7400,1902,14244210,3181845000,424246,KSQ
2806,217320,KR7217320001,썬테크,KONEX,일반기업부,3000,0,0,0.0,0,0,0,0,0,3150000000,1050000,KNX
2807,258250,KR7258250000,셀젠텍,KONEX,일반기업부,618,1,75,13.81,560,624,560,40398,24812396,3083433750,4989375,KNX
2808,413300,KR7413300005,티엘엔지니어링,KONEX,일반기업부,2200,1,155,7.58,2200,2200,2200,1,2200,2872133000,1305515,KNX
2809,245450,KR7245450002,씨앤에스링크,KONEX,일반기업부,1500,1,1,0.07,1500,1500,1500,1,1500,2369940000,1579960,KNX
2810,308700,KR7308700004,테크엔,KONEX,일반기업부,199,0,0,0.0,0,0,0,0,0,796000000,4000000,KNX
